CY_Month_Number,Year,Statistical_Group,Statistical_Category,Statistical_Detail,Count_IMs,Value,commodity,Stat_Redaction
1,2012,1-Production,0-Category Total,1-Production,775,38830836,Wine,FALSE
1,2012,2-Withdrawals,0-Category Total,2-Taxable Withdrawals,1141,42444611,Wine,FALSE
1,2012,2-Withdrawals,0-Category Total,2-Taxable Withdrawals by Bulk vs Bottled,1141,42444611,Wine,FALSE
1,2012,2-Withdrawals,0-Category Total,3-Tax Free Withdrawals,612,9288892,Wine,FALSE
1,2012,2-Withdrawals,0-Category Total,3-Tax Free Withdrawals For Export,134,8554736,Wine,FALSE
1,2012,4-Stocks on Hand End-of-Period,0-Category Total,4-Stocks on Hand End-of-Period,1740,915148913,Wine,FALSE
1,2012,4-Stocks on Hand End-of-Period,0-Category Total,4-Stocks on Hand End-of-Period by Bulk vs Bottled,1740,915148913,Wine,FALSE
1,2012,01-Count of IMs,01-Count of IMs,Number of Industry Members,1850,1850,Wine,FALSE
1,2012,1-Production,1-Production,1-Low Alcohol %,672,30217062,Wine,FALSE
1,2012,1-Production,1-Production,2-Medium and High Alcohol %,468,6186710,Wine,FALSE
1,2012,1-Production,1-Production,4-Artificially Carbonated Wine,4,10912,Wine,FALSE
1,2012,1-Production,1-Production,5-Sparkling Wine,21,1913548,Wine,FALSE
1,2012,1-Production,1-Production,6-Hard Cider,17,502604,Wine,FALSE
1,2012,2-Withdrawals,2-Taxable Withdrawals,1-Low Alcohol %,963,36750624,Wine,FALSE
1,2012,2-Withdrawals,2-Taxable Withdrawals,2-Medium and High Alcohol %,745,3527475,Wine,FALSE
1,2012,2-Withdrawals,2-Taxable Withdrawals,4-Artificially Carbonated Wine,52,101460,Wine,FALSE
1,2012,2-Withdrawals,2-Taxable Withdrawals,5-Sparkling Wine,177,1047816,Wine,FALSE
1,2012,2-Withdrawals,2-Taxable Withdrawals,6-Hard Cider,33,1017235,Wine,FALSE
1,2012,2-Withdrawals,2-Taxable Withdrawals by Bulk vs Bottled,1-Bottled,,,Wine,TRUE
1,2012,2-Withdrawals,2-Taxable Withdrawals by Bulk vs Bottled,2-Bulk,,,Wine,TRUE
1,2012,2-Withdrawals,3-Tax Free Withdrawals,1-Low Alcohol %,536,8490208,Wine,FALSE
1,2012,2-Withdrawals,3-Tax Free Withdrawals,2-Medium and High Alcohol %,328,674375,Wine,FALSE
1,2012,2-Withdrawals,3-Tax Free Withdrawals,4-Artificially Carbonated/Sparkling Wine,80,120324,Wine,FALSE
1,2012,2-Withdrawals,3-Tax Free Withdrawals,6-Hard Cider,13,3984,Wine,FALSE
1,2012,2-Withdrawals,3-Tax Free Withdrawals For Export,1-Bottled Exports,121,4563675,Wine,FALSE
1,2012,2-Withdrawals,3-Tax Free Withdrawals For Export,2-Bulk Exports,21,3991061,Wine,FALSE
1,2012,4-Stocks on Hand End-of-Period,4-Stocks on Hand End-of-Period,1-Low Alcohol %,1564,756381260,Wine,FALSE
1,2012,4-Stocks on Hand End-of-Period,4-Stocks on Hand End-of-Period,2-Medium Alcohol %,1314,140590833,Wine,FALSE
1,2012,4-Stocks on Hand End-of-Period,4-Stocks on Hand End-of-Period,3-High Alcohol %,44,556119,Wine,FALSE
1,2012,4-Stocks on Hand End-of-Period,4-Stocks on Hand End-of-Period,4-Artificially Carbonated Wine,58,287829,Wine,FALSE
1,2012,4-Stocks on Hand End-of-Period,4-Stocks on Hand End-of-Period,5-Sparkling Wine,251,15874682,Wine,FALSE
1,2012,4-Stocks on Hand End-of-Period,4-Stocks on Hand End-of-Period,6-Hard Cider,42,1458189,Wine,FALSE
1,2012,4-Stocks on Hand End-of-Period,4-Stocks on Hand End-of-Period by Bulk vs Bottled,1-Bottled,1235,145423413,Wine,FALSE
1,2012,4-Stocks on Hand End-of-Period,4-Stocks on Hand End-of-Period by Bulk vs Bottled,2-Bulk,1590,769725500,Wine,FALSE
2,2012,1-Production,0-Category Total,1-Production,656,21396241,Wine,FALSE
2,2012,2-Withdrawals,0-Category Total,2-Taxable Withdrawals,1178,49148616,Wine,FALSE
2,2012,2-Withdrawals,0-Category Total,2-Taxable Withdrawals by Bulk vs Bottled,1178,49148616,Wine,FALSE
2,2012,2-Withdrawals,0-Category Total,3-Tax Free Withdrawals,613,11452981,Wine,FALSE
2,2012,2-Withdrawals,0-Category Total,3-Tax Free Withdrawals For Export,129,9716669,Wine,FALSE
2,2012,4-Stocks on Hand End-of-Period,0-Category Total,4-Stocks on Hand End-of-Period,1710,878003780,Wine,FALSE
2,2012,4-Stocks on Hand End-of-Period,0-Category Total,4-Stocks on Hand End-of-Period by Bulk vs Bottled,1710,878003780,Wine,FALSE
2,2012,01-Count of IMs,01-Count of IMs,Number of Industry Members,1812,1812,Wine,FALSE
2,2012,1-Production,1-Production,1-Low Alcohol %,587,14416789,Wine,FALSE
2,2012,1-Production,1-Production,2-Medium and High Alcohol %,394,5213150,Wine,FALSE
2,2012,1-Production,1-Production,4-Artificially Carbonated Wine,5,8006,Wine,FALSE
2,2012,1-Production,1-Production,5-Sparkling Wine,23,1508234,Wine,FALSE
2,2012,1-Production,1-Production,6-Hard Cider,13,250061,Wine,FALSE
2,2012,2-Withdrawals,2-Taxable Withdrawals,1-Low Alcohol %,999,42674142,Wine,FALSE
2,2012,2-Withdrawals,2-Taxable Withdrawals,2-Medium and High Alcohol %,773,4135155,Wine,FALSE
2,2012,2-Withdrawals,2-Taxable Withdrawals,4-Artificially Carbonated Wine,51,93052,Wine,FALSE
2,2012,2-Withdrawals,2-Taxable Withdrawals,5-Sparkling Wine,174,1320720,Wine,FALSE
2,2012,2-Withdrawals,2-Taxable Withdrawals,6-Hard Cider,35,925548,Wine,FALSE
2,2012,2-Withdrawals,2-Taxable Withdrawals by Bulk vs Bottled,1-Bottled,1164,47010140,Wine,FALSE
2,2012,2-Withdrawals,2-Taxable Withdrawals by Bulk vs Bottled,2-Bulk,65,2138477,Wine,FALSE
2,2012,2-Withdrawals,3-Tax Free Withdrawals,1-Low Alcohol %,536,10261144,Wine,FALSE
2,2012,2-Withdrawals,3-Tax Free Withdrawals,2-Medium and High Alcohol %,338,1040223,Wine,FALSE
2,2012,2-Withdrawals,3-Tax Free Withdrawals,4-Artificially Carbonated/Sparkling Wine,87,148476,Wine,FALSE
2,2012,2-Withdrawals,3-Tax Free Withdrawals,6-Hard Cider,11,3139,Wine,FALSE
2,2012,2-Withdrawals,3-Tax Free Withdrawals For Export,1-Bottled Exports,119,4309310,Wine,FALSE
2,2012,2-Withdrawals,3-Tax Free Withdrawals For Export,2-Bulk Exports,20,5407359,Wine,FALSE
2,2012,4-Stocks on Hand End-of-Period,4-Stocks on Hand End-of-Period,1-Low Alcohol %,1536,723693781,Wine,FALSE
2,2012,4-Stocks on Hand End-of-Period,4-Stocks on Hand End-of-Period,2-Medium Alcohol %,1307,136159179,Wine,FALSE
2,2012,4-Stocks on Hand End-of-Period,4-Stocks on Hand End-of-Period,3-High Alcohol %,39,438523,Wine,FALSE
2,2012,4-Stocks on Hand End-of-Period,4-Stocks on Hand End-of-Period,4-Artificially Carbonated Wine,59,541860,Wine,FALSE
2,2012,4-Stocks on Hand End-of-Period,4-Stocks on Hand End-of-Period,5-Sparkling Wine,251,15904846,Wine,FALSE
2,2012,4-Stocks on Hand End-of-Period,4-Stocks on Hand End-of-Period,6-Hard Cider,38,1265591,Wine,FALSE
2,2012,4-Stocks on Hand End-of-Period,4-Stocks on Hand End-of-Period by Bulk vs Bottled,1-Bottled,1232,143664071,Wine,FALSE
2,2012,4-Stocks on Hand End-of-Period,4-Stocks on Hand End-of-Period by Bulk vs Bottled,2-Bulk,1562,734339709,Wine,FALSE
3,2012,1-Production,0-Category Total,1-Production,1053,19319831,Wine,FALSE
3,2012,2-Withdrawals,0-Category Total,2-Taxable Withdrawals,1916,48509975,Wine,FALSE
3,2012,2-Withdrawals,0-Category Total,2-Taxable Withdrawals by Bulk vs Bottled,1916,48509975,Wine,FALSE
3,2012,2-Withdrawals,0-Category Total,3-Tax Free Withdrawals,928,11201137,Wine,FALSE
3,2012,2-Withdrawals,0-Category Total,3-Tax Free Withdrawals For Export,165,9849950,Wine,FALSE
3,2012,4-Stocks on Hand End-of-Period,0-Category Total,4-Stocks on Hand End-of-Period,2645,856487871,Wine,FALSE
3,2012,4-Stocks on Hand End-of-Period,0-Category Total,4-Stocks on Hand End-of-Period by Bulk vs Bottled,2645,856487871,Wine,FALSE
3,2012,01-Count of IMs,01-Count of IMs,Number of Industry Members,2822,2822,Wine,FALSE
3,2012,1-Production,1-Production,1-Low Alcohol %,925,13560689,Wine,FALSE
3,2012,1-Production,1-Production,2-Medium and High Alcohol %,624,2935429,Wine,FALSE
3,2012,1-Production,1-Production,4-Artificially Carbonated Wine,,,Wine,TRUE
3,2012,1-Production,1-Production,5-Sparkling Wine,41,1996013,Wine,FALSE
3,2012,1-Production,1-Production,6-Hard Cider,,,Wine,TRUE
3,2012,2-Withdrawals,2-Taxable Withdrawals,1-Low Alcohol %,1575,41423118,Wine,FALSE
3,2012,2-Withdrawals,2-Taxable Withdrawals,2-Medium and High Alcohol %,1311,4724148,Wine,FALSE
3,2012,2-Withdrawals,2-Taxable Withdrawals,4-Artificially Carbonated Wine,72,190760,Wine,FALSE
3,2012,2-Withdrawals,2-Taxable Withdrawals,5-Sparkling Wine,235,975488,Wine,FALSE
3,2012,2-Withdrawals,2-Taxable Withdrawals,6-Hard Cider,49,1196461,Wine,FALSE
3,2012,2-Withdrawals,2-Taxable Withdrawals by Bulk vs Bottled,1-Bottled,1890,46668435,Wine,FALSE
3,2012,2-Withdrawals,2-Taxable Withdrawals by Bulk vs Bottled,2-Bulk,81,1841540,Wine,FALSE
3,2012,2-Withdrawals,3-Tax Free Withdrawals,1-Low Alcohol %,768,9896143,Wine,FALSE
3,2012,2-Withdrawals,3-Tax Free Withdrawals,2-Medium and High Alcohol %,567,1177864,Wine,FALSE
3,2012,2-Withdrawals,3-Tax Free Withdrawals,4-Artificially Carbonated/Sparkling Wine,114,121203,Wine,FALSE
3,2012,2-Withdrawals,3-Tax Free Withdrawals,6-Hard Cider,13,5927,Wine,FALSE
3,2012,2-Withdrawals,3-Tax Free Withdrawals For Export,1-Bottled Exports,147,4691091,Wine,FALSE
3,2012,2-Withdrawals,3-Tax Free Withdrawals For Export,2-Bulk Exports,29,5158859,Wine,FALSE
3,2012,4-Stocks on Hand End-of-Period,4-Stocks on Hand End-of-Period,1-Low Alcohol %,2299,703146169,Wine,FALSE
3,2012,4-Stocks on Hand End-of-Period,4-Stocks on Hand End-of-Period,2-Medium Alcohol %,2038,133909204,Wine,FALSE
3,2012,4-Stocks on Hand End-of-Period,4-Stocks on Hand End-of-Period,3-High Alcohol %,56,574791,Wine,FALSE
3,2012,4-Stocks on Hand End-of-Period,4-Stocks on Hand End-of-Period,4-Artificially Carbonated Wine,71,447783,Wine,FALSE
3,2012,4-Stocks on Hand End-of-Period,4-Stocks on Hand End-of-Period,5-Sparkling Wine,306,16680036,Wine,FALSE
3,2012,4-Stocks on Hand End-of-Period,4-Stocks on Hand End-of-Period,6-Hard Cider,54,1729888,Wine,FALSE
3,2012,4-Stocks on Hand End-of-Period,4-Stocks on Hand End-of-Period by Bulk vs Bottled,1-Bottled,1745,154045214,Wine,FALSE
3,2012,4-Stocks on Hand End-of-Period,4-Stocks on Hand End-of-Period by Bulk vs Bottled,2-Bulk,2453,702442657,Wine,FALSE
4,2012,1-Production,0-Category Total,1-Production,600,12208313,Wine,FALSE
4,2012,2-Withdrawals,0-Category Total,2-Taxable Withdrawals,1159,44371692,Wine,FALSE
4,2012,2-Withdrawals,0-Category Total,2-Taxable Withdrawals by Bulk vs Bottled,1159,44371692,Wine,FALSE
4,2012,2-Withdrawals,0-Category Total,3-Tax Free Withdrawals,588,9992014,Wine,FALSE
4,2012,2-Withdrawals,0-Category Total,3-Tax Free Withdrawals For Export,134,9212817,Wine,FALSE
4,2012,4-Stocks on Hand End-of-Period,0-Category Total,4-Stocks on Hand End-of-Period,1659,793715982,Wine,FALSE
4,2012,4-Stocks on Hand End-of-Period,0-Category Total,4-Stocks on Hand End-of-Period by Bulk vs Bottled,1659,793715982,Wine,FALSE
4,2012,01-Count of IMs,01-Count of IMs,Number of Industry Members,1753,1753,Wine,FALSE
4,2012,1-Production,1-Production,1-Low Alcohol %,558,8045493,Wine,FALSE
4,2012,1-Production,1-Production,2-Medium and High Alcohol %,352,1723746,Wine,FALSE
4,2012,1-Production,1-Production,4-Artificially Carbonated Wine,5,11138,Wine,FALSE
4,2012,1-Production,1-Production,5-Sparkling Wine,28,1947626,Wine,FALSE
4,2012,1-Production,1-Production,6-Hard Cider,10,480310,Wine,FALSE
4,2012,2-Withdrawals,2-Taxable Withdrawals,1-Low Alcohol %,1000,38056622,Wine,FALSE
4,2012,2-Withdrawals,2-Taxable Withdrawals,2-Medium and High Alcohol %,757,3749709,Wine,FALSE
4,2012,2-Withdrawals,2-Taxable Withdrawals,4-Artificially Carbonated Wine,50,90165,Wine,FALSE
4,2012,2-Withdrawals,2-Taxable Withdrawals,5-Sparkling Wine,176,1174811,Wine,FALSE
4,2012,2-Withdrawals,2-Taxable Withdrawals,6-Hard Cider,27,1300385,Wine,FALSE
4,2012,2-Withdrawals,2-Taxable Withdrawals by Bulk vs Bottled,1-Bottled,1138,42632274,Wine,FALSE
4,2012,2-Withdrawals,2-Taxable Withdrawals by Bulk vs Bottled,2-Bulk,65,1739419,Wine,FALSE
4,2012,2-Withdrawals,3-Tax Free Withdrawals,1-Low Alcohol %,509,9104343,Wine,FALSE
4,2012,2-Withdrawals,3-Tax Free Withdrawals,2-Medium and High Alcohol %,336,726446,Wine,FALSE
4,2012,2-Withdrawals,3-Tax Free Withdrawals,4-Artificially Carbonated/Sparkling Wine,,,Wine,TRUE
4,2012,2-Withdrawals,3-Tax Free Withdrawals,6-Hard Cider,,,Wine,TRUE
4,2012,2-Withdrawals,3-Tax Free Withdrawals For Export,1-Bottled Exports,124,4725658,Wine,FALSE
4,2012,2-Withdrawals,3-Tax Free Withdrawals For Export,2-Bulk Exports,20,4487159,Wine,FALSE
4,2012,4-Stocks on Hand End-of-Period,4-Stocks on Hand End-of-Period,1-Low Alcohol %,1499,656654753,Wine,FALSE
4,2012,4-Stocks on Hand End-of-Period,4-Stocks on Hand End-of-Period,2-Medium Alcohol %,1267,116796111,Wine,FALSE
4,2012,4-Stocks on Hand End-of-Period,4-Stocks on Hand End-of-Period,3-High Alcohol %,41,662519,Wine,FALSE
4,2012,4-Stocks on Hand End-of-Period,4-Stocks on Hand End-of-Period,4-Artificially Carbonated Wine,57,673803,Wine,FALSE
4,2012,4-Stocks on Hand End-of-Period,4-Stocks on Hand End-of-Period,5-Sparkling Wine,242,17310103,Wine,FALSE
4,2012,4-Stocks on Hand End-of-Period,4-Stocks on Hand End-of-Period,6-Hard Cider,37,1618693,Wine,FALSE
4,2012,4-Stocks on Hand End-of-Period,4-Stocks on Hand End-of-Period by Bulk vs Bottled,1-Bottled,1192,155018853,Wine,FALSE
4,2012,4-Stocks on Hand End-of-Period,4-Stocks on Hand End-of-Period by Bulk vs Bottled,2-Bulk,1510,638697129,Wine,FALSE
5,2012,1-Production,0-Category Total,1-Production,609,13266599,Wine,FALSE
5,2012,2-Withdrawals,0-Category Total,2-Taxable Withdrawals,1167,56113512,Wine,FALSE
5,2012,2-Withdrawals,0-Category Total,2-Taxable Withdrawals by Bulk vs Bottled,1167,56113512,Wine,FALSE
5,2012,2-Withdrawals,0-Category Total,3-Tax Free Withdrawals,607,9940033,Wine,FALSE
5,2012,2-Withdrawals,0-Category Total,3-Tax Free Withdrawals For Export,137,9039594,Wine,FALSE
5,2012,4-Stocks on Hand End-of-Period,0-Category Total,4-Stocks on Hand End-of-Period,1646,737065961,Wine,FALSE
5,2012,4-Stocks on Hand End-of-Period,0-Category Total,4-Stocks on Hand End-of-Period by Bulk vs Bottled,1646,737065961,Wine,FALSE
5,2012,01-Count of IMs,01-Count of IMs,Number of Industry Members,1742,1742,Wine,FALSE
5,2012,1-Production,1-Production,1-Low Alcohol %,558,12556228,Wine,FALSE
5,2012,1-Production,1-Production,2-Medium and High Alcohol %,361,-1612446,Wine,FALSE
5,2012,1-Production,1-Production,4-Artificially Carbonated Wine,6,7601,Wine,FALSE
5,2012,1-Production,1-Production,5-Sparkling Wine,32,2057811,Wine,FALSE
5,2012,1-Production,1-Production,6-Hard Cider,12,257405,Wine,FALSE
5,2012,2-Withdrawals,2-Taxable Withdrawals,1-Low Alcohol %,997,48340526,Wine,FALSE
5,2012,2-Withdrawals,2-Taxable Withdrawals,2-Medium and High Alcohol %,769,4405164,Wine,FALSE
5,2012,2-Withdrawals,2-Taxable Withdrawals,4-Artificially Carbonated Wine,48,105360,Wine,FALSE
5,2012,2-Withdrawals,2-Taxable Withdrawals,5-Sparkling Wine,180,1862325,Wine,FALSE
5,2012,2-Withdrawals,2-Taxable Withdrawals,6-Hard Cider,33,1400138,Wine,FALSE
5,2012,2-Withdrawals,2-Taxable Withdrawals by Bulk vs Bottled,1-Bottled,1150,55055894,Wine,FALSE
5,2012,2-Withdrawals,2-Taxable Withdrawals by Bulk vs Bottled,2-Bulk,63,1057618,Wine,FALSE
5,2012,2-Withdrawals,3-Tax Free Withdrawals,1-Low Alcohol %,531,8920771,Wine,FALSE
5,2012,2-Withdrawals,3-Tax Free Withdrawals,2-Medium and High Alcohol %,337,860471,Wine,FALSE
5,2012,2-Withdrawals,3-Tax Free Withdrawals,4-Artificially Carbonated/Sparkling Wine,,,Wine,TRUE
5,2012,2-Withdrawals,3-Tax Free Withdrawals,6-Hard Cider,,,Wine,TRUE
5,2012,2-Withdrawals,3-Tax Free Withdrawals For Export,1-Bottled Exports,118,4754987,Wine,FALSE
5,2012,2-Withdrawals,3-Tax Free Withdrawals For Export,2-Bulk Exports,27,4284607,Wine,FALSE
5,2012,4-Stocks on Hand End-of-Period,4-Stocks on Hand End-of-Period,1-Low Alcohol %,1486,613273142,Wine,FALSE
5,2012,4-Stocks on Hand End-of-Period,4-Stocks on Hand End-of-Period,2-Medium Alcohol %,1253,104133928,Wine,FALSE
5,2012,4-Stocks on Hand End-of-Period,4-Stocks on Hand End-of-Period,3-High Alcohol %,42,552157,Wine,FALSE
5,2012,4-Stocks on Hand End-of-Period,4-Stocks on Hand End-of-Period,4-Artificially Carbonated Wine,55,665723,Wine,FALSE
5,2012,4-Stocks on Hand End-of-Period,4-Stocks on Hand End-of-Period,5-Sparkling Wine,245,17236563,Wine,FALSE
5,2012,4-Stocks on Hand End-of-Period,4-Stocks on Hand End-of-Period,6-Hard Cider,37,1204448,Wine,FALSE
5,2012,4-Stocks on Hand End-of-Period,4-Stocks on Hand End-of-Period by Bulk vs Bottled,1-Bottled,1185,153573372,Wine,FALSE
5,2012,4-Stocks on Hand End-of-Period,4-Stocks on Hand End-of-Period by Bulk vs Bottled,2-Bulk,1504,583492589,Wine,FALSE
6,2012,1-Production,0-Category Total,1-Production,886,10823177,Wine,FALSE
6,2012,2-Withdrawals,0-Category Total,2-Taxable Withdrawals,1891,54146805,Wine,FALSE
6,2012,2-Withdrawals,0-Category Total,2-Taxable Withdrawals by Bulk vs Bottled,1891,54146805,Wine,FALSE
6,2012,2-Withdrawals,0-Category Total,3-Tax Free Withdrawals,889,9493685,Wine,FALSE
6,2012,2-Withdrawals,0-Category Total,3-Tax Free Withdrawals For Export,140,8670497,Wine,FALSE
6,2012,4-Stocks on Hand End-of-Period,0-Category Total,4-Stocks on Hand End-of-Period,2624,703164410,Wine,FALSE
6,2012,4-Stocks on Hand End-of-Period,0-Category Total,4-Stocks on Hand End-of-Period by Bulk vs Bottled,2624,703164410,Wine,FALSE
6,2012,01-Count of IMs,01-Count of IMs,Number of Industry Members,2805,2805,Wine,FALSE
6,2012,1-Production,1-Production,1-Low Alcohol %,804,6362334,Wine,FALSE
6,2012,1-Production,1-Production,2-Medium and High Alcohol %,,,Wine,TRUE
6,2012,1-Production,1-Production,4-Artificially Carbonated Wine,,,Wine,TRUE
6,2012,1-Production,1-Production,5-Sparkling Wine,39,3025950,Wine,FALSE
6,2012,1-Production,1-Production,6-Hard Cider,25,473398,Wine,FALSE
6,2012,2-Withdrawals,2-Taxable Withdrawals,1-Low Alcohol %,1558,46494586,Wine,FALSE
6,2012,2-Withdrawals,2-Taxable Withdrawals,2-Medium and High Alcohol %,1295,4505527,Wine,FALSE
6,2012,2-Withdrawals,2-Taxable Withdrawals,4-Artificially Carbonated Wine,71,103038,Wine,FALSE
6,2012,2-Withdrawals,2-Taxable Withdrawals,5-Sparkling Wine,246,1390161,Wine,FALSE
6,2012,2-Withdrawals,2-Taxable Withdrawals,6-Hard Cider,55,1653493,Wine,FALSE
6,2012,2-Withdrawals,2-Taxable Withdrawals by Bulk vs Bottled,1-Bottled,1868,51757301,Wine,FALSE
6,2012,2-Withdrawals,2-Taxable Withdrawals by Bulk vs Bottled,2-Bulk,92,2389504,Wine,FALSE
6,2012,2-Withdrawals,3-Tax Free Withdrawals,1-Low Alcohol %,754,8373428,Wine,FALSE
6,2012,2-Withdrawals,3-Tax Free Withdrawals,2-Medium and High Alcohol %,522,889162,Wine,FALSE
6,2012,2-Withdrawals,3-Tax Free Withdrawals,4-Artificially Carbonated/Sparkling Wine,111,187505,Wine,FALSE
6,2012,2-Withdrawals,3-Tax Free Withdrawals,6-Hard Cider,19,43590,Wine,FALSE
6,2012,2-Withdrawals,3-Tax Free Withdrawals For Export,1-Bottled Exports,128,4817397,Wine,FALSE
6,2012,2-Withdrawals,3-Tax Free Withdrawals For Export,2-Bulk Exports,19,3853099,Wine,FALSE
6,2012,4-Stocks on Hand End-of-Period,4-Stocks on Hand End-of-Period,1-Low Alcohol %,2269,580179757,Wine,FALSE
6,2012,4-Stocks on Hand End-of-Period,4-Stocks on Hand End-of-Period,2-Medium Alcohol %,2004,101879524,Wine,FALSE
6,2012,4-Stocks on Hand End-of-Period,4-Stocks on Hand End-of-Period,3-High Alcohol %,54,602428,Wine,FALSE
6,2012,4-Stocks on Hand End-of-Period,4-Stocks on Hand End-of-Period,4-Artificially Carbonated Wine,70,756675,Wine,FALSE
6,2012,4-Stocks on Hand End-of-Period,4-Stocks on Hand End-of-Period,5-Sparkling Wine,312,18195209,Wine,FALSE
6,2012,4-Stocks on Hand End-of-Period,4-Stocks on Hand End-of-Period,6-Hard Cider,53,1550817,Wine,FALSE
6,2012,4-Stocks on Hand End-of-Period,4-Stocks on Hand End-of-Period by Bulk vs Bottled,1-Bottled,1724,162285435,Wine,FALSE
6,2012,4-Stocks on Hand End-of-Period,4-Stocks on Hand End-of-Period by Bulk vs Bottled,2-Bulk,2435,540878975,Wine,FALSE
7,2012,1-Production,0-Category Total,1-Production,633,8547885,Wine,FALSE
7,2012,2-Withdrawals,0-Category Total,2-Taxable Withdrawals,1191,43617056,Wine,FALSE
7,2012,2-Withdrawals,0-Category Total,2-Taxable Withdrawals by Bulk vs Bottled,1191,43617056,Wine,FALSE
7,2012,2-Withdrawals,0-Category Total,3-Tax Free Withdrawals,610,9315527,Wine,FALSE
7,2012,2-Withdrawals,0-Category Total,3-Tax Free Withdrawals For Export,130,8647572,Wine,FALSE
7,2012,4-Stocks on Hand End-of-Period,0-Category Total,4-Stocks on Hand End-of-Period,1680,661327646,Wine,FALSE
7,2012,4-Stocks on Hand End-of-Period,0-Category Total,4-Stocks on Hand End-of-Period by Bulk vs Bottled,1680,661327646,Wine,FALSE
7,2012,01-Count of IMs,01-Count of IMs,Number of Industry Members,1795,1795,Wine,FALSE
7,2012,1-Production,1-Production,1-Low Alcohol %,579,4385072,Wine,FALSE
7,2012,1-Production,1-Production,2-Medium and High Alcohol %,,,Wine,TRUE
7,2012,1-Production,1-Production,4-Artificially Carbonated Wine,,,Wine,TRUE
7,2012,1-Production,1-Production,5-Sparkling Wine,31,2369779,Wine,FALSE
7,2012,1-Production,1-Production,6-Hard Cider,15,409503,Wine,FALSE
7,2012,2-Withdrawals,2-Taxable Withdrawals,1-Low Alcohol %,1021,37429592,Wine,FALSE
7,2012,2-Withdrawals,2-Taxable Withdrawals,2-Medium and High Alcohol %,800,3611887,Wine,FALSE
7,2012,2-Withdrawals,2-Taxable Withdrawals,4-Artificially Carbonated Wine,51,63957,Wine,FALSE
7,2012,2-Withdrawals,2-Taxable Withdrawals,5-Sparkling Wine,190,1130552,Wine,FALSE
7,2012,2-Withdrawals,2-Taxable Withdrawals,6-Hard Cider,32,1381068,Wine,FALSE
7,2012,2-Withdrawals,2-Taxable Withdrawals by Bulk vs Bottled,1-Bottled,1174,42214008,Wine,FALSE
7,2012,2-Withdrawals,2-Taxable Withdrawals by Bulk vs Bottled,2-Bulk,51,1403049,Wine,FALSE
7,2012,2-Withdrawals,3-Tax Free Withdrawals,1-Low Alcohol %,537,8335540,Wine,FALSE
7,2012,2-Withdrawals,3-Tax Free Withdrawals,2-Medium and High Alcohol %,339,769680,Wine,FALSE
7,2012,2-Withdrawals,3-Tax Free Withdrawals,4-Artificially Carbonated/Sparkling Wine,,,Wine,TRUE
7,2012,2-Withdrawals,3-Tax Free Withdrawals,6-Hard Cider,,,Wine,TRUE
7,2012,2-Withdrawals,3-Tax Free Withdrawals For Export,1-Bottled Exports,119,4695984,Wine,FALSE
7,2012,2-Withdrawals,3-Tax Free Withdrawals For Export,2-Bulk Exports,19,3951588,Wine,FALSE
7,2012,4-Stocks on Hand End-of-Period,4-Stocks on Hand End-of-Period,1-Low Alcohol %,1499,543601497,Wine,FALSE
7,2012,4-Stocks on Hand End-of-Period,4-Stocks on Hand End-of-Period,2-Medium Alcohol %,1276,95213177,Wine,FALSE
7,2012,4-Stocks on Hand End-of-Period,4-Stocks on Hand End-of-Period,3-High Alcohol %,43,745912,Wine,FALSE
7,2012,4-Stocks on Hand End-of-Period,4-Stocks on Hand End-of-Period,4-Artificially Carbonated Wine,60,842763,Wine,FALSE
7,2012,4-Stocks on Hand End-of-Period,4-Stocks on Hand End-of-Period,5-Sparkling Wine,246,19259399,Wine,FALSE
7,2012,4-Stocks on Hand End-of-Period,4-Stocks on Hand End-of-Period,6-Hard Cider,40,1664898,Wine,FALSE
7,2012,4-Stocks on Hand End-of-Period,4-Stocks on Hand End-of-Period by Bulk vs Bottled,1-Bottled,1216,167006284,Wine,FALSE
7,2012,4-Stocks on Hand End-of-Period,4-Stocks on Hand End-of-Period by Bulk vs Bottled,2-Bulk,1533,494321362,Wine,FALSE
8,2012,1-Production,0-Category Total,1-Production,636,37287426,Wine,FALSE
8,2012,2-Withdrawals,0-Category Total,2-Taxable Withdrawals,1198,53414516,Wine,FALSE
8,2012,2-Withdrawals,0-Category Total,2-Taxable Withdrawals by Bulk vs Bottled,1198,53414516,Wine,FALSE
8,2012,2-Withdrawals,0-Category Total,3-Tax Free Withdrawals,598,10171318,Wine,FALSE
8,2012,2-Withdrawals,0-Category Total,3-Tax Free Withdrawals For Export,146,9301764,Wine,FALSE
8,2012,4-Stocks on Hand End-of-Period,0-Category Total,4-Stocks on Hand End-of-Period,1657,639921295,Wine,FALSE
8,2012,4-Stocks on Hand End-of-Period,0-Category Total,4-Stocks on Hand End-of-Period by Bulk vs Bottled,1657,639921295,Wine,FALSE
8,2012,01-Count of IMs,01-Count of IMs,Number of Industry Members,1775,1775,Wine,FALSE
8,2012,1-Production,1-Production,1-Low Alcohol %,589,30106956,Wine,FALSE
8,2012,1-Production,1-Production,2-Medium and High Alcohol %,381,4237854,Wine,FALSE
8,2012,1-Production,1-Production,4-Artificially Carbonated Wine,7,13634,Wine,FALSE
8,2012,1-Production,1-Production,5-Sparkling Wine,19,2672051,Wine,FALSE
8,2012,1-Production,1-Production,6-Hard Cider,12,256932,Wine,FALSE
8,2012,2-Withdrawals,2-Taxable Withdrawals,1-Low Alcohol %,1025,44903126,Wine,FALSE
8,2012,2-Withdrawals,2-Taxable Withdrawals,2-Medium and High Alcohol %,803,4552506,Wine,FALSE
8,2012,2-Withdrawals,2-Taxable Withdrawals,4-Artificially Carbonated Wine,53,102815,Wine,FALSE
8,2012,2-Withdrawals,2-Taxable Withdrawals,5-Sparkling Wine,188,2099400,Wine,FALSE
8,2012,2-Withdrawals,2-Taxable Withdrawals,6-Hard Cider,32,1756668,Wine,FALSE
8,2012,2-Withdrawals,2-Taxable Withdrawals by Bulk vs Bottled,1-Bottled,1176,52313955,Wine,FALSE
8,2012,2-Withdrawals,2-Taxable Withdrawals by Bulk vs Bottled,2-Bulk,64,1100561,Wine,FALSE
8,2012,2-Withdrawals,3-Tax Free Withdrawals,1-Low Alcohol %,528,8761482,Wine,FALSE
8,2012,2-Withdrawals,3-Tax Free Withdrawals,2-Medium and High Alcohol %,354,1073649,Wine,FALSE
8,2012,2-Withdrawals,3-Tax Free Withdrawals,4-Artificially Carbonated/Sparkling Wine,,,Wine,TRUE
8,2012,2-Withdrawals,3-Tax Free Withdrawals,6-Hard Cider,,,Wine,TRUE
8,2012,2-Withdrawals,3-Tax Free Withdrawals For Export,1-Bottled Exports,128,4980996,Wine,FALSE
8,2012,2-Withdrawals,3-Tax Free Withdrawals For Export,2-Bulk Exports,29,4320767,Wine,FALSE
8,2012,4-Stocks on Hand End-of-Period,4-Stocks on Hand End-of-Period,1-Low Alcohol %,1469,527433880,Wine,FALSE
8,2012,4-Stocks on Hand End-of-Period,4-Stocks on Hand End-of-Period,2-Medium Alcohol %,1262,89202269,Wine,FALSE
8,2012,4-Stocks on Hand End-of-Period,4-Stocks on Hand End-of-Period,3-High Alcohol %,46,940856,Wine,FALSE
8,2012,4-Stocks on Hand End-of-Period,4-Stocks on Hand End-of-Period,4-Artificially Carbonated Wine,60,918788,Wine,FALSE
8,2012,4-Stocks on Hand End-of-Period,4-Stocks on Hand End-of-Period,5-Sparkling Wine,249,19921816,Wine,FALSE
8,2012,4-Stocks on Hand End-of-Period,4-Stocks on Hand End-of-Period,6-Hard Cider,36,1503687,Wine,FALSE
8,2012,4-Stocks on Hand End-of-Period,4-Stocks on Hand End-of-Period by Bulk vs Bottled,1-Bottled,1220,173356485,Wine,FALSE
8,2012,4-Stocks on Hand End-of-Period,4-Stocks on Hand End-of-Period by Bulk vs Bottled,2-Bulk,1508,466564810,Wine,FALSE
9,2012,1-Production,0-Category Total,1-Production,1033,105142366,Wine,FALSE
9,2012,2-Withdrawals,0-Category Total,2-Taxable Withdrawals,1912,52151644,Wine,FALSE
9,2012,2-Withdrawals,0-Category Total,2-Taxable Withdrawals by Bulk vs Bottled,1912,52151644,Wine,FALSE
9,2012,2-Withdrawals,0-Category Total,3-Tax Free Withdrawals,906,8954284,Wine,FALSE
9,2012,2-Withdrawals,0-Category Total,3-Tax Free Withdrawals For Export,147,7722831,Wine,FALSE
9,2012,4-Stocks on Hand End-of-Period,0-Category Total,4-Stocks on Hand End-of-Period,2649,686172414,Wine,FALSE
9,2012,4-Stocks on Hand End-of-Period,0-Category Total,4-Stocks on Hand End-of-Period by Bulk vs Bottled,2649,686172414,Wine,FALSE
9,2012,01-Count of IMs,01-Count of IMs,Number of Industry Members,2876,2876,Wine,FALSE
9,2012,1-Production,1-Production,1-Low Alcohol %,939,91417475,Wine,FALSE
9,2012,1-Production,1-Production,2-Medium and High Alcohol %,497,11188318,Wine,FALSE
9,2012,1-Production,1-Production,4-Artificially Carbonated Wine,,,Wine,TRUE
9,2012,1-Production,1-Production,5-Sparkling Wine,33,2003609,Wine,FALSE
9,2012,1-Production,1-Production,6-Hard Cider,,,Wine,TRUE
9,2012,2-Withdrawals,2-Taxable Withdrawals,1-Low Alcohol %,1601,43363443,Wine,FALSE
9,2012,2-Withdrawals,2-Taxable Withdrawals,2-Medium and High Alcohol %,1303,4915697,Wine,FALSE
9,2012,2-Withdrawals,2-Taxable Withdrawals,4-Artificially Carbonated Wine,73,108355,Wine,FALSE
9,2012,2-Withdrawals,2-Taxable Withdrawals,5-Sparkling Wine,240,1850837,Wine,FALSE
9,2012,2-Withdrawals,2-Taxable Withdrawals,6-Hard Cider,54,1913312,Wine,FALSE
9,2012,2-Withdrawals,2-Taxable Withdrawals by Bulk vs Bottled,1-Bottled,1887,49869187,Wine,FALSE
9,2012,2-Withdrawals,2-Taxable Withdrawals by Bulk vs Bottled,2-Bulk,91,2282458,Wine,FALSE
9,2012,2-Withdrawals,3-Tax Free Withdrawals,1-Low Alcohol %,767,7945669,Wine,FALSE
9,2012,2-Withdrawals,3-Tax Free Withdrawals,2-Medium and High Alcohol %,529,785560,Wine,FALSE
9,2012,2-Withdrawals,3-Tax Free Withdrawals,4-Artificially Carbonated/Sparkling Wine,117,165635,Wine,FALSE
9,2012,2-Withdrawals,3-Tax Free Withdrawals,6-Hard Cider,20,57420,Wine,FALSE
9,2012,2-Withdrawals,3-Tax Free Withdrawals For Export,1-Bottled Exports,133,5010374,Wine,FALSE
9,2012,2-Withdrawals,3-Tax Free Withdrawals For Export,2-Bulk Exports,21,2712458,Wine,FALSE
9,2012,4-Stocks on Hand End-of-Period,4-Stocks on Hand End-of-Period,1-Low Alcohol %,2259,573756235,Wine,FALSE
9,2012,4-Stocks on Hand End-of-Period,4-Stocks on Hand End-of-Period,2-Medium Alcohol %,2014,86802274,Wine,FALSE
9,2012,4-Stocks on Hand End-of-Period,4-Stocks on Hand End-of-Period,3-High Alcohol %,55,3393013,Wine,FALSE
9,2012,4-Stocks on Hand End-of-Period,4-Stocks on Hand End-of-Period,4-Artificially Carbonated Wine,75,886388,Wine,FALSE
9,2012,4-Stocks on Hand End-of-Period,4-Stocks on Hand End-of-Period,5-Sparkling Wine,313,20030999,Wine,FALSE
9,2012,4-Stocks on Hand End-of-Period,4-Stocks on Hand End-of-Period,6-Hard Cider,57,1303504,Wine,FALSE
9,2012,4-Stocks on Hand End-of-Period,4-Stocks on Hand End-of-Period by Bulk vs Bottled,1-Bottled,1750,173698666,Wine,FALSE
9,2012,4-Stocks on Hand End-of-Period,4-Stocks on Hand End-of-Period by Bulk vs Bottled,2-Bulk,2441,512473748,Wine,FALSE
10,2012,1-Production,0-Category Total,1-Production,806,215918244,Wine,FALSE
10,2012,2-Withdrawals,0-Category Total,2-Taxable Withdrawals,1064,57124064,Wine,FALSE
10,2012,2-Withdrawals,0-Category Total,2-Taxable Withdrawals by Bulk vs Bottled,1064,57124064,Wine,FALSE
10,2012,2-Withdrawals,0-Category Total,3-Tax Free Withdrawals,580,11946217,Wine,FALSE
10,2012,2-Withdrawals,0-Category Total,3-Tax Free Withdrawals For Export,144,9972154,Wine,FALSE
10,2012,4-Stocks on Hand End-of-Period,0-Category Total,4-Stocks on Hand End-of-Period,1670,818123849,Wine,FALSE
10,2012,4-Stocks on Hand End-of-Period,0-Category Total,4-Stocks on Hand End-of-Period by Bulk vs Bottled,1670,818123849,Wine,FALSE
10,2012,01-Count of IMs,01-Count of IMs,Number of Industry Members,1783,1783,Wine,FALSE
10,2012,1-Production,1-Production,1-Low Alcohol %,706,184763493,Wine,FALSE
10,2012,1-Production,1-Production,2-Medium and High Alcohol %,391,28402190,Wine,FALSE
10,2012,1-Production,1-Production,4-Artificially Carbonated Wine,8,4022,Wine,FALSE
10,2012,1-Production,1-Production,5-Sparkling Wine,16,2250868,Wine,FALSE
10,2012,1-Production,1-Production,6-Hard Cider,21,497670,Wine,FALSE
10,2012,2-Withdrawals,2-Taxable Withdrawals,1-Low Alcohol %,938,47476663,Wine,FALSE
10,2012,2-Withdrawals,2-Taxable Withdrawals,2-Medium and High Alcohol %,694,4589663,Wine,FALSE
10,2012,2-Withdrawals,2-Taxable Withdrawals,4-Artificially Carbonated Wine,53,113752,Wine,FALSE
10,2012,2-Withdrawals,2-Taxable Withdrawals,5-Sparkling Wine,182,2968669,Wine,FALSE
10,2012,2-Withdrawals,2-Taxable Withdrawals,6-Hard Cider,39,1975317,Wine,FALSE
10,2012,2-Withdrawals,2-Taxable Withdrawals by Bulk vs Bottled,1-Bottled,1050,55140869,Wine,FALSE
10,2012,2-Withdrawals,2-Taxable Withdrawals by Bulk vs Bottled,2-Bulk,54,1983195,Wine,FALSE
10,2012,2-Withdrawals,3-Tax Free Withdrawals,1-Low Alcohol %,513,10206891,Wine,FALSE
10,2012,2-Withdrawals,3-Tax Free Withdrawals,2-Medium and High Alcohol %,324,1471771,Wine,FALSE
10,2012,2-Withdrawals,3-Tax Free Withdrawals,4-Artificially Carbonated/Sparkling Wine,88,246832,Wine,FALSE
10,2012,2-Withdrawals,3-Tax Free Withdrawals,6-Hard Cider,18,20723,Wine,FALSE
10,2012,2-Withdrawals,3-Tax Free Withdrawals For Export,1-Bottled Exports,125,5700045,Wine,FALSE
10,2012,2-Withdrawals,3-Tax Free Withdrawals For Export,2-Bulk Exports,28,4272109,Wine,FALSE
10,2012,4-Stocks on Hand End-of-Period,4-Stocks on Hand End-of-Period,1-Low Alcohol %,1489,697231762,Wine,FALSE
10,2012,4-Stocks on Hand End-of-Period,4-Stocks on Hand End-of-Period,2-Medium Alcohol %,1271,97512139,Wine,FALSE
10,2012,4-Stocks on Hand End-of-Period,4-Stocks on Hand End-of-Period,3-High Alcohol %,46,2288859,Wine,FALSE
10,2012,4-Stocks on Hand End-of-Period,4-Stocks on Hand End-of-Period,4-Artificially Carbonated Wine,64,884571,Wine,FALSE
10,2012,4-Stocks on Hand End-of-Period,4-Stocks on Hand End-of-Period,5-Sparkling Wine,249,18895002,Wine,FALSE
10,2012,4-Stocks on Hand End-of-Period,4-Stocks on Hand End-of-Period,6-Hard Cider,41,1311516,Wine,FALSE
10,2012,4-Stocks on Hand End-of-Period,4-Stocks on Hand End-of-Period by Bulk vs Bottled,1-Bottled,1176,164753332,Wine,FALSE
10,2012,4-Stocks on Hand End-of-Period,4-Stocks on Hand End-of-Period by Bulk vs Bottled,2-Bulk,1526,653370517,Wine,FALSE
11,2012,1-Production,0-Category Total,1-Production,881,175205558,Wine,FALSE
11,2012,2-Withdrawals,0-Category Total,2-Taxable Withdrawals,1076,60816007,Wine,FALSE
11,2012,2-Withdrawals,0-Category Total,2-Taxable Withdrawals by Bulk vs Bottled,1076,60816007,Wine,FALSE
11,2012,2-Withdrawals,0-Category Total,3-Tax Free Withdrawals,592,8579408,Wine,FALSE
11,2012,2-Withdrawals,0-Category Total,3-Tax Free Withdrawals For Export,150,7499418,Wine,FALSE
11,2012,4-Stocks on Hand End-of-Period,0-Category Total,4-Stocks on Hand End-of-Period,1669,923697148,Wine,FALSE
11,2012,4-Stocks on Hand End-of-Period,0-Category Total,4-Stocks on Hand End-of-Period by Bulk vs Bottled,1669,923697148,Wine,FALSE
11,2012,01-Count of IMs,01-Count of IMs,Number of Industry Members,1770,1770,Wine,FALSE
11,2012,1-Production,1-Production,1-Low Alcohol %,786,147438687,Wine,FALSE
11,2012,1-Production,1-Production,2-Medium and High Alcohol %,455,25923165,Wine,FALSE
11,2012,1-Production,1-Production,4-Artificially Carbonated Wine,8,5231,Wine,FALSE
11,2012,1-Production,1-Production,5-Sparkling Wine,18,1468851,Wine,FALSE
11,2012,1-Production,1-Production,6-Hard Cider,18,369625,Wine,FALSE
11,2012,2-Withdrawals,2-Taxable Withdrawals,1-Low Alcohol %,937,50385430,Wine,FALSE
11,2012,2-Withdrawals,2-Taxable Withdrawals,2-Medium and High Alcohol %,703,4543814,Wine,FALSE
11,2012,2-Withdrawals,2-Taxable Withdrawals,4-Artificially Carbonated Wine,58,188345,Wine,FALSE
11,2012,2-Withdrawals,2-Taxable Withdrawals,5-Sparkling Wine,191,3409014,Wine,FALSE
11,2012,2-Withdrawals,2-Taxable Withdrawals,6-Hard Cider,38,2289404,Wine,FALSE
11,2012,2-Withdrawals,2-Taxable Withdrawals by Bulk vs Bottled,1-Bottled,1062,56616034,Wine,FALSE
11,2012,2-Withdrawals,2-Taxable Withdrawals by Bulk vs Bottled,2-Bulk,63,4199973,Wine,FALSE
11,2012,2-Withdrawals,3-Tax Free Withdrawals,1-Low Alcohol %,520,7563477,Wine,FALSE
11,2012,2-Withdrawals,3-Tax Free Withdrawals,2-Medium and High Alcohol %,339,806985,Wine,FALSE
11,2012,2-Withdrawals,3-Tax Free Withdrawals,4-Artificially Carbonated/Sparkling Wine,,,Wine,TRUE
11,2012,2-Withdrawals,3-Tax Free Withdrawals,6-Hard Cider,,,Wine,TRUE
11,2012,2-Withdrawals,3-Tax Free Withdrawals For Export,1-Bottled Exports,135,4765311,Wine,FALSE
11,2012,2-Withdrawals,3-Tax Free Withdrawals For Export,2-Bulk Exports,25,2734107,Wine,FALSE
11,2012,4-Stocks on Hand End-of-Period,4-Stocks on Hand End-of-Period,1-Low Alcohol %,1496,786641593,Wine,FALSE
11,2012,4-Stocks on Hand End-of-Period,4-Stocks on Hand End-of-Period,2-Medium Alcohol %,1277,119442950,Wine,FALSE
11,2012,4-Stocks on Hand End-of-Period,4-Stocks on Hand End-of-Period,3-High Alcohol %,43,519751,Wine,FALSE
11,2012,4-Stocks on Hand End-of-Period,4-Stocks on Hand End-of-Period,4-Artificially Carbonated Wine,69,703882,Wine,FALSE
11,2012,4-Stocks on Hand End-of-Period,4-Stocks on Hand End-of-Period,5-Sparkling Wine,252,15293884,Wine,FALSE
11,2012,4-Stocks on Hand End-of-Period,4-Stocks on Hand End-of-Period,6-Hard Cider,42,1095088,Wine,FALSE
11,2012,4-Stocks on Hand End-of-Period,4-Stocks on Hand End-of-Period by Bulk vs Bottled,1-Bottled,1172,150738218,Wine,FALSE
11,2012,4-Stocks on Hand End-of-Period,4-Stocks on Hand End-of-Period by Bulk vs Bottled,2-Bulk,1529,772958930,Wine,FALSE
12,2012,1-Production,0-Category Total,1-Production,4529,151298652,Wine,FALSE
12,2012,2-Withdrawals,0-Category Total,2-Taxable Withdrawals,4335,57808910,Wine,FALSE
12,2012,2-Withdrawals,0-Category Total,2-Taxable Withdrawals by Bulk vs Bottled,4335,57808910,Wine,FALSE
12,2012,2-Withdrawals,0-Category Total,3-Tax Free Withdrawals,2676,8505742,Wine,FALSE
12,2012,2-Withdrawals,0-Category Total,3-Tax Free Withdrawals For Export,211,7080818,Wine,FALSE
12,2012,4-Stocks on Hand End-of-Period,0-Category Total,4-Stocks on Hand End-of-Period,5654,1031195102,Wine,FALSE
12,2012,4-Stocks on Hand End-of-Period,0-Category Total,4-Stocks on Hand End-of-Period by Bulk vs Bottled,5654,1031195102,Wine,FALSE
12,2012,01-Count of IMs,01-Count of IMs,Number of Industry Members,6236,6236,Wine,FALSE
12,2012,1-Production,1-Production,1-Low Alcohol %,3731,105552395,Wine,FALSE
12,2012,1-Production,1-Production,2-Medium and High Alcohol %,2267,43393826,Wine,FALSE
12,2012,1-Production,1-Production,4-Artificially Carbonated Wine,27,40125,Wine,FALSE
12,2012,1-Production,1-Production,5-Sparkling Wine,71,1405045,Wine,FALSE
12,2012,1-Production,1-Production,6-Hard Cider,123,907262,Wine,FALSE
12,2012,2-Withdrawals,2-Taxable Withdrawals,1-Low Alcohol %,3731,46790008,Wine,FALSE
12,2012,2-Withdrawals,2-Taxable Withdrawals,2-Medium and High Alcohol %,2450,6063155,Wine,FALSE
12,2012,2-Withdrawals,2-Taxable Withdrawals,4-Artificially Carbonated Wine,124,158290,Wine,FALSE
12,2012,2-Withdrawals,2-Taxable Withdrawals,5-Sparkling Wine,358,2588279,Wine,FALSE
12,2012,2-Withdrawals,2-Taxable Withdrawals,6-Hard Cider,143,2209178,Wine,FALSE
12,2012,2-Withdrawals,2-Taxable Withdrawals by Bulk vs Bottled,1-Bottled,,,Wine,TRUE
12,2012,2-Withdrawals,2-Taxable Withdrawals by Bulk vs Bottled,2-Bulk,,,Wine,TRUE
12,2012,2-Withdrawals,3-Tax Free Withdrawals,1-Low Alcohol %,2328,7502078,Wine,FALSE
12,2012,2-Withdrawals,3-Tax Free Withdrawals,2-Medium and High Alcohol %,1267,870325,Wine,FALSE
12,2012,2-Withdrawals,3-Tax Free Withdrawals,4-Artificially Carbonated/Sparkling Wine,210,127324,Wine,FALSE
12,2012,2-Withdrawals,3-Tax Free Withdrawals,6-Hard Cider,61,6015,Wine,FALSE
12,2012,2-Withdrawals,3-Tax Free Withdrawals For Export,1-Bottled Exports,186,4133296,Wine,FALSE
12,2012,2-Withdrawals,3-Tax Free Withdrawals For Export,2-Bulk Exports,33,2947522,Wine,FALSE
12,2012,4-Stocks on Hand End-of-Period,4-Stocks on Hand End-of-Period,1-Low Alcohol %,4896,850125433,Wine,FALSE
12,2012,4-Stocks on Hand End-of-Period,4-Stocks on Hand End-of-Period,2-Medium Alcohol %,3586,163522828,Wine,FALSE
12,2012,4-Stocks on Hand End-of-Period,4-Stocks on Hand End-of-Period,3-High Alcohol %,62,520635,Wine,FALSE
12,2012,4-Stocks on Hand End-of-Period,4-Stocks on Hand End-of-Period,4-Artificially Carbonated Wine,111,633689,Wine,FALSE
12,2012,4-Stocks on Hand End-of-Period,4-Stocks on Hand End-of-Period,5-Sparkling Wine,414,14934147,Wine,FALSE
12,2012,4-Stocks on Hand End-of-Period,4-Stocks on Hand End-of-Period,6-Hard Cider,150,1458370,Wine,FALSE
12,2012,4-Stocks on Hand End-of-Period,4-Stocks on Hand End-of-Period by Bulk vs Bottled,1-Bottled,3677,147506786,Wine,FALSE
12,2012,4-Stocks on Hand End-of-Period,4-Stocks on Hand End-of-Period by Bulk vs Bottled,2-Bulk,5240,883688315,Wine,FALSE
1,2013,1-Production,0-Category Total,1-Production,786,53998411,Wine,FALSE
1,2013,2-Withdrawals,0-Category Total,2-Taxable Withdrawals,1119,49989308,Wine,FALSE
1,2013,2-Withdrawals,0-Category Total,2-Taxable Withdrawals by Bulk vs Bottled,1119,49989308,Wine,FALSE
1,2013,2-Withdrawals,0-Category Total,3-Tax Free Withdrawals,578,10320736,Wine,FALSE
1,2013,2-Withdrawals,0-Category Total,3-Tax Free Withdrawals For Export,134,9160226,Wine,FALSE
1,2013,4-Stocks on Hand End-of-Period,0-Category Total,4-Stocks on Hand End-of-Period,1703,999588613,Wine,FALSE
1,2013,4-Stocks on Hand End-of-Period,0-Category Total,4-Stocks on Hand End-of-Period by Bulk vs Bottled,1703,999588613,Wine,FALSE
1,2013,01-Count of IMs,01-Count of IMs,Number of Industry Members,1800,1800,Wine,FALSE
1,2013,1-Production,1-Production,1-Low Alcohol %,660,36100409,Wine,FALSE
1,2013,1-Production,1-Production,2-Medium and High Alcohol %,500,15682244,Wine,FALSE
1,2013,1-Production,1-Production,4-Artificially Carbonated Wine,8,3622,Wine,FALSE
1,2013,1-Production,1-Production,5-Sparkling Wine,14,1878519,Wine,FALSE
1,2013,1-Production,1-Production,6-Hard Cider,19,333617,Wine,FALSE
1,2013,2-Withdrawals,2-Taxable Withdrawals,1-Low Alcohol %,965,42353083,Wine,FALSE
1,2013,2-Withdrawals,2-Taxable Withdrawals,2-Medium and High Alcohol %,738,3815696,Wine,FALSE
1,2013,2-Withdrawals,2-Taxable Withdrawals,4-Artificially Carbonated Wine,51,79688,Wine,FALSE
1,2013,2-Withdrawals,2-Taxable Withdrawals,5-Sparkling Wine,185,1306720,Wine,FALSE
1,2013,2-Withdrawals,2-Taxable Withdrawals,6-Hard Cider,43,2434121,Wine,FALSE
1,2013,2-Withdrawals,2-Taxable Withdrawals by Bulk vs Bottled,1-Bottled,1103,46059761,Wine,FALSE
1,2013,2-Withdrawals,2-Taxable Withdrawals by Bulk vs Bottled,2-Bulk,64,3929546,Wine,FALSE
1,2013,2-Withdrawals,3-Tax Free Withdrawals,1-Low Alcohol %,510,9524498,Wine,FALSE
1,2013,2-Withdrawals,3-Tax Free Withdrawals,2-Medium and High Alcohol %,311,636082,Wine,FALSE
1,2013,2-Withdrawals,3-Tax Free Withdrawals,4-Artificially Carbonated/Sparkling Wine,88,130367,Wine,FALSE
1,2013,2-Withdrawals,3-Tax Free Withdrawals,6-Hard Cider,16,29789,Wine,FALSE
1,2013,2-Withdrawals,3-Tax Free Withdrawals For Export,1-Bottled Exports,120,5237290,Wine,FALSE
1,2013,2-Withdrawals,3-Tax Free Withdrawals For Export,2-Bulk Exports,19,3922936,Wine,FALSE
1,2013,4-Stocks on Hand End-of-Period,4-Stocks on Hand End-of-Period,1-Low Alcohol %,1520,810804336,Wine,FALSE
1,2013,4-Stocks on Hand End-of-Period,4-Stocks on Hand End-of-Period,2-Medium Alcohol %,1292,171018934,Wine,FALSE
1,2013,4-Stocks on Hand End-of-Period,4-Stocks on Hand End-of-Period,3-High Alcohol %,41,711036,Wine,FALSE
1,2013,4-Stocks on Hand End-of-Period,4-Stocks on Hand End-of-Period,4-Artificially Carbonated Wine,65,543274,Wine,FALSE
1,2013,4-Stocks on Hand End-of-Period,4-Stocks on Hand End-of-Period,5-Sparkling Wine,249,15124755,Wine,FALSE
1,2013,4-Stocks on Hand End-of-Period,4-Stocks on Hand End-of-Period,6-Hard Cider,48,1386278,Wine,FALSE
1,2013,4-Stocks on Hand End-of-Period,4-Stocks on Hand End-of-Period by Bulk vs Bottled,1-Bottled,1187,142971662,Wine,FALSE
1,2013,4-Stocks on Hand End-of-Period,4-Stocks on Hand End-of-Period by Bulk vs Bottled,2-Bulk,1561,856616951,Wine,FALSE
2,2013,1-Production,0-Category Total,1-Production,663,28840269,Wine,FALSE
2,2013,2-Withdrawals,0-Category Total,2-Taxable Withdrawals,1132,47463636,Wine,FALSE
2,2013,2-Withdrawals,0-Category Total,2-Taxable Withdrawals by Bulk vs Bottled,1132,47463636,Wine,FALSE
2,2013,2-Withdrawals,0-Category Total,3-Tax Free Withdrawals,583,9675903,Wine,FALSE
2,2013,2-Withdrawals,0-Category Total,3-Tax Free Withdrawals For Export,129,8342847,Wine,FALSE
2,2013,4-Stocks on Hand End-of-Period,0-Category Total,4-Stocks on Hand End-of-Period,1657,967607741,Wine,FALSE
2,2013,4-Stocks on Hand End-of-Period,0-Category Total,4-Stocks on Hand End-of-Period by Bulk vs Bottled,1657,967607741,Wine,FALSE
2,2013,01-Count of IMs,01-Count of IMs,Number of Industry Members,1739,1739,Wine,FALSE
2,2013,1-Production,1-Production,1-Low Alcohol %,596,18918263,Wine,FALSE
2,2013,1-Production,1-Production,2-Medium and High Alcohol %,400,8143971,Wine,FALSE
2,2013,1-Production,1-Production,4-Artificially Carbonated Wine,5,2897,Wine,FALSE
2,2013,1-Production,1-Production,5-Sparkling Wine,21,1339806,Wine,FALSE
2,2013,1-Production,1-Production,6-Hard Cider,20,435332,Wine,FALSE
2,2013,2-Withdrawals,2-Taxable Withdrawals,1-Low Alcohol %,977,40866957,Wine,FALSE
2,2013,2-Withdrawals,2-Taxable Withdrawals,2-Medium and High Alcohol %,745,3506383,Wine,FALSE
2,2013,2-Withdrawals,2-Taxable Withdrawals,4-Artificially Carbonated Wine,53,74362,Wine,FALSE
2,2013,2-Withdrawals,2-Taxable Withdrawals,5-Sparkling Wine,192,1097335,Wine,FALSE
2,2013,2-Withdrawals,2-Taxable Withdrawals,6-Hard Cider,36,1918599,Wine,FALSE
2,2013,2-Withdrawals,2-Taxable Withdrawals by Bulk vs Bottled,1-Bottled,1111,44860637,Wine,FALSE
2,2013,2-Withdrawals,2-Taxable Withdrawals by Bulk vs Bottled,2-Bulk,69,2602999,Wine,FALSE
2,2013,2-Withdrawals,3-Tax Free Withdrawals,1-Low Alcohol %,513,8440545,Wine,FALSE
2,2013,2-Withdrawals,3-Tax Free Withdrawals,2-Medium and High Alcohol %,325,956134,Wine,FALSE
2,2013,2-Withdrawals,3-Tax Free Withdrawals,4-Artificially Carbonated/Sparkling Wine,,,Wine,TRUE
2,2013,2-Withdrawals,3-Tax Free Withdrawals,6-Hard Cider,,,Wine,TRUE
2,2013,2-Withdrawals,3-Tax Free Withdrawals For Export,1-Bottled Exports,119,5124699,Wine,FALSE
2,2013,2-Withdrawals,3-Tax Free Withdrawals For Export,2-Bulk Exports,18,3218148,Wine,FALSE
2,2013,4-Stocks on Hand End-of-Period,4-Stocks on Hand End-of-Period,1-Low Alcohol %,1486,784541677,Wine,FALSE
2,2013,4-Stocks on Hand End-of-Period,4-Stocks on Hand End-of-Period,2-Medium Alcohol %,1258,165107302,Wine,FALSE
2,2013,4-Stocks on Hand End-of-Period,4-Stocks on Hand End-of-Period,3-High Alcohol %,41,641822,Wine,FALSE
2,2013,4-Stocks on Hand End-of-Period,4-Stocks on Hand End-of-Period,4-Artificially Carbonated Wine,62,488329,Wine,FALSE
2,2013,4-Stocks on Hand End-of-Period,4-Stocks on Hand End-of-Period,5-Sparkling Wine,258,15093677,Wine,FALSE
2,2013,4-Stocks on Hand End-of-Period,4-Stocks on Hand End-of-Period,6-Hard Cider,46,1734934,Wine,FALSE
2,2013,4-Stocks on Hand End-of-Period,4-Stocks on Hand End-of-Period by Bulk vs Bottled,1-Bottled,1178,141902803,Wine,FALSE
2,2013,4-Stocks on Hand End-of-Period,4-Stocks on Hand End-of-Period by Bulk vs Bottled,2-Bulk,1517,825704938,Wine,FALSE
3,2013,1-Production,0-Category Total,1-Production,1072,20002474,Wine,FALSE
3,2013,2-Withdrawals,0-Category Total,2-Taxable Withdrawals,2000,56209207,Wine,FALSE
3,2013,2-Withdrawals,0-Category Total,2-Taxable Withdrawals by Bulk vs Bottled,2000,56209207,Wine,FALSE
3,2013,2-Withdrawals,0-Category Total,3-Tax Free Withdrawals,958,11931155,Wine,FALSE
3,2013,2-Withdrawals,0-Category Total,3-Tax Free Withdrawals For Export,176,9240690,Wine,FALSE
3,2013,4-Stocks on Hand End-of-Period,0-Category Total,4-Stocks on Hand End-of-Period,2792,965424792,Wine,FALSE
3,2013,4-Stocks on Hand End-of-Period,0-Category Total,4-Stocks on Hand End-of-Period by Bulk vs Bottled,2792,965424792,Wine,FALSE
3,2013,01-Count of IMs,01-Count of IMs,Number of Industry Members,2974,2974,Wine,FALSE
3,2013,1-Production,1-Production,1-Low Alcohol %,920,8704449,Wine,FALSE
3,2013,1-Production,1-Production,2-Medium and High Alcohol %,649,8226189,Wine,FALSE
3,2013,1-Production,1-Production,4-Artificially Carbonated Wine,7,24797,Wine,FALSE
3,2013,1-Production,1-Production,5-Sparkling Wine,43,2330027,Wine,FALSE
3,2013,1-Production,1-Production,6-Hard Cider,40,717012,Wine,FALSE
3,2013,2-Withdrawals,2-Taxable Withdrawals,1-Low Alcohol %,1694,48645869,Wine,FALSE
3,2013,2-Withdrawals,2-Taxable Withdrawals,2-Medium and High Alcohol %,1347,4514711,Wine,FALSE
3,2013,2-Withdrawals,2-Taxable Withdrawals,4-Artificially Carbonated Wine,79,60708,Wine,FALSE
3,2013,2-Withdrawals,2-Taxable Withdrawals,5-Sparkling Wine,247,1001041,Wine,FALSE
3,2013,2-Withdrawals,2-Taxable Withdrawals,6-Hard Cider,61,1986877,Wine,FALSE
3,2013,2-Withdrawals,2-Taxable Withdrawals by Bulk vs Bottled,1-Bottled,1958,52482106,Wine,FALSE
3,2013,2-Withdrawals,2-Taxable Withdrawals by Bulk vs Bottled,2-Bulk,112,3727101,Wine,FALSE
3,2013,2-Withdrawals,3-Tax Free Withdrawals,1-Low Alcohol %,815,10027491,Wine,FALSE
3,2013,2-Withdrawals,3-Tax Free Withdrawals,2-Medium and High Alcohol %,547,1614329,Wine,FALSE
3,2013,2-Withdrawals,3-Tax Free Withdrawals,4-Artificially Carbonated/Sparkling Wine,123,253303,Wine,FALSE
3,2013,2-Withdrawals,3-Tax Free Withdrawals,6-Hard Cider,30,36032,Wine,FALSE
3,2013,2-Withdrawals,3-Tax Free Withdrawals For Export,1-Bottled Exports,163,5216623,Wine,FALSE
3,2013,2-Withdrawals,3-Tax Free Withdrawals For Export,2-Bulk Exports,21,4024067,Wine,FALSE
3,2013,4-Stocks on Hand End-of-Period,4-Stocks on Hand End-of-Period,1-Low Alcohol %,2397,773883535,Wine,FALSE
3,2013,4-Stocks on Hand End-of-Period,4-Stocks on Hand End-of-Period,2-Medium Alcohol %,2151,172529748,Wine,FALSE
3,2013,4-Stocks on Hand End-of-Period,4-Stocks on Hand End-of-Period,3-High Alcohol %,50,605361,Wine,FALSE
3,2013,4-Stocks on Hand End-of-Period,4-Stocks on Hand End-of-Period,4-Artificially Carbonated Wine,80,461015,Wine,FALSE
3,2013,4-Stocks on Hand End-of-Period,4-Stocks on Hand End-of-Period,5-Sparkling Wine,334,16124590,Wine,FALSE
3,2013,4-Stocks on Hand End-of-Period,4-Stocks on Hand End-of-Period,6-Hard Cider,73,1820543,Wine,FALSE
3,2013,4-Stocks on Hand End-of-Period,4-Stocks on Hand End-of-Period by Bulk vs Bottled,1-Bottled,1784,164246865,Wine,FALSE
3,2013,4-Stocks on Hand End-of-Period,4-Stocks on Hand End-of-Period by Bulk vs Bottled,2-Bulk,2590,801177927,Wine,FALSE
4,2013,1-Production,0-Category Total,1-Production,653,20236691,Wine,FALSE
4,2013,2-Withdrawals,0-Category Total,2-Taxable Withdrawals,1155,51279841,Wine,FALSE
4,2013,2-Withdrawals,0-Category Total,2-Taxable Withdrawals by Bulk vs Bottled,1155,51279841,Wine,FALSE
4,2013,2-Withdrawals,0-Category Total,3-Tax Free Withdrawals,599,10963954,Wine,FALSE
4,2013,2-Withdrawals,0-Category Total,3-Tax Free Withdrawals For Export,139,9464563,Wine,FALSE
4,2013,4-Stocks on Hand End-of-Period,0-Category Total,4-Stocks on Hand End-of-Period,1660,890592123,Wine,FALSE
4,2013,4-Stocks on Hand End-of-Period,0-Category Total,4-Stocks on Hand End-of-Period by Bulk vs Bottled,1660,890592123,Wine,FALSE
4,2013,01-Count of IMs,01-Count of IMs,Number of Industry Members,1755,1755,Wine,FALSE
4,2013,1-Production,1-Production,1-Low Alcohol %,584,13067311,Wine,FALSE
4,2013,1-Production,1-Production,2-Medium and High Alcohol %,391,3336960,Wine,FALSE
4,2013,1-Production,1-Production,4-Artificially Carbonated Wine,4,2169,Wine,FALSE
4,2013,1-Production,1-Production,5-Sparkling Wine,32,2503452,Wine,FALSE
4,2013,1-Production,1-Production,6-Hard Cider,22,1326799,Wine,FALSE
4,2013,2-Withdrawals,2-Taxable Withdrawals,1-Low Alcohol %,1012,42855497,Wine,FALSE
4,2013,2-Withdrawals,2-Taxable Withdrawals,2-Medium and High Alcohol %,759,3942357,Wine,FALSE
4,2013,2-Withdrawals,2-Taxable Withdrawals,4-Artificially Carbonated Wine,54,59664,Wine,FALSE
4,2013,2-Withdrawals,2-Taxable Withdrawals,5-Sparkling Wine,188,1623374,Wine,FALSE
4,2013,2-Withdrawals,2-Taxable Withdrawals,6-Hard Cider,31,2798948,Wine,FALSE
4,2013,2-Withdrawals,2-Taxable Withdrawals by Bulk vs Bottled,1-Bottled,1136,48849315,Wine,FALSE
4,2013,2-Withdrawals,2-Taxable Withdrawals by Bulk vs Bottled,2-Bulk,68,2430526,Wine,FALSE
4,2013,2-Withdrawals,3-Tax Free Withdrawals,1-Low Alcohol %,528,9323612,Wine,FALSE
4,2013,2-Withdrawals,3-Tax Free Withdrawals,2-Medium and High Alcohol %,327,1334232,Wine,FALSE
4,2013,2-Withdrawals,3-Tax Free Withdrawals,4-Artificially Carbonated/Sparkling Wine,91,254851,Wine,FALSE
4,2013,2-Withdrawals,3-Tax Free Withdrawals,6-Hard Cider,19,51259,Wine,FALSE
4,2013,2-Withdrawals,3-Tax Free Withdrawals For Export,1-Bottled Exports,126,4665494,Wine,FALSE
4,2013,2-Withdrawals,3-Tax Free Withdrawals For Export,2-Bulk Exports,22,4799069,Wine,FALSE
4,2013,4-Stocks on Hand End-of-Period,4-Stocks on Hand End-of-Period,1-Low Alcohol %,1486,716424534,Wine,FALSE
4,2013,4-Stocks on Hand End-of-Period,4-Stocks on Hand End-of-Period,2-Medium Alcohol %,1272,154396908,Wine,FALSE
4,2013,4-Stocks on Hand End-of-Period,4-Stocks on Hand End-of-Period,3-High Alcohol %,45,890616,Wine,FALSE
4,2013,4-Stocks on Hand End-of-Period,4-Stocks on Hand End-of-Period,4-Artificially Carbonated Wine,63,509022,Wine,FALSE
4,2013,4-Stocks on Hand End-of-Period,4-Stocks on Hand End-of-Period,5-Sparkling Wine,260,16598477,Wine,FALSE
4,2013,4-Stocks on Hand End-of-Period,4-Stocks on Hand End-of-Period,6-Hard Cider,52,1772567,Wine,FALSE
4,2013,4-Stocks on Hand End-of-Period,4-Stocks on Hand End-of-Period by Bulk vs Bottled,1-Bottled,1179,149923184,Wine,FALSE
4,2013,4-Stocks on Hand End-of-Period,4-Stocks on Hand End-of-Period by Bulk vs Bottled,2-Bulk,1520,740668939,Wine,FALSE
5,2013,1-Production,0-Category Total,1-Production,666,17007170,Wine,FALSE
5,2013,2-Withdrawals,0-Category Total,2-Taxable Withdrawals,1152,54126511,Wine,FALSE
5,2013,2-Withdrawals,0-Category Total,2-Taxable Withdrawals by Bulk vs Bottled,1152,54126511,Wine,FALSE
5,2013,2-Withdrawals,0-Category Total,3-Tax Free Withdrawals,613,10048498,Wine,FALSE
5,2013,2-Withdrawals,0-Category Total,3-Tax Free Withdrawals For Export,136,9157070,Wine,FALSE
5,2013,4-Stocks on Hand End-of-Period,0-Category Total,4-Stocks on Hand End-of-Period,1643,845016226,Wine,FALSE
5,2013,4-Stocks on Hand End-of-Period,0-Category Total,4-Stocks on Hand End-of-Period by Bulk vs Bottled,1643,845016226,Wine,FALSE
5,2013,01-Count of IMs,01-Count of IMs,Number of Industry Members,1743,1743,Wine,FALSE
5,2013,1-Production,1-Production,1-Low Alcohol %,613,10447244,Wine,FALSE
5,2013,1-Production,1-Production,2-Medium and High Alcohol %,,,Wine,TRUE
5,2013,1-Production,1-Production,4-Artificially Carbonated Wine,5,7771,Wine,FALSE
5,2013,1-Production,1-Production,5-Sparkling Wine,,,Wine,TRUE
5,2013,1-Production,1-Production,6-Hard Cider,18,922800,Wine,FALSE
5,2013,2-Withdrawals,2-Taxable Withdrawals,1-Low Alcohol %,1007,45824073,Wine,FALSE
5,2013,2-Withdrawals,2-Taxable Withdrawals,2-Medium and High Alcohol %,748,3919731,Wine,FALSE
5,2013,2-Withdrawals,2-Taxable Withdrawals,4-Artificially Carbonated Wine,53,67348,Wine,FALSE
5,2013,2-Withdrawals,2-Taxable Withdrawals,5-Sparkling Wine,193,1609419,Wine,FALSE
5,2013,2-Withdrawals,2-Taxable Withdrawals,6-Hard Cider,34,2705941,Wine,FALSE
5,2013,2-Withdrawals,2-Taxable Withdrawals by Bulk vs Bottled,1-Bottled,1134,51944745,Wine,FALSE
5,2013,2-Withdrawals,2-Taxable Withdrawals by Bulk vs Bottled,2-Bulk,65,2181767,Wine,FALSE
5,2013,2-Withdrawals,3-Tax Free Withdrawals,1-Low Alcohol %,535,9014686,Wine,FALSE
5,2013,2-Withdrawals,3-Tax Free Withdrawals,2-Medium and High Alcohol %,340,719017,Wine,FALSE
5,2013,2-Withdrawals,3-Tax Free Withdrawals,4-Artificially Carbonated/Sparkling Wine,92,274615,Wine,FALSE
5,2013,2-Withdrawals,3-Tax Free Withdrawals,6-Hard Cider,20,40179,Wine,FALSE
5,2013,2-Withdrawals,3-Tax Free Withdrawals For Export,1-Bottled Exports,124,5093829,Wine,FALSE
5,2013,2-Withdrawals,3-Tax Free Withdrawals For Export,2-Bulk Exports,20,4063241,Wine,FALSE
5,2013,4-Stocks on Hand End-of-Period,4-Stocks on Hand End-of-Period,1-Low Alcohol %,1468,678348538,Wine,FALSE
5,2013,4-Stocks on Hand End-of-Period,4-Stocks on Hand End-of-Period,2-Medium Alcohol %,1261,146074503,Wine,FALSE
5,2013,4-Stocks on Hand End-of-Period,4-Stocks on Hand End-of-Period,3-High Alcohol %,36,523231,Wine,FALSE
5,2013,4-Stocks on Hand End-of-Period,4-Stocks on Hand End-of-Period,4-Artificially Carbonated Wine,66,615893,Wine,FALSE
5,2013,4-Stocks on Hand End-of-Period,4-Stocks on Hand End-of-Period,5-Sparkling Wine,257,17480079,Wine,FALSE
5,2013,4-Stocks on Hand End-of-Period,4-Stocks on Hand End-of-Period,6-Hard Cider,48,1973982,Wine,FALSE
5,2013,4-Stocks on Hand End-of-Period,4-Stocks on Hand End-of-Period by Bulk vs Bottled,1-Bottled,1164,153804186,Wine,FALSE
5,2013,4-Stocks on Hand End-of-Period,4-Stocks on Hand End-of-Period by Bulk vs Bottled,2-Bulk,1503,691212040,Wine,FALSE
6,2013,1-Production,0-Category Total,1-Production,1005,11525739,Wine,FALSE
6,2013,2-Withdrawals,0-Category Total,2-Taxable Withdrawals,2054,54328555,Wine,FALSE
6,2013,2-Withdrawals,0-Category Total,2-Taxable Withdrawals by Bulk vs Bottled,2054,54328555,Wine,FALSE
6,2013,2-Withdrawals,0-Category Total,3-Tax Free Withdrawals,969,10596003,Wine,FALSE
6,2013,2-Withdrawals,0-Category Total,3-Tax Free Withdrawals For Export,157,9495762,Wine,FALSE
6,2013,4-Stocks on Hand End-of-Period,0-Category Total,4-Stocks on Hand End-of-Period,2783,808947845,Wine,FALSE
6,2013,4-Stocks on Hand End-of-Period,0-Category Total,4-Stocks on Hand End-of-Period by Bulk vs Bottled,2783,808947845,Wine,FALSE
6,2013,01-Count of IMs,01-Count of IMs,Number of Industry Members,3004,3004,Wine,FALSE
6,2013,1-Production,1-Production,1-Low Alcohol %,894,6588831,Wine,FALSE
6,2013,1-Production,1-Production,2-Medium and High Alcohol %,,,Wine,TRUE
6,2013,1-Production,1-Production,4-Artificially Carbonated Wine,,,Wine,TRUE
6,2013,1-Production,1-Production,5-Sparkling Wine,39,2947259,Wine,FALSE
6,2013,1-Production,1-Production,6-Hard Cider,44,998714,Wine,FALSE
6,2013,2-Withdrawals,2-Taxable Withdrawals,1-Low Alcohol %,1716,45039903,Wine,FALSE
6,2013,2-Withdrawals,2-Taxable Withdrawals,2-Medium and High Alcohol %,1389,4706710,Wine,FALSE
6,2013,2-Withdrawals,2-Taxable Withdrawals,4-Artificially Carbonated Wine,86,80371,Wine,FALSE
6,2013,2-Withdrawals,2-Taxable Withdrawals,5-Sparkling Wine,256,1598191,Wine,FALSE
6,2013,2-Withdrawals,2-Taxable Withdrawals,6-Hard Cider,60,2903380,Wine,FALSE
6,2013,2-Withdrawals,2-Taxable Withdrawals by Bulk vs Bottled,1-Bottled,2022,51922339,Wine,FALSE
6,2013,2-Withdrawals,2-Taxable Withdrawals by Bulk vs Bottled,2-Bulk,100,2406216,Wine,FALSE
6,2013,2-Withdrawals,3-Tax Free Withdrawals,1-Low Alcohol %,829,9357146,Wine,FALSE
6,2013,2-Withdrawals,3-Tax Free Withdrawals,2-Medium and High Alcohol %,567,808330,Wine,FALSE
6,2013,2-Withdrawals,3-Tax Free Withdrawals,4-Artificially Carbonated/Sparkling Wine,,,Wine,TRUE
6,2013,2-Withdrawals,3-Tax Free Withdrawals,6-Hard Cider,,,Wine,TRUE
6,2013,2-Withdrawals,3-Tax Free Withdrawals For Export,1-Bottled Exports,144,4921782,Wine,FALSE
6,2013,2-Withdrawals,3-Tax Free Withdrawals For Export,2-Bulk Exports,23,4573981,Wine,FALSE
6,2013,4-Stocks on Hand End-of-Period,4-Stocks on Hand End-of-Period,1-Low Alcohol %,2373,642949934,Wine,FALSE
6,2013,4-Stocks on Hand End-of-Period,4-Stocks on Hand End-of-Period,2-Medium Alcohol %,2154,144080586,Wine,FALSE
6,2013,4-Stocks on Hand End-of-Period,4-Stocks on Hand End-of-Period,3-High Alcohol %,44,459376,Wine,FALSE
6,2013,4-Stocks on Hand End-of-Period,4-Stocks on Hand End-of-Period,4-Artificially Carbonated Wine,82,544542,Wine,FALSE
6,2013,4-Stocks on Hand End-of-Period,4-Stocks on Hand End-of-Period,5-Sparkling Wine,334,18479019,Wine,FALSE
6,2013,4-Stocks on Hand End-of-Period,4-Stocks on Hand End-of-Period,6-Hard Cider,78,2434389,Wine,FALSE
6,2013,4-Stocks on Hand End-of-Period,4-Stocks on Hand End-of-Period by Bulk vs Bottled,1-Bottled,1782,161889347,Wine,FALSE
6,2013,4-Stocks on Hand End-of-Period,4-Stocks on Hand End-of-Period by Bulk vs Bottled,2-Bulk,2575,647058499,Wine,FALSE
7,2013,1-Production,0-Category Total,1-Production,625,10443495,Wine,FALSE
7,2013,2-Withdrawals,0-Category Total,2-Taxable Withdrawals,1155,49952254,Wine,FALSE
7,2013,2-Withdrawals,0-Category Total,2-Taxable Withdrawals by Bulk vs Bottled,1155,49952254,Wine,FALSE
7,2013,2-Withdrawals,0-Category Total,3-Tax Free Withdrawals,595,10151969,Wine,FALSE
7,2013,2-Withdrawals,0-Category Total,3-Tax Free Withdrawals For Export,131,9464549,Wine,FALSE
7,2013,4-Stocks on Hand End-of-Period,0-Category Total,4-Stocks on Hand End-of-Period,1648,745017280,Wine,FALSE
7,2013,4-Stocks on Hand End-of-Period,0-Category Total,4-Stocks on Hand End-of-Period by Bulk vs Bottled,1648,745017280,Wine,FALSE
7,2013,01-Count of IMs,01-Count of IMs,Number of Industry Members,1759,1759,Wine,FALSE
7,2013,1-Production,1-Production,1-Low Alcohol %,563,8654729,Wine,FALSE
7,2013,1-Production,1-Production,2-Medium and High Alcohol %,381,-1112681,Wine,FALSE
7,2013,1-Production,1-Production,4-Artificially Carbonated Wine,6,9926,Wine,FALSE
7,2013,1-Production,1-Production,5-Sparkling Wine,29,2472719,Wine,FALSE
7,2013,1-Production,1-Production,6-Hard Cider,23,418802,Wine,FALSE
7,2013,2-Withdrawals,2-Taxable Withdrawals,1-Low Alcohol %,989,41476215,Wine,FALSE
7,2013,2-Withdrawals,2-Taxable Withdrawals,2-Medium and High Alcohol %,775,3716547,Wine,FALSE
7,2013,2-Withdrawals,2-Taxable Withdrawals,4-Artificially Carbonated Wine,60,66392,Wine,FALSE
7,2013,2-Withdrawals,2-Taxable Withdrawals,5-Sparkling Wine,187,1436650,Wine,FALSE
7,2013,2-Withdrawals,2-Taxable Withdrawals,6-Hard Cider,36,3256450,Wine,FALSE
7,2013,2-Withdrawals,2-Taxable Withdrawals by Bulk vs Bottled,1-Bottled,1133,45491196,Wine,FALSE
7,2013,2-Withdrawals,2-Taxable Withdrawals by Bulk vs Bottled,2-Bulk,67,4461059,Wine,FALSE
7,2013,2-Withdrawals,3-Tax Free Withdrawals,1-Low Alcohol %,530,9138444,Wine,FALSE
7,2013,2-Withdrawals,3-Tax Free Withdrawals,2-Medium and High Alcohol %,340,666281,Wine,FALSE
7,2013,2-Withdrawals,3-Tax Free Withdrawals,4-Artificially Carbonated/Sparkling Wine,84,293762,Wine,FALSE
7,2013,2-Withdrawals,3-Tax Free Withdrawals,6-Hard Cider,19,53481,Wine,FALSE
7,2013,2-Withdrawals,3-Tax Free Withdrawals For Export,1-Bottled Exports,119,5037596,Wine,FALSE
7,2013,2-Withdrawals,3-Tax Free Withdrawals For Export,2-Bulk Exports,21,4426953,Wine,FALSE
7,2013,4-Stocks on Hand End-of-Period,4-Stocks on Hand End-of-Period,1-Low Alcohol %,1456,596523185,Wine,FALSE
7,2013,4-Stocks on Hand End-of-Period,4-Stocks on Hand End-of-Period,2-Medium Alcohol %,1261,126882419,Wine,FALSE
7,2013,4-Stocks on Hand End-of-Period,4-Stocks on Hand End-of-Period,3-High Alcohol %,39,602162,Wine,FALSE
7,2013,4-Stocks on Hand End-of-Period,4-Stocks on Hand End-of-Period,4-Artificially Carbonated Wine,69,473806,Wine,FALSE
7,2013,4-Stocks on Hand End-of-Period,4-Stocks on Hand End-of-Period,5-Sparkling Wine,266,18699296,Wine,FALSE
7,2013,4-Stocks on Hand End-of-Period,4-Stocks on Hand End-of-Period,6-Hard Cider,53,1836412,Wine,FALSE
7,2013,4-Stocks on Hand End-of-Period,4-Stocks on Hand End-of-Period by Bulk vs Bottled,1-Bottled,1189,167885849,Wine,FALSE
7,2013,4-Stocks on Hand End-of-Period,4-Stocks on Hand End-of-Period by Bulk vs Bottled,2-Bulk,1495,577131431,Wine,FALSE
8,2013,1-Production,0-Category Total,1-Production,661,55386397,Wine,FALSE
8,2013,2-Withdrawals,0-Category Total,2-Taxable Withdrawals,1194,50381145,Wine,FALSE
8,2013,2-Withdrawals,0-Category Total,2-Taxable Withdrawals by Bulk vs Bottled,1194,50381145,Wine,FALSE
8,2013,2-Withdrawals,0-Category Total,3-Tax Free Withdrawals,629,10291196,Wine,FALSE
8,2013,2-Withdrawals,0-Category Total,3-Tax Free Withdrawals For Export,148,8863178,Wine,FALSE
8,2013,4-Stocks on Hand End-of-Period,0-Category Total,4-Stocks on Hand End-of-Period,1640,733226646,Wine,FALSE
8,2013,4-Stocks on Hand End-of-Period,0-Category Total,4-Stocks on Hand End-of-Period by Bulk vs Bottled,1640,733226646,Wine,FALSE
8,2013,01-Count of IMs,01-Count of IMs,Number of Industry Members,1750,1750,Wine,FALSE
8,2013,1-Production,1-Production,1-Low Alcohol %,604,49206819,Wine,FALSE
8,2013,1-Production,1-Production,2-Medium and High Alcohol %,412,2420270,Wine,FALSE
8,2013,1-Production,1-Production,4-Artificially Carbonated Wine,7,9077,Wine,FALSE
8,2013,1-Production,1-Production,5-Sparkling Wine,24,3047887,Wine,FALSE
8,2013,1-Production,1-Production,6-Hard Cider,23,702343,Wine,FALSE
8,2013,2-Withdrawals,2-Taxable Withdrawals,1-Low Alcohol %,1025,41323025,Wine,FALSE
8,2013,2-Withdrawals,2-Taxable Withdrawals,2-Medium and High Alcohol %,808,4493637,Wine,FALSE
8,2013,2-Withdrawals,2-Taxable Withdrawals,4-Artificially Carbonated Wine,58,54393,Wine,FALSE
8,2013,2-Withdrawals,2-Taxable Withdrawals,5-Sparkling Wine,202,1495023,Wine,FALSE
8,2013,2-Withdrawals,2-Taxable Withdrawals,6-Hard Cider,44,3015067,Wine,FALSE
8,2013,2-Withdrawals,2-Taxable Withdrawals by Bulk vs Bottled,1-Bottled,1173,47888476,Wine,FALSE
8,2013,2-Withdrawals,2-Taxable Withdrawals by Bulk vs Bottled,2-Bulk,69,2492669,Wine,FALSE
8,2013,2-Withdrawals,3-Tax Free Withdrawals,1-Low Alcohol %,555,9037562,Wine,FALSE
8,2013,2-Withdrawals,3-Tax Free Withdrawals,2-Medium and High Alcohol %,367,998193,Wine,FALSE
8,2013,2-Withdrawals,3-Tax Free Withdrawals,4-Artificially Carbonated/Sparkling Wine,91,207237,Wine,FALSE
8,2013,2-Withdrawals,3-Tax Free Withdrawals,6-Hard Cider,20,48204,Wine,FALSE
8,2013,2-Withdrawals,3-Tax Free Withdrawals For Export,1-Bottled Exports,135,5321802,Wine,FALSE
8,2013,2-Withdrawals,3-Tax Free Withdrawals For Export,2-Bulk Exports,20,3541376,Wine,FALSE
8,2013,4-Stocks on Hand End-of-Period,4-Stocks on Hand End-of-Period,1-Low Alcohol %,1452,590549270,Wine,FALSE
8,2013,4-Stocks on Hand End-of-Period,4-Stocks on Hand End-of-Period,2-Medium Alcohol %,1256,118231631,Wine,FALSE
8,2013,4-Stocks on Hand End-of-Period,4-Stocks on Hand End-of-Period,3-High Alcohol %,42,1368103,Wine,FALSE
8,2013,4-Stocks on Hand End-of-Period,4-Stocks on Hand End-of-Period,4-Artificially Carbonated Wine,67,546032,Wine,FALSE
8,2013,4-Stocks on Hand End-of-Period,4-Stocks on Hand End-of-Period,5-Sparkling Wine,266,19920425,Wine,FALSE
8,2013,4-Stocks on Hand End-of-Period,4-Stocks on Hand End-of-Period,6-Hard Cider,54,2611186,Wine,FALSE
8,2013,4-Stocks on Hand End-of-Period,4-Stocks on Hand End-of-Period by Bulk vs Bottled,1-Bottled,1187,178300084,Wine,FALSE
8,2013,4-Stocks on Hand End-of-Period,4-Stocks on Hand End-of-Period by Bulk vs Bottled,2-Bulk,1481,554926562,Wine,FALSE
9,2013,1-Production,0-Category Total,1-Production,1131,191897463,Wine,FALSE
9,2013,2-Withdrawals,0-Category Total,2-Taxable Withdrawals,1989,54730382,Wine,FALSE
9,2013,2-Withdrawals,0-Category Total,2-Taxable Withdrawals by Bulk vs Bottled,1989,54730382,Wine,FALSE
9,2013,2-Withdrawals,0-Category Total,3-Tax Free Withdrawals,950,10975938,Wine,FALSE
9,2013,2-Withdrawals,0-Category Total,3-Tax Free Withdrawals For Export,157,9080620,Wine,FALSE
9,2013,4-Stocks on Hand End-of-Period,0-Category Total,4-Stocks on Hand End-of-Period,2774,864062703,Wine,FALSE
9,2013,4-Stocks on Hand End-of-Period,0-Category Total,4-Stocks on Hand End-of-Period by Bulk vs Bottled,2774,864062703,Wine,FALSE
9,2013,01-Count of IMs,01-Count of IMs,Number of Industry Members,3010,3010,Wine,FALSE
9,2013,1-Production,1-Production,1-Low Alcohol %,991,173959460,Wine,FALSE
9,2013,1-Production,1-Production,2-Medium and High Alcohol %,565,15071513,Wine,FALSE
9,2013,1-Production,1-Production,4-Artificially Carbonated Wine,10,79254,Wine,FALSE
9,2013,1-Production,1-Production,5-Sparkling Wine,38,2269192,Wine,FALSE
9,2013,1-Production,1-Production,6-Hard Cider,33,518044,Wine,FALSE
9,2013,2-Withdrawals,2-Taxable Withdrawals,1-Low Alcohol %,1639,44953467,Wine,FALSE
9,2013,2-Withdrawals,2-Taxable Withdrawals,2-Medium and High Alcohol %,1362,5139603,Wine,FALSE
9,2013,2-Withdrawals,2-Taxable Withdrawals,4-Artificially Carbonated Wine,84,107679,Wine,FALSE
9,2013,2-Withdrawals,2-Taxable Withdrawals,5-Sparkling Wine,266,1977448,Wine,FALSE
9,2013,2-Withdrawals,2-Taxable Withdrawals,6-Hard Cider,56,2552185,Wine,FALSE
9,2013,2-Withdrawals,2-Taxable Withdrawals by Bulk vs Bottled,1-Bottled,1959,51398690,Wine,FALSE
9,2013,2-Withdrawals,2-Taxable Withdrawals by Bulk vs Bottled,2-Bulk,98,3331691,Wine,FALSE
9,2013,2-Withdrawals,3-Tax Free Withdrawals,1-Low Alcohol %,797,9806784,Wine,FALSE
9,2013,2-Withdrawals,3-Tax Free Withdrawals,2-Medium and High Alcohol %,562,926033,Wine,FALSE
9,2013,2-Withdrawals,3-Tax Free Withdrawals,4-Artificially Carbonated/Sparkling Wine,127,183993,Wine,FALSE
9,2013,2-Withdrawals,3-Tax Free Withdrawals,6-Hard Cider,25,59128,Wine,FALSE
9,2013,2-Withdrawals,3-Tax Free Withdrawals For Export,1-Bottled Exports,144,5399343,Wine,FALSE
9,2013,2-Withdrawals,3-Tax Free Withdrawals For Export,2-Bulk Exports,23,3681278,Wine,FALSE
9,2013,4-Stocks on Hand End-of-Period,4-Stocks on Hand End-of-Period,1-Low Alcohol %,2339,709151486,Wine,FALSE
9,2013,4-Stocks on Hand End-of-Period,4-Stocks on Hand End-of-Period,2-Medium Alcohol %,2123,131727725,Wine,FALSE
9,2013,4-Stocks on Hand End-of-Period,4-Stocks on Hand End-of-Period,3-High Alcohol %,52,867837,Wine,FALSE
9,2013,4-Stocks on Hand End-of-Period,4-Stocks on Hand End-of-Period,4-Artificially Carbonated Wine,85,519433,Wine,FALSE
9,2013,4-Stocks on Hand End-of-Period,4-Stocks on Hand End-of-Period,5-Sparkling Wine,342,19911623,Wine,FALSE
9,2013,4-Stocks on Hand End-of-Period,4-Stocks on Hand End-of-Period,6-Hard Cider,81,1884600,Wine,FALSE
9,2013,4-Stocks on Hand End-of-Period,4-Stocks on Hand End-of-Period by Bulk vs Bottled,1-Bottled,1819,186979371,Wine,FALSE
9,2013,4-Stocks on Hand End-of-Period,4-Stocks on Hand End-of-Period by Bulk vs Bottled,2-Bulk,2537,677083332,Wine,FALSE
10,2013,1-Production,0-Category Total,1-Production,817,202086912,Wine,FALSE
10,2013,2-Withdrawals,0-Category Total,2-Taxable Withdrawals,1069,62350266,Wine,FALSE
10,2013,2-Withdrawals,0-Category Total,2-Taxable Withdrawals by Bulk vs Bottled,1069,62350266,Wine,FALSE
10,2013,2-Withdrawals,0-Category Total,3-Tax Free Withdrawals,587,12093693,Wine,FALSE
10,2013,2-Withdrawals,0-Category Total,3-Tax Free Withdrawals For Export,128,9946494,Wine,FALSE
10,2013,4-Stocks on Hand End-of-Period,0-Category Total,4-Stocks on Hand End-of-Period,1666,973230674,Wine,FALSE
10,2013,4-Stocks on Hand End-of-Period,0-Category Total,4-Stocks on Hand End-of-Period by Bulk vs Bottled,1666,973230674,Wine,FALSE
10,2013,01-Count of IMs,01-Count of IMs,Number of Industry Members,1781,1781,Wine,FALSE
10,2013,1-Production,1-Production,1-Low Alcohol %,704,174423124,Wine,FALSE
10,2013,1-Production,1-Production,2-Medium and High Alcohol %,414,23958785,Wine,FALSE
10,2013,1-Production,1-Production,4-Artificially Carbonated Wine,4,2537,Wine,FALSE
10,2013,1-Production,1-Production,5-Sparkling Wine,23,3321822,Wine,FALSE
10,2013,1-Production,1-Production,6-Hard Cider,24,380644,Wine,FALSE
10,2013,2-Withdrawals,2-Taxable Withdrawals,1-Low Alcohol %,931,51187748,Wine,FALSE
10,2013,2-Withdrawals,2-Taxable Withdrawals,2-Medium and High Alcohol %,711,4543256,Wine,FALSE
10,2013,2-Withdrawals,2-Taxable Withdrawals,4-Artificially Carbonated Wine,55,133900,Wine,FALSE
10,2013,2-Withdrawals,2-Taxable Withdrawals,5-Sparkling Wine,191,2939930,Wine,FALSE
10,2013,2-Withdrawals,2-Taxable Withdrawals,6-Hard Cider,39,3545432,Wine,FALSE
10,2013,2-Withdrawals,2-Taxable Withdrawals by Bulk vs Bottled,1-Bottled,1049,58304862,Wine,FALSE
10,2013,2-Withdrawals,2-Taxable Withdrawals by Bulk vs Bottled,2-Bulk,60,4045404,Wine,FALSE
10,2013,2-Withdrawals,3-Tax Free Withdrawals,1-Low Alcohol %,523,10548033,Wine,FALSE
10,2013,2-Withdrawals,3-Tax Free Withdrawals,2-Medium and High Alcohol %,314,1284028,Wine,FALSE
10,2013,2-Withdrawals,3-Tax Free Withdrawals,4-Artificially Carbonated/Sparkling Wine,,,Wine,TRUE
10,2013,2-Withdrawals,3-Tax Free Withdrawals,6-Hard Cider,,,Wine,TRUE
10,2013,2-Withdrawals,3-Tax Free Withdrawals For Export,1-Bottled Exports,118,5996157,Wine,FALSE
10,2013,2-Withdrawals,3-Tax Free Withdrawals For Export,2-Bulk Exports,20,3950337,Wine,FALSE
10,2013,4-Stocks on Hand End-of-Period,4-Stocks on Hand End-of-Period,1-Low Alcohol %,1473,803798975,Wine,FALSE
10,2013,4-Stocks on Hand End-of-Period,4-Stocks on Hand End-of-Period,2-Medium Alcohol %,1255,146595251,Wine,FALSE
10,2013,4-Stocks on Hand End-of-Period,4-Stocks on Hand End-of-Period,3-High Alcohol %,40,1018948,Wine,FALSE
10,2013,4-Stocks on Hand End-of-Period,4-Stocks on Hand End-of-Period,4-Artificially Carbonated Wine,68,471263,Wine,FALSE
10,2013,4-Stocks on Hand End-of-Period,4-Stocks on Hand End-of-Period,5-Sparkling Wine,264,19374072,Wine,FALSE
10,2013,4-Stocks on Hand End-of-Period,4-Stocks on Hand End-of-Period,6-Hard Cider,53,1972166,Wine,FALSE
10,2013,4-Stocks on Hand End-of-Period,4-Stocks on Hand End-of-Period by Bulk vs Bottled,1-Bottled,1171,176117789,Wine,FALSE
10,2013,4-Stocks on Hand End-of-Period,4-Stocks on Hand End-of-Period by Bulk vs Bottled,2-Bulk,1502,797112885,Wine,FALSE
11,2013,1-Production,0-Category Total,1-Production,867,129225916,Wine,FALSE
11,2013,2-Withdrawals,0-Category Total,2-Taxable Withdrawals,1077,57096614,Wine,FALSE
11,2013,2-Withdrawals,0-Category Total,2-Taxable Withdrawals by Bulk vs Bottled,1077,57096614,Wine,FALSE
11,2013,2-Withdrawals,0-Category Total,3-Tax Free Withdrawals,575,9617775,Wine,FALSE
11,2013,2-Withdrawals,0-Category Total,3-Tax Free Withdrawals For Export,143,7821240,Wine,FALSE
11,2013,4-Stocks on Hand End-of-Period,0-Category Total,4-Stocks on Hand End-of-Period,1652,1033505475,Wine,FALSE
11,2013,4-Stocks on Hand End-of-Period,0-Category Total,4-Stocks on Hand End-of-Period by Bulk vs Bottled,1652,1033505475,Wine,FALSE
11,2013,01-Count of IMs,01-Count of IMs,Number of Industry Members,1766,1766,Wine,FALSE
11,2013,1-Production,1-Production,1-Low Alcohol %,741,101112143,Wine,FALSE
11,2013,1-Production,1-Production,2-Medium and High Alcohol %,465,26085334,Wine,FALSE
11,2013,1-Production,1-Production,4-Artificially Carbonated Wine,9,7621,Wine,FALSE
11,2013,1-Production,1-Production,5-Sparkling Wine,18,1622349,Wine,FALSE
11,2013,1-Production,1-Production,6-Hard Cider,26,398469,Wine,FALSE
11,2013,2-Withdrawals,2-Taxable Withdrawals,1-Low Alcohol %,943,46627680,Wine,FALSE
11,2013,2-Withdrawals,2-Taxable Withdrawals,2-Medium and High Alcohol %,708,4110395,Wine,FALSE
11,2013,2-Withdrawals,2-Taxable Withdrawals,4-Artificially Carbonated Wine,63,133030,Wine,FALSE
11,2013,2-Withdrawals,2-Taxable Withdrawals,5-Sparkling Wine,200,3587432,Wine,FALSE
11,2013,2-Withdrawals,2-Taxable Withdrawals,6-Hard Cider,40,2638077,Wine,FALSE
11,2013,2-Withdrawals,2-Taxable Withdrawals by Bulk vs Bottled,1-Bottled,1056,54819743,Wine,FALSE
11,2013,2-Withdrawals,2-Taxable Withdrawals by Bulk vs Bottled,2-Bulk,66,2276872,Wine,FALSE
11,2013,2-Withdrawals,3-Tax Free Withdrawals,1-Low Alcohol %,511,8539032,Wine,FALSE
11,2013,2-Withdrawals,3-Tax Free Withdrawals,2-Medium and High Alcohol %,314,865830,Wine,FALSE
11,2013,2-Withdrawals,3-Tax Free Withdrawals,4-Artificially Carbonated/Sparkling Wine,96,181302,Wine,FALSE
11,2013,2-Withdrawals,3-Tax Free Withdrawals,6-Hard Cider,22,31611,Wine,FALSE
11,2013,2-Withdrawals,3-Tax Free Withdrawals For Export,1-Bottled Exports,133,5280926,Wine,FALSE
11,2013,2-Withdrawals,3-Tax Free Withdrawals For Export,2-Bulk Exports,16,2540314,Wine,FALSE
11,2013,4-Stocks on Hand End-of-Period,4-Stocks on Hand End-of-Period,1-Low Alcohol %,1470,840413466,Wine,FALSE
11,2013,4-Stocks on Hand End-of-Period,4-Stocks on Hand End-of-Period,2-Medium Alcohol %,1260,173617135,Wine,FALSE
11,2013,4-Stocks on Hand End-of-Period,4-Stocks on Hand End-of-Period,3-High Alcohol %,39,389250,Wine,FALSE
11,2013,4-Stocks on Hand End-of-Period,4-Stocks on Hand End-of-Period,4-Artificially Carbonated Wine,73,368998,Wine,FALSE
11,2013,4-Stocks on Hand End-of-Period,4-Stocks on Hand End-of-Period,5-Sparkling Wine,272,17329673,Wine,FALSE
11,2013,4-Stocks on Hand End-of-Period,4-Stocks on Hand End-of-Period,6-Hard Cider,57,1386954,Wine,FALSE
11,2013,4-Stocks on Hand End-of-Period,4-Stocks on Hand End-of-Period by Bulk vs Bottled,1-Bottled,1150,163712401,Wine,FALSE
11,2013,4-Stocks on Hand End-of-Period,4-Stocks on Hand End-of-Period by Bulk vs Bottled,2-Bulk,1503,869793074,Wine,FALSE
12,2013,1-Production,0-Category Total,1-Production,4837,142069679,Wine,FALSE
12,2013,2-Withdrawals,0-Category Total,2-Taxable Withdrawals,4672,61517117,Wine,FALSE
12,2013,2-Withdrawals,0-Category Total,2-Taxable Withdrawals by Bulk vs Bottled,4672,61517117,Wine,FALSE
12,2013,2-Withdrawals,0-Category Total,3-Tax Free Withdrawals,2833,9126823,Wine,FALSE
12,2013,2-Withdrawals,0-Category Total,3-Tax Free Withdrawals For Export,202,7371709,Wine,FALSE
12,2013,4-Stocks on Hand End-of-Period,0-Category Total,4-Stocks on Hand End-of-Period,6004,1130398755,Wine,FALSE
12,2013,4-Stocks on Hand End-of-Period,0-Category Total,4-Stocks on Hand End-of-Period by Bulk vs Bottled,6004,1130398755,Wine,FALSE
12,2013,01-Count of IMs,01-Count of IMs,Number of Industry Members,6606,6606,Wine,FALSE
12,2013,1-Production,1-Production,1-Low Alcohol %,3937,86565844,Wine,FALSE
12,2013,1-Production,1-Production,2-Medium and High Alcohol %,2424,53029849,Wine,FALSE
12,2013,1-Production,1-Production,4-Artificially Carbonated Wine,,,Wine,TRUE
12,2013,1-Production,1-Production,5-Sparkling Wine,,,Wine,TRUE
12,2013,1-Production,1-Production,6-Hard Cider,159,1343659,Wine,FALSE
12,2013,2-Withdrawals,2-Taxable Withdrawals,1-Low Alcohol %,4014,49293161,Wine,FALSE
12,2013,2-Withdrawals,2-Taxable Withdrawals,2-Medium and High Alcohol %,2606,6148724,Wine,FALSE
12,2013,2-Withdrawals,2-Taxable Withdrawals,4-Artificially Carbonated Wine,145,156917,Wine,FALSE
12,2013,2-Withdrawals,2-Taxable Withdrawals,5-Sparkling Wine,381,2614732,Wine,FALSE
12,2013,2-Withdrawals,2-Taxable Withdrawals,6-Hard Cider,173,3303582,Wine,FALSE
12,2013,2-Withdrawals,2-Taxable Withdrawals by Bulk vs Bottled,1-Bottled,4588,59745498,Wine,FALSE
12,2013,2-Withdrawals,2-Taxable Withdrawals by Bulk vs Bottled,2-Bulk,276,1771619,Wine,FALSE
12,2013,2-Withdrawals,3-Tax Free Withdrawals,1-Low Alcohol %,2473,8035686,Wine,FALSE
12,2013,2-Withdrawals,3-Tax Free Withdrawals,2-Medium and High Alcohol %,1333,881011,Wine,FALSE
12,2013,2-Withdrawals,3-Tax Free Withdrawals,4-Artificially Carbonated/Sparkling Wine,215,169790,Wine,FALSE
12,2013,2-Withdrawals,3-Tax Free Withdrawals,6-Hard Cider,88,40335,Wine,FALSE
12,2013,2-Withdrawals,3-Tax Free Withdrawals For Export,1-Bottled Exports,183,4347803,Wine,FALSE
12,2013,2-Withdrawals,3-Tax Free Withdrawals For Export,2-Bulk Exports,28,3023906,Wine,FALSE
12,2013,4-Stocks on Hand End-of-Period,4-Stocks on Hand End-of-Period,1-Low Alcohol %,5153,879033646,Wine,FALSE
12,2013,4-Stocks on Hand End-of-Period,4-Stocks on Hand End-of-Period,2-Medium Alcohol %,3783,232660559,Wine,FALSE
12,2013,4-Stocks on Hand End-of-Period,4-Stocks on Hand End-of-Period,3-High Alcohol %,63,547279,Wine,FALSE
12,2013,4-Stocks on Hand End-of-Period,4-Stocks on Hand End-of-Period,4-Artificially Carbonated Wine,126,289284,Wine,FALSE
12,2013,4-Stocks on Hand End-of-Period,4-Stocks on Hand End-of-Period,5-Sparkling Wine,468,14841720,Wine,FALSE
12,2013,4-Stocks on Hand End-of-Period,4-Stocks on Hand End-of-Period,6-Hard Cider,200,3026267,Wine,FALSE
12,2013,4-Stocks on Hand End-of-Period,4-Stocks on Hand End-of-Period by Bulk vs Bottled,1-Bottled,3836,160151186,Wine,FALSE
12,2013,4-Stocks on Hand End-of-Period,4-Stocks on Hand End-of-Period by Bulk vs Bottled,2-Bulk,5553,970247569,Wine,FALSE
1,2014,1-Production,0-Category Total,1-Production,782,57227835,Wine,FALSE
1,2014,2-Withdrawals,0-Category Total,2-Taxable Withdrawals,1112,49282663,Wine,FALSE
1,2014,2-Withdrawals,0-Category Total,2-Taxable Withdrawals by Bulk vs Bottled,1112,49282663,Wine,FALSE
1,2014,2-Withdrawals,0-Category Total,3-Tax Free Withdrawals,581,10195216,Wine,FALSE
1,2014,2-Withdrawals,0-Category Total,3-Tax Free Withdrawals For Export,122,9101759,Wine,FALSE
1,2014,4-Stocks on Hand End-of-Period,0-Category Total,4-Stocks on Hand End-of-Period,1688,1090572653,Wine,FALSE
1,2014,4-Stocks on Hand End-of-Period,0-Category Total,4-Stocks on Hand End-of-Period by Bulk vs Bottled,1688,1090572653,Wine,FALSE
1,2014,01-Count of IMs,01-Count of IMs,Number of Industry Members,1809,1809,Wine,FALSE
1,2014,1-Production,1-Production,1-Low Alcohol %,648,35126609,Wine,FALSE
1,2014,1-Production,1-Production,2-Medium and High Alcohol %,492,18603980,Wine,FALSE
1,2014,1-Production,1-Production,4-Artificially Carbonated Wine,5,5489,Wine,FALSE
1,2014,1-Production,1-Production,5-Sparkling Wine,18,2173804,Wine,FALSE
1,2014,1-Production,1-Production,6-Hard Cider,23,1317953,Wine,FALSE
1,2014,2-Withdrawals,2-Taxable Withdrawals,1-Low Alcohol %,981,40998814,Wine,FALSE
1,2014,2-Withdrawals,2-Taxable Withdrawals,2-Medium and High Alcohol %,714,3518097,Wine,FALSE
1,2014,2-Withdrawals,2-Taxable Withdrawals,4-Artificially Carbonated Wine,53,56551,Wine,FALSE
1,2014,2-Withdrawals,2-Taxable Withdrawals,5-Sparkling Wine,187,1444182,Wine,FALSE
1,2014,2-Withdrawals,2-Taxable Withdrawals,6-Hard Cider,41,3265019,Wine,FALSE
1,2014,2-Withdrawals,2-Taxable Withdrawals by Bulk vs Bottled,1-Bottled,1098,46540948,Wine,FALSE
1,2014,2-Withdrawals,2-Taxable Withdrawals by Bulk vs Bottled,2-Bulk,57,2741715,Wine,FALSE
1,2014,2-Withdrawals,3-Tax Free Withdrawals,1-Low Alcohol %,517,9469576,Wine,FALSE
1,2014,2-Withdrawals,3-Tax Free Withdrawals,2-Medium and High Alcohol %,318,582936,Wine,FALSE
1,2014,2-Withdrawals,3-Tax Free Withdrawals,4-Artificially Carbonated/Sparkling Wine,90,133691,Wine,FALSE
1,2014,2-Withdrawals,3-Tax Free Withdrawals,6-Hard Cider,22,9012,Wine,FALSE
1,2014,2-Withdrawals,3-Tax Free Withdrawals For Export,1-Bottled Exports,114,4929807,Wine,FALSE
1,2014,2-Withdrawals,3-Tax Free Withdrawals For Export,2-Bulk Exports,17,4171951,Wine,FALSE
1,2014,4-Stocks on Hand End-of-Period,4-Stocks on Hand End-of-Period,1-Low Alcohol %,1498,838385654,Wine,FALSE
1,2014,4-Stocks on Hand End-of-Period,4-Stocks on Hand End-of-Period,2-Medium Alcohol %,1282,232271196,Wine,FALSE
1,2014,4-Stocks on Hand End-of-Period,4-Stocks on Hand End-of-Period,3-High Alcohol %,40,1656921,Wine,FALSE
1,2014,4-Stocks on Hand End-of-Period,4-Stocks on Hand End-of-Period,4-Artificially Carbonated Wine,72,298033,Wine,FALSE
1,2014,4-Stocks on Hand End-of-Period,4-Stocks on Hand End-of-Period,5-Sparkling Wine,271,15103095,Wine,FALSE
1,2014,4-Stocks on Hand End-of-Period,4-Stocks on Hand End-of-Period,6-Hard Cider,51,2857753,Wine,FALSE
1,2014,4-Stocks on Hand End-of-Period,4-Stocks on Hand End-of-Period by Bulk vs Bottled,1-Bottled,1170,155176587,Wine,FALSE
1,2014,4-Stocks on Hand End-of-Period,4-Stocks on Hand End-of-Period by Bulk vs Bottled,2-Bulk,1551,935396067,Wine,FALSE
2,2014,1-Production,0-Category Total,1-Production,680,34945281,Wine,FALSE
2,2014,2-Withdrawals,0-Category Total,2-Taxable Withdrawals,1144,51868771,Wine,FALSE
2,2014,2-Withdrawals,0-Category Total,2-Taxable Withdrawals by Bulk vs Bottled,1144,51868771,Wine,FALSE
2,2014,2-Withdrawals,0-Category Total,3-Tax Free Withdrawals,599,10565655,Wine,FALSE
2,2014,2-Withdrawals,0-Category Total,3-Tax Free Withdrawals For Export,138,9075654,Wine,FALSE
2,2014,4-Stocks on Hand End-of-Period,0-Category Total,4-Stocks on Hand End-of-Period,1676,1060688630,Wine,FALSE
2,2014,4-Stocks on Hand End-of-Period,0-Category Total,4-Stocks on Hand End-of-Period by Bulk vs Bottled,1676,1060688630,Wine,FALSE
2,2014,01-Count of IMs,01-Count of IMs,Number of Industry Members,1783,1783,Wine,FALSE
2,2014,1-Production,1-Production,1-Low Alcohol %,587,21828043,Wine,FALSE
2,2014,1-Production,1-Production,2-Medium and High Alcohol %,417,9091734,Wine,FALSE
2,2014,1-Production,1-Production,4-Artificially Carbonated Wine,5,1755,Wine,FALSE
2,2014,1-Production,1-Production,5-Sparkling Wine,17,1527591,Wine,FALSE
2,2014,1-Production,1-Production,6-Hard Cider,25,2496158,Wine,FALSE
2,2014,2-Withdrawals,2-Taxable Withdrawals,1-Low Alcohol %,976,42711608,Wine,FALSE
2,2014,2-Withdrawals,2-Taxable Withdrawals,2-Medium and High Alcohol %,748,3754945,Wine,FALSE
2,2014,2-Withdrawals,2-Taxable Withdrawals,4-Artificially Carbonated Wine,53,55655,Wine,FALSE
2,2014,2-Withdrawals,2-Taxable Withdrawals,5-Sparkling Wine,185,1192663,Wine,FALSE
2,2014,2-Withdrawals,2-Taxable Withdrawals,6-Hard Cider,48,4153900,Wine,FALSE
2,2014,2-Withdrawals,2-Taxable Withdrawals by Bulk vs Bottled,1-Bottled,1122,48718115,Wine,FALSE
2,2014,2-Withdrawals,2-Taxable Withdrawals by Bulk vs Bottled,2-Bulk,69,3150656,Wine,FALSE
2,2014,2-Withdrawals,3-Tax Free Withdrawals,1-Low Alcohol %,522,8984545,Wine,FALSE
2,2014,2-Withdrawals,3-Tax Free Withdrawals,2-Medium and High Alcohol %,326,1312995,Wine,FALSE
2,2014,2-Withdrawals,3-Tax Free Withdrawals,4-Artificially Carbonated/Sparkling Wine,85,246597,Wine,FALSE
2,2014,2-Withdrawals,3-Tax Free Withdrawals,6-Hard Cider,20,21517,Wine,FALSE
2,2014,2-Withdrawals,3-Tax Free Withdrawals For Export,1-Bottled Exports,123,5040640,Wine,FALSE
2,2014,2-Withdrawals,3-Tax Free Withdrawals For Export,2-Bulk Exports,24,4035014,Wine,FALSE
2,2014,4-Stocks on Hand End-of-Period,4-Stocks on Hand End-of-Period,1-Low Alcohol %,1486,808884814,Wine,FALSE
2,2014,4-Stocks on Hand End-of-Period,4-Stocks on Hand End-of-Period,2-Medium Alcohol %,1278,231784958,Wine,FALSE
2,2014,4-Stocks on Hand End-of-Period,4-Stocks on Hand End-of-Period,3-High Alcohol %,40,806493,Wine,FALSE
2,2014,4-Stocks on Hand End-of-Period,4-Stocks on Hand End-of-Period,4-Artificially Carbonated Wine,72,399133,Wine,FALSE
2,2014,4-Stocks on Hand End-of-Period,4-Stocks on Hand End-of-Period,5-Sparkling Wine,265,15260594,Wine,FALSE
2,2014,4-Stocks on Hand End-of-Period,4-Stocks on Hand End-of-Period,6-Hard Cider,56,3552638,Wine,FALSE
2,2014,4-Stocks on Hand End-of-Period,4-Stocks on Hand End-of-Period by Bulk vs Bottled,1-Bottled,1174,155413855,Wine,FALSE
2,2014,4-Stocks on Hand End-of-Period,4-Stocks on Hand End-of-Period by Bulk vs Bottled,2-Bulk,1537,905274775,Wine,FALSE
3,2014,1-Production,0-Category Total,1-Production,1188,27591127,Wine,FALSE
3,2014,2-Withdrawals,0-Category Total,2-Taxable Withdrawals,2123,57728914,Wine,FALSE
3,2014,2-Withdrawals,0-Category Total,2-Taxable Withdrawals by Bulk vs Bottled,2123,57728914,Wine,FALSE
3,2014,2-Withdrawals,0-Category Total,3-Tax Free Withdrawals,998,10642445,Wine,FALSE
3,2014,2-Withdrawals,0-Category Total,3-Tax Free Withdrawals For Export,176,9390631,Wine,FALSE
3,2014,4-Stocks on Hand End-of-Period,0-Category Total,4-Stocks on Hand End-of-Period,2928,1046630502,Wine,FALSE
3,2014,4-Stocks on Hand End-of-Period,0-Category Total,4-Stocks on Hand End-of-Period by Bulk vs Bottled,2928,1046630502,Wine,FALSE
3,2014,01-Count of IMs,01-Count of IMs,Number of Industry Members,3152,3152,Wine,FALSE
3,2014,1-Production,1-Production,1-Low Alcohol %,988,16819122,Wine,FALSE
3,2014,1-Production,1-Production,2-Medium and High Alcohol %,716,6744736,Wine,FALSE
3,2014,1-Production,1-Production,4-Artificially Carbonated Wine,,,Wine,TRUE
3,2014,1-Production,1-Production,5-Sparkling Wine,,,Wine,TRUE
3,2014,1-Production,1-Production,6-Hard Cider,62,2021651,Wine,FALSE
3,2014,2-Withdrawals,2-Taxable Withdrawals,1-Low Alcohol %,1779,46931360,Wine,FALSE
3,2014,2-Withdrawals,2-Taxable Withdrawals,2-Medium and High Alcohol %,1432,5049317,Wine,FALSE
3,2014,2-Withdrawals,2-Taxable Withdrawals,4-Artificially Carbonated Wine,84,72679,Wine,FALSE
3,2014,2-Withdrawals,2-Taxable Withdrawals,5-Sparkling Wine,268,1250311,Wine,FALSE
3,2014,2-Withdrawals,2-Taxable Withdrawals,6-Hard Cider,79,4425248,Wine,FALSE
3,2014,2-Withdrawals,2-Taxable Withdrawals by Bulk vs Bottled,1-Bottled,2085,54393146,Wine,FALSE
3,2014,2-Withdrawals,2-Taxable Withdrawals by Bulk vs Bottled,2-Bulk,112,3335768,Wine,FALSE
3,2014,2-Withdrawals,3-Tax Free Withdrawals,1-Low Alcohol %,831,9211056,Wine,FALSE
3,2014,2-Withdrawals,3-Tax Free Withdrawals,2-Medium and High Alcohol %,581,1176664,Wine,FALSE
3,2014,2-Withdrawals,3-Tax Free Withdrawals,4-Artificially Carbonated/Sparkling Wine,132,220841,Wine,FALSE
3,2014,2-Withdrawals,3-Tax Free Withdrawals,6-Hard Cider,29,33884,Wine,FALSE
3,2014,2-Withdrawals,3-Tax Free Withdrawals For Export,1-Bottled Exports,160,5449404,Wine,FALSE
3,2014,2-Withdrawals,3-Tax Free Withdrawals For Export,2-Bulk Exports,23,3941227,Wine,FALSE
3,2014,4-Stocks on Hand End-of-Period,4-Stocks on Hand End-of-Period,1-Low Alcohol %,2473,784943243,Wine,FALSE
3,2014,4-Stocks on Hand End-of-Period,4-Stocks on Hand End-of-Period,2-Medium Alcohol %,2250,241093469,Wine,FALSE
3,2014,4-Stocks on Hand End-of-Period,4-Stocks on Hand End-of-Period,3-High Alcohol %,55,874172,Wine,FALSE
3,2014,4-Stocks on Hand End-of-Period,4-Stocks on Hand End-of-Period,4-Artificially Carbonated Wine,94,353116,Wine,FALSE
3,2014,4-Stocks on Hand End-of-Period,4-Stocks on Hand End-of-Period,5-Sparkling Wine,364,15535969,Wine,FALSE
3,2014,4-Stocks on Hand End-of-Period,4-Stocks on Hand End-of-Period,6-Hard Cider,105,3830534,Wine,FALSE
3,2014,4-Stocks on Hand End-of-Period,4-Stocks on Hand End-of-Period by Bulk vs Bottled,1-Bottled,1831,162028476,Wine,FALSE
3,2014,4-Stocks on Hand End-of-Period,4-Stocks on Hand End-of-Period by Bulk vs Bottled,2-Bulk,2717,884602026,Wine,FALSE
4,2014,1-Production,0-Category Total,1-Production,638,20421491,Wine,FALSE
4,2014,2-Withdrawals,0-Category Total,2-Taxable Withdrawals,1158,54782404,Wine,FALSE
4,2014,2-Withdrawals,0-Category Total,2-Taxable Withdrawals by Bulk vs Bottled,1158,54782404,Wine,FALSE
4,2014,2-Withdrawals,0-Category Total,3-Tax Free Withdrawals,608,12568006,Wine,FALSE
4,2014,2-Withdrawals,0-Category Total,3-Tax Free Withdrawals For Export,140,9985772,Wine,FALSE
4,2014,4-Stocks on Hand End-of-Period,0-Category Total,4-Stocks on Hand End-of-Period,1669,979801236,Wine,FALSE
4,2014,4-Stocks on Hand End-of-Period,0-Category Total,4-Stocks on Hand End-of-Period by Bulk vs Bottled,1669,979801236,Wine,FALSE
4,2014,01-Count of IMs,01-Count of IMs,Number of Industry Members,1781,1781,Wine,FALSE
4,2014,1-Production,1-Production,1-Low Alcohol %,580,10368512,Wine,FALSE
4,2014,1-Production,1-Production,2-Medium and High Alcohol %,380,5304278,Wine,FALSE
4,2014,1-Production,1-Production,4-Artificially Carbonated Wine,10,10932,Wine,FALSE
4,2014,1-Production,1-Production,5-Sparkling Wine,28,3394049,Wine,FALSE
4,2014,1-Production,1-Production,6-Hard Cider,29,1343721,Wine,FALSE
4,2014,2-Withdrawals,2-Taxable Withdrawals,1-Low Alcohol %,1003,44701509,Wine,FALSE
4,2014,2-Withdrawals,2-Taxable Withdrawals,2-Medium and High Alcohol %,767,4416859,Wine,FALSE
4,2014,2-Withdrawals,2-Taxable Withdrawals,4-Artificially Carbonated Wine,63,69950,Wine,FALSE
4,2014,2-Withdrawals,2-Taxable Withdrawals,5-Sparkling Wine,192,1626882,Wine,FALSE
4,2014,2-Withdrawals,2-Taxable Withdrawals,6-Hard Cider,44,3967203,Wine,FALSE
4,2014,2-Withdrawals,2-Taxable Withdrawals by Bulk vs Bottled,1-Bottled,1139,50446696,Wine,FALSE
4,2014,2-Withdrawals,2-Taxable Withdrawals by Bulk vs Bottled,2-Bulk,82,4335707,Wine,FALSE
4,2014,2-Withdrawals,3-Tax Free Withdrawals,1-Low Alcohol %,536,10054584,Wine,FALSE
4,2014,2-Withdrawals,3-Tax Free Withdrawals,2-Medium and High Alcohol %,328,2271013,Wine,FALSE
4,2014,2-Withdrawals,3-Tax Free Withdrawals,4-Artificially Carbonated/Sparkling Wine,93,215570,Wine,FALSE
4,2014,2-Withdrawals,3-Tax Free Withdrawals,6-Hard Cider,21,26838,Wine,FALSE
4,2014,2-Withdrawals,3-Tax Free Withdrawals For Export,1-Bottled Exports,130,4973767,Wine,FALSE
4,2014,2-Withdrawals,3-Tax Free Withdrawals For Export,2-Bulk Exports,18,5012005,Wine,FALSE
4,2014,4-Stocks on Hand End-of-Period,4-Stocks on Hand End-of-Period,1-Low Alcohol %,1468,733919161,Wine,FALSE
4,2014,4-Stocks on Hand End-of-Period,4-Stocks on Hand End-of-Period,2-Medium Alcohol %,1275,224505514,Wine,FALSE
4,2014,4-Stocks on Hand End-of-Period,4-Stocks on Hand End-of-Period,3-High Alcohol %,41,737834,Wine,FALSE
4,2014,4-Stocks on Hand End-of-Period,4-Stocks on Hand End-of-Period,4-Artificially Carbonated Wine,77,361075,Wine,FALSE
4,2014,4-Stocks on Hand End-of-Period,4-Stocks on Hand End-of-Period,5-Sparkling Wine,269,16898428,Wine,FALSE
4,2014,4-Stocks on Hand End-of-Period,4-Stocks on Hand End-of-Period,6-Hard Cider,54,3379223,Wine,FALSE
4,2014,4-Stocks on Hand End-of-Period,4-Stocks on Hand End-of-Period by Bulk vs Bottled,1-Bottled,1165,165156718,Wine,FALSE
4,2014,4-Stocks on Hand End-of-Period,4-Stocks on Hand End-of-Period by Bulk vs Bottled,2-Bulk,1525,814644518,Wine,FALSE
5,2014,1-Production,0-Category Total,1-Production,656,16890940,Wine,FALSE
5,2014,2-Withdrawals,0-Category Total,2-Taxable Withdrawals,1169,56976236,Wine,FALSE
5,2014,2-Withdrawals,0-Category Total,2-Taxable Withdrawals by Bulk vs Bottled,1169,56976236,Wine,FALSE
5,2014,2-Withdrawals,0-Category Total,3-Tax Free Withdrawals,614,11687861,Wine,FALSE
5,2014,2-Withdrawals,0-Category Total,3-Tax Free Withdrawals For Export,151,10546791,Wine,FALSE
5,2014,4-Stocks on Hand End-of-Period,0-Category Total,4-Stocks on Hand End-of-Period,1668,931571778,Wine,FALSE
5,2014,4-Stocks on Hand End-of-Period,0-Category Total,4-Stocks on Hand End-of-Period by Bulk vs Bottled,1668,931571778,Wine,FALSE
5,2014,01-Count of IMs,01-Count of IMs,Number of Industry Members,1788,1788,Wine,FALSE
5,2014,1-Production,1-Production,1-Low Alcohol %,594,11427021,Wine,FALSE
5,2014,1-Production,1-Production,2-Medium and High Alcohol %,397,1594709,Wine,FALSE
5,2014,1-Production,1-Production,4-Artificially Carbonated Wine,12,6063,Wine,FALSE
5,2014,1-Production,1-Production,5-Sparkling Wine,31,2442124,Wine,FALSE
5,2014,1-Production,1-Production,6-Hard Cider,26,1421022,Wine,FALSE
5,2014,2-Withdrawals,2-Taxable Withdrawals,1-Low Alcohol %,1005,47079604,Wine,FALSE
5,2014,2-Withdrawals,2-Taxable Withdrawals,2-Medium and High Alcohol %,747,4038205,Wine,FALSE
5,2014,2-Withdrawals,2-Taxable Withdrawals,4-Artificially Carbonated Wine,62,70873,Wine,FALSE
5,2014,2-Withdrawals,2-Taxable Withdrawals,5-Sparkling Wine,195,1722246,Wine,FALSE
5,2014,2-Withdrawals,2-Taxable Withdrawals,6-Hard Cider,46,4065309,Wine,FALSE
5,2014,2-Withdrawals,2-Taxable Withdrawals by Bulk vs Bottled,1-Bottled,1145,53142362,Wine,FALSE
5,2014,2-Withdrawals,2-Taxable Withdrawals by Bulk vs Bottled,2-Bulk,82,3833873,Wine,FALSE
5,2014,2-Withdrawals,3-Tax Free Withdrawals,1-Low Alcohol %,530,10635269,Wine,FALSE
5,2014,2-Withdrawals,3-Tax Free Withdrawals,2-Medium and High Alcohol %,334,767289,Wine,FALSE
5,2014,2-Withdrawals,3-Tax Free Withdrawals,4-Artificially Carbonated/Sparkling Wine,97,238125,Wine,FALSE
5,2014,2-Withdrawals,3-Tax Free Withdrawals,6-Hard Cider,24,47178,Wine,FALSE
5,2014,2-Withdrawals,3-Tax Free Withdrawals For Export,1-Bottled Exports,135,5392851,Wine,FALSE
5,2014,2-Withdrawals,3-Tax Free Withdrawals For Export,2-Bulk Exports,24,5153940,Wine,FALSE
5,2014,4-Stocks on Hand End-of-Period,4-Stocks on Hand End-of-Period,1-Low Alcohol %,1461,700371573,Wine,FALSE
5,2014,4-Stocks on Hand End-of-Period,4-Stocks on Hand End-of-Period,2-Medium Alcohol %,1274,209275268,Wine,FALSE
5,2014,4-Stocks on Hand End-of-Period,4-Stocks on Hand End-of-Period,3-High Alcohol %,35,795297,Wine,FALSE
5,2014,4-Stocks on Hand End-of-Period,4-Stocks on Hand End-of-Period,4-Artificially Carbonated Wine,74,361882,Wine,FALSE
5,2014,4-Stocks on Hand End-of-Period,4-Stocks on Hand End-of-Period,5-Sparkling Wine,270,17456535,Wine,FALSE
5,2014,4-Stocks on Hand End-of-Period,4-Stocks on Hand End-of-Period,6-Hard Cider,62,3311222,Wine,FALSE
5,2014,4-Stocks on Hand End-of-Period,4-Stocks on Hand End-of-Period by Bulk vs Bottled,1-Bottled,1174,170601300,Wine,FALSE
5,2014,4-Stocks on Hand End-of-Period,4-Stocks on Hand End-of-Period by Bulk vs Bottled,2-Bulk,1522,760970478,Wine,FALSE
6,2014,1-Production,0-Category Total,1-Production,1022,14122066,Wine,FALSE
6,2014,2-Withdrawals,0-Category Total,2-Taxable Withdrawals,2131,58898532,Wine,FALSE
6,2014,2-Withdrawals,0-Category Total,2-Taxable Withdrawals by Bulk vs Bottled,2131,58898532,Wine,FALSE
6,2014,2-Withdrawals,0-Category Total,3-Tax Free Withdrawals,983,12697023,Wine,FALSE
6,2014,2-Withdrawals,0-Category Total,3-Tax Free Withdrawals For Export,167,11836021,Wine,FALSE
6,2014,4-Stocks on Hand End-of-Period,0-Category Total,4-Stocks on Hand End-of-Period,2890,895661719,Wine,FALSE
6,2014,4-Stocks on Hand End-of-Period,0-Category Total,4-Stocks on Hand End-of-Period by Bulk vs Bottled,2890,895661719,Wine,FALSE
6,2014,01-Count of IMs,01-Count of IMs,Number of Industry Members,3146,3146,Wine,FALSE
6,2014,1-Production,1-Production,1-Low Alcohol %,902,11944139,Wine,FALSE
6,2014,1-Production,1-Production,2-Medium and High Alcohol %,588,-2326691,Wine,FALSE
6,2014,1-Production,1-Production,4-Artificially Carbonated Wine,10,5661,Wine,FALSE
6,2014,1-Production,1-Production,5-Sparkling Wine,48,3137457,Wine,FALSE
6,2014,1-Production,1-Production,6-Hard Cider,68,1361501,Wine,FALSE
6,2014,2-Withdrawals,2-Taxable Withdrawals,1-Low Alcohol %,1763,46687127,Wine,FALSE
6,2014,2-Withdrawals,2-Taxable Withdrawals,2-Medium and High Alcohol %,1454,5322243,Wine,FALSE
6,2014,2-Withdrawals,2-Taxable Withdrawals,4-Artificially Carbonated Wine,98,90246,Wine,FALSE
6,2014,2-Withdrawals,2-Taxable Withdrawals,5-Sparkling Wine,280,1751164,Wine,FALSE
6,2014,2-Withdrawals,2-Taxable Withdrawals,6-Hard Cider,93,5047752,Wine,FALSE
6,2014,2-Withdrawals,2-Taxable Withdrawals by Bulk vs Bottled,1-Bottled,2090,55128451,Wine,FALSE
6,2014,2-Withdrawals,2-Taxable Withdrawals by Bulk vs Bottled,2-Bulk,123,3770081,Wine,FALSE
6,2014,2-Withdrawals,3-Tax Free Withdrawals,1-Low Alcohol %,828,11504315,Wine,FALSE
6,2014,2-Withdrawals,3-Tax Free Withdrawals,2-Medium and High Alcohol %,568,833504,Wine,FALSE
6,2014,2-Withdrawals,3-Tax Free Withdrawals,4-Artificially Carbonated/Sparkling Wine,127,281975,Wine,FALSE
6,2014,2-Withdrawals,3-Tax Free Withdrawals,6-Hard Cider,35,77230,Wine,FALSE
6,2014,2-Withdrawals,3-Tax Free Withdrawals For Export,1-Bottled Exports,155,6701301,Wine,FALSE
6,2014,2-Withdrawals,3-Tax Free Withdrawals For Export,2-Bulk Exports,22,5134720,Wine,FALSE
6,2014,4-Stocks on Hand End-of-Period,4-Stocks on Hand End-of-Period,1-Low Alcohol %,2408,668585081,Wine,FALSE
6,2014,4-Stocks on Hand End-of-Period,4-Stocks on Hand End-of-Period,2-Medium Alcohol %,2226,203588978,Wine,FALSE
6,2014,4-Stocks on Hand End-of-Period,4-Stocks on Hand End-of-Period,3-High Alcohol %,53,782535,Wine,FALSE
6,2014,4-Stocks on Hand End-of-Period,4-Stocks on Hand End-of-Period,4-Artificially Carbonated Wine,94,396934,Wine,FALSE
6,2014,4-Stocks on Hand End-of-Period,4-Stocks on Hand End-of-Period,5-Sparkling Wine,355,18425488,Wine,FALSE
6,2014,4-Stocks on Hand End-of-Period,4-Stocks on Hand End-of-Period,6-Hard Cider,109,3882703,Wine,FALSE
6,2014,4-Stocks on Hand End-of-Period,4-Stocks on Hand End-of-Period by Bulk vs Bottled,1-Bottled,1831,178156483,Wine,FALSE
6,2014,4-Stocks on Hand End-of-Period,4-Stocks on Hand End-of-Period by Bulk vs Bottled,2-Bulk,2673,717505236,Wine,FALSE
7,2014,1-Production,0-Category Total,1-Production,631,13489420,Wine,FALSE
7,2014,2-Withdrawals,0-Category Total,2-Taxable Withdrawals,1179,52142529,Wine,FALSE
7,2014,2-Withdrawals,0-Category Total,2-Taxable Withdrawals by Bulk vs Bottled,1179,52142529,Wine,FALSE
7,2014,2-Withdrawals,0-Category Total,3-Tax Free Withdrawals,614,8003962,Wine,FALSE
7,2014,2-Withdrawals,0-Category Total,3-Tax Free Withdrawals For Export,134,6570300,Wine,FALSE
7,2014,4-Stocks on Hand End-of-Period,0-Category Total,4-Stocks on Hand End-of-Period,1666,829429966,Wine,FALSE
7,2014,4-Stocks on Hand End-of-Period,0-Category Total,4-Stocks on Hand End-of-Period by Bulk vs Bottled,1666,829429966,Wine,FALSE
7,2014,01-Count of IMs,01-Count of IMs,Number of Industry Members,1799,1799,Wine,FALSE
7,2014,1-Production,1-Production,1-Low Alcohol %,573,11414186,Wine,FALSE
7,2014,1-Production,1-Production,2-Medium and High Alcohol %,384,-1932642,Wine,FALSE
7,2014,1-Production,1-Production,4-Artificially Carbonated Wine,7,9492,Wine,FALSE
7,2014,1-Production,1-Production,5-Sparkling Wine,32,2980652,Wine,FALSE
7,2014,1-Production,1-Production,6-Hard Cider,29,1017731,Wine,FALSE
7,2014,2-Withdrawals,2-Taxable Withdrawals,1-Low Alcohol %,991,41340164,Wine,FALSE
7,2014,2-Withdrawals,2-Taxable Withdrawals,2-Medium and High Alcohol %,776,4157417,Wine,FALSE
7,2014,2-Withdrawals,2-Taxable Withdrawals,4-Artificially Carbonated Wine,69,61930,Wine,FALSE
7,2014,2-Withdrawals,2-Taxable Withdrawals,5-Sparkling Wine,195,1542278,Wine,FALSE
7,2014,2-Withdrawals,2-Taxable Withdrawals,6-Hard Cider,48,5040740,Wine,FALSE
7,2014,2-Withdrawals,2-Taxable Withdrawals by Bulk vs Bottled,1-Bottled,1160,48658042,Wine,FALSE
7,2014,2-Withdrawals,2-Taxable Withdrawals by Bulk vs Bottled,2-Bulk,78,3484487,Wine,FALSE
7,2014,2-Withdrawals,3-Tax Free Withdrawals,1-Low Alcohol %,527,6894060,Wine,FALSE
7,2014,2-Withdrawals,3-Tax Free Withdrawals,2-Medium and High Alcohol %,346,684416,Wine,FALSE
7,2014,2-Withdrawals,3-Tax Free Withdrawals,4-Artificially Carbonated/Sparkling Wine,88,270761,Wine,FALSE
7,2014,2-Withdrawals,3-Tax Free Withdrawals,6-Hard Cider,25,154725,Wine,FALSE
7,2014,2-Withdrawals,3-Tax Free Withdrawals For Export,1-Bottled Exports,126,4318553,Wine,FALSE
7,2014,2-Withdrawals,3-Tax Free Withdrawals For Export,2-Bulk Exports,19,2251747,Wine,FALSE
7,2014,4-Stocks on Hand End-of-Period,4-Stocks on Hand End-of-Period,1-Low Alcohol %,1441,621851828,Wine,FALSE
7,2014,4-Stocks on Hand End-of-Period,4-Stocks on Hand End-of-Period,2-Medium Alcohol %,1279,182761103,Wine,FALSE
7,2014,4-Stocks on Hand End-of-Period,4-Stocks on Hand End-of-Period,3-High Alcohol %,38,551881,Wine,FALSE
7,2014,4-Stocks on Hand End-of-Period,4-Stocks on Hand End-of-Period,4-Artificially Carbonated Wine,76,416686,Wine,FALSE
7,2014,4-Stocks on Hand End-of-Period,4-Stocks on Hand End-of-Period,5-Sparkling Wine,279,20590850,Wine,FALSE
7,2014,4-Stocks on Hand End-of-Period,4-Stocks on Hand End-of-Period,6-Hard Cider,64,3257619,Wine,FALSE
7,2014,4-Stocks on Hand End-of-Period,4-Stocks on Hand End-of-Period by Bulk vs Bottled,1-Bottled,1191,188255910,Wine,FALSE
7,2014,4-Stocks on Hand End-of-Period,4-Stocks on Hand End-of-Period by Bulk vs Bottled,2-Bulk,1516,641174057,Wine,FALSE
8,2014,1-Production,0-Category Total,1-Production,645,76461630,Wine,FALSE
8,2014,2-Withdrawals,0-Category Total,2-Taxable Withdrawals,1155,51934660,Wine,FALSE
8,2014,2-Withdrawals,0-Category Total,2-Taxable Withdrawals by Bulk vs Bottled,1155,51934660,Wine,FALSE
8,2014,2-Withdrawals,0-Category Total,3-Tax Free Withdrawals,620,11366884,Wine,FALSE
8,2014,2-Withdrawals,0-Category Total,3-Tax Free Withdrawals For Export,147,8810666,Wine,FALSE
8,2014,4-Stocks on Hand End-of-Period,0-Category Total,4-Stocks on Hand End-of-Period,1647,839441512,Wine,FALSE
8,2014,4-Stocks on Hand End-of-Period,0-Category Total,4-Stocks on Hand End-of-Period by Bulk vs Bottled,1647,839441512,Wine,FALSE
8,2014,01-Count of IMs,01-Count of IMs,Number of Industry Members,1790,1790,Wine,FALSE
8,2014,1-Production,1-Production,1-Low Alcohol %,581,60191513,Wine,FALSE
8,2014,1-Production,1-Production,2-Medium and High Alcohol %,363,12200133,Wine,FALSE
8,2014,1-Production,1-Production,4-Artificially Carbonated Wine,10,8742,Wine,FALSE
8,2014,1-Production,1-Production,5-Sparkling Wine,30,2965809,Wine,FALSE
8,2014,1-Production,1-Production,6-Hard Cider,24,1095433,Wine,FALSE
8,2014,2-Withdrawals,2-Taxable Withdrawals,1-Low Alcohol %,966,40684245,Wine,FALSE
8,2014,2-Withdrawals,2-Taxable Withdrawals,2-Medium and High Alcohol %,779,4577807,Wine,FALSE
8,2014,2-Withdrawals,2-Taxable Withdrawals,4-Artificially Carbonated Wine,63,60987,Wine,FALSE
8,2014,2-Withdrawals,2-Taxable Withdrawals,5-Sparkling Wine,184,1684543,Wine,FALSE
8,2014,2-Withdrawals,2-Taxable Withdrawals,6-Hard Cider,53,4927078,Wine,FALSE
8,2014,2-Withdrawals,2-Taxable Withdrawals by Bulk vs Bottled,1-Bottled,1137,48442177,Wine,FALSE
8,2014,2-Withdrawals,2-Taxable Withdrawals by Bulk vs Bottled,2-Bulk,61,3492483,Wine,FALSE
8,2014,2-Withdrawals,3-Tax Free Withdrawals,1-Low Alcohol %,524,8696379,Wine,FALSE
8,2014,2-Withdrawals,3-Tax Free Withdrawals,2-Medium and High Alcohol %,347,2070022,Wine,FALSE
8,2014,2-Withdrawals,3-Tax Free Withdrawals,4-Artificially Carbonated/Sparkling Wine,92,308311,Wine,FALSE
8,2014,2-Withdrawals,3-Tax Free Withdrawals,6-Hard Cider,25,292171,Wine,FALSE
8,2014,2-Withdrawals,3-Tax Free Withdrawals For Export,1-Bottled Exports,134,5436024,Wine,FALSE
8,2014,2-Withdrawals,3-Tax Free Withdrawals For Export,2-Bulk Exports,23,3374642,Wine,FALSE
8,2014,4-Stocks on Hand End-of-Period,4-Stocks on Hand End-of-Period,1-Low Alcohol %,1423,630675556,Wine,FALSE
8,2014,4-Stocks on Hand End-of-Period,4-Stocks on Hand End-of-Period,2-Medium Alcohol %,1261,178577354,Wine,FALSE
8,2014,4-Stocks on Hand End-of-Period,4-Stocks on Hand End-of-Period,3-High Alcohol %,,,Wine,TRUE
8,2014,4-Stocks on Hand End-of-Period,4-Stocks on Hand End-of-Period,4-Artificially Carbonated Wine,75,509849,Wine,FALSE
8,2014,4-Stocks on Hand End-of-Period,4-Stocks on Hand End-of-Period,5-Sparkling Wine,278,21265475,Wine,FALSE
8,2014,4-Stocks on Hand End-of-Period,4-Stocks on Hand End-of-Period,6-Hard Cider,,,Wine,TRUE
8,2014,4-Stocks on Hand End-of-Period,4-Stocks on Hand End-of-Period by Bulk vs Bottled,1-Bottled,1180,196068326,Wine,FALSE
8,2014,4-Stocks on Hand End-of-Period,4-Stocks on Hand End-of-Period by Bulk vs Bottled,2-Bulk,1491,643373185,Wine,FALSE
9,2014,1-Production,0-Category Total,1-Production,1228,173918579,Wine,FALSE
9,2014,2-Withdrawals,0-Category Total,2-Taxable Withdrawals,2097,60704477,Wine,FALSE
9,2014,2-Withdrawals,0-Category Total,2-Taxable Withdrawals by Bulk vs Bottled,2097,60704477,Wine,FALSE
9,2014,2-Withdrawals,0-Category Total,3-Tax Free Withdrawals,956,10910742,Wine,FALSE
9,2014,2-Withdrawals,0-Category Total,3-Tax Free Withdrawals For Export,170,9466114,Wine,FALSE
9,2014,4-Stocks on Hand End-of-Period,0-Category Total,4-Stocks on Hand End-of-Period,2868,952443267,Wine,FALSE
9,2014,4-Stocks on Hand End-of-Period,0-Category Total,4-Stocks on Hand End-of-Period by Bulk vs Bottled,2868,952443267,Wine,FALSE
9,2014,01-Count of IMs,01-Count of IMs,Number of Industry Members,3147,3147,Wine,FALSE
9,2014,1-Production,1-Production,1-Low Alcohol %,1050,159020898,Wine,FALSE
9,2014,1-Production,1-Production,2-Medium and High Alcohol %,635,10503136,Wine,FALSE
9,2014,1-Production,1-Production,4-Artificially Carbonated Wine,,,Wine,TRUE
9,2014,1-Production,1-Production,5-Sparkling Wine,47,2542506,Wine,FALSE
9,2014,1-Production,1-Production,6-Hard Cider,,,Wine,TRUE
9,2014,2-Withdrawals,2-Taxable Withdrawals,1-Low Alcohol %,1712,46374557,Wine,FALSE
9,2014,2-Withdrawals,2-Taxable Withdrawals,2-Medium and High Alcohol %,1431,6260708,Wine,FALSE
9,2014,2-Withdrawals,2-Taxable Withdrawals,4-Artificially Carbonated Wine,95,88033,Wine,FALSE
9,2014,2-Withdrawals,2-Taxable Withdrawals,5-Sparkling Wine,277,2369076,Wine,FALSE
9,2014,2-Withdrawals,2-Taxable Withdrawals,6-Hard Cider,97,5612103,Wine,FALSE
9,2014,2-Withdrawals,2-Taxable Withdrawals by Bulk vs Bottled,1-Bottled,2060,58995414,Wine,FALSE
9,2014,2-Withdrawals,2-Taxable Withdrawals by Bulk vs Bottled,2-Bulk,110,1709063,Wine,FALSE
9,2014,2-Withdrawals,3-Tax Free Withdrawals,1-Low Alcohol %,809,9659436,Wine,FALSE
9,2014,2-Withdrawals,3-Tax Free Withdrawals,2-Medium and High Alcohol %,557,919244,Wine,FALSE
9,2014,2-Withdrawals,3-Tax Free Withdrawals,4-Artificially Carbonated/Sparkling Wine,135,284971,Wine,FALSE
9,2014,2-Withdrawals,3-Tax Free Withdrawals,6-Hard Cider,42,47091,Wine,FALSE
9,2014,2-Withdrawals,3-Tax Free Withdrawals For Export,1-Bottled Exports,156,6064673,Wine,FALSE
9,2014,2-Withdrawals,3-Tax Free Withdrawals For Export,2-Bulk Exports,22,3401441,Wine,FALSE
9,2014,4-Stocks on Hand End-of-Period,4-Stocks on Hand End-of-Period,1-Low Alcohol %,2368,739698227,Wine,FALSE
9,2014,4-Stocks on Hand End-of-Period,4-Stocks on Hand End-of-Period,2-Medium Alcohol %,2203,185286721,Wine,FALSE
9,2014,4-Stocks on Hand End-of-Period,4-Stocks on Hand End-of-Period,3-High Alcohol %,56,2424582,Wine,FALSE
9,2014,4-Stocks on Hand End-of-Period,4-Stocks on Hand End-of-Period,4-Artificially Carbonated Wine,100,612697,Wine,FALSE
9,2014,4-Stocks on Hand End-of-Period,4-Stocks on Hand End-of-Period,5-Sparkling Wine,368,20903924,Wine,FALSE
9,2014,4-Stocks on Hand End-of-Period,4-Stocks on Hand End-of-Period,6-Hard Cider,117,3517115,Wine,FALSE
9,2014,4-Stocks on Hand End-of-Period,4-Stocks on Hand End-of-Period by Bulk vs Bottled,1-Bottled,1850,203288269,Wine,FALSE
9,2014,4-Stocks on Hand End-of-Period,4-Stocks on Hand End-of-Period by Bulk vs Bottled,2-Bulk,2637,749154998,Wine,FALSE
10,2014,1-Production,0-Category Total,1-Production,867,193187931,Wine,FALSE
10,2014,2-Withdrawals,0-Category Total,2-Taxable Withdrawals,1047,63418257,Wine,FALSE
10,2014,2-Withdrawals,0-Category Total,2-Taxable Withdrawals by Bulk vs Bottled,1047,63418257,Wine,FALSE
10,2014,2-Withdrawals,0-Category Total,3-Tax Free Withdrawals,590,12021004,Wine,FALSE
10,2014,2-Withdrawals,0-Category Total,3-Tax Free Withdrawals For Export,149,10266752,Wine,FALSE
10,2014,4-Stocks on Hand End-of-Period,0-Category Total,4-Stocks on Hand End-of-Period,1672,1046317803,Wine,FALSE
10,2014,4-Stocks on Hand End-of-Period,0-Category Total,4-Stocks on Hand End-of-Period by Bulk vs Bottled,1672,1046317803,Wine,FALSE
10,2014,01-Count of IMs,01-Count of IMs,Number of Industry Members,1806,1806,Wine,FALSE
10,2014,1-Production,1-Production,1-Low Alcohol %,724,165934025,Wine,FALSE
10,2014,1-Production,1-Production,2-Medium and High Alcohol %,464,23353120,Wine,FALSE
10,2014,1-Production,1-Production,4-Artificially Carbonated Wine,10,10602,Wine,FALSE
10,2014,1-Production,1-Production,5-Sparkling Wine,25,2717208,Wine,FALSE
10,2014,1-Production,1-Production,6-Hard Cider,35,1172976,Wine,FALSE
10,2014,2-Withdrawals,2-Taxable Withdrawals,1-Low Alcohol %,911,50704391,Wine,FALSE
10,2014,2-Withdrawals,2-Taxable Withdrawals,2-Medium and High Alcohol %,678,5035601,Wine,FALSE
10,2014,2-Withdrawals,2-Taxable Withdrawals,4-Artificially Carbonated Wine,62,90595,Wine,FALSE
10,2014,2-Withdrawals,2-Taxable Withdrawals,5-Sparkling Wine,194,2905837,Wine,FALSE
10,2014,2-Withdrawals,2-Taxable Withdrawals,6-Hard Cider,50,4681832,Wine,FALSE
10,2014,2-Withdrawals,2-Taxable Withdrawals by Bulk vs Bottled,1-Bottled,1028,60442037,Wine,FALSE
10,2014,2-Withdrawals,2-Taxable Withdrawals by Bulk vs Bottled,2-Bulk,63,2976219,Wine,FALSE
10,2014,2-Withdrawals,3-Tax Free Withdrawals,1-Low Alcohol %,510,10895511,Wine,FALSE
10,2014,2-Withdrawals,3-Tax Free Withdrawals,2-Medium and High Alcohol %,324,855041,Wine,FALSE
10,2014,2-Withdrawals,3-Tax Free Withdrawals,4-Artificially Carbonated/Sparkling Wine,102,223117,Wine,FALSE
10,2014,2-Withdrawals,3-Tax Free Withdrawals,6-Hard Cider,26,47334,Wine,FALSE
10,2014,2-Withdrawals,3-Tax Free Withdrawals For Export,1-Bottled Exports,140,6110142,Wine,FALSE
10,2014,2-Withdrawals,3-Tax Free Withdrawals For Export,2-Bulk Exports,20,4156610,Wine,FALSE
10,2014,4-Stocks on Hand End-of-Period,4-Stocks on Hand End-of-Period,1-Low Alcohol %,1452,822393649,Wine,FALSE
10,2014,4-Stocks on Hand End-of-Period,4-Stocks on Hand End-of-Period,2-Medium Alcohol %,1267,200014495,Wine,FALSE
10,2014,4-Stocks on Hand End-of-Period,4-Stocks on Hand End-of-Period,3-High Alcohol %,41,779730,Wine,FALSE
10,2014,4-Stocks on Hand End-of-Period,4-Stocks on Hand End-of-Period,4-Artificially Carbonated Wine,75,448350,Wine,FALSE
10,2014,4-Stocks on Hand End-of-Period,4-Stocks on Hand End-of-Period,5-Sparkling Wine,271,20461761,Wine,FALSE
10,2014,4-Stocks on Hand End-of-Period,4-Stocks on Hand End-of-Period,6-Hard Cider,69,2219818,Wine,FALSE
10,2014,4-Stocks on Hand End-of-Period,4-Stocks on Hand End-of-Period by Bulk vs Bottled,1-Bottled,1150,188027455,Wine,FALSE
10,2014,4-Stocks on Hand End-of-Period,4-Stocks on Hand End-of-Period by Bulk vs Bottled,2-Bulk,1513,858290348,Wine,FALSE
11,2014,1-Production,0-Category Total,1-Production,840,99171640,Wine,FALSE
11,2014,2-Withdrawals,0-Category Total,2-Taxable Withdrawals,1085,55614457,Wine,FALSE
11,2014,2-Withdrawals,0-Category Total,2-Taxable Withdrawals by Bulk vs Bottled,1085,55614457,Wine,FALSE
11,2014,2-Withdrawals,0-Category Total,3-Tax Free Withdrawals,574,7449718,Wine,FALSE
11,2014,2-Withdrawals,0-Category Total,3-Tax Free Withdrawals For Export,144,6408714,Wine,FALSE
11,2014,4-Stocks on Hand End-of-Period,0-Category Total,4-Stocks on Hand End-of-Period,1670,1083227048,Wine,FALSE
11,2014,4-Stocks on Hand End-of-Period,0-Category Total,4-Stocks on Hand End-of-Period by Bulk vs Bottled,1670,1083227048,Wine,FALSE
11,2014,01-Count of IMs,01-Count of IMs,Number of Industry Members,1795,1795,Wine,FALSE
11,2014,1-Production,1-Production,1-Low Alcohol %,719,67081790,Wine,FALSE
11,2014,1-Production,1-Production,2-Medium and High Alcohol %,453,29023941,Wine,FALSE
11,2014,1-Production,1-Production,4-Artificially Carbonated Wine,7,7946,Wine,FALSE
11,2014,1-Production,1-Production,5-Sparkling Wine,22,2197331,Wine,FALSE
11,2014,1-Production,1-Production,6-Hard Cider,32,860633,Wine,FALSE
11,2014,2-Withdrawals,2-Taxable Withdrawals,1-Low Alcohol %,926,43955403,Wine,FALSE
11,2014,2-Withdrawals,2-Taxable Withdrawals,2-Medium and High Alcohol %,704,4320871,Wine,FALSE
11,2014,2-Withdrawals,2-Taxable Withdrawals,4-Artificially Carbonated Wine,63,107891,Wine,FALSE
11,2014,2-Withdrawals,2-Taxable Withdrawals,5-Sparkling Wine,197,3205387,Wine,FALSE
11,2014,2-Withdrawals,2-Taxable Withdrawals,6-Hard Cider,57,4024905,Wine,FALSE
11,2014,2-Withdrawals,2-Taxable Withdrawals by Bulk vs Bottled,1-Bottled,1059,53672409,Wine,FALSE
11,2014,2-Withdrawals,2-Taxable Withdrawals by Bulk vs Bottled,2-Bulk,73,1942048,Wine,FALSE
11,2014,2-Withdrawals,3-Tax Free Withdrawals,1-Low Alcohol %,499,6402391,Wine,FALSE
11,2014,2-Withdrawals,3-Tax Free Withdrawals,2-Medium and High Alcohol %,302,746182,Wine,FALSE
11,2014,2-Withdrawals,3-Tax Free Withdrawals,4-Artificially Carbonated/Sparkling Wine,88,250043,Wine,FALSE
11,2014,2-Withdrawals,3-Tax Free Withdrawals,6-Hard Cider,27,51102,Wine,FALSE
11,2014,2-Withdrawals,3-Tax Free Withdrawals For Export,1-Bottled Exports,130,4564737,Wine,FALSE
11,2014,2-Withdrawals,3-Tax Free Withdrawals For Export,2-Bulk Exports,20,1843977,Wine,FALSE
11,2014,4-Stocks on Hand End-of-Period,4-Stocks on Hand End-of-Period,1-Low Alcohol %,1466,834597508,Wine,FALSE
11,2014,4-Stocks on Hand End-of-Period,4-Stocks on Hand End-of-Period,2-Medium Alcohol %,1266,225776173,Wine,FALSE
11,2014,4-Stocks on Hand End-of-Period,4-Stocks on Hand End-of-Period,3-High Alcohol %,42,451774,Wine,FALSE
11,2014,4-Stocks on Hand End-of-Period,4-Stocks on Hand End-of-Period,4-Artificially Carbonated Wine,73,405222,Wine,FALSE
11,2014,4-Stocks on Hand End-of-Period,4-Stocks on Hand End-of-Period,5-Sparkling Wine,270,19096964,Wine,FALSE
11,2014,4-Stocks on Hand End-of-Period,4-Stocks on Hand End-of-Period,6-Hard Cider,68,2899408,Wine,FALSE
11,2014,4-Stocks on Hand End-of-Period,4-Stocks on Hand End-of-Period by Bulk vs Bottled,1-Bottled,1144,179836381,Wine,FALSE
11,2014,4-Stocks on Hand End-of-Period,4-Stocks on Hand End-of-Period by Bulk vs Bottled,2-Bulk,1520,903390667,Wine,FALSE
12,2014,1-Production,0-Category Total,1-Production,5087,154614757,Wine,FALSE
12,2014,2-Withdrawals,0-Category Total,2-Taxable Withdrawals,4863,70392703,Wine,FALSE
12,2014,2-Withdrawals,0-Category Total,2-Taxable Withdrawals by Bulk vs Bottled,4863,70392703,Wine,FALSE
12,2014,2-Withdrawals,0-Category Total,3-Tax Free Withdrawals,2981,8772721,Wine,FALSE
12,2014,2-Withdrawals,0-Category Total,3-Tax Free Withdrawals For Export,220,7196499,Wine,FALSE
12,2014,4-Stocks on Hand End-of-Period,0-Category Total,4-Stocks on Hand End-of-Period,6259,1189006213,Wine,FALSE
12,2014,4-Stocks on Hand End-of-Period,0-Category Total,4-Stocks on Hand End-of-Period by Bulk vs Bottled,6259,1189006213,Wine,FALSE
12,2014,01-Count of IMs,01-Count of IMs,Number of Industry Members,7007,7007,Wine,FALSE
12,2014,1-Production,1-Production,1-Low Alcohol %,4043,89326312,Wine,FALSE
12,2014,1-Production,1-Production,2-Medium and High Alcohol %,2607,60747649,Wine,FALSE
12,2014,1-Production,1-Production,4-Artificially Carbonated Wine,45,68962,Wine,FALSE
12,2014,1-Production,1-Production,5-Sparkling Wine,,,Wine,TRUE
12,2014,1-Production,1-Production,6-Hard Cider,,,Wine,TRUE
12,2014,2-Withdrawals,2-Taxable Withdrawals,1-Low Alcohol %,4137,54314169,Wine,FALSE
12,2014,2-Withdrawals,2-Taxable Withdrawals,2-Medium and High Alcohol %,2713,7355237,Wine,FALSE
12,2014,2-Withdrawals,2-Taxable Withdrawals,4-Artificially Carbonated Wine,155,189727,Wine,FALSE
12,2014,2-Withdrawals,2-Taxable Withdrawals,5-Sparkling Wine,423,3395966,Wine,FALSE
12,2014,2-Withdrawals,2-Taxable Withdrawals,6-Hard Cider,258,5137604,Wine,FALSE
12,2014,2-Withdrawals,2-Taxable Withdrawals by Bulk vs Bottled,1-Bottled,4771,67248226,Wine,FALSE
12,2014,2-Withdrawals,2-Taxable Withdrawals by Bulk vs Bottled,2-Bulk,346,3144477,Wine,FALSE
12,2014,2-Withdrawals,3-Tax Free Withdrawals,1-Low Alcohol %,2569,7616028,Wine,FALSE
12,2014,2-Withdrawals,3-Tax Free Withdrawals,2-Medium and High Alcohol %,1405,856818,Wine,FALSE
12,2014,2-Withdrawals,3-Tax Free Withdrawals,4-Artificially Carbonated/Sparkling Wine,250,239327,Wine,FALSE
12,2014,2-Withdrawals,3-Tax Free Withdrawals,6-Hard Cider,127,60549,Wine,FALSE
12,2014,2-Withdrawals,3-Tax Free Withdrawals For Export,1-Bottled Exports,195,4317184,Wine,FALSE
12,2014,2-Withdrawals,3-Tax Free Withdrawals For Export,2-Bulk Exports,38,2879315,Wine,FALSE
12,2014,4-Stocks on Hand End-of-Period,4-Stocks on Hand End-of-Period,1-Low Alcohol %,5289,881417380,Wine,FALSE
12,2014,4-Stocks on Hand End-of-Period,4-Stocks on Hand End-of-Period,2-Medium Alcohol %,3993,286008128,Wine,FALSE
12,2014,4-Stocks on Hand End-of-Period,4-Stocks on Hand End-of-Period,3-High Alcohol %,68,537771,Wine,FALSE
12,2014,4-Stocks on Hand End-of-Period,4-Stocks on Hand End-of-Period,4-Artificially Carbonated Wine,141,310614,Wine,FALSE
12,2014,4-Stocks on Hand End-of-Period,4-Stocks on Hand End-of-Period,5-Sparkling Wine,488,16344454,Wine,FALSE
12,2014,4-Stocks on Hand End-of-Period,4-Stocks on Hand End-of-Period,6-Hard Cider,287,4387865,Wine,FALSE
12,2014,4-Stocks on Hand End-of-Period,4-Stocks on Hand End-of-Period by Bulk vs Bottled,1-Bottled,3980,174770191,Wine,FALSE
12,2014,4-Stocks on Hand End-of-Period,4-Stocks on Hand End-of-Period by Bulk vs Bottled,2-Bulk,5786,1014236022,Wine,FALSE
1,2015,1-Production,0-Category Total,1-Production,807,48686814,Wine,FALSE
1,2015,2-Withdrawals,0-Category Total,2-Taxable Withdrawals,1125,49297675,Wine,FALSE
1,2015,2-Withdrawals,0-Category Total,2-Taxable Withdrawals by Bulk vs Bottled,1125,49297675,Wine,FALSE
1,2015,2-Withdrawals,0-Category Total,3-Tax Free Withdrawals,581,6197175,Wine,FALSE
1,2015,2-Withdrawals,0-Category Total,3-Tax Free Withdrawals For Export,136,5485034,Wine,FALSE
1,2015,4-Stocks on Hand End-of-Period,0-Category Total,4-Stocks on Hand End-of-Period,1705,1143777746,Wine,FALSE
1,2015,4-Stocks on Hand End-of-Period,0-Category Total,4-Stocks on Hand End-of-Period by Bulk vs Bottled,1705,1143777746,Wine,FALSE
1,2015,01-Count of IMs,01-Count of IMs,Number of Industry Members,1829,1829,Wine,FALSE
1,2015,1-Production,1-Production,1-Low Alcohol %,657,31023899,Wine,FALSE
1,2015,1-Production,1-Production,2-Medium and High Alcohol %,487,14538791,Wine,FALSE
1,2015,1-Production,1-Production,4-Artificially Carbonated Wine,7,8662,Wine,FALSE
1,2015,1-Production,1-Production,5-Sparkling Wine,28,2089630,Wine,FALSE
1,2015,1-Production,1-Production,6-Hard Cider,46,1025832,Wine,FALSE
1,2015,2-Withdrawals,2-Taxable Withdrawals,1-Low Alcohol %,957,39248215,Wine,FALSE
1,2015,2-Withdrawals,2-Taxable Withdrawals,2-Medium and High Alcohol %,722,4181586,Wine,FALSE
1,2015,2-Withdrawals,2-Taxable Withdrawals,4-Artificially Carbonated Wine,61,63347,Wine,FALSE
1,2015,2-Withdrawals,2-Taxable Withdrawals,5-Sparkling Wine,185,1526833,Wine,FALSE
1,2015,2-Withdrawals,2-Taxable Withdrawals,6-Hard Cider,60,4277694,Wine,FALSE
1,2015,2-Withdrawals,2-Taxable Withdrawals by Bulk vs Bottled,1-Bottled,1102,46804699,Wine,FALSE
1,2015,2-Withdrawals,2-Taxable Withdrawals by Bulk vs Bottled,2-Bulk,68,2492975,Wine,FALSE
1,2015,2-Withdrawals,3-Tax Free Withdrawals,1-Low Alcohol %,497,5465249,Wine,FALSE
1,2015,2-Withdrawals,3-Tax Free Withdrawals,2-Medium and High Alcohol %,318,614048,Wine,FALSE
1,2015,2-Withdrawals,3-Tax Free Withdrawals,4-Artificially Carbonated/Sparkling Wine,89,86978,Wine,FALSE
1,2015,2-Withdrawals,3-Tax Free Withdrawals,6-Hard Cider,27,30900,Wine,FALSE
1,2015,2-Withdrawals,3-Tax Free Withdrawals For Export,1-Bottled Exports,122,3629735,Wine,FALSE
1,2015,2-Withdrawals,3-Tax Free Withdrawals For Export,2-Bulk Exports,24,1855299,Wine,FALSE
1,2015,4-Stocks on Hand End-of-Period,4-Stocks on Hand End-of-Period,1-Low Alcohol %,1495,847325619,Wine,FALSE
1,2015,4-Stocks on Hand End-of-Period,4-Stocks on Hand End-of-Period,2-Medium Alcohol %,1301,272647429,Wine,FALSE
1,2015,4-Stocks on Hand End-of-Period,4-Stocks on Hand End-of-Period,3-High Alcohol %,,,Wine,TRUE
1,2015,4-Stocks on Hand End-of-Period,4-Stocks on Hand End-of-Period,4-Artificially Carbonated Wine,73,340193,Wine,FALSE
1,2015,4-Stocks on Hand End-of-Period,4-Stocks on Hand End-of-Period,5-Sparkling Wine,279,17404563,Wine,FALSE
1,2015,4-Stocks on Hand End-of-Period,4-Stocks on Hand End-of-Period,6-Hard Cider,,,Wine,TRUE
1,2015,4-Stocks on Hand End-of-Period,4-Stocks on Hand End-of-Period by Bulk vs Bottled,1-Bottled,1178,173348712,Wine,FALSE
1,2015,4-Stocks on Hand End-of-Period,4-Stocks on Hand End-of-Period by Bulk vs Bottled,2-Bulk,1555,970429034,Wine,FALSE
2,2015,1-Production,0-Category Total,1-Production,669,25014469,Wine,FALSE
2,2015,2-Withdrawals,0-Category Total,2-Taxable Withdrawals,1138,48481294,Wine,FALSE
2,2015,2-Withdrawals,0-Category Total,2-Taxable Withdrawals by Bulk vs Bottled,1138,48481294,Wine,FALSE
2,2015,2-Withdrawals,0-Category Total,3-Tax Free Withdrawals,592,10162594,Wine,FALSE
2,2015,2-Withdrawals,0-Category Total,3-Tax Free Withdrawals For Export,149,8729114,Wine,FALSE
2,2015,4-Stocks on Hand End-of-Period,0-Category Total,4-Stocks on Hand End-of-Period,1671,1109985822,Wine,FALSE
2,2015,4-Stocks on Hand End-of-Period,0-Category Total,4-Stocks on Hand End-of-Period by Bulk vs Bottled,1671,1109985822,Wine,FALSE
2,2015,01-Count of IMs,01-Count of IMs,Number of Industry Members,1786,1786,Wine,FALSE
2,2015,1-Production,1-Production,1-Low Alcohol %,585,16604494,Wine,FALSE
2,2015,1-Production,1-Production,2-Medium and High Alcohol %,402,5373686,Wine,FALSE
2,2015,1-Production,1-Production,4-Artificially Carbonated Wine,6,5647,Wine,FALSE
2,2015,1-Production,1-Production,5-Sparkling Wine,26,1855006,Wine,FALSE
2,2015,1-Production,1-Production,6-Hard Cider,42,1175636,Wine,FALSE
2,2015,2-Withdrawals,2-Taxable Withdrawals,1-Low Alcohol %,963,38906287,Wine,FALSE
2,2015,2-Withdrawals,2-Taxable Withdrawals,2-Medium and High Alcohol %,751,4222360,Wine,FALSE
2,2015,2-Withdrawals,2-Taxable Withdrawals,4-Artificially Carbonated Wine,57,58754,Wine,FALSE
2,2015,2-Withdrawals,2-Taxable Withdrawals,5-Sparkling Wine,195,1333751,Wine,FALSE
2,2015,2-Withdrawals,2-Taxable Withdrawals,6-Hard Cider,54,3960142,Wine,FALSE
2,2015,2-Withdrawals,2-Taxable Withdrawals by Bulk vs Bottled,1-Bottled,1116,46315676,Wine,FALSE
2,2015,2-Withdrawals,2-Taxable Withdrawals by Bulk vs Bottled,2-Bulk,81,2165617,Wine,FALSE
2,2015,2-Withdrawals,3-Tax Free Withdrawals,1-Low Alcohol %,508,8562912,Wine,FALSE
2,2015,2-Withdrawals,3-Tax Free Withdrawals,2-Medium and High Alcohol %,329,1281489,Wine,FALSE
2,2015,2-Withdrawals,3-Tax Free Withdrawals,4-Artificially Carbonated/Sparkling Wine,101,241792,Wine,FALSE
2,2015,2-Withdrawals,3-Tax Free Withdrawals,6-Hard Cider,24,76400,Wine,FALSE
2,2015,2-Withdrawals,3-Tax Free Withdrawals For Export,1-Bottled Exports,135,4205571,Wine,FALSE
2,2015,2-Withdrawals,3-Tax Free Withdrawals For Export,2-Bulk Exports,23,4523543,Wine,FALSE
2,2015,4-Stocks on Hand End-of-Period,4-Stocks on Hand End-of-Period,1-Low Alcohol %,1467,821012356,Wine,FALSE
2,2015,4-Stocks on Hand End-of-Period,4-Stocks on Hand End-of-Period,2-Medium Alcohol %,1283,266143979,Wine,FALSE
2,2015,4-Stocks on Hand End-of-Period,4-Stocks on Hand End-of-Period,3-High Alcohol %,38,1418298,Wine,FALSE
2,2015,4-Stocks on Hand End-of-Period,4-Stocks on Hand End-of-Period,4-Artificially Carbonated Wine,70,359422,Wine,FALSE
2,2015,4-Stocks on Hand End-of-Period,4-Stocks on Hand End-of-Period,5-Sparkling Wine,279,17479604,Wine,FALSE
2,2015,4-Stocks on Hand End-of-Period,4-Stocks on Hand End-of-Period,6-Hard Cider,86,3572164,Wine,FALSE
2,2015,4-Stocks on Hand End-of-Period,4-Stocks on Hand End-of-Period by Bulk vs Bottled,1-Bottled,1167,174483939,Wine,FALSE
2,2015,4-Stocks on Hand End-of-Period,4-Stocks on Hand End-of-Period by Bulk vs Bottled,2-Bulk,1531,935501883,Wine,FALSE
3,2015,1-Production,0-Category Total,1-Production,1222,23059265,Wine,FALSE
3,2015,2-Withdrawals,0-Category Total,2-Taxable Withdrawals,2224,60942507,Wine,FALSE
3,2015,2-Withdrawals,0-Category Total,2-Taxable Withdrawals by Bulk vs Bottled,2224,60942507,Wine,FALSE
3,2015,2-Withdrawals,0-Category Total,3-Tax Free Withdrawals,1029,12138686,Wine,FALSE
3,2015,2-Withdrawals,0-Category Total,3-Tax Free Withdrawals For Export,165,10369118,Wine,FALSE
3,2015,4-Stocks on Hand End-of-Period,0-Category Total,4-Stocks on Hand End-of-Period,3056,1087800901,Wine,FALSE
3,2015,4-Stocks on Hand End-of-Period,0-Category Total,4-Stocks on Hand End-of-Period by Bulk vs Bottled,3056,1087800901,Wine,FALSE
3,2015,01-Count of IMs,01-Count of IMs,Number of Industry Members,3303,3303,Wine,FALSE
3,2015,1-Production,1-Production,1-Low Alcohol %,1017,18370950,Wine,FALSE
3,2015,1-Production,1-Production,2-Medium and High Alcohol %,704,-17853,Wine,FALSE
3,2015,1-Production,1-Production,4-Artificially Carbonated Wine,,,Wine,TRUE
3,2015,1-Production,1-Production,5-Sparkling Wine,49,3013010,Wine,FALSE
3,2015,1-Production,1-Production,6-Hard Cider,,,Wine,TRUE
3,2015,2-Withdrawals,2-Taxable Withdrawals,1-Low Alcohol %,1813,48298204,Wine,FALSE
3,2015,2-Withdrawals,2-Taxable Withdrawals,2-Medium and High Alcohol %,1462,6645754,Wine,FALSE
3,2015,2-Withdrawals,2-Taxable Withdrawals,4-Artificially Carbonated Wine,97,68516,Wine,FALSE
3,2015,2-Withdrawals,2-Taxable Withdrawals,5-Sparkling Wine,289,1495088,Wine,FALSE
3,2015,2-Withdrawals,2-Taxable Withdrawals,6-Hard Cider,128,4434944,Wine,FALSE
3,2015,2-Withdrawals,2-Taxable Withdrawals by Bulk vs Bottled,1-Bottled,2184,57883702,Wine,FALSE
3,2015,2-Withdrawals,2-Taxable Withdrawals by Bulk vs Bottled,2-Bulk,123,3058805,Wine,FALSE
3,2015,2-Withdrawals,3-Tax Free Withdrawals,1-Low Alcohol %,841,10309913,Wine,FALSE
3,2015,2-Withdrawals,3-Tax Free Withdrawals,2-Medium and High Alcohol %,588,1585582,Wine,FALSE
3,2015,2-Withdrawals,3-Tax Free Withdrawals,4-Artificially Carbonated/Sparkling Wine,135,179856,Wine,FALSE
3,2015,2-Withdrawals,3-Tax Free Withdrawals,6-Hard Cider,49,63335,Wine,FALSE
3,2015,2-Withdrawals,3-Tax Free Withdrawals For Export,1-Bottled Exports,149,5223898,Wine,FALSE
3,2015,2-Withdrawals,3-Tax Free Withdrawals For Export,2-Bulk Exports,27,5145220,Wine,FALSE
3,2015,4-Stocks on Hand End-of-Period,4-Stocks on Hand End-of-Period,1-Low Alcohol %,2534,793704598,Wine,FALSE
3,2015,4-Stocks on Hand End-of-Period,4-Stocks on Hand End-of-Period,2-Medium Alcohol %,2350,270034081,Wine,FALSE
3,2015,4-Stocks on Hand End-of-Period,4-Stocks on Hand End-of-Period,3-High Alcohol %,51,747274,Wine,FALSE
3,2015,4-Stocks on Hand End-of-Period,4-Stocks on Hand End-of-Period,4-Artificially Carbonated Wine,105,389541,Wine,FALSE
3,2015,4-Stocks on Hand End-of-Period,4-Stocks on Hand End-of-Period,5-Sparkling Wine,377,18836592,Wine,FALSE
3,2015,4-Stocks on Hand End-of-Period,4-Stocks on Hand End-of-Period,6-Hard Cider,164,4088816,Wine,FALSE
3,2015,4-Stocks on Hand End-of-Period,4-Stocks on Hand End-of-Period by Bulk vs Bottled,1-Bottled,1904,181508687,Wine,FALSE
3,2015,4-Stocks on Hand End-of-Period,4-Stocks on Hand End-of-Period by Bulk vs Bottled,2-Bulk,2841,906292214,Wine,FALSE
4,2015,1-Production,0-Category Total,1-Production,672,20313638,Wine,FALSE
4,2015,2-Withdrawals,0-Category Total,2-Taxable Withdrawals,1169,56302467,Wine,FALSE
4,2015,2-Withdrawals,0-Category Total,2-Taxable Withdrawals by Bulk vs Bottled,1169,56302467,Wine,FALSE
4,2015,2-Withdrawals,0-Category Total,3-Tax Free Withdrawals,598,13243504,Wine,FALSE
4,2015,2-Withdrawals,0-Category Total,3-Tax Free Withdrawals For Export,144,11833130,Wine,FALSE
4,2015,4-Stocks on Hand End-of-Period,0-Category Total,4-Stocks on Hand End-of-Period,1667,1017649499,Wine,FALSE
4,2015,4-Stocks on Hand End-of-Period,0-Category Total,4-Stocks on Hand End-of-Period by Bulk vs Bottled,1667,1017649499,Wine,FALSE
4,2015,01-Count of IMs,01-Count of IMs,Number of Industry Members,1791,1791,Wine,FALSE
4,2015,1-Production,1-Production,1-Low Alcohol %,598,15308960,Wine,FALSE
4,2015,1-Production,1-Production,2-Medium and High Alcohol %,,,Wine,TRUE
4,2015,1-Production,1-Production,4-Artificially Carbonated Wine,10,7295,Wine,FALSE
4,2015,1-Production,1-Production,5-Sparkling Wine,38,2813309,Wine,FALSE
4,2015,1-Production,1-Production,6-Hard Cider,,,Wine,TRUE
4,2015,2-Withdrawals,2-Taxable Withdrawals,1-Low Alcohol %,998,44791088,Wine,FALSE
4,2015,2-Withdrawals,2-Taxable Withdrawals,2-Medium and High Alcohol %,765,5333910,Wine,FALSE
4,2015,2-Withdrawals,2-Taxable Withdrawals,4-Artificially Carbonated Wine,62,91465,Wine,FALSE
4,2015,2-Withdrawals,2-Taxable Withdrawals,5-Sparkling Wine,203,1736513,Wine,FALSE
4,2015,2-Withdrawals,2-Taxable Withdrawals,6-Hard Cider,57,4349491,Wine,FALSE
4,2015,2-Withdrawals,2-Taxable Withdrawals by Bulk vs Bottled,1-Bottled,1154,53731900,Wine,FALSE
4,2015,2-Withdrawals,2-Taxable Withdrawals by Bulk vs Bottled,2-Bulk,59,2570567,Wine,FALSE
4,2015,2-Withdrawals,3-Tax Free Withdrawals,1-Low Alcohol %,514,11694187,Wine,FALSE
4,2015,2-Withdrawals,3-Tax Free Withdrawals,2-Medium and High Alcohol %,335,1276007,Wine,FALSE
4,2015,2-Withdrawals,3-Tax Free Withdrawals,4-Artificially Carbonated/Sparkling Wine,104,209328,Wine,FALSE
4,2015,2-Withdrawals,3-Tax Free Withdrawals,6-Hard Cider,28,63983,Wine,FALSE
4,2015,2-Withdrawals,3-Tax Free Withdrawals For Export,1-Bottled Exports,134,7010255,Wine,FALSE
4,2015,2-Withdrawals,3-Tax Free Withdrawals For Export,2-Bulk Exports,21,4822875,Wine,FALSE
4,2015,4-Stocks on Hand End-of-Period,4-Stocks on Hand End-of-Period,1-Low Alcohol %,1464,746091067,Wine,FALSE
4,2015,4-Stocks on Hand End-of-Period,4-Stocks on Hand End-of-Period,2-Medium Alcohol %,1285,247454661,Wine,FALSE
4,2015,4-Stocks on Hand End-of-Period,4-Stocks on Hand End-of-Period,3-High Alcohol %,35,723963,Wine,FALSE
4,2015,4-Stocks on Hand End-of-Period,4-Stocks on Hand End-of-Period,4-Artificially Carbonated Wine,74,407992,Wine,FALSE
4,2015,4-Stocks on Hand End-of-Period,4-Stocks on Hand End-of-Period,5-Sparkling Wine,285,19394306,Wine,FALSE
4,2015,4-Stocks on Hand End-of-Period,4-Stocks on Hand End-of-Period,6-Hard Cider,89,3577510,Wine,FALSE
4,2015,4-Stocks on Hand End-of-Period,4-Stocks on Hand End-of-Period by Bulk vs Bottled,1-Bottled,1177,181472975,Wine,FALSE
4,2015,4-Stocks on Hand End-of-Period,4-Stocks on Hand End-of-Period by Bulk vs Bottled,2-Bulk,1519,836176524,Wine,FALSE
5,2015,1-Production,0-Category Total,1-Production,659,16470547,Wine,FALSE
5,2015,2-Withdrawals,0-Category Total,2-Taxable Withdrawals,1142,53626497,Wine,FALSE
5,2015,2-Withdrawals,0-Category Total,2-Taxable Withdrawals by Bulk vs Bottled,1142,53626497,Wine,FALSE
5,2015,2-Withdrawals,0-Category Total,3-Tax Free Withdrawals,588,12324732,Wine,FALSE
5,2015,2-Withdrawals,0-Category Total,3-Tax Free Withdrawals For Export,147,10152197,Wine,FALSE
5,2015,4-Stocks on Hand End-of-Period,0-Category Total,4-Stocks on Hand End-of-Period,1652,973389629,Wine,FALSE
5,2015,4-Stocks on Hand End-of-Period,0-Category Total,4-Stocks on Hand End-of-Period by Bulk vs Bottled,1652,973389629,Wine,FALSE
5,2015,01-Count of IMs,01-Count of IMs,Number of Industry Members,1777,1777,Wine,FALSE
5,2015,1-Production,1-Production,1-Low Alcohol %,584,15649681,Wine,FALSE
5,2015,1-Production,1-Production,2-Medium and High Alcohol %,384,-2406068,Wine,FALSE
5,2015,1-Production,1-Production,4-Artificially Carbonated Wine,10,5673,Wine,FALSE
5,2015,1-Production,1-Production,5-Sparkling Wine,35,2156708,Wine,FALSE
5,2015,1-Production,1-Production,6-Hard Cider,44,1064554,Wine,FALSE
5,2015,2-Withdrawals,2-Taxable Withdrawals,1-Low Alcohol %,974,42590868,Wine,FALSE
5,2015,2-Withdrawals,2-Taxable Withdrawals,2-Medium and High Alcohol %,747,4705603,Wine,FALSE
5,2015,2-Withdrawals,2-Taxable Withdrawals,4-Artificially Carbonated Wine,65,85471,Wine,FALSE
5,2015,2-Withdrawals,2-Taxable Withdrawals,5-Sparkling Wine,198,1701357,Wine,FALSE
5,2015,2-Withdrawals,2-Taxable Withdrawals,6-Hard Cider,73,4543199,Wine,FALSE
5,2015,2-Withdrawals,2-Taxable Withdrawals by Bulk vs Bottled,1-Bottled,1119,51648268,Wine,FALSE
5,2015,2-Withdrawals,2-Taxable Withdrawals by Bulk vs Bottled,2-Bulk,77,1978229,Wine,FALSE
5,2015,2-Withdrawals,3-Tax Free Withdrawals,1-Low Alcohol %,513,9922791,Wine,FALSE
5,2015,2-Withdrawals,3-Tax Free Withdrawals,2-Medium and High Alcohol %,326,2061786,Wine,FALSE
5,2015,2-Withdrawals,3-Tax Free Withdrawals,4-Artificially Carbonated/Sparkling Wine,95,279094,Wine,FALSE
5,2015,2-Withdrawals,3-Tax Free Withdrawals,6-Hard Cider,26,61061,Wine,FALSE
5,2015,2-Withdrawals,3-Tax Free Withdrawals For Export,1-Bottled Exports,138,5754134,Wine,FALSE
5,2015,2-Withdrawals,3-Tax Free Withdrawals For Export,2-Bulk Exports,21,4398063,Wine,FALSE
5,2015,4-Stocks on Hand End-of-Period,4-Stocks on Hand End-of-Period,1-Low Alcohol %,1441,719619217,Wine,FALSE
5,2015,4-Stocks on Hand End-of-Period,4-Stocks on Hand End-of-Period,2-Medium Alcohol %,1271,229605531,Wine,FALSE
5,2015,4-Stocks on Hand End-of-Period,4-Stocks on Hand End-of-Period,3-High Alcohol %,38,728900,Wine,FALSE
5,2015,4-Stocks on Hand End-of-Period,4-Stocks on Hand End-of-Period,4-Artificially Carbonated Wine,74,404521,Wine,FALSE
5,2015,4-Stocks on Hand End-of-Period,4-Stocks on Hand End-of-Period,5-Sparkling Wine,280,19528413,Wine,FALSE
5,2015,4-Stocks on Hand End-of-Period,4-Stocks on Hand End-of-Period,6-Hard Cider,92,3503048,Wine,FALSE
5,2015,4-Stocks on Hand End-of-Period,4-Stocks on Hand End-of-Period by Bulk vs Bottled,1-Bottled,1165,185566055,Wine,FALSE
5,2015,4-Stocks on Hand End-of-Period,4-Stocks on Hand End-of-Period by Bulk vs Bottled,2-Bulk,1501,787823574,Wine,FALSE
6,2015,1-Production,0-Category Total,1-Production,1117,15131200,Wine,FALSE
6,2015,2-Withdrawals,0-Category Total,2-Taxable Withdrawals,2203,63372733,Wine,FALSE
6,2015,2-Withdrawals,0-Category Total,2-Taxable Withdrawals by Bulk vs Bottled,2203,63372733,Wine,FALSE
6,2015,2-Withdrawals,0-Category Total,3-Tax Free Withdrawals,1014,11559009,Wine,FALSE
6,2015,2-Withdrawals,0-Category Total,3-Tax Free Withdrawals For Export,167,10525629,Wine,FALSE
6,2015,4-Stocks on Hand End-of-Period,0-Category Total,4-Stocks on Hand End-of-Period,3023,939478840,Wine,FALSE
6,2015,4-Stocks on Hand End-of-Period,0-Category Total,4-Stocks on Hand End-of-Period by Bulk vs Bottled,3023,939478840,Wine,FALSE
6,2015,01-Count of IMs,01-Count of IMs,Number of Industry Members,3304,3304,Wine,FALSE
6,2015,1-Production,1-Production,1-Low Alcohol %,968,12183590,Wine,FALSE
6,2015,1-Production,1-Production,2-Medium and High Alcohol %,618,-2695137,Wine,FALSE
6,2015,1-Production,1-Production,4-Artificially Carbonated Wine,,,Wine,TRUE
6,2015,1-Production,1-Production,5-Sparkling Wine,59,3589176,Wine,FALSE
6,2015,1-Production,1-Production,6-Hard Cider,,,Wine,TRUE
6,2015,2-Withdrawals,2-Taxable Withdrawals,1-Low Alcohol %,1787,49039640,Wine,FALSE
6,2015,2-Withdrawals,2-Taxable Withdrawals,2-Medium and High Alcohol %,1469,6555603,Wine,FALSE
6,2015,2-Withdrawals,2-Taxable Withdrawals,4-Artificially Carbonated Wine,104,96136,Wine,FALSE
6,2015,2-Withdrawals,2-Taxable Withdrawals,5-Sparkling Wine,300,1906445,Wine,FALSE
6,2015,2-Withdrawals,2-Taxable Withdrawals,6-Hard Cider,145,5774908,Wine,FALSE
6,2015,2-Withdrawals,2-Taxable Withdrawals by Bulk vs Bottled,1-Bottled,2164,60882630,Wine,FALSE
6,2015,2-Withdrawals,2-Taxable Withdrawals by Bulk vs Bottled,2-Bulk,145,2490103,Wine,FALSE
6,2015,2-Withdrawals,3-Tax Free Withdrawals,1-Low Alcohol %,834,10216221,Wine,FALSE
6,2015,2-Withdrawals,3-Tax Free Withdrawals,2-Medium and High Alcohol %,596,955914,Wine,FALSE
6,2015,2-Withdrawals,3-Tax Free Withdrawals,4-Artificially Carbonated/Sparkling Wine,,,Wine,TRUE
6,2015,2-Withdrawals,3-Tax Free Withdrawals,6-Hard Cider,,,Wine,TRUE
6,2015,2-Withdrawals,3-Tax Free Withdrawals For Export,1-Bottled Exports,156,6097878,Wine,FALSE
6,2015,2-Withdrawals,3-Tax Free Withdrawals For Export,2-Bulk Exports,21,4427751,Wine,FALSE
6,2015,4-Stocks on Hand End-of-Period,4-Stocks on Hand End-of-Period,1-Low Alcohol %,2484,688854858,Wine,FALSE
6,2015,4-Stocks on Hand End-of-Period,4-Stocks on Hand End-of-Period,2-Medium Alcohol %,2306,224675589,Wine,FALSE
6,2015,4-Stocks on Hand End-of-Period,4-Stocks on Hand End-of-Period,3-High Alcohol %,56,778574,Wine,FALSE
6,2015,4-Stocks on Hand End-of-Period,4-Stocks on Hand End-of-Period,4-Artificially Carbonated Wine,107,396151,Wine,FALSE
6,2015,4-Stocks on Hand End-of-Period,4-Stocks on Hand End-of-Period,5-Sparkling Wine,386,20848898,Wine,FALSE
6,2015,4-Stocks on Hand End-of-Period,4-Stocks on Hand End-of-Period,6-Hard Cider,166,3924771,Wine,FALSE
6,2015,4-Stocks on Hand End-of-Period,4-Stocks on Hand End-of-Period by Bulk vs Bottled,1-Bottled,1905,197329477,Wine,FALSE
6,2015,4-Stocks on Hand End-of-Period,4-Stocks on Hand End-of-Period by Bulk vs Bottled,2-Bulk,2793,742149363,Wine,FALSE
7,2015,1-Production,0-Category Total,1-Production,627,14693520,Wine,FALSE
7,2015,2-Withdrawals,0-Category Total,2-Taxable Withdrawals,1185,55121663,Wine,FALSE
7,2015,2-Withdrawals,0-Category Total,2-Taxable Withdrawals by Bulk vs Bottled,1185,55121663,Wine,FALSE
7,2015,2-Withdrawals,0-Category Total,3-Tax Free Withdrawals,605,10404131,Wine,FALSE
7,2015,2-Withdrawals,0-Category Total,3-Tax Free Withdrawals For Export,137,9477247,Wine,FALSE
7,2015,4-Stocks on Hand End-of-Period,0-Category Total,4-Stocks on Hand End-of-Period,1667,865370679,Wine,FALSE
7,2015,4-Stocks on Hand End-of-Period,0-Category Total,4-Stocks on Hand End-of-Period by Bulk vs Bottled,1667,865370679,Wine,FALSE
7,2015,01-Count of IMs,01-Count of IMs,Number of Industry Members,1794,1794,Wine,FALSE
7,2015,1-Production,1-Production,1-Low Alcohol %,553,15889091,Wine,FALSE
7,2015,1-Production,1-Production,2-Medium and High Alcohol %,365,-5150761,Wine,FALSE
7,2015,1-Production,1-Production,4-Artificially Carbonated Wine,10,10756,Wine,FALSE
7,2015,1-Production,1-Production,5-Sparkling Wine,30,2970162,Wine,FALSE
7,2015,1-Production,1-Production,6-Hard Cider,44,974272,Wine,FALSE
7,2015,2-Withdrawals,2-Taxable Withdrawals,1-Low Alcohol %,991,43298860,Wine,FALSE
7,2015,2-Withdrawals,2-Taxable Withdrawals,2-Medium and High Alcohol %,772,5012177,Wine,FALSE
7,2015,2-Withdrawals,2-Taxable Withdrawals,4-Artificially Carbonated Wine,70,59166,Wine,FALSE
7,2015,2-Withdrawals,2-Taxable Withdrawals,5-Sparkling Wine,207,1710651,Wine,FALSE
7,2015,2-Withdrawals,2-Taxable Withdrawals,6-Hard Cider,79,5040808,Wine,FALSE
7,2015,2-Withdrawals,2-Taxable Withdrawals by Bulk vs Bottled,1-Bottled,1167,52318923,Wine,FALSE
7,2015,2-Withdrawals,2-Taxable Withdrawals by Bulk vs Bottled,2-Bulk,71,2802740,Wine,FALSE
7,2015,2-Withdrawals,3-Tax Free Withdrawals,1-Low Alcohol %,514,9273328,Wine,FALSE
7,2015,2-Withdrawals,3-Tax Free Withdrawals,2-Medium and High Alcohol %,354,816509,Wine,FALSE
7,2015,2-Withdrawals,3-Tax Free Withdrawals,4-Artificially Carbonated/Sparkling Wine,,,Wine,TRUE
7,2015,2-Withdrawals,3-Tax Free Withdrawals,6-Hard Cider,,,Wine,TRUE
7,2015,2-Withdrawals,3-Tax Free Withdrawals For Export,1-Bottled Exports,124,5243298,Wine,FALSE
7,2015,2-Withdrawals,3-Tax Free Withdrawals For Export,2-Bulk Exports,26,4233949,Wine,FALSE
7,2015,4-Stocks on Hand End-of-Period,4-Stocks on Hand End-of-Period,1-Low Alcohol %,1449,643940178,Wine,FALSE
7,2015,4-Stocks on Hand End-of-Period,4-Stocks on Hand End-of-Period,2-Medium Alcohol %,1273,197086509,Wine,FALSE
7,2015,4-Stocks on Hand End-of-Period,4-Stocks on Hand End-of-Period,3-High Alcohol %,39,846944,Wine,FALSE
7,2015,4-Stocks on Hand End-of-Period,4-Stocks on Hand End-of-Period,4-Artificially Carbonated Wine,83,421477,Wine,FALSE
7,2015,4-Stocks on Hand End-of-Period,4-Stocks on Hand End-of-Period,5-Sparkling Wine,278,20217762,Wine,FALSE
7,2015,4-Stocks on Hand End-of-Period,4-Stocks on Hand End-of-Period,6-Hard Cider,94,2857809,Wine,FALSE
7,2015,4-Stocks on Hand End-of-Period,4-Stocks on Hand End-of-Period by Bulk vs Bottled,1-Bottled,1194,201242082,Wine,FALSE
7,2015,4-Stocks on Hand End-of-Period,4-Stocks on Hand End-of-Period by Bulk vs Bottled,2-Bulk,1510,664128596,Wine,FALSE
8,2015,1-Production,0-Category Total,1-Production,641,86273861,Wine,FALSE
8,2015,2-Withdrawals,0-Category Total,2-Taxable Withdrawals,1151,51967305,Wine,FALSE
8,2015,2-Withdrawals,0-Category Total,2-Taxable Withdrawals by Bulk vs Bottled,1151,51967305,Wine,FALSE
8,2015,2-Withdrawals,0-Category Total,3-Tax Free Withdrawals,596,9268110,Wine,FALSE
8,2015,2-Withdrawals,0-Category Total,3-Tax Free Withdrawals For Export,132,8428145,Wine,FALSE
8,2015,4-Stocks on Hand End-of-Period,0-Category Total,4-Stocks on Hand End-of-Period,1648,879860845,Wine,FALSE
8,2015,4-Stocks on Hand End-of-Period,0-Category Total,4-Stocks on Hand End-of-Period by Bulk vs Bottled,1648,879860845,Wine,FALSE
8,2015,01-Count of IMs,01-Count of IMs,Number of Industry Members,1781,1781,Wine,FALSE
8,2015,1-Production,1-Production,1-Low Alcohol %,580,70450662,Wine,FALSE
8,2015,1-Production,1-Production,2-Medium and High Alcohol %,352,11354702,Wine,FALSE
8,2015,1-Production,1-Production,4-Artificially Carbonated Wine,,,Wine,TRUE
8,2015,1-Production,1-Production,5-Sparkling Wine,27,2974989,Wine,FALSE
8,2015,1-Production,1-Production,6-Hard Cider,,,Wine,TRUE
8,2015,2-Withdrawals,2-Taxable Withdrawals,1-Low Alcohol %,961,40011882,Wine,FALSE
8,2015,2-Withdrawals,2-Taxable Withdrawals,2-Medium and High Alcohol %,765,5428123,Wine,FALSE
8,2015,2-Withdrawals,2-Taxable Withdrawals,4-Artificially Carbonated Wine,66,64739,Wine,FALSE
8,2015,2-Withdrawals,2-Taxable Withdrawals,5-Sparkling Wine,202,1781830,Wine,FALSE
8,2015,2-Withdrawals,2-Taxable Withdrawals,6-Hard Cider,78,4680731,Wine,FALSE
8,2015,2-Withdrawals,2-Taxable Withdrawals by Bulk vs Bottled,1-Bottled,1125,50470088,Wine,FALSE
8,2015,2-Withdrawals,2-Taxable Withdrawals by Bulk vs Bottled,2-Bulk,80,1497217,Wine,FALSE
8,2015,2-Withdrawals,3-Tax Free Withdrawals,1-Low Alcohol %,501,8031322,Wine,FALSE
8,2015,2-Withdrawals,3-Tax Free Withdrawals,2-Medium and High Alcohol %,355,924653,Wine,FALSE
8,2015,2-Withdrawals,3-Tax Free Withdrawals,4-Artificially Carbonated/Sparkling Wine,97,246883,Wine,FALSE
8,2015,2-Withdrawals,3-Tax Free Withdrawals,6-Hard Cider,24,65252,Wine,FALSE
8,2015,2-Withdrawals,3-Tax Free Withdrawals For Export,1-Bottled Exports,121,5150637,Wine,FALSE
8,2015,2-Withdrawals,3-Tax Free Withdrawals For Export,2-Bulk Exports,20,3277509,Wine,FALSE
8,2015,4-Stocks on Hand End-of-Period,4-Stocks on Hand End-of-Period,1-Low Alcohol %,1420,663866912,Wine,FALSE
8,2015,4-Stocks on Hand End-of-Period,4-Stocks on Hand End-of-Period,2-Medium Alcohol %,1259,187556215,Wine,FALSE
8,2015,4-Stocks on Hand End-of-Period,4-Stocks on Hand End-of-Period,3-High Alcohol %,,,Wine,TRUE
8,2015,4-Stocks on Hand End-of-Period,4-Stocks on Hand End-of-Period,4-Artificially Carbonated Wine,81,526597,Wine,FALSE
8,2015,4-Stocks on Hand End-of-Period,4-Stocks on Hand End-of-Period,5-Sparkling Wine,280,21125764,Wine,FALSE
8,2015,4-Stocks on Hand End-of-Period,4-Stocks on Hand End-of-Period,6-Hard Cider,,,Wine,TRUE
8,2015,4-Stocks on Hand End-of-Period,4-Stocks on Hand End-of-Period by Bulk vs Bottled,1-Bottled,1181,213583171,Wine,FALSE
8,2015,4-Stocks on Hand End-of-Period,4-Stocks on Hand End-of-Period by Bulk vs Bottled,2-Bulk,1489,666277674,Wine,FALSE
9,2015,1-Production,0-Category Total,1-Production,1389,199406916,Wine,FALSE
9,2015,2-Withdrawals,0-Category Total,2-Taxable Withdrawals,2194,66161121,Wine,FALSE
9,2015,2-Withdrawals,0-Category Total,2-Taxable Withdrawals by Bulk vs Bottled,2194,66161121,Wine,FALSE
9,2015,2-Withdrawals,0-Category Total,3-Tax Free Withdrawals,999,14012537,Wine,FALSE
9,2015,2-Withdrawals,0-Category Total,3-Tax Free Withdrawals For Export,165,10962861,Wine,FALSE
9,2015,4-Stocks on Hand End-of-Period,0-Category Total,4-Stocks on Hand End-of-Period,3013,1013685520,Wine,FALSE
9,2015,4-Stocks on Hand End-of-Period,0-Category Total,4-Stocks on Hand End-of-Period by Bulk vs Bottled,3013,1013685520,Wine,FALSE
9,2015,01-Count of IMs,01-Count of IMs,Number of Industry Members,3340,3340,Wine,FALSE
9,2015,1-Production,1-Production,1-Low Alcohol %,1179,177419617,Wine,FALSE
9,2015,1-Production,1-Production,2-Medium and High Alcohol %,689,16908428,Wine,FALSE
9,2015,1-Production,1-Production,4-Artificially Carbonated Wine,,,Wine,TRUE
9,2015,1-Production,1-Production,5-Sparkling Wine,49,2877082,Wine,FALSE
9,2015,1-Production,1-Production,6-Hard Cider,,,Wine,TRUE
9,2015,2-Withdrawals,2-Taxable Withdrawals,1-Low Alcohol %,1764,50548301,Wine,FALSE
9,2015,2-Withdrawals,2-Taxable Withdrawals,2-Medium and High Alcohol %,1471,7443853,Wine,FALSE
9,2015,2-Withdrawals,2-Taxable Withdrawals,4-Artificially Carbonated Wine,100,100053,Wine,FALSE
9,2015,2-Withdrawals,2-Taxable Withdrawals,5-Sparkling Wine,288,2501236,Wine,FALSE
9,2015,2-Withdrawals,2-Taxable Withdrawals,6-Hard Cider,161,5567677,Wine,FALSE
9,2015,2-Withdrawals,2-Taxable Withdrawals by Bulk vs Bottled,1-Bottled,2149,63248696,Wine,FALSE
9,2015,2-Withdrawals,2-Taxable Withdrawals by Bulk vs Bottled,2-Bulk,138,2912425,Wine,FALSE
9,2015,2-Withdrawals,3-Tax Free Withdrawals,1-Low Alcohol %,839,12633923,Wine,FALSE
9,2015,2-Withdrawals,3-Tax Free Withdrawals,2-Medium and High Alcohol %,574,1060562,Wine,FALSE
9,2015,2-Withdrawals,3-Tax Free Withdrawals,4-Artificially Carbonated/Sparkling Wine,141,247738,Wine,FALSE
9,2015,2-Withdrawals,3-Tax Free Withdrawals,6-Hard Cider,50,70314,Wine,FALSE
9,2015,2-Withdrawals,3-Tax Free Withdrawals For Export,1-Bottled Exports,152,5898606,Wine,FALSE
9,2015,2-Withdrawals,3-Tax Free Withdrawals For Export,2-Bulk Exports,22,5064255,Wine,FALSE
9,2015,4-Stocks on Hand End-of-Period,4-Stocks on Hand End-of-Period,1-Low Alcohol %,2456,781269415,Wine,FALSE
9,2015,4-Stocks on Hand End-of-Period,4-Stocks on Hand End-of-Period,2-Medium Alcohol %,2304,206477895,Wine,FALSE
9,2015,4-Stocks on Hand End-of-Period,4-Stocks on Hand End-of-Period,3-High Alcohol %,55,738556,Wine,FALSE
9,2015,4-Stocks on Hand End-of-Period,4-Stocks on Hand End-of-Period,4-Artificially Carbonated Wine,121,627313,Wine,FALSE
9,2015,4-Stocks on Hand End-of-Period,4-Stocks on Hand End-of-Period,5-Sparkling Wine,388,21222672,Wine,FALSE
9,2015,4-Stocks on Hand End-of-Period,4-Stocks on Hand End-of-Period,6-Hard Cider,182,3349668,Wine,FALSE
9,2015,4-Stocks on Hand End-of-Period,4-Stocks on Hand End-of-Period by Bulk vs Bottled,1-Bottled,1915,218816180,Wine,FALSE
9,2015,4-Stocks on Hand End-of-Period,4-Stocks on Hand End-of-Period by Bulk vs Bottled,2-Bulk,2773,794869340,Wine,FALSE
10,2015,1-Production,0-Category Total,1-Production,904,159080981,Wine,FALSE
10,2015,2-Withdrawals,0-Category Total,2-Taxable Withdrawals,1062,62186151,Wine,FALSE
10,2015,2-Withdrawals,0-Category Total,2-Taxable Withdrawals by Bulk vs Bottled,1062,62186151,Wine,FALSE
10,2015,2-Withdrawals,0-Category Total,3-Tax Free Withdrawals,584,10754840,Wine,FALSE
10,2015,2-Withdrawals,0-Category Total,3-Tax Free Withdrawals For Export,143,9237960,Wine,FALSE
10,2015,4-Stocks on Hand End-of-Period,0-Category Total,4-Stocks on Hand End-of-Period,1680,1080773011,Wine,FALSE
10,2015,4-Stocks on Hand End-of-Period,0-Category Total,4-Stocks on Hand End-of-Period by Bulk vs Bottled,1680,1080773011,Wine,FALSE
10,2015,01-Count of IMs,01-Count of IMs,Number of Industry Members,1799,1799,Wine,FALSE
10,2015,1-Production,1-Production,1-Low Alcohol %,758,130264802,Wine,FALSE
10,2015,1-Production,1-Production,2-Medium and High Alcohol %,478,24680073,Wine,FALSE
10,2015,1-Production,1-Production,4-Artificially Carbonated Wine,9,8709,Wine,FALSE
10,2015,1-Production,1-Production,5-Sparkling Wine,25,2692039,Wine,FALSE
10,2015,1-Production,1-Production,6-Hard Cider,43,1435357,Wine,FALSE
10,2015,2-Withdrawals,2-Taxable Withdrawals,1-Low Alcohol %,908,48789632,Wine,FALSE
10,2015,2-Withdrawals,2-Taxable Withdrawals,2-Medium and High Alcohol %,684,6192776,Wine,FALSE
10,2015,2-Withdrawals,2-Taxable Withdrawals,4-Artificially Carbonated Wine,66,89303,Wine,FALSE
10,2015,2-Withdrawals,2-Taxable Withdrawals,5-Sparkling Wine,205,2884161,Wine,FALSE
10,2015,2-Withdrawals,2-Taxable Withdrawals,6-Hard Cider,84,4230279,Wine,FALSE
10,2015,2-Withdrawals,2-Taxable Withdrawals by Bulk vs Bottled,1-Bottled,1038,59068660,Wine,FALSE
10,2015,2-Withdrawals,2-Taxable Withdrawals by Bulk vs Bottled,2-Bulk,64,3117491,Wine,FALSE
10,2015,2-Withdrawals,3-Tax Free Withdrawals,1-Low Alcohol %,511,9613183,Wine,FALSE
10,2015,2-Withdrawals,3-Tax Free Withdrawals,2-Medium and High Alcohol %,332,921344,Wine,FALSE
10,2015,2-Withdrawals,3-Tax Free Withdrawals,4-Artificially Carbonated/Sparkling Wine,104,169826,Wine,FALSE
10,2015,2-Withdrawals,3-Tax Free Withdrawals,6-Hard Cider,28,50486,Wine,FALSE
10,2015,2-Withdrawals,3-Tax Free Withdrawals For Export,1-Bottled Exports,133,5515120,Wine,FALSE
10,2015,2-Withdrawals,3-Tax Free Withdrawals For Export,2-Bulk Exports,21,3722840,Wine,FALSE
10,2015,4-Stocks on Hand End-of-Period,4-Stocks on Hand End-of-Period,1-Low Alcohol %,1454,841990231,Wine,FALSE
10,2015,4-Stocks on Hand End-of-Period,4-Stocks on Hand End-of-Period,2-Medium Alcohol %,1292,212294156,Wine,FALSE
10,2015,4-Stocks on Hand End-of-Period,4-Stocks on Hand End-of-Period,3-High Alcohol %,40,1049514,Wine,FALSE
10,2015,4-Stocks on Hand End-of-Period,4-Stocks on Hand End-of-Period,4-Artificially Carbonated Wine,86,612275,Wine,FALSE
10,2015,4-Stocks on Hand End-of-Period,4-Stocks on Hand End-of-Period,5-Sparkling Wine,288,21342176,Wine,FALSE
10,2015,4-Stocks on Hand End-of-Period,4-Stocks on Hand End-of-Period,6-Hard Cider,103,3484659,Wine,FALSE
10,2015,4-Stocks on Hand End-of-Period,4-Stocks on Hand End-of-Period by Bulk vs Bottled,1-Bottled,1155,205293452,Wine,FALSE
10,2015,4-Stocks on Hand End-of-Period,4-Stocks on Hand End-of-Period by Bulk vs Bottled,2-Bulk,1528,875479559,Wine,FALSE
11,2015,1-Production,0-Category Total,1-Production,794,85165670,Wine,FALSE
11,2015,2-Withdrawals,0-Category Total,2-Taxable Withdrawals,1067,62340758,Wine,FALSE
11,2015,2-Withdrawals,0-Category Total,2-Taxable Withdrawals by Bulk vs Bottled,1067,62340758,Wine,FALSE
11,2015,2-Withdrawals,0-Category Total,3-Tax Free Withdrawals,563,7843329,Wine,FALSE
11,2015,2-Withdrawals,0-Category Total,3-Tax Free Withdrawals For Export,137,6526520,Wine,FALSE
11,2015,4-Stocks on Hand End-of-Period,0-Category Total,4-Stocks on Hand End-of-Period,1656,1097224327,Wine,FALSE
11,2015,4-Stocks on Hand End-of-Period,0-Category Total,4-Stocks on Hand End-of-Period by Bulk vs Bottled,1656,1097224327,Wine,FALSE
11,2015,01-Count of IMs,01-Count of IMs,Number of Industry Members,1770,1770,Wine,FALSE
11,2015,1-Production,1-Production,1-Low Alcohol %,687,57961733,Wine,FALSE
11,2015,1-Production,1-Production,2-Medium and High Alcohol %,450,24031862,Wine,FALSE
11,2015,1-Production,1-Production,4-Artificially Carbonated Wine,10,5028,Wine,FALSE
11,2015,1-Production,1-Production,5-Sparkling Wine,23,1979163,Wine,FALSE
11,2015,1-Production,1-Production,6-Hard Cider,41,1187883,Wine,FALSE
11,2015,2-Withdrawals,2-Taxable Withdrawals,1-Low Alcohol %,911,48918176,Wine,FALSE
11,2015,2-Withdrawals,2-Taxable Withdrawals,2-Medium and High Alcohol %,696,5689737,Wine,FALSE
11,2015,2-Withdrawals,2-Taxable Withdrawals,4-Artificially Carbonated Wine,72,140196,Wine,FALSE
11,2015,2-Withdrawals,2-Taxable Withdrawals,5-Sparkling Wine,202,3509320,Wine,FALSE
11,2015,2-Withdrawals,2-Taxable Withdrawals,6-Hard Cider,80,4083330,Wine,FALSE
11,2015,2-Withdrawals,2-Taxable Withdrawals by Bulk vs Bottled,1-Bottled,1041,60458510,Wine,FALSE
11,2015,2-Withdrawals,2-Taxable Withdrawals by Bulk vs Bottled,2-Bulk,69,1882249,Wine,FALSE
11,2015,2-Withdrawals,3-Tax Free Withdrawals,1-Low Alcohol %,498,6481272,Wine,FALSE
11,2015,2-Withdrawals,3-Tax Free Withdrawals,2-Medium and High Alcohol %,312,1002177,Wine,FALSE
11,2015,2-Withdrawals,3-Tax Free Withdrawals,4-Artificially Carbonated/Sparkling Wine,108,280896,Wine,FALSE
11,2015,2-Withdrawals,3-Tax Free Withdrawals,6-Hard Cider,31,78985,Wine,FALSE
11,2015,2-Withdrawals,3-Tax Free Withdrawals For Export,1-Bottled Exports,123,5165947,Wine,FALSE
11,2015,2-Withdrawals,3-Tax Free Withdrawals For Export,2-Bulk Exports,23,1360574,Wine,FALSE
11,2015,4-Stocks on Hand End-of-Period,4-Stocks on Hand End-of-Period,1-Low Alcohol %,1446,844725924,Wine,FALSE
11,2015,4-Stocks on Hand End-of-Period,4-Stocks on Hand End-of-Period,2-Medium Alcohol %,1272,227852487,Wine,FALSE
11,2015,4-Stocks on Hand End-of-Period,4-Stocks on Hand End-of-Period,3-High Alcohol %,40,900739,Wine,FALSE
11,2015,4-Stocks on Hand End-of-Period,4-Stocks on Hand End-of-Period,4-Artificially Carbonated Wine,87,553432,Wine,FALSE
11,2015,4-Stocks on Hand End-of-Period,4-Stocks on Hand End-of-Period,5-Sparkling Wine,286,19551365,Wine,FALSE
11,2015,4-Stocks on Hand End-of-Period,4-Stocks on Hand End-of-Period,6-Hard Cider,99,3640381,Wine,FALSE
11,2015,4-Stocks on Hand End-of-Period,4-Stocks on Hand End-of-Period by Bulk vs Bottled,1-Bottled,1144,193355440,Wine,FALSE
11,2015,4-Stocks on Hand End-of-Period,4-Stocks on Hand End-of-Period by Bulk vs Bottled,2-Bulk,1514,903868887,Wine,FALSE
12,2015,1-Production,0-Category Total,1-Production,5238,121781591,Wine,FALSE
12,2015,2-Withdrawals,0-Category Total,2-Taxable Withdrawals,5127,71684507,Wine,FALSE
12,2015,2-Withdrawals,0-Category Total,2-Taxable Withdrawals by Bulk vs Bottled,5127,71684507,Wine,FALSE
12,2015,2-Withdrawals,0-Category Total,3-Tax Free Withdrawals,3026,9582267,Wine,FALSE
12,2015,2-Withdrawals,0-Category Total,3-Tax Free Withdrawals For Export,215,7129206,Wine,FALSE
12,2015,4-Stocks on Hand End-of-Period,0-Category Total,4-Stocks on Hand End-of-Period,6482,1169777241,Wine,FALSE
12,2015,4-Stocks on Hand End-of-Period,0-Category Total,4-Stocks on Hand End-of-Period by Bulk vs Bottled,6482,1169777241,Wine,FALSE
12,2015,01-Count of IMs,01-Count of IMs,Number of Industry Members,7304,7304,Wine,FALSE
12,2015,1-Production,1-Production,1-Low Alcohol %,4137,76877310,Wine,FALSE
12,2015,1-Production,1-Production,2-Medium and High Alcohol %,2673,40358262,Wine,FALSE
12,2015,1-Production,1-Production,4-Artificially Carbonated Wine,61,129698,Wine,FALSE
12,2015,1-Production,1-Production,5-Sparkling Wine,122,1301387,Wine,FALSE
12,2015,1-Production,1-Production,6-Hard Cider,320,3114934,Wine,FALSE
12,2015,2-Withdrawals,2-Taxable Withdrawals,1-Low Alcohol %,4276,53925185,Wine,FALSE
12,2015,2-Withdrawals,2-Taxable Withdrawals,2-Medium and High Alcohol %,2843,8784781,Wine,FALSE
12,2015,2-Withdrawals,2-Taxable Withdrawals,4-Artificially Carbonated Wine,183,189002,Wine,FALSE
12,2015,2-Withdrawals,2-Taxable Withdrawals,5-Sparkling Wine,478,3348893,Wine,FALSE
12,2015,2-Withdrawals,2-Taxable Withdrawals,6-Hard Cider,373,5436647,Wine,FALSE
12,2015,2-Withdrawals,2-Taxable Withdrawals by Bulk vs Bottled,1-Bottled,5004,68171130,Wine,FALSE
12,2015,2-Withdrawals,2-Taxable Withdrawals by Bulk vs Bottled,2-Bulk,385,3513378,Wine,FALSE
12,2015,2-Withdrawals,3-Tax Free Withdrawals,1-Low Alcohol %,2607,8391154,Wine,FALSE
12,2015,2-Withdrawals,3-Tax Free Withdrawals,2-Medium and High Alcohol %,1438,966409,Wine,FALSE
12,2015,2-Withdrawals,3-Tax Free Withdrawals,4-Artificially Carbonated/Sparkling Wine,258,146073,Wine,FALSE
12,2015,2-Withdrawals,3-Tax Free Withdrawals,6-Hard Cider,158,78632,Wine,FALSE
12,2015,2-Withdrawals,3-Tax Free Withdrawals For Export,1-Bottled Exports,191,4954158,Wine,FALSE
12,2015,2-Withdrawals,3-Tax Free Withdrawals For Export,2-Bulk Exports,36,2175048,Wine,FALSE
12,2015,4-Stocks on Hand End-of-Period,4-Stocks on Hand End-of-Period,1-Low Alcohol %,5396,878590250,Wine,FALSE
12,2015,4-Stocks on Hand End-of-Period,4-Stocks on Hand End-of-Period,2-Medium Alcohol %,4155,267686141,Wine,FALSE
12,2015,4-Stocks on Hand End-of-Period,4-Stocks on Hand End-of-Period,3-High Alcohol %,73,830257,Wine,FALSE
12,2015,4-Stocks on Hand End-of-Period,4-Stocks on Hand End-of-Period,4-Artificially Carbonated Wine,166,450767,Wine,FALSE
12,2015,4-Stocks on Hand End-of-Period,4-Stocks on Hand End-of-Period,5-Sparkling Wine,538,17401075,Wine,FALSE
12,2015,4-Stocks on Hand End-of-Period,4-Stocks on Hand End-of-Period,6-Hard Cider,395,4818751,Wine,FALSE
12,2015,4-Stocks on Hand End-of-Period,4-Stocks on Hand End-of-Period by Bulk vs Bottled,1-Bottled,4118,190109995,Wine,FALSE
12,2015,4-Stocks on Hand End-of-Period,4-Stocks on Hand End-of-Period by Bulk vs Bottled,2-Bulk,5954,979667246,Wine,FALSE
1,2016,1-Production,0-Category Total,1-Production,746,51244081,Wine,FALSE
1,2016,2-Withdrawals,0-Category Total,2-Taxable Withdrawals,1100,48267129,Wine,FALSE
1,2016,2-Withdrawals,0-Category Total,2-Taxable Withdrawals by Bulk vs Bottled,1100,48267129,Wine,FALSE
1,2016,2-Withdrawals,0-Category Total,3-Tax Free Withdrawals,575,9779534,Wine,FALSE
1,2016,2-Withdrawals,0-Category Total,3-Tax Free Withdrawals For Export,132,8703884,Wine,FALSE
1,2016,4-Stocks on Hand End-of-Period,0-Category Total,4-Stocks on Hand End-of-Period,1638,1117256593,Wine,FALSE
1,2016,4-Stocks on Hand End-of-Period,0-Category Total,4-Stocks on Hand End-of-Period by Bulk vs Bottled,1638,1117256593,Wine,FALSE
1,2016,01-Count of IMs,01-Count of IMs,Number of Industry Members,1763,1763,Wine,FALSE
1,2016,1-Production,1-Production,1-Low Alcohol %,647,34485924,Wine,FALSE
1,2016,1-Production,1-Production,2-Medium and High Alcohol %,452,13611051,Wine,FALSE
1,2016,1-Production,1-Production,4-Artificially Carbonated Wine,10,11050,Wine,FALSE
1,2016,1-Production,1-Production,5-Sparkling Wine,26,2304689,Wine,FALSE
1,2016,1-Production,1-Production,6-Hard Cider,45,831368,Wine,FALSE
1,2016,2-Withdrawals,2-Taxable Withdrawals,1-Low Alcohol %,942,38705458,Wine,FALSE
1,2016,2-Withdrawals,2-Taxable Withdrawals,2-Medium and High Alcohol %,686,4675859,Wine,FALSE
1,2016,2-Withdrawals,2-Taxable Withdrawals,4-Artificially Carbonated Wine,69,54272,Wine,FALSE
1,2016,2-Withdrawals,2-Taxable Withdrawals,5-Sparkling Wine,188,1362699,Wine,FALSE
1,2016,2-Withdrawals,2-Taxable Withdrawals,6-Hard Cider,82,3468842,Wine,FALSE
1,2016,2-Withdrawals,2-Taxable Withdrawals by Bulk vs Bottled,1-Bottled,1075,46402873,Wine,FALSE
1,2016,2-Withdrawals,2-Taxable Withdrawals by Bulk vs Bottled,2-Bulk,74,1864257,Wine,FALSE
1,2016,2-Withdrawals,3-Tax Free Withdrawals,1-Low Alcohol %,493,8752265,Wine,FALSE
1,2016,2-Withdrawals,3-Tax Free Withdrawals,2-Medium and High Alcohol %,327,889997,Wine,FALSE
1,2016,2-Withdrawals,3-Tax Free Withdrawals,4-Artificially Carbonated/Sparkling Wine,96,107787,Wine,FALSE
1,2016,2-Withdrawals,3-Tax Free Withdrawals,6-Hard Cider,30,29485,Wine,FALSE
1,2016,2-Withdrawals,3-Tax Free Withdrawals For Export,1-Bottled Exports,118,4647157,Wine,FALSE
1,2016,2-Withdrawals,3-Tax Free Withdrawals For Export,2-Bulk Exports,24,4056727,Wine,FALSE
1,2016,4-Stocks on Hand End-of-Period,4-Stocks on Hand End-of-Period,1-Low Alcohol %,1463,843750106,Wine,FALSE
1,2016,4-Stocks on Hand End-of-Period,4-Stocks on Hand End-of-Period,2-Medium Alcohol %,1240,251477536,Wine,FALSE
1,2016,4-Stocks on Hand End-of-Period,4-Stocks on Hand End-of-Period,3-High Alcohol %,46,889719,Wine,FALSE
1,2016,4-Stocks on Hand End-of-Period,4-Stocks on Hand End-of-Period,4-Artificially Carbonated Wine,85,402446,Wine,FALSE
1,2016,4-Stocks on Hand End-of-Period,4-Stocks on Hand End-of-Period,5-Sparkling Wine,279,16915042,Wine,FALSE
1,2016,4-Stocks on Hand End-of-Period,4-Stocks on Hand End-of-Period,6-Hard Cider,105,3821744,Wine,FALSE
1,2016,4-Stocks on Hand End-of-Period,4-Stocks on Hand End-of-Period by Bulk vs Bottled,1-Bottled,1150,181759772,Wine,FALSE
1,2016,4-Stocks on Hand End-of-Period,4-Stocks on Hand End-of-Period by Bulk vs Bottled,2-Bulk,1500,935496821,Wine,FALSE
2,2016,1-Production,0-Category Total,1-Production,676,31989256,Wine,FALSE
2,2016,2-Withdrawals,0-Category Total,2-Taxable Withdrawals,1131,54022671,Wine,FALSE
2,2016,2-Withdrawals,0-Category Total,2-Taxable Withdrawals by Bulk vs Bottled,1131,54022671,Wine,FALSE
2,2016,2-Withdrawals,0-Category Total,3-Tax Free Withdrawals,575,8643749,Wine,FALSE
2,2016,2-Withdrawals,0-Category Total,3-Tax Free Withdrawals For Export,128,7657056,Wine,FALSE
2,2016,4-Stocks on Hand End-of-Period,0-Category Total,4-Stocks on Hand End-of-Period,1620,1079615030,Wine,FALSE
2,2016,4-Stocks on Hand End-of-Period,0-Category Total,4-Stocks on Hand End-of-Period by Bulk vs Bottled,1620,1079615030,Wine,FALSE
2,2016,01-Count of IMs,01-Count of IMs,Number of Industry Members,1740,1740,Wine,FALSE
2,2016,1-Production,1-Production,1-Low Alcohol %,595,23863569,Wine,FALSE
2,2016,1-Production,1-Production,2-Medium and High Alcohol %,413,5389438,Wine,FALSE
2,2016,1-Production,1-Production,4-Artificially Carbonated Wine,8,15063,Wine,FALSE
2,2016,1-Production,1-Production,5-Sparkling Wine,27,1433695,Wine,FALSE
2,2016,1-Production,1-Production,6-Hard Cider,54,1287492,Wine,FALSE
2,2016,2-Withdrawals,2-Taxable Withdrawals,1-Low Alcohol %,973,44079982,Wine,FALSE
2,2016,2-Withdrawals,2-Taxable Withdrawals,2-Medium and High Alcohol %,733,4988658,Wine,FALSE
2,2016,2-Withdrawals,2-Taxable Withdrawals,4-Artificially Carbonated Wine,64,58932,Wine,FALSE
2,2016,2-Withdrawals,2-Taxable Withdrawals,5-Sparkling Wine,195,1507132,Wine,FALSE
2,2016,2-Withdrawals,2-Taxable Withdrawals,6-Hard Cider,88,3387968,Wine,FALSE
2,2016,2-Withdrawals,2-Taxable Withdrawals by Bulk vs Bottled,1-Bottled,1112,51339018,Wine,FALSE
2,2016,2-Withdrawals,2-Taxable Withdrawals by Bulk vs Bottled,2-Bulk,78,2683653,Wine,FALSE
2,2016,2-Withdrawals,3-Tax Free Withdrawals,1-Low Alcohol %,499,7739857,Wine,FALSE
2,2016,2-Withdrawals,3-Tax Free Withdrawals,2-Medium and High Alcohol %,315,750004,Wine,FALSE
2,2016,2-Withdrawals,3-Tax Free Withdrawals,4-Artificially Carbonated/Sparkling Wine,102,84847,Wine,FALSE
2,2016,2-Withdrawals,3-Tax Free Withdrawals,6-Hard Cider,34,69040,Wine,FALSE
2,2016,2-Withdrawals,3-Tax Free Withdrawals For Export,1-Bottled Exports,115,4911365,Wine,FALSE
2,2016,2-Withdrawals,3-Tax Free Withdrawals For Export,2-Bulk Exports,19,2745691,Wine,FALSE
2,2016,4-Stocks on Hand End-of-Period,4-Stocks on Hand End-of-Period,1-Low Alcohol %,1450,813085256,Wine,FALSE
2,2016,4-Stocks on Hand End-of-Period,4-Stocks on Hand End-of-Period,2-Medium Alcohol %,1236,244826246,Wine,FALSE
2,2016,4-Stocks on Hand End-of-Period,4-Stocks on Hand End-of-Period,3-High Alcohol %,42,798535,Wine,FALSE
2,2016,4-Stocks on Hand End-of-Period,4-Stocks on Hand End-of-Period,4-Artificially Carbonated Wine,80,304418,Wine,FALSE
2,2016,4-Stocks on Hand End-of-Period,4-Stocks on Hand End-of-Period,5-Sparkling Wine,282,16673648,Wine,FALSE
2,2016,4-Stocks on Hand End-of-Period,4-Stocks on Hand End-of-Period,6-Hard Cider,109,3926927,Wine,FALSE
2,2016,4-Stocks on Hand End-of-Period,4-Stocks on Hand End-of-Period by Bulk vs Bottled,1-Bottled,1146,180726105,Wine,FALSE
2,2016,4-Stocks on Hand End-of-Period,4-Stocks on Hand End-of-Period by Bulk vs Bottled,2-Bulk,1476,898888924,Wine,FALSE
3,2016,1-Production,0-Category Total,1-Production,1292,32350961,Wine,FALSE
3,2016,2-Withdrawals,0-Category Total,2-Taxable Withdrawals,2331,62771171,Wine,FALSE
3,2016,2-Withdrawals,0-Category Total,2-Taxable Withdrawals by Bulk vs Bottled,2331,62771171,Wine,FALSE
3,2016,2-Withdrawals,0-Category Total,3-Tax Free Withdrawals,1055,11061034,Wine,FALSE
3,2016,2-Withdrawals,0-Category Total,3-Tax Free Withdrawals For Export,173,9460590,Wine,FALSE
3,2016,4-Stocks on Hand End-of-Period,0-Category Total,4-Stocks on Hand End-of-Period,3138,1072548759,Wine,FALSE
3,2016,4-Stocks on Hand End-of-Period,0-Category Total,4-Stocks on Hand End-of-Period by Bulk vs Bottled,3138,1072548759,Wine,FALSE
3,2016,01-Count of IMs,01-Count of IMs,Number of Industry Members,3436,3436,Wine,FALSE
3,2016,1-Production,1-Production,1-Low Alcohol %,1061,18293646,Wine,FALSE
3,2016,1-Production,1-Production,2-Medium and High Alcohol %,747,9196449,Wine,FALSE
3,2016,1-Production,1-Production,4-Artificially Carbonated Wine,,,Wine,TRUE
3,2016,1-Production,1-Production,5-Sparkling Wine,50,2831858,Wine,FALSE
3,2016,1-Production,1-Production,6-Hard Cider,,,Wine,TRUE
3,2016,2-Withdrawals,2-Taxable Withdrawals,1-Low Alcohol %,1896,49985739,Wine,FALSE
3,2016,2-Withdrawals,2-Taxable Withdrawals,2-Medium and High Alcohol %,1520,7171058,Wine,FALSE
3,2016,2-Withdrawals,2-Taxable Withdrawals,4-Artificially Carbonated Wine,118,76201,Wine,FALSE
3,2016,2-Withdrawals,2-Taxable Withdrawals,5-Sparkling Wine,301,1659296,Wine,FALSE
3,2016,2-Withdrawals,2-Taxable Withdrawals,6-Hard Cider,182,3878877,Wine,FALSE
3,2016,2-Withdrawals,2-Taxable Withdrawals by Bulk vs Bottled,1-Bottled,2276,60668320,Wine,FALSE
3,2016,2-Withdrawals,2-Taxable Withdrawals by Bulk vs Bottled,2-Bulk,147,2102851,Wine,FALSE
3,2016,2-Withdrawals,3-Tax Free Withdrawals,1-Low Alcohol %,876,9914164,Wine,FALSE
3,2016,2-Withdrawals,3-Tax Free Withdrawals,2-Medium and High Alcohol %,621,1000566,Wine,FALSE
3,2016,2-Withdrawals,3-Tax Free Withdrawals,4-Artificially Carbonated/Sparkling Wine,153,88944,Wine,FALSE
3,2016,2-Withdrawals,3-Tax Free Withdrawals,6-Hard Cider,60,57360,Wine,FALSE
3,2016,2-Withdrawals,3-Tax Free Withdrawals For Export,1-Bottled Exports,157,5021508,Wine,FALSE
3,2016,2-Withdrawals,3-Tax Free Withdrawals For Export,2-Bulk Exports,24,4439082,Wine,FALSE
3,2016,4-Stocks on Hand End-of-Period,4-Stocks on Hand End-of-Period,1-Low Alcohol %,2602,797520845,Wine,FALSE
3,2016,4-Stocks on Hand End-of-Period,4-Stocks on Hand End-of-Period,2-Medium Alcohol %,2378,250004795,Wine,FALSE
3,2016,4-Stocks on Hand End-of-Period,4-Stocks on Hand End-of-Period,3-High Alcohol %,54,1599349,Wine,FALSE
3,2016,4-Stocks on Hand End-of-Period,4-Stocks on Hand End-of-Period,4-Artificially Carbonated Wine,129,353108,Wine,FALSE
3,2016,4-Stocks on Hand End-of-Period,4-Stocks on Hand End-of-Period,5-Sparkling Wine,396,18611633,Wine,FALSE
3,2016,4-Stocks on Hand End-of-Period,4-Stocks on Hand End-of-Period,6-Hard Cider,206,4459028,Wine,FALSE
3,2016,4-Stocks on Hand End-of-Period,4-Stocks on Hand End-of-Period by Bulk vs Bottled,1-Bottled,1949,190425253,Wine,FALSE
3,2016,4-Stocks on Hand End-of-Period,4-Stocks on Hand End-of-Period by Bulk vs Bottled,2-Bulk,2905,882123506,Wine,FALSE
4,2016,1-Production,0-Category Total,1-Production,637,13547375,Wine,FALSE
4,2016,2-Withdrawals,0-Category Total,2-Taxable Withdrawals,1145,55106678,Wine,FALSE
4,2016,2-Withdrawals,0-Category Total,2-Taxable Withdrawals by Bulk vs Bottled,1145,55106678,Wine,FALSE
4,2016,2-Withdrawals,0-Category Total,3-Tax Free Withdrawals,581,11364178,Wine,FALSE
4,2016,2-Withdrawals,0-Category Total,3-Tax Free Withdrawals For Export,130,7879182,Wine,FALSE
4,2016,4-Stocks on Hand End-of-Period,0-Category Total,4-Stocks on Hand End-of-Period,1618,995631899,Wine,FALSE
4,2016,4-Stocks on Hand End-of-Period,0-Category Total,4-Stocks on Hand End-of-Period by Bulk vs Bottled,1618,995631899,Wine,FALSE
4,2016,01-Count of IMs,01-Count of IMs,Number of Industry Members,1750,1750,Wine,FALSE
4,2016,1-Production,1-Production,1-Low Alcohol %,576,8759544,Wine,FALSE
4,2016,1-Production,1-Production,2-Medium and High Alcohol %,,,Wine,TRUE
4,2016,1-Production,1-Production,4-Artificially Carbonated Wine,8,5677,Wine,FALSE
4,2016,1-Production,1-Production,5-Sparkling Wine,35,3271485,Wine,FALSE
4,2016,1-Production,1-Production,6-Hard Cider,,,Wine,TRUE
4,2016,2-Withdrawals,2-Taxable Withdrawals,1-Low Alcohol %,971,44221642,Wine,FALSE
4,2016,2-Withdrawals,2-Taxable Withdrawals,2-Medium and High Alcohol %,732,5304361,Wine,FALSE
4,2016,2-Withdrawals,2-Taxable Withdrawals,4-Artificially Carbonated Wine,70,61110,Wine,FALSE
4,2016,2-Withdrawals,2-Taxable Withdrawals,5-Sparkling Wine,201,1975608,Wine,FALSE
4,2016,2-Withdrawals,2-Taxable Withdrawals,6-Hard Cider,83,3543957,Wine,FALSE
4,2016,2-Withdrawals,2-Taxable Withdrawals by Bulk vs Bottled,1-Bottled,1124,52201125,Wine,FALSE
4,2016,2-Withdrawals,2-Taxable Withdrawals by Bulk vs Bottled,2-Bulk,69,2905553,Wine,FALSE
4,2016,2-Withdrawals,3-Tax Free Withdrawals,1-Low Alcohol %,496,7578000,Wine,FALSE
4,2016,2-Withdrawals,3-Tax Free Withdrawals,2-Medium and High Alcohol %,335,3595051,Wine,FALSE
4,2016,2-Withdrawals,3-Tax Free Withdrawals,4-Artificially Carbonated/Sparkling Wine,105,105165,Wine,FALSE
4,2016,2-Withdrawals,3-Tax Free Withdrawals,6-Hard Cider,27,85962,Wine,FALSE
4,2016,2-Withdrawals,3-Tax Free Withdrawals For Export,1-Bottled Exports,117,4209999,Wine,FALSE
4,2016,2-Withdrawals,3-Tax Free Withdrawals For Export,2-Bulk Exports,21,3669182,Wine,FALSE
4,2016,4-Stocks on Hand End-of-Period,4-Stocks on Hand End-of-Period,1-Low Alcohol %,1437,745328375,Wine,FALSE
4,2016,4-Stocks on Hand End-of-Period,4-Stocks on Hand End-of-Period,2-Medium Alcohol %,1221,225622990,Wine,FALSE
4,2016,4-Stocks on Hand End-of-Period,4-Stocks on Hand End-of-Period,3-High Alcohol %,43,1561221,Wine,FALSE
4,2016,4-Stocks on Hand End-of-Period,4-Stocks on Hand End-of-Period,4-Artificially Carbonated Wine,88,309942,Wine,FALSE
4,2016,4-Stocks on Hand End-of-Period,4-Stocks on Hand End-of-Period,5-Sparkling Wine,280,19279874,Wine,FALSE
4,2016,4-Stocks on Hand End-of-Period,4-Stocks on Hand End-of-Period,6-Hard Cider,108,3529497,Wine,FALSE
4,2016,4-Stocks on Hand End-of-Period,4-Stocks on Hand End-of-Period by Bulk vs Bottled,1-Bottled,1149,188919849,Wine,FALSE
4,2016,4-Stocks on Hand End-of-Period,4-Stocks on Hand End-of-Period by Bulk vs Bottled,2-Bulk,1471,806712050,Wine,FALSE
5,2016,1-Production,0-Category Total,1-Production,654,12343928,Wine,FALSE
5,2016,2-Withdrawals,0-Category Total,2-Taxable Withdrawals,1146,55109398,Wine,FALSE
5,2016,2-Withdrawals,0-Category Total,2-Taxable Withdrawals by Bulk vs Bottled,1146,55109398,Wine,FALSE
5,2016,2-Withdrawals,0-Category Total,3-Tax Free Withdrawals,590,9218460,Wine,FALSE
5,2016,2-Withdrawals,0-Category Total,3-Tax Free Withdrawals For Export,138,7968736,Wine,FALSE
5,2016,4-Stocks on Hand End-of-Period,0-Category Total,4-Stocks on Hand End-of-Period,1607,946409598,Wine,FALSE
5,2016,4-Stocks on Hand End-of-Period,0-Category Total,4-Stocks on Hand End-of-Period by Bulk vs Bottled,1607,946409598,Wine,FALSE
5,2016,01-Count of IMs,01-Count of IMs,Number of Industry Members,1742,1742,Wine,FALSE
5,2016,1-Production,1-Production,1-Low Alcohol %,585,4610760,Wine,FALSE
5,2016,1-Production,1-Production,2-Medium and High Alcohol %,399,2979176,Wine,FALSE
5,2016,1-Production,1-Production,4-Artificially Carbonated Wine,11,14272,Wine,FALSE
5,2016,1-Production,1-Production,5-Sparkling Wine,33,3232077,Wine,FALSE
5,2016,1-Production,1-Production,6-Hard Cider,51,1507644,Wine,FALSE
5,2016,2-Withdrawals,2-Taxable Withdrawals,1-Low Alcohol %,966,44190607,Wine,FALSE
5,2016,2-Withdrawals,2-Taxable Withdrawals,2-Medium and High Alcohol %,735,4898716,Wine,FALSE
5,2016,2-Withdrawals,2-Taxable Withdrawals,4-Artificially Carbonated Wine,75,75434,Wine,FALSE
5,2016,2-Withdrawals,2-Taxable Withdrawals,5-Sparkling Wine,205,1901839,Wine,FALSE
5,2016,2-Withdrawals,2-Taxable Withdrawals,6-Hard Cider,96,4042802,Wine,FALSE
5,2016,2-Withdrawals,2-Taxable Withdrawals by Bulk vs Bottled,1-Bottled,1122,52544094,Wine,FALSE
5,2016,2-Withdrawals,2-Taxable Withdrawals by Bulk vs Bottled,2-Bulk,78,2565304,Wine,FALSE
5,2016,2-Withdrawals,3-Tax Free Withdrawals,1-Low Alcohol %,506,7644234,Wine,FALSE
5,2016,2-Withdrawals,3-Tax Free Withdrawals,2-Medium and High Alcohol %,327,1439214,Wine,FALSE
5,2016,2-Withdrawals,3-Tax Free Withdrawals,4-Artificially Carbonated/Sparkling Wine,,,Wine,TRUE
5,2016,2-Withdrawals,3-Tax Free Withdrawals,6-Hard Cider,,,Wine,TRUE
5,2016,2-Withdrawals,3-Tax Free Withdrawals For Export,1-Bottled Exports,122,4439186,Wine,FALSE
5,2016,2-Withdrawals,3-Tax Free Withdrawals For Export,2-Bulk Exports,25,3529550,Wine,FALSE
5,2016,4-Stocks on Hand End-of-Period,4-Stocks on Hand End-of-Period,1-Low Alcohol %,1426,703019651,Wine,FALSE
5,2016,4-Stocks on Hand End-of-Period,4-Stocks on Hand End-of-Period,2-Medium Alcohol %,1213,217382192,Wine,FALSE
5,2016,4-Stocks on Hand End-of-Period,4-Stocks on Hand End-of-Period,3-High Alcohol %,46,1522225,Wine,FALSE
5,2016,4-Stocks on Hand End-of-Period,4-Stocks on Hand End-of-Period,4-Artificially Carbonated Wine,87,314962,Wine,FALSE
5,2016,4-Stocks on Hand End-of-Period,4-Stocks on Hand End-of-Period,5-Sparkling Wine,282,20397886,Wine,FALSE
5,2016,4-Stocks on Hand End-of-Period,4-Stocks on Hand End-of-Period,6-Hard Cider,111,3772682,Wine,FALSE
5,2016,4-Stocks on Hand End-of-Period,4-Stocks on Hand End-of-Period by Bulk vs Bottled,1-Bottled,1159,194721999,Wine,FALSE
5,2016,4-Stocks on Hand End-of-Period,4-Stocks on Hand End-of-Period by Bulk vs Bottled,2-Bulk,1452,751687599,Wine,FALSE
6,2016,1-Production,0-Category Total,1-Production,1145,12488194,Wine,FALSE
6,2016,2-Withdrawals,0-Category Total,2-Taxable Withdrawals,2285,63792892,Wine,FALSE
6,2016,2-Withdrawals,0-Category Total,2-Taxable Withdrawals by Bulk vs Bottled,2285,63792892,Wine,FALSE
6,2016,2-Withdrawals,0-Category Total,3-Tax Free Withdrawals,1010,10567835,Wine,FALSE
6,2016,2-Withdrawals,0-Category Total,3-Tax Free Withdrawals For Export,166,9084320,Wine,FALSE
6,2016,4-Stocks on Hand End-of-Period,0-Category Total,4-Stocks on Hand End-of-Period,3099,912752083,Wine,FALSE
6,2016,4-Stocks on Hand End-of-Period,0-Category Total,4-Stocks on Hand End-of-Period by Bulk vs Bottled,3099,912752083,Wine,FALSE
6,2016,01-Count of IMs,01-Count of IMs,Number of Industry Members,3410,3410,Wine,FALSE
6,2016,1-Production,1-Production,1-Low Alcohol %,989,3668515,Wine,FALSE
6,2016,1-Production,1-Production,2-Medium and High Alcohol %,614,2311805,Wine,FALSE
6,2016,1-Production,1-Production,4-Artificially Carbonated Wine,,,Wine,TRUE
6,2016,1-Production,1-Production,5-Sparkling Wine,61,3242165,Wine,FALSE
6,2016,1-Production,1-Production,6-Hard Cider,,,Wine,TRUE
6,2016,2-Withdrawals,2-Taxable Withdrawals,1-Low Alcohol %,1840,49536044,Wine,FALSE
6,2016,2-Withdrawals,2-Taxable Withdrawals,2-Medium and High Alcohol %,1507,6761267,Wine,FALSE
6,2016,2-Withdrawals,2-Taxable Withdrawals,4-Artificially Carbonated Wine,123,196571,Wine,FALSE
6,2016,2-Withdrawals,2-Taxable Withdrawals,5-Sparkling Wine,304,2058186,Wine,FALSE
6,2016,2-Withdrawals,2-Taxable Withdrawals,6-Hard Cider,202,5240823,Wine,FALSE
6,2016,2-Withdrawals,2-Taxable Withdrawals by Bulk vs Bottled,1-Bottled,2230,62273986,Wine,FALSE
6,2016,2-Withdrawals,2-Taxable Withdrawals by Bulk vs Bottled,2-Bulk,160,1518907,Wine,FALSE
6,2016,2-Withdrawals,3-Tax Free Withdrawals,1-Low Alcohol %,841,9168672,Wine,FALSE
6,2016,2-Withdrawals,3-Tax Free Withdrawals,2-Medium and High Alcohol %,612,1216188,Wine,FALSE
6,2016,2-Withdrawals,3-Tax Free Withdrawals,4-Artificially Carbonated/Sparkling Wine,149,75469,Wine,FALSE
6,2016,2-Withdrawals,3-Tax Free Withdrawals,6-Hard Cider,56,107505,Wine,FALSE
6,2016,2-Withdrawals,3-Tax Free Withdrawals For Export,1-Bottled Exports,149,5258621,Wine,FALSE
6,2016,2-Withdrawals,3-Tax Free Withdrawals For Export,2-Bulk Exports,26,3825699,Wine,FALSE
6,2016,4-Stocks on Hand End-of-Period,4-Stocks on Hand End-of-Period,1-Low Alcohol %,2530,669630161,Wine,FALSE
6,2016,4-Stocks on Hand End-of-Period,4-Stocks on Hand End-of-Period,2-Medium Alcohol %,2349,215992263,Wine,FALSE
6,2016,4-Stocks on Hand End-of-Period,4-Stocks on Hand End-of-Period,3-High Alcohol %,59,1104771,Wine,FALSE
6,2016,4-Stocks on Hand End-of-Period,4-Stocks on Hand End-of-Period,4-Artificially Carbonated Wine,137,328313,Wine,FALSE
6,2016,4-Stocks on Hand End-of-Period,4-Stocks on Hand End-of-Period,5-Sparkling Wine,402,21409987,Wine,FALSE
6,2016,4-Stocks on Hand End-of-Period,4-Stocks on Hand End-of-Period,6-Hard Cider,214,4286587,Wine,FALSE
6,2016,4-Stocks on Hand End-of-Period,4-Stocks on Hand End-of-Period by Bulk vs Bottled,1-Bottled,1937,204784924,Wine,FALSE
6,2016,4-Stocks on Hand End-of-Period,4-Stocks on Hand End-of-Period by Bulk vs Bottled,2-Bulk,2848,707967159,Wine,FALSE
7,2016,1-Production,0-Category Total,1-Production,629,10484238,Wine,FALSE
7,2016,2-Withdrawals,0-Category Total,2-Taxable Withdrawals,1159,51487865,Wine,FALSE
7,2016,2-Withdrawals,0-Category Total,2-Taxable Withdrawals by Bulk vs Bottled,1159,51487865,Wine,FALSE
7,2016,2-Withdrawals,0-Category Total,3-Tax Free Withdrawals,589,8975346,Wine,FALSE
7,2016,2-Withdrawals,0-Category Total,3-Tax Free Withdrawals For Export,147,8205627,Wine,FALSE
7,2016,4-Stocks on Hand End-of-Period,0-Category Total,4-Stocks on Hand End-of-Period,1621,841725654,Wine,FALSE
7,2016,4-Stocks on Hand End-of-Period,0-Category Total,4-Stocks on Hand End-of-Period by Bulk vs Bottled,1621,841725654,Wine,FALSE
7,2016,01-Count of IMs,01-Count of IMs,Number of Industry Members,1754,1754,Wine,FALSE
7,2016,1-Production,1-Production,1-Low Alcohol %,569,12750214,Wine,FALSE
7,2016,1-Production,1-Production,2-Medium and High Alcohol %,354,-5497289,Wine,FALSE
7,2016,1-Production,1-Production,4-Artificially Carbonated Wine,11,8657,Wine,FALSE
7,2016,1-Production,1-Production,5-Sparkling Wine,31,2122676,Wine,FALSE
7,2016,1-Production,1-Production,6-Hard Cider,52,1099982,Wine,FALSE
7,2016,2-Withdrawals,2-Taxable Withdrawals,1-Low Alcohol %,978,40990550,Wine,FALSE
7,2016,2-Withdrawals,2-Taxable Withdrawals,2-Medium and High Alcohol %,751,4658333,Wine,FALSE
7,2016,2-Withdrawals,2-Taxable Withdrawals,4-Artificially Carbonated Wine,78,51980,Wine,FALSE
7,2016,2-Withdrawals,2-Taxable Withdrawals,5-Sparkling Wine,211,1797493,Wine,FALSE
7,2016,2-Withdrawals,2-Taxable Withdrawals,6-Hard Cider,90,3989509,Wine,FALSE
7,2016,2-Withdrawals,2-Taxable Withdrawals by Bulk vs Bottled,1-Bottled,1138,47588506,Wine,FALSE
7,2016,2-Withdrawals,2-Taxable Withdrawals by Bulk vs Bottled,2-Bulk,71,3899359,Wine,FALSE
7,2016,2-Withdrawals,3-Tax Free Withdrawals,1-Low Alcohol %,508,7968645,Wine,FALSE
7,2016,2-Withdrawals,3-Tax Free Withdrawals,2-Medium and High Alcohol %,338,825830,Wine,FALSE
7,2016,2-Withdrawals,3-Tax Free Withdrawals,4-Artificially Carbonated/Sparkling Wine,98,68899,Wine,FALSE
7,2016,2-Withdrawals,3-Tax Free Withdrawals,6-Hard Cider,33,111972,Wine,FALSE
7,2016,2-Withdrawals,3-Tax Free Withdrawals For Export,1-Bottled Exports,130,4166066,Wine,FALSE
7,2016,2-Withdrawals,3-Tax Free Withdrawals For Export,2-Bulk Exports,25,4039561,Wine,FALSE
7,2016,4-Stocks on Hand End-of-Period,4-Stocks on Hand End-of-Period,1-Low Alcohol %,1420,620987220,Wine,FALSE
7,2016,4-Stocks on Hand End-of-Period,4-Stocks on Hand End-of-Period,2-Medium Alcohol %,1239,193840231,Wine,FALSE
7,2016,4-Stocks on Hand End-of-Period,4-Stocks on Hand End-of-Period,3-High Alcohol %,43,1030049,Wine,FALSE
7,2016,4-Stocks on Hand End-of-Period,4-Stocks on Hand End-of-Period,4-Artificially Carbonated Wine,89,314522,Wine,FALSE
7,2016,4-Stocks on Hand End-of-Period,4-Stocks on Hand End-of-Period,5-Sparkling Wine,285,21585925,Wine,FALSE
7,2016,4-Stocks on Hand End-of-Period,4-Stocks on Hand End-of-Period,6-Hard Cider,109,3967708,Wine,FALSE
7,2016,4-Stocks on Hand End-of-Period,4-Stocks on Hand End-of-Period by Bulk vs Bottled,1-Bottled,1170,202407311,Wine,FALSE
7,2016,4-Stocks on Hand End-of-Period,4-Stocks on Hand End-of-Period by Bulk vs Bottled,2-Bulk,1471,639318343,Wine,FALSE
8,2016,1-Production,0-Category Total,1-Production,644,91025721,Wine,FALSE
8,2016,2-Withdrawals,0-Category Total,2-Taxable Withdrawals,1180,57494375,Wine,FALSE
8,2016,2-Withdrawals,0-Category Total,2-Taxable Withdrawals by Bulk vs Bottled,1180,57494375,Wine,FALSE
8,2016,2-Withdrawals,0-Category Total,3-Tax Free Withdrawals,586,11413105,Wine,FALSE
8,2016,2-Withdrawals,0-Category Total,3-Tax Free Withdrawals For Export,138,10034237,Wine,FALSE
8,2016,4-Stocks on Hand End-of-Period,0-Category Total,4-Stocks on Hand End-of-Period,1620,855669445,Wine,FALSE
8,2016,4-Stocks on Hand End-of-Period,0-Category Total,4-Stocks on Hand End-of-Period by Bulk vs Bottled,1620,855669445,Wine,FALSE
8,2016,01-Count of IMs,01-Count of IMs,Number of Industry Members,1763,1763,Wine,FALSE
8,2016,1-Production,1-Production,1-Low Alcohol %,579,69960839,Wine,FALSE
8,2016,1-Production,1-Production,2-Medium and High Alcohol %,372,16962422,Wine,FALSE
8,2016,1-Production,1-Production,4-Artificially Carbonated Wine,8,20114,Wine,FALSE
8,2016,1-Production,1-Production,5-Sparkling Wine,27,2912058,Wine,FALSE
8,2016,1-Production,1-Production,6-Hard Cider,50,1170288,Wine,FALSE
8,2016,2-Withdrawals,2-Taxable Withdrawals,1-Low Alcohol %,985,44571623,Wine,FALSE
8,2016,2-Withdrawals,2-Taxable Withdrawals,2-Medium and High Alcohol %,769,6280827,Wine,FALSE
8,2016,2-Withdrawals,2-Taxable Withdrawals,4-Artificially Carbonated Wine,70,66992,Wine,FALSE
8,2016,2-Withdrawals,2-Taxable Withdrawals,5-Sparkling Wine,209,2190328,Wine,FALSE
8,2016,2-Withdrawals,2-Taxable Withdrawals,6-Hard Cider,97,4384604,Wine,FALSE
8,2016,2-Withdrawals,2-Taxable Withdrawals by Bulk vs Bottled,1-Bottled,1159,56186095,Wine,FALSE
8,2016,2-Withdrawals,2-Taxable Withdrawals by Bulk vs Bottled,2-Bulk,86,1308280,Wine,FALSE
8,2016,2-Withdrawals,3-Tax Free Withdrawals,1-Low Alcohol %,510,10059147,Wine,FALSE
8,2016,2-Withdrawals,3-Tax Free Withdrawals,2-Medium and High Alcohol %,338,1108006,Wine,FALSE
8,2016,2-Withdrawals,3-Tax Free Withdrawals,4-Artificially Carbonated/Sparkling Wine,97,138674,Wine,FALSE
8,2016,2-Withdrawals,3-Tax Free Withdrawals,6-Hard Cider,32,107279,Wine,FALSE
8,2016,2-Withdrawals,3-Tax Free Withdrawals For Export,1-Bottled Exports,117,5450434,Wine,FALSE
8,2016,2-Withdrawals,3-Tax Free Withdrawals For Export,2-Bulk Exports,29,4583803,Wine,FALSE
8,2016,4-Stocks on Hand End-of-Period,4-Stocks on Hand End-of-Period,1-Low Alcohol %,1406,640640663,Wine,FALSE
8,2016,4-Stocks on Hand End-of-Period,4-Stocks on Hand End-of-Period,2-Medium Alcohol %,1237,180885911,Wine,FALSE
8,2016,4-Stocks on Hand End-of-Period,4-Stocks on Hand End-of-Period,3-High Alcohol %,,,Wine,TRUE
8,2016,4-Stocks on Hand End-of-Period,4-Stocks on Hand End-of-Period,4-Artificially Carbonated Wine,83,280547,Wine,FALSE
8,2016,4-Stocks on Hand End-of-Period,4-Stocks on Hand End-of-Period,5-Sparkling Wine,293,21946833,Wine,FALSE
8,2016,4-Stocks on Hand End-of-Period,4-Stocks on Hand End-of-Period,6-Hard Cider,,,Wine,TRUE
8,2016,4-Stocks on Hand End-of-Period,4-Stocks on Hand End-of-Period by Bulk vs Bottled,1-Bottled,1177,213303762,Wine,FALSE
8,2016,4-Stocks on Hand End-of-Period,4-Stocks on Hand End-of-Period by Bulk vs Bottled,2-Bulk,1466,642365682,Wine,FALSE
9,2016,1-Production,0-Category Total,1-Production,1359,158239705,Wine,FALSE
9,2016,2-Withdrawals,0-Category Total,2-Taxable Withdrawals,2256,65046497,Wine,FALSE
9,2016,2-Withdrawals,0-Category Total,2-Taxable Withdrawals by Bulk vs Bottled,2256,65046497,Wine,FALSE
9,2016,2-Withdrawals,0-Category Total,3-Tax Free Withdrawals,982,11230857,Wine,FALSE
9,2016,2-Withdrawals,0-Category Total,3-Tax Free Withdrawals For Export,164,9227381,Wine,FALSE
9,2016,4-Stocks on Hand End-of-Period,0-Category Total,4-Stocks on Hand End-of-Period,3090,943448210,Wine,FALSE
9,2016,4-Stocks on Hand End-of-Period,0-Category Total,4-Stocks on Hand End-of-Period by Bulk vs Bottled,3090,943448210,Wine,FALSE
9,2016,01-Count of IMs,01-Count of IMs,Number of Industry Members,3431,3431,Wine,FALSE
9,2016,1-Production,1-Production,1-Low Alcohol %,1130,142199304,Wine,FALSE
9,2016,1-Production,1-Production,2-Medium and High Alcohol %,657,11359862,Wine,FALSE
9,2016,1-Production,1-Production,4-Artificially Carbonated Wine,28,130992,Wine,FALSE
9,2016,1-Production,1-Production,5-Sparkling Wine,48,2653933,Wine,FALSE
9,2016,1-Production,1-Production,6-Hard Cider,144,1895613,Wine,FALSE
9,2016,2-Withdrawals,2-Taxable Withdrawals,1-Low Alcohol %,1787,49645956,Wine,FALSE
9,2016,2-Withdrawals,2-Taxable Withdrawals,2-Medium and High Alcohol %,1487,7650771,Wine,FALSE
9,2016,2-Withdrawals,2-Taxable Withdrawals,4-Artificially Carbonated Wine,123,124746,Wine,FALSE
9,2016,2-Withdrawals,2-Taxable Withdrawals,5-Sparkling Wine,321,3065544,Wine,FALSE
9,2016,2-Withdrawals,2-Taxable Withdrawals,6-Hard Cider,214,4559480,Wine,FALSE
9,2016,2-Withdrawals,2-Taxable Withdrawals by Bulk vs Bottled,1-Bottled,2204,63104949,Wine,FALSE
9,2016,2-Withdrawals,2-Taxable Withdrawals by Bulk vs Bottled,2-Bulk,150,1941548,Wine,FALSE
9,2016,2-Withdrawals,3-Tax Free Withdrawals,1-Low Alcohol %,824,9968757,Wine,FALSE
9,2016,2-Withdrawals,3-Tax Free Withdrawals,2-Medium and High Alcohol %,575,1022179,Wine,FALSE
9,2016,2-Withdrawals,3-Tax Free Withdrawals,4-Artificially Carbonated/Sparkling Wine,150,176895,Wine,FALSE
9,2016,2-Withdrawals,3-Tax Free Withdrawals,6-Hard Cider,59,63026,Wine,FALSE
9,2016,2-Withdrawals,3-Tax Free Withdrawals For Export,1-Bottled Exports,148,4931370,Wine,FALSE
9,2016,2-Withdrawals,3-Tax Free Withdrawals For Export,2-Bulk Exports,24,4296011,Wine,FALSE
9,2016,4-Stocks on Hand End-of-Period,4-Stocks on Hand End-of-Period,1-Low Alcohol %,2494,728103164,Wine,FALSE
9,2016,4-Stocks on Hand End-of-Period,4-Stocks on Hand End-of-Period,2-Medium Alcohol %,2338,188249222,Wine,FALSE
9,2016,4-Stocks on Hand End-of-Period,4-Stocks on Hand End-of-Period,3-High Alcohol %,56,1026508,Wine,FALSE
9,2016,4-Stocks on Hand End-of-Period,4-Stocks on Hand End-of-Period,4-Artificially Carbonated Wine,136,379973,Wine,FALSE
9,2016,4-Stocks on Hand End-of-Period,4-Stocks on Hand End-of-Period,5-Sparkling Wine,411,21000869,Wine,FALSE
9,2016,4-Stocks on Hand End-of-Period,4-Stocks on Hand End-of-Period,6-Hard Cider,211,4688474,Wine,FALSE
9,2016,4-Stocks on Hand End-of-Period,4-Stocks on Hand End-of-Period by Bulk vs Bottled,1-Bottled,1926,216597536,Wine,FALSE
9,2016,4-Stocks on Hand End-of-Period,4-Stocks on Hand End-of-Period by Bulk vs Bottled,2-Bulk,2824,726850674,Wine,FALSE
10,2016,1-Production,0-Category Total,1-Production,851,160293174,Wine,FALSE
10,2016,2-Withdrawals,0-Category Total,2-Taxable Withdrawals,1039,61410095,Wine,FALSE
10,2016,2-Withdrawals,0-Category Total,2-Taxable Withdrawals by Bulk vs Bottled,1039,61410095,Wine,FALSE
10,2016,2-Withdrawals,0-Category Total,3-Tax Free Withdrawals,562,10400211,Wine,FALSE
10,2016,2-Withdrawals,0-Category Total,3-Tax Free Withdrawals For Export,138,8711999,Wine,FALSE
10,2016,4-Stocks on Hand End-of-Period,0-Category Total,4-Stocks on Hand End-of-Period,1623,1011705655,Wine,FALSE
10,2016,4-Stocks on Hand End-of-Period,0-Category Total,4-Stocks on Hand End-of-Period by Bulk vs Bottled,1623,1011705655,Wine,FALSE
10,2016,01-Count of IMs,01-Count of IMs,Number of Industry Members,1771,1771,Wine,FALSE
10,2016,1-Production,1-Production,1-Low Alcohol %,730,142365590,Wine,FALSE
10,2016,1-Production,1-Production,2-Medium and High Alcohol %,433,13947321,Wine,FALSE
10,2016,1-Production,1-Production,4-Artificially Carbonated Wine,6,2991,Wine,FALSE
10,2016,1-Production,1-Production,5-Sparkling Wine,27,2741837,Wine,FALSE
10,2016,1-Production,1-Production,6-Hard Cider,52,1235436,Wine,FALSE
10,2016,2-Withdrawals,2-Taxable Withdrawals,1-Low Alcohol %,904,49034092,Wine,FALSE
10,2016,2-Withdrawals,2-Taxable Withdrawals,2-Medium and High Alcohol %,656,5850806,Wine,FALSE
10,2016,2-Withdrawals,2-Taxable Withdrawals,4-Artificially Carbonated Wine,76,89430,Wine,FALSE
10,2016,2-Withdrawals,2-Taxable Withdrawals,5-Sparkling Wine,199,3011231,Wine,FALSE
10,2016,2-Withdrawals,2-Taxable Withdrawals,6-Hard Cider,92,3424537,Wine,FALSE
10,2016,2-Withdrawals,2-Taxable Withdrawals by Bulk vs Bottled,1-Bottled,1020,59576702,Wine,FALSE
10,2016,2-Withdrawals,2-Taxable Withdrawals by Bulk vs Bottled,2-Bulk,68,1833394,Wine,FALSE
10,2016,2-Withdrawals,3-Tax Free Withdrawals,1-Low Alcohol %,492,8996682,Wine,FALSE
10,2016,2-Withdrawals,3-Tax Free Withdrawals,2-Medium and High Alcohol %,305,1225746,Wine,FALSE
10,2016,2-Withdrawals,3-Tax Free Withdrawals,4-Artificially Carbonated/Sparkling Wine,102,139408,Wine,FALSE
10,2016,2-Withdrawals,3-Tax Free Withdrawals,6-Hard Cider,32,38376,Wine,FALSE
10,2016,2-Withdrawals,3-Tax Free Withdrawals For Export,1-Bottled Exports,123,4693475,Wine,FALSE
10,2016,2-Withdrawals,3-Tax Free Withdrawals For Export,2-Bulk Exports,22,4018524,Wine,FALSE
10,2016,4-Stocks on Hand End-of-Period,4-Stocks on Hand End-of-Period,1-Low Alcohol %,1426,803504556,Wine,FALSE
10,2016,4-Stocks on Hand End-of-Period,4-Stocks on Hand End-of-Period,2-Medium Alcohol %,1223,181559578,Wine,FALSE
10,2016,4-Stocks on Hand End-of-Period,4-Stocks on Hand End-of-Period,3-High Alcohol %,47,1049808,Wine,FALSE
10,2016,4-Stocks on Hand End-of-Period,4-Stocks on Hand End-of-Period,4-Artificially Carbonated Wine,86,386482,Wine,FALSE
10,2016,4-Stocks on Hand End-of-Period,4-Stocks on Hand End-of-Period,5-Sparkling Wine,283,20571465,Wine,FALSE
10,2016,4-Stocks on Hand End-of-Period,4-Stocks on Hand End-of-Period,6-Hard Cider,112,4633767,Wine,FALSE
10,2016,4-Stocks on Hand End-of-Period,4-Stocks on Hand End-of-Period by Bulk vs Bottled,1-Bottled,1144,204334703,Wine,FALSE
10,2016,4-Stocks on Hand End-of-Period,4-Stocks on Hand End-of-Period by Bulk vs Bottled,2-Bulk,1470,807370952,Wine,FALSE
11,2016,1-Production,0-Category Total,1-Production,844,122269737,Wine,FALSE
11,2016,2-Withdrawals,0-Category Total,2-Taxable Withdrawals,1065,64212216,Wine,FALSE
11,2016,2-Withdrawals,0-Category Total,2-Taxable Withdrawals by Bulk vs Bottled,1065,64212216,Wine,FALSE
11,2016,2-Withdrawals,0-Category Total,3-Tax Free Withdrawals,555,8597277,Wine,FALSE
11,2016,2-Withdrawals,0-Category Total,3-Tax Free Withdrawals For Export,132,7028181,Wine,FALSE
11,2016,4-Stocks on Hand End-of-Period,0-Category Total,4-Stocks on Hand End-of-Period,1615,1060682327,Wine,FALSE
11,2016,4-Stocks on Hand End-of-Period,0-Category Total,4-Stocks on Hand End-of-Period by Bulk vs Bottled,1615,1060682327,Wine,FALSE
11,2016,01-Count of IMs,01-Count of IMs,Number of Industry Members,1757,1757,Wine,FALSE
11,2016,1-Production,1-Production,1-Low Alcohol %,727,89771882,Wine,FALSE
11,2016,1-Production,1-Production,2-Medium and High Alcohol %,468,29107824,Wine,FALSE
11,2016,1-Production,1-Production,4-Artificially Carbonated Wine,,,Wine,TRUE
11,2016,1-Production,1-Production,5-Sparkling Wine,30,2513197,Wine,FALSE
11,2016,1-Production,1-Production,6-Hard Cider,,,Wine,TRUE
11,2016,2-Withdrawals,2-Taxable Withdrawals,1-Low Alcohol %,916,50972715,Wine,FALSE
11,2016,2-Withdrawals,2-Taxable Withdrawals,2-Medium and High Alcohol %,680,5814147,Wine,FALSE
11,2016,2-Withdrawals,2-Taxable Withdrawals,4-Artificially Carbonated Wine,72,141644,Wine,FALSE
11,2016,2-Withdrawals,2-Taxable Withdrawals,5-Sparkling Wine,214,3726244,Wine,FALSE
11,2016,2-Withdrawals,2-Taxable Withdrawals,6-Hard Cider,87,3557466,Wine,FALSE
11,2016,2-Withdrawals,2-Taxable Withdrawals by Bulk vs Bottled,1-Bottled,1048,62574264,Wine,FALSE
11,2016,2-Withdrawals,2-Taxable Withdrawals by Bulk vs Bottled,2-Bulk,80,1637952,Wine,FALSE
11,2016,2-Withdrawals,3-Tax Free Withdrawals,1-Low Alcohol %,481,7175625,Wine,FALSE
11,2016,2-Withdrawals,3-Tax Free Withdrawals,2-Medium and High Alcohol %,309,1184197,Wine,FALSE
11,2016,2-Withdrawals,3-Tax Free Withdrawals,4-Artificially Carbonated/Sparkling Wine,98,179741,Wine,FALSE
11,2016,2-Withdrawals,3-Tax Free Withdrawals,6-Hard Cider,30,57714,Wine,FALSE
11,2016,2-Withdrawals,3-Tax Free Withdrawals For Export,1-Bottled Exports,120,4636152,Wine,FALSE
11,2016,2-Withdrawals,3-Tax Free Withdrawals For Export,2-Bulk Exports,22,2392030,Wine,FALSE
11,2016,4-Stocks on Hand End-of-Period,4-Stocks on Hand End-of-Period,1-Low Alcohol %,1427,836754970,Wine,FALSE
11,2016,4-Stocks on Hand End-of-Period,4-Stocks on Hand End-of-Period,2-Medium Alcohol %,1214,199088792,Wine,FALSE
11,2016,4-Stocks on Hand End-of-Period,4-Stocks on Hand End-of-Period,3-High Alcohol %,42,1002252,Wine,FALSE
11,2016,4-Stocks on Hand End-of-Period,4-Stocks on Hand End-of-Period,4-Artificially Carbonated Wine,88,330334,Wine,FALSE
11,2016,4-Stocks on Hand End-of-Period,4-Stocks on Hand End-of-Period,5-Sparkling Wine,290,19225340,Wine,FALSE
11,2016,4-Stocks on Hand End-of-Period,4-Stocks on Hand End-of-Period,6-Hard Cider,110,4280640,Wine,FALSE
11,2016,4-Stocks on Hand End-of-Period,4-Stocks on Hand End-of-Period by Bulk vs Bottled,1-Bottled,1135,193313829,Wine,FALSE
11,2016,4-Stocks on Hand End-of-Period,4-Stocks on Hand End-of-Period by Bulk vs Bottled,2-Bulk,1464,867368498,Wine,FALSE
12,2016,1-Production,0-Category Total,1-Production,5440,160935122,Wine,FALSE
12,2016,2-Withdrawals,0-Category Total,2-Taxable Withdrawals,5317,72615474,Wine,FALSE
12,2016,2-Withdrawals,0-Category Total,2-Taxable Withdrawals by Bulk vs Bottled,5317,72615474,Wine,FALSE
12,2016,2-Withdrawals,0-Category Total,3-Tax Free Withdrawals,3068,10265644,Wine,FALSE
12,2016,2-Withdrawals,0-Category Total,3-Tax Free Withdrawals For Export,213,7292525,Wine,FALSE
12,2016,4-Stocks on Hand End-of-Period,0-Category Total,4-Stocks on Hand End-of-Period,6679,1170062604,Wine,FALSE
12,2016,4-Stocks on Hand End-of-Period,0-Category Total,4-Stocks on Hand End-of-Period by Bulk vs Bottled,6679,1170062604,Wine,FALSE
12,2016,01-Count of IMs,01-Count of IMs,Number of Industry Members,7644,7644,Wine,FALSE
12,2016,1-Production,1-Production,1-Low Alcohol %,4300,104495996,Wine,FALSE
12,2016,1-Production,1-Production,2-Medium and High Alcohol %,2729,51489268,Wine,FALSE
12,2016,1-Production,1-Production,4-Artificially Carbonated Wine,72,105772,Wine,FALSE
12,2016,1-Production,1-Production,5-Sparkling Wine,134,1634964,Wine,FALSE
12,2016,1-Production,1-Production,6-Hard Cider,416,3209122,Wine,FALSE
12,2016,2-Withdrawals,2-Taxable Withdrawals,1-Low Alcohol %,4413,55092026,Wine,FALSE
12,2016,2-Withdrawals,2-Taxable Withdrawals,2-Medium and High Alcohol %,2902,9010384,Wine,FALSE
12,2016,2-Withdrawals,2-Taxable Withdrawals,4-Artificially Carbonated Wine,210,192477,Wine,FALSE
12,2016,2-Withdrawals,2-Taxable Withdrawals,5-Sparkling Wine,500,3283727,Wine,FALSE
12,2016,2-Withdrawals,2-Taxable Withdrawals,6-Hard Cider,490,5036859,Wine,FALSE
12,2016,2-Withdrawals,2-Taxable Withdrawals by Bulk vs Bottled,1-Bottled,5187,69615724,Wine,FALSE
12,2016,2-Withdrawals,2-Taxable Withdrawals by Bulk vs Bottled,2-Bulk,415,2999750,Wine,FALSE
12,2016,2-Withdrawals,3-Tax Free Withdrawals,1-Low Alcohol %,2607,8280274,Wine,FALSE
12,2016,2-Withdrawals,3-Tax Free Withdrawals,2-Medium and High Alcohol %,1422,1172107,Wine,FALSE
12,2016,2-Withdrawals,3-Tax Free Withdrawals,4-Artificially Carbonated/Sparkling Wine,,,Wine,TRUE
12,2016,2-Withdrawals,3-Tax Free Withdrawals,6-Hard Cider,,,Wine,TRUE
12,2016,2-Withdrawals,3-Tax Free Withdrawals For Export,1-Bottled Exports,182,4018431,Wine,FALSE
12,2016,2-Withdrawals,3-Tax Free Withdrawals For Export,2-Bulk Exports,41,3274094,Wine,FALSE
12,2016,4-Stocks on Hand End-of-Period,4-Stocks on Hand End-of-Period,1-Low Alcohol %,5522,892721411,Wine,FALSE
12,2016,4-Stocks on Hand End-of-Period,4-Stocks on Hand End-of-Period,2-Medium Alcohol %,4212,253421776,Wine,FALSE
12,2016,4-Stocks on Hand End-of-Period,4-Stocks on Hand End-of-Period,3-High Alcohol %,77,1435190,Wine,FALSE
12,2016,4-Stocks on Hand End-of-Period,4-Stocks on Hand End-of-Period,4-Artificially Carbonated Wine,186,317307,Wine,FALSE
12,2016,4-Stocks on Hand End-of-Period,4-Stocks on Hand End-of-Period,5-Sparkling Wine,586,16861408,Wine,FALSE
12,2016,4-Stocks on Hand End-of-Period,4-Stocks on Hand End-of-Period,6-Hard Cider,480,5305512,Wine,FALSE
12,2016,4-Stocks on Hand End-of-Period,4-Stocks on Hand End-of-Period by Bulk vs Bottled,1-Bottled,4228,189277885,Wine,FALSE
12,2016,4-Stocks on Hand End-of-Period,4-Stocks on Hand End-of-Period by Bulk vs Bottled,2-Bulk,6108,980784720,Wine,FALSE
1,2017,1-Production,0-Category Total,1-Production,783,66788746,Wine,FALSE
1,2017,2-Withdrawals,0-Category Total,2-Taxable Withdrawals,1134,49452156,Wine,FALSE
1,2017,2-Withdrawals,0-Category Total,2-Taxable Withdrawals by Bulk vs Bottled,1134,49452156,Wine,FALSE
1,2017,2-Withdrawals,0-Category Total,3-Tax Free Withdrawals,569,8725199,Wine,FALSE
1,2017,2-Withdrawals,0-Category Total,3-Tax Free Withdrawals For Export,131,7039678,Wine,FALSE
1,2017,4-Stocks on Hand End-of-Period,0-Category Total,4-Stocks on Hand End-of-Period,1655,1130346531,Wine,FALSE
1,2017,4-Stocks on Hand End-of-Period,0-Category Total,4-Stocks on Hand End-of-Period by Bulk vs Bottled,1655,1130346531,Wine,FALSE
1,2017,01-Count of IMs,01-Count of IMs,Number of Industry Members,1806,1806,Wine,FALSE
1,2017,1-Production,1-Production,1-Low Alcohol %,670,45771591,Wine,FALSE
1,2017,1-Production,1-Production,2-Medium and High Alcohol %,466,17025649,Wine,FALSE
1,2017,1-Production,1-Production,4-Artificially Carbonated Wine,6,4506,Wine,FALSE
1,2017,1-Production,1-Production,5-Sparkling Wine,29,3045803,Wine,FALSE
1,2017,1-Production,1-Production,6-Hard Cider,51,941196,Wine,FALSE
1,2017,2-Withdrawals,2-Taxable Withdrawals,1-Low Alcohol %,972,39560190,Wine,FALSE
1,2017,2-Withdrawals,2-Taxable Withdrawals,2-Medium and High Alcohol %,694,4983296,Wine,FALSE
1,2017,2-Withdrawals,2-Taxable Withdrawals,4-Artificially Carbonated Wine,73,33407,Wine,FALSE
1,2017,2-Withdrawals,2-Taxable Withdrawals,5-Sparkling Wine,195,1716073,Wine,FALSE
1,2017,2-Withdrawals,2-Taxable Withdrawals,6-Hard Cider,95,3159192,Wine,FALSE
1,2017,2-Withdrawals,2-Taxable Withdrawals by Bulk vs Bottled,1-Bottled,1111,48404820,Wine,FALSE
1,2017,2-Withdrawals,2-Taxable Withdrawals by Bulk vs Bottled,2-Bulk,81,1047336,Wine,FALSE
1,2017,2-Withdrawals,3-Tax Free Withdrawals,1-Low Alcohol %,482,7228102,Wine,FALSE
1,2017,2-Withdrawals,3-Tax Free Withdrawals,2-Medium and High Alcohol %,312,1154054,Wine,FALSE
1,2017,2-Withdrawals,3-Tax Free Withdrawals,4-Artificially Carbonated/Sparkling Wine,95,73620,Wine,FALSE
1,2017,2-Withdrawals,3-Tax Free Withdrawals,6-Hard Cider,31,269424,Wine,FALSE
1,2017,2-Withdrawals,3-Tax Free Withdrawals For Export,1-Bottled Exports,118,3701358,Wine,FALSE
1,2017,2-Withdrawals,3-Tax Free Withdrawals For Export,2-Bulk Exports,21,3338320,Wine,FALSE
1,2017,4-Stocks on Hand End-of-Period,4-Stocks on Hand End-of-Period,1-Low Alcohol %,1471,866657750,Wine,FALSE
1,2017,4-Stocks on Hand End-of-Period,4-Stocks on Hand End-of-Period,2-Medium Alcohol %,1242,239495053,Wine,FALSE
1,2017,4-Stocks on Hand End-of-Period,4-Stocks on Hand End-of-Period,3-High Alcohol %,47,2224292,Wine,FALSE
1,2017,4-Stocks on Hand End-of-Period,4-Stocks on Hand End-of-Period,4-Artificially Carbonated Wine,85,207655,Wine,FALSE
1,2017,4-Stocks on Hand End-of-Period,4-Stocks on Hand End-of-Period,5-Sparkling Wine,288,17936328,Wine,FALSE
1,2017,4-Stocks on Hand End-of-Period,4-Stocks on Hand End-of-Period,6-Hard Cider,121,3825451,Wine,FALSE
1,2017,4-Stocks on Hand End-of-Period,4-Stocks on Hand End-of-Period by Bulk vs Bottled,1-Bottled,1160,182018408,Wine,FALSE
1,2017,4-Stocks on Hand End-of-Period,4-Stocks on Hand End-of-Period by Bulk vs Bottled,2-Bulk,1509,948328123,Wine,FALSE
2,2017,1-Production,0-Category Total,1-Production,681,44731148,Wine,FALSE
2,2017,2-Withdrawals,0-Category Total,2-Taxable Withdrawals,1123,50951313,Wine,FALSE
2,2017,2-Withdrawals,0-Category Total,2-Taxable Withdrawals by Bulk vs Bottled,1123,50951313,Wine,FALSE
2,2017,2-Withdrawals,0-Category Total,3-Tax Free Withdrawals,570,8641943,Wine,FALSE
2,2017,2-Withdrawals,0-Category Total,3-Tax Free Withdrawals For Export,134,7081185,Wine,FALSE
2,2017,4-Stocks on Hand End-of-Period,0-Category Total,4-Stocks on Hand End-of-Period,1630,1111482167,Wine,FALSE
2,2017,4-Stocks on Hand End-of-Period,0-Category Total,4-Stocks on Hand End-of-Period by Bulk vs Bottled,1630,1111482167,Wine,FALSE
2,2017,01-Count of IMs,01-Count of IMs,Number of Industry Members,1777,1777,Wine,FALSE
2,2017,1-Production,1-Production,1-Low Alcohol %,591,27732634,Wine,FALSE
2,2017,1-Production,1-Production,2-Medium and High Alcohol %,403,13637773,Wine,FALSE
2,2017,1-Production,1-Production,4-Artificially Carbonated Wine,6,1885,Wine,FALSE
2,2017,1-Production,1-Production,5-Sparkling Wine,25,2381077,Wine,FALSE
2,2017,1-Production,1-Production,6-Hard Cider,54,977779,Wine,FALSE
2,2017,2-Withdrawals,2-Taxable Withdrawals,1-Low Alcohol %,958,41475747,Wine,FALSE
2,2017,2-Withdrawals,2-Taxable Withdrawals,2-Medium and High Alcohol %,713,4771090,Wine,FALSE
2,2017,2-Withdrawals,2-Taxable Withdrawals,4-Artificially Carbonated Wine,74,42852,Wine,FALSE
2,2017,2-Withdrawals,2-Taxable Withdrawals,5-Sparkling Wine,197,1746110,Wine,FALSE
2,2017,2-Withdrawals,2-Taxable Withdrawals,6-Hard Cider,90,2915514,Wine,FALSE
2,2017,2-Withdrawals,2-Taxable Withdrawals by Bulk vs Bottled,1-Bottled,1103,49035595,Wine,FALSE
2,2017,2-Withdrawals,2-Taxable Withdrawals by Bulk vs Bottled,2-Bulk,75,1915718,Wine,FALSE
2,2017,2-Withdrawals,3-Tax Free Withdrawals,1-Low Alcohol %,494,7379779,Wine,FALSE
2,2017,2-Withdrawals,3-Tax Free Withdrawals,2-Medium and High Alcohol %,313,945705,Wine,FALSE
2,2017,2-Withdrawals,3-Tax Free Withdrawals,4-Artificially Carbonated/Sparkling Wine,95,100163,Wine,FALSE
2,2017,2-Withdrawals,3-Tax Free Withdrawals,6-Hard Cider,27,216297,Wine,FALSE
2,2017,2-Withdrawals,3-Tax Free Withdrawals For Export,1-Bottled Exports,119,3967272,Wine,FALSE
2,2017,2-Withdrawals,3-Tax Free Withdrawals For Export,2-Bulk Exports,22,3113913,Wine,FALSE
2,2017,4-Stocks on Hand End-of-Period,4-Stocks on Hand End-of-Period,1-Low Alcohol %,1440,849387996,Wine,FALSE
2,2017,4-Stocks on Hand End-of-Period,4-Stocks on Hand End-of-Period,2-Medium Alcohol %,1227,239665686,Wine,FALSE
2,2017,4-Stocks on Hand End-of-Period,4-Stocks on Hand End-of-Period,3-High Alcohol %,51,1064238,Wine,FALSE
2,2017,4-Stocks on Hand End-of-Period,4-Stocks on Hand End-of-Period,4-Artificially Carbonated Wine,86,256512,Wine,FALSE
2,2017,4-Stocks on Hand End-of-Period,4-Stocks on Hand End-of-Period,5-Sparkling Wine,288,17550676,Wine,FALSE
2,2017,4-Stocks on Hand End-of-Period,4-Stocks on Hand End-of-Period,6-Hard Cider,122,3557059,Wine,FALSE
2,2017,4-Stocks on Hand End-of-Period,4-Stocks on Hand End-of-Period by Bulk vs Bottled,1-Bottled,1158,184801299,Wine,FALSE
2,2017,4-Stocks on Hand End-of-Period,4-Stocks on Hand End-of-Period by Bulk vs Bottled,2-Bulk,1487,926680867,Wine,FALSE
3,2017,1-Production,0-Category Total,1-Production,1362,27622408,Wine,FALSE
3,2017,2-Withdrawals,0-Category Total,2-Taxable Withdrawals,2374,62865691,Wine,FALSE
3,2017,2-Withdrawals,0-Category Total,2-Taxable Withdrawals by Bulk vs Bottled,2374,62865691,Wine,FALSE
3,2017,2-Withdrawals,0-Category Total,3-Tax Free Withdrawals,1029,10794811,Wine,FALSE
3,2017,2-Withdrawals,0-Category Total,3-Tax Free Withdrawals For Export,158,8569034,Wine,FALSE
3,2017,4-Stocks on Hand End-of-Period,0-Category Total,4-Stocks on Hand End-of-Period,3196,1099279191,Wine,FALSE
3,2017,4-Stocks on Hand End-of-Period,0-Category Total,4-Stocks on Hand End-of-Period by Bulk vs Bottled,3196,1099279191,Wine,FALSE
3,2017,01-Count of IMs,01-Count of IMs,Number of Industry Members,3526,3526,Wine,FALSE
3,2017,1-Production,1-Production,1-Low Alcohol %,1103,16295549,Wine,FALSE
3,2017,1-Production,1-Production,2-Medium and High Alcohol %,739,5658462,Wine,FALSE
3,2017,1-Production,1-Production,4-Artificially Carbonated Wine,25,115293,Wine,FALSE
3,2017,1-Production,1-Production,5-Sparkling Wine,51,3449808,Wine,FALSE
3,2017,1-Production,1-Production,6-Hard Cider,177,2103296,Wine,FALSE
3,2017,2-Withdrawals,2-Taxable Withdrawals,1-Low Alcohol %,1945,49387601,Wine,FALSE
3,2017,2-Withdrawals,2-Taxable Withdrawals,2-Medium and High Alcohol %,1510,7427492,Wine,FALSE
3,2017,2-Withdrawals,2-Taxable Withdrawals,4-Artificially Carbonated Wine,135,61546,Wine,FALSE
3,2017,2-Withdrawals,2-Taxable Withdrawals,5-Sparkling Wine,308,1677250,Wine,FALSE
3,2017,2-Withdrawals,2-Taxable Withdrawals,6-Hard Cider,243,4311803,Wine,FALSE
3,2017,2-Withdrawals,2-Taxable Withdrawals by Bulk vs Bottled,1-Bottled,2316,60866286,Wine,FALSE
3,2017,2-Withdrawals,2-Taxable Withdrawals by Bulk vs Bottled,2-Bulk,183,1999405,Wine,FALSE
3,2017,2-Withdrawals,3-Tax Free Withdrawals,1-Low Alcohol %,847,8620605,Wine,FALSE
3,2017,2-Withdrawals,3-Tax Free Withdrawals,2-Medium and High Alcohol %,595,1503435,Wine,FALSE
3,2017,2-Withdrawals,3-Tax Free Withdrawals,4-Artificially Carbonated/Sparkling Wine,147,123828,Wine,FALSE
3,2017,2-Withdrawals,3-Tax Free Withdrawals,6-Hard Cider,66,546943,Wine,FALSE
3,2017,2-Withdrawals,3-Tax Free Withdrawals For Export,1-Bottled Exports,143,4244040,Wine,FALSE
3,2017,2-Withdrawals,3-Tax Free Withdrawals For Export,2-Bulk Exports,24,4324994,Wine,FALSE
3,2017,4-Stocks on Hand End-of-Period,4-Stocks on Hand End-of-Period,1-Low Alcohol %,2628,827045177,Wine,FALSE
3,2017,4-Stocks on Hand End-of-Period,4-Stocks on Hand End-of-Period,2-Medium Alcohol %,2414,246138879,Wine,FALSE
3,2017,4-Stocks on Hand End-of-Period,4-Stocks on Hand End-of-Period,3-High Alcohol %,60,1786877,Wine,FALSE
3,2017,4-Stocks on Hand End-of-Period,4-Stocks on Hand End-of-Period,4-Artificially Carbonated Wine,141,282479,Wine,FALSE
3,2017,4-Stocks on Hand End-of-Period,4-Stocks on Hand End-of-Period,5-Sparkling Wine,429,19884023,Wine,FALSE
3,2017,4-Stocks on Hand End-of-Period,4-Stocks on Hand End-of-Period,6-Hard Cider,257,4141755,Wine,FALSE
3,2017,4-Stocks on Hand End-of-Period,4-Stocks on Hand End-of-Period by Bulk vs Bottled,1-Bottled,1997,197362067,Wine,FALSE
3,2017,4-Stocks on Hand End-of-Period,4-Stocks on Hand End-of-Period by Bulk vs Bottled,2-Bulk,2942,901917123,Wine,FALSE
4,2017,1-Production,0-Category Total,1-Production,632,11591648,Wine,FALSE
4,2017,2-Withdrawals,0-Category Total,2-Taxable Withdrawals,1147,50951399,Wine,FALSE
4,2017,2-Withdrawals,0-Category Total,2-Taxable Withdrawals by Bulk vs Bottled,1147,50951399,Wine,FALSE
4,2017,2-Withdrawals,0-Category Total,3-Tax Free Withdrawals,585,9752412,Wine,FALSE
4,2017,2-Withdrawals,0-Category Total,3-Tax Free Withdrawals For Export,133,7924102,Wine,FALSE
4,2017,4-Stocks on Hand End-of-Period,0-Category Total,4-Stocks on Hand End-of-Period,1640,1027369473,Wine,FALSE
4,2017,4-Stocks on Hand End-of-Period,0-Category Total,4-Stocks on Hand End-of-Period by Bulk vs Bottled,1640,1027369473,Wine,FALSE
4,2017,01-Count of IMs,01-Count of IMs,Number of Industry Members,1784,1784,Wine,FALSE
4,2017,1-Production,1-Production,1-Low Alcohol %,569,7529140,Wine,FALSE
4,2017,1-Production,1-Production,2-Medium and High Alcohol %,,,Wine,TRUE
4,2017,1-Production,1-Production,4-Artificially Carbonated Wine,9,3031,Wine,FALSE
4,2017,1-Production,1-Production,5-Sparkling Wine,42,2990951,Wine,FALSE
4,2017,1-Production,1-Production,6-Hard Cider,,,Wine,TRUE
4,2017,2-Withdrawals,2-Taxable Withdrawals,1-Low Alcohol %,977,41038848,Wine,FALSE
4,2017,2-Withdrawals,2-Taxable Withdrawals,2-Medium and High Alcohol %,725,4806413,Wine,FALSE
4,2017,2-Withdrawals,2-Taxable Withdrawals,4-Artificially Carbonated Wine,76,59759,Wine,FALSE
4,2017,2-Withdrawals,2-Taxable Withdrawals,5-Sparkling Wine,205,1860594,Wine,FALSE
4,2017,2-Withdrawals,2-Taxable Withdrawals,6-Hard Cider,95,3185785,Wine,FALSE
4,2017,2-Withdrawals,2-Taxable Withdrawals by Bulk vs Bottled,1-Bottled,1128,50056238,Wine,FALSE
4,2017,2-Withdrawals,2-Taxable Withdrawals by Bulk vs Bottled,2-Bulk,71,895161,Wine,FALSE
4,2017,2-Withdrawals,3-Tax Free Withdrawals,1-Low Alcohol %,506,7603252,Wine,FALSE
4,2017,2-Withdrawals,3-Tax Free Withdrawals,2-Medium and High Alcohol %,331,1923970,Wine,FALSE
4,2017,2-Withdrawals,3-Tax Free Withdrawals,4-Artificially Carbonated/Sparkling Wine,98,120466,Wine,FALSE
4,2017,2-Withdrawals,3-Tax Free Withdrawals,6-Hard Cider,33,104725,Wine,FALSE
4,2017,2-Withdrawals,3-Tax Free Withdrawals For Export,1-Bottled Exports,119,4122978,Wine,FALSE
4,2017,2-Withdrawals,3-Tax Free Withdrawals For Export,2-Bulk Exports,24,3801124,Wine,FALSE
4,2017,4-Stocks on Hand End-of-Period,4-Stocks on Hand End-of-Period,1-Low Alcohol %,1433,776262745,Wine,FALSE
4,2017,4-Stocks on Hand End-of-Period,4-Stocks on Hand End-of-Period,2-Medium Alcohol %,1244,226485682,Wine,FALSE
4,2017,4-Stocks on Hand End-of-Period,4-Stocks on Hand End-of-Period,3-High Alcohol %,50,1003651,Wine,FALSE
4,2017,4-Stocks on Hand End-of-Period,4-Stocks on Hand End-of-Period,4-Artificially Carbonated Wine,86,267425,Wine,FALSE
4,2017,4-Stocks on Hand End-of-Period,4-Stocks on Hand End-of-Period,5-Sparkling Wine,293,20068501,Wine,FALSE
4,2017,4-Stocks on Hand End-of-Period,4-Stocks on Hand End-of-Period,6-Hard Cider,120,3281468,Wine,FALSE
4,2017,4-Stocks on Hand End-of-Period,4-Stocks on Hand End-of-Period by Bulk vs Bottled,1-Bottled,1161,196536582,Wine,FALSE
4,2017,4-Stocks on Hand End-of-Period,4-Stocks on Hand End-of-Period by Bulk vs Bottled,2-Bulk,1487,830832891,Wine,FALSE
5,2017,1-Production,0-Category Total,1-Production,640,13867818,Wine,FALSE
5,2017,2-Withdrawals,0-Category Total,2-Taxable Withdrawals,1130,58925006,Wine,FALSE
5,2017,2-Withdrawals,0-Category Total,2-Taxable Withdrawals by Bulk vs Bottled,1130,58925006,Wine,FALSE
5,2017,2-Withdrawals,0-Category Total,3-Tax Free Withdrawals,597,10687232,Wine,FALSE
5,2017,2-Withdrawals,0-Category Total,3-Tax Free Withdrawals For Export,142,9613472,Wine,FALSE
5,2017,4-Stocks on Hand End-of-Period,0-Category Total,4-Stocks on Hand End-of-Period,1622,975906603,Wine,FALSE
5,2017,4-Stocks on Hand End-of-Period,0-Category Total,4-Stocks on Hand End-of-Period by Bulk vs Bottled,1622,975906603,Wine,FALSE
5,2017,01-Count of IMs,01-Count of IMs,Number of Industry Members,1777,1777,Wine,FALSE
5,2017,1-Production,1-Production,1-Low Alcohol %,579,10608061,Wine,FALSE
5,2017,1-Production,1-Production,2-Medium and High Alcohol %,381,-1496085,Wine,FALSE
5,2017,1-Production,1-Production,4-Artificially Carbonated Wine,16,21650,Wine,FALSE
5,2017,1-Production,1-Production,5-Sparkling Wine,39,3339482,Wine,FALSE
5,2017,1-Production,1-Production,6-Hard Cider,49,1394710,Wine,FALSE
5,2017,2-Withdrawals,2-Taxable Withdrawals,1-Low Alcohol %,982,47287987,Wine,FALSE
5,2017,2-Withdrawals,2-Taxable Withdrawals,2-Medium and High Alcohol %,726,5121594,Wine,FALSE
5,2017,2-Withdrawals,2-Taxable Withdrawals,4-Artificially Carbonated Wine,80,70685,Wine,FALSE
5,2017,2-Withdrawals,2-Taxable Withdrawals,5-Sparkling Wine,222,2399860,Wine,FALSE
5,2017,2-Withdrawals,2-Taxable Withdrawals,6-Hard Cider,98,4044879,Wine,FALSE
5,2017,2-Withdrawals,2-Taxable Withdrawals by Bulk vs Bottled,1-Bottled,1111,57947389,Wine,FALSE
5,2017,2-Withdrawals,2-Taxable Withdrawals by Bulk vs Bottled,2-Bulk,71,977616,Wine,FALSE
5,2017,2-Withdrawals,3-Tax Free Withdrawals,1-Low Alcohol %,505,9241624,Wine,FALSE
5,2017,2-Withdrawals,3-Tax Free Withdrawals,2-Medium and High Alcohol %,338,1196431,Wine,FALSE
5,2017,2-Withdrawals,3-Tax Free Withdrawals,4-Artificially Carbonated/Sparkling Wine,106,120166,Wine,FALSE
5,2017,2-Withdrawals,3-Tax Free Withdrawals,6-Hard Cider,36,129011,Wine,FALSE
5,2017,2-Withdrawals,3-Tax Free Withdrawals For Export,1-Bottled Exports,129,4616807,Wine,FALSE
5,2017,2-Withdrawals,3-Tax Free Withdrawals For Export,2-Bulk Exports,23,4996666,Wine,FALSE
5,2017,4-Stocks on Hand End-of-Period,4-Stocks on Hand End-of-Period,1-Low Alcohol %,1416,736671648,Wine,FALSE
5,2017,4-Stocks on Hand End-of-Period,4-Stocks on Hand End-of-Period,2-Medium Alcohol %,1235,213111382,Wine,FALSE
5,2017,4-Stocks on Hand End-of-Period,4-Stocks on Hand End-of-Period,3-High Alcohol %,51,1546226,Wine,FALSE
5,2017,4-Stocks on Hand End-of-Period,4-Stocks on Hand End-of-Period,4-Artificially Carbonated Wine,89,228257,Wine,FALSE
5,2017,4-Stocks on Hand End-of-Period,4-Stocks on Hand End-of-Period,5-Sparkling Wine,293,20961506,Wine,FALSE
5,2017,4-Stocks on Hand End-of-Period,4-Stocks on Hand End-of-Period,6-Hard Cider,123,3387584,Wine,FALSE
5,2017,4-Stocks on Hand End-of-Period,4-Stocks on Hand End-of-Period by Bulk vs Bottled,1-Bottled,1163,201716620,Wine,FALSE
5,2017,4-Stocks on Hand End-of-Period,4-Stocks on Hand End-of-Period by Bulk vs Bottled,2-Bulk,1466,774189983,Wine,FALSE
6,2017,1-Production,0-Category Total,1-Production,1172,14185245,Wine,FALSE
6,2017,2-Withdrawals,0-Category Total,2-Taxable Withdrawals,2379,62853519,Wine,FALSE
6,2017,2-Withdrawals,0-Category Total,2-Taxable Withdrawals by Bulk vs Bottled,2379,62853519,Wine,FALSE
6,2017,2-Withdrawals,0-Category Total,3-Tax Free Withdrawals,1028,10474666,Wine,FALSE
6,2017,2-Withdrawals,0-Category Total,3-Tax Free Withdrawals For Export,176,8608888,Wine,FALSE
6,2017,4-Stocks on Hand End-of-Period,0-Category Total,4-Stocks on Hand End-of-Period,3173,945071594,Wine,FALSE
6,2017,4-Stocks on Hand End-of-Period,0-Category Total,4-Stocks on Hand End-of-Period by Bulk vs Bottled,3173,945071594,Wine,FALSE
6,2017,01-Count of IMs,01-Count of IMs,Number of Industry Members,3523,3523,Wine,FALSE
6,2017,1-Production,1-Production,1-Low Alcohol %,1002,8095185,Wine,FALSE
6,2017,1-Production,1-Production,2-Medium and High Alcohol %,,,Wine,TRUE
6,2017,1-Production,1-Production,4-Artificially Carbonated Wine,,,Wine,TRUE
6,2017,1-Production,1-Production,5-Sparkling Wine,58,3316634,Wine,FALSE
6,2017,1-Production,1-Production,6-Hard Cider,161,2326548,Wine,FALSE
6,2017,2-Withdrawals,2-Taxable Withdrawals,1-Low Alcohol %,1946,49322796,Wine,FALSE
6,2017,2-Withdrawals,2-Taxable Withdrawals,2-Medium and High Alcohol %,1538,6109855,Wine,FALSE
6,2017,2-Withdrawals,2-Taxable Withdrawals,4-Artificially Carbonated Wine,154,125751,Wine,FALSE
6,2017,2-Withdrawals,2-Taxable Withdrawals,5-Sparkling Wine,322,2131298,Wine,FALSE
6,2017,2-Withdrawals,2-Taxable Withdrawals,6-Hard Cider,254,5163819,Wine,FALSE
6,2017,2-Withdrawals,2-Taxable Withdrawals by Bulk vs Bottled,1-Bottled,2314,62017763,Wine,FALSE
6,2017,2-Withdrawals,2-Taxable Withdrawals by Bulk vs Bottled,2-Bulk,183,835756,Wine,FALSE
6,2017,2-Withdrawals,3-Tax Free Withdrawals,1-Low Alcohol %,847,8966670,Wine,FALSE
6,2017,2-Withdrawals,3-Tax Free Withdrawals,2-Medium and High Alcohol %,608,1201990,Wine,FALSE
6,2017,2-Withdrawals,3-Tax Free Withdrawals,4-Artificially Carbonated/Sparkling Wine,155,79178,Wine,FALSE
6,2017,2-Withdrawals,3-Tax Free Withdrawals,6-Hard Cider,68,226827,Wine,FALSE
6,2017,2-Withdrawals,3-Tax Free Withdrawals For Export,1-Bottled Exports,156,4459687,Wine,FALSE
6,2017,2-Withdrawals,3-Tax Free Withdrawals For Export,2-Bulk Exports,29,4149201,Wine,FALSE
6,2017,4-Stocks on Hand End-of-Period,4-Stocks on Hand End-of-Period,1-Low Alcohol %,2586,703732633,Wine,FALSE
6,2017,4-Stocks on Hand End-of-Period,4-Stocks on Hand End-of-Period,2-Medium Alcohol %,2381,213855363,Wine,FALSE
6,2017,4-Stocks on Hand End-of-Period,4-Stocks on Hand End-of-Period,3-High Alcohol %,67,818991,Wine,FALSE
6,2017,4-Stocks on Hand End-of-Period,4-Stocks on Hand End-of-Period,4-Artificially Carbonated Wine,150,1070471,Wine,FALSE
6,2017,4-Stocks on Hand End-of-Period,4-Stocks on Hand End-of-Period,5-Sparkling Wine,437,21845250,Wine,FALSE
6,2017,4-Stocks on Hand End-of-Period,4-Stocks on Hand End-of-Period,6-Hard Cider,271,3748887,Wine,FALSE
6,2017,4-Stocks on Hand End-of-Period,4-Stocks on Hand End-of-Period by Bulk vs Bottled,1-Bottled,1998,214878155,Wine,FALSE
6,2017,4-Stocks on Hand End-of-Period,4-Stocks on Hand End-of-Period by Bulk vs Bottled,2-Bulk,2905,730193439,Wine,FALSE
7,2017,1-Production,0-Category Total,1-Production,621,11148881,Wine,FALSE
7,2017,2-Withdrawals,0-Category Total,2-Taxable Withdrawals,1139,51056617,Wine,FALSE
7,2017,2-Withdrawals,0-Category Total,2-Taxable Withdrawals by Bulk vs Bottled,1139,51056617,Wine,FALSE
7,2017,2-Withdrawals,0-Category Total,3-Tax Free Withdrawals,567,8550869,Wine,FALSE
7,2017,2-Withdrawals,0-Category Total,3-Tax Free Withdrawals For Export,126,7297462,Wine,FALSE
7,2017,4-Stocks on Hand End-of-Period,0-Category Total,4-Stocks on Hand End-of-Period,1624,872690832,Wine,FALSE
7,2017,4-Stocks on Hand End-of-Period,0-Category Total,4-Stocks on Hand End-of-Period by Bulk vs Bottled,1624,872690832,Wine,FALSE
7,2017,01-Count of IMs,01-Count of IMs,Number of Industry Members,1784,1784,Wine,FALSE
7,2017,1-Production,1-Production,1-Low Alcohol %,565,7698524,Wine,FALSE
7,2017,1-Production,1-Production,2-Medium and High Alcohol %,356,-780837,Wine,FALSE
7,2017,1-Production,1-Production,4-Artificially Carbonated Wine,11,24389,Wine,FALSE
7,2017,1-Production,1-Production,5-Sparkling Wine,26,3102566,Wine,FALSE
7,2017,1-Production,1-Production,6-Hard Cider,46,1104239,Wine,FALSE
7,2017,2-Withdrawals,2-Taxable Withdrawals,1-Low Alcohol %,963,40727875,Wine,FALSE
7,2017,2-Withdrawals,2-Taxable Withdrawals,2-Medium and High Alcohol %,738,4616925,Wine,FALSE
7,2017,2-Withdrawals,2-Taxable Withdrawals,4-Artificially Carbonated Wine,76,64520,Wine,FALSE
7,2017,2-Withdrawals,2-Taxable Withdrawals,5-Sparkling Wine,212,1974871,Wine,FALSE
7,2017,2-Withdrawals,2-Taxable Withdrawals,6-Hard Cider,106,3672426,Wine,FALSE
7,2017,2-Withdrawals,2-Taxable Withdrawals by Bulk vs Bottled,1-Bottled,1121,50077220,Wine,FALSE
7,2017,2-Withdrawals,2-Taxable Withdrawals by Bulk vs Bottled,2-Bulk,77,979397,Wine,FALSE
7,2017,2-Withdrawals,3-Tax Free Withdrawals,1-Low Alcohol %,487,7222562,Wine,FALSE
7,2017,2-Withdrawals,3-Tax Free Withdrawals,2-Medium and High Alcohol %,326,1056177,Wine,FALSE
7,2017,2-Withdrawals,3-Tax Free Withdrawals,4-Artificially Carbonated/Sparkling Wine,102,114958,Wine,FALSE
7,2017,2-Withdrawals,3-Tax Free Withdrawals,6-Hard Cider,36,157171,Wine,FALSE
7,2017,2-Withdrawals,3-Tax Free Withdrawals For Export,1-Bottled Exports,114,3630589,Wine,FALSE
7,2017,2-Withdrawals,3-Tax Free Withdrawals For Export,2-Bulk Exports,21,3666873,Wine,FALSE
7,2017,4-Stocks on Hand End-of-Period,4-Stocks on Hand End-of-Period,1-Low Alcohol %,1407,655067863,Wine,FALSE
7,2017,4-Stocks on Hand End-of-Period,4-Stocks on Hand End-of-Period,2-Medium Alcohol %,1218,190899381,Wine,FALSE
7,2017,4-Stocks on Hand End-of-Period,4-Stocks on Hand End-of-Period,3-High Alcohol %,51,639258,Wine,FALSE
7,2017,4-Stocks on Hand End-of-Period,4-Stocks on Hand End-of-Period,4-Artificially Carbonated Wine,91,329960,Wine,FALSE
7,2017,4-Stocks on Hand End-of-Period,4-Stocks on Hand End-of-Period,5-Sparkling Wine,300,22916411,Wine,FALSE
7,2017,4-Stocks on Hand End-of-Period,4-Stocks on Hand End-of-Period,6-Hard Cider,123,2837959,Wine,FALSE
7,2017,4-Stocks on Hand End-of-Period,4-Stocks on Hand End-of-Period by Bulk vs Bottled,1-Bottled,1172,214534541,Wine,FALSE
7,2017,4-Stocks on Hand End-of-Period,4-Stocks on Hand End-of-Period by Bulk vs Bottled,2-Bulk,1469,658156291,Wine,FALSE
8,2017,1-Production,0-Category Total,1-Production,628,46444619,Wine,FALSE
8,2017,2-Withdrawals,0-Category Total,2-Taxable Withdrawals,1174,59067209,Wine,FALSE
8,2017,2-Withdrawals,0-Category Total,2-Taxable Withdrawals by Bulk vs Bottled,1174,59067209,Wine,FALSE
8,2017,2-Withdrawals,0-Category Total,3-Tax Free Withdrawals,579,11973381,Wine,FALSE
8,2017,2-Withdrawals,0-Category Total,3-Tax Free Withdrawals For Export,133,9729629,Wine,FALSE
8,2017,4-Stocks on Hand End-of-Period,0-Category Total,4-Stocks on Hand End-of-Period,1609,790540958,Wine,FALSE
8,2017,4-Stocks on Hand End-of-Period,0-Category Total,4-Stocks on Hand End-of-Period by Bulk vs Bottled,1609,790540958,Wine,FALSE
8,2017,01-Count of IMs,01-Count of IMs,Number of Industry Members,1774,1774,Wine,FALSE
8,2017,1-Production,1-Production,1-Low Alcohol %,573,34323081,Wine,FALSE
8,2017,1-Production,1-Production,2-Medium and High Alcohol %,,,Wine,TRUE
8,2017,1-Production,1-Production,4-Artificially Carbonated Wine,6,2038,Wine,FALSE
8,2017,1-Production,1-Production,5-Sparkling Wine,,,Wine,TRUE
8,2017,1-Production,1-Production,6-Hard Cider,50,1651759,Wine,FALSE
8,2017,2-Withdrawals,2-Taxable Withdrawals,1-Low Alcohol %,977,46130405,Wine,FALSE
8,2017,2-Withdrawals,2-Taxable Withdrawals,2-Medium and High Alcohol %,777,6272846,Wine,FALSE
8,2017,2-Withdrawals,2-Taxable Withdrawals,4-Artificially Carbonated Wine,83,71933,Wine,FALSE
8,2017,2-Withdrawals,2-Taxable Withdrawals,5-Sparkling Wine,217,2393834,Wine,FALSE
8,2017,2-Withdrawals,2-Taxable Withdrawals,6-Hard Cider,108,4198191,Wine,FALSE
8,2017,2-Withdrawals,2-Taxable Withdrawals by Bulk vs Bottled,1-Bottled,1149,58383121,Wine,FALSE
8,2017,2-Withdrawals,2-Taxable Withdrawals by Bulk vs Bottled,2-Bulk,79,684088,Wine,FALSE
8,2017,2-Withdrawals,3-Tax Free Withdrawals,1-Low Alcohol %,493,10429170,Wine,FALSE
8,2017,2-Withdrawals,3-Tax Free Withdrawals,2-Medium and High Alcohol %,338,1334135,Wine,FALSE
8,2017,2-Withdrawals,3-Tax Free Withdrawals,4-Artificially Carbonated/Sparkling Wine,97,118129,Wine,FALSE
8,2017,2-Withdrawals,3-Tax Free Withdrawals,6-Hard Cider,30,91947,Wine,FALSE
8,2017,2-Withdrawals,3-Tax Free Withdrawals For Export,1-Bottled Exports,119,4369389,Wine,FALSE
8,2017,2-Withdrawals,3-Tax Free Withdrawals For Export,2-Bulk Exports,22,5360240,Wine,FALSE
8,2017,4-Stocks on Hand End-of-Period,4-Stocks on Hand End-of-Period,1-Low Alcohol %,1378,586393579,Wine,FALSE
8,2017,4-Stocks on Hand End-of-Period,4-Stocks on Hand End-of-Period,2-Medium Alcohol %,1215,174409804,Wine,FALSE
8,2017,4-Stocks on Hand End-of-Period,4-Stocks on Hand End-of-Period,3-High Alcohol %,51,2207004,Wine,FALSE
8,2017,4-Stocks on Hand End-of-Period,4-Stocks on Hand End-of-Period,4-Artificially Carbonated Wine,84,342531,Wine,FALSE
8,2017,4-Stocks on Hand End-of-Period,4-Stocks on Hand End-of-Period,5-Sparkling Wine,299,24195519,Wine,FALSE
8,2017,4-Stocks on Hand End-of-Period,4-Stocks on Hand End-of-Period,6-Hard Cider,123,2992521,Wine,FALSE
8,2017,4-Stocks on Hand End-of-Period,4-Stocks on Hand End-of-Period by Bulk vs Bottled,1-Bottled,1172,223937722,Wine,FALSE
8,2017,4-Stocks on Hand End-of-Period,4-Stocks on Hand End-of-Period by Bulk vs Bottled,2-Bulk,1448,566603236,Wine,FALSE
9,2017,1-Production,0-Category Total,1-Production,1367,143785090,Wine,FALSE
9,2017,2-Withdrawals,0-Category Total,2-Taxable Withdrawals,2299,62119510,Wine,FALSE
9,2017,2-Withdrawals,0-Category Total,2-Taxable Withdrawals by Bulk vs Bottled,2299,62119510,Wine,FALSE
9,2017,2-Withdrawals,0-Category Total,3-Tax Free Withdrawals,987,12251143,Wine,FALSE
9,2017,2-Withdrawals,0-Category Total,3-Tax Free Withdrawals For Export,157,8496570,Wine,FALSE
9,2017,4-Stocks on Hand End-of-Period,0-Category Total,4-Stocks on Hand End-of-Period,3154,938638582,Wine,FALSE
9,2017,4-Stocks on Hand End-of-Period,0-Category Total,4-Stocks on Hand End-of-Period by Bulk vs Bottled,3154,938638582,Wine,FALSE
9,2017,01-Count of IMs,01-Count of IMs,Number of Industry Members,3546,3546,Wine,FALSE
9,2017,1-Production,1-Production,1-Low Alcohol %,1131,128286012,Wine,FALSE
9,2017,1-Production,1-Production,2-Medium and High Alcohol %,659,10295895,Wine,FALSE
9,2017,1-Production,1-Production,4-Artificially Carbonated Wine,28,57677,Wine,FALSE
9,2017,1-Production,1-Production,5-Sparkling Wine,49,2975224,Wine,FALSE
9,2017,1-Production,1-Production,6-Hard Cider,160,2170282,Wine,FALSE
9,2017,2-Withdrawals,2-Taxable Withdrawals,1-Low Alcohol %,1867,48020610,Wine,FALSE
9,2017,2-Withdrawals,2-Taxable Withdrawals,2-Medium and High Alcohol %,1495,6943456,Wine,FALSE
9,2017,2-Withdrawals,2-Taxable Withdrawals,4-Artificially Carbonated Wine,148,95592,Wine,FALSE
9,2017,2-Withdrawals,2-Taxable Withdrawals,5-Sparkling Wine,337,2766389,Wine,FALSE
9,2017,2-Withdrawals,2-Taxable Withdrawals,6-Hard Cider,263,4293463,Wine,FALSE
9,2017,2-Withdrawals,2-Taxable Withdrawals by Bulk vs Bottled,1-Bottled,2244,61232282,Wine,FALSE
9,2017,2-Withdrawals,2-Taxable Withdrawals by Bulk vs Bottled,2-Bulk,162,887228,Wine,FALSE
9,2017,2-Withdrawals,3-Tax Free Withdrawals,1-Low Alcohol %,831,10740017,Wine,FALSE
9,2017,2-Withdrawals,3-Tax Free Withdrawals,2-Medium and High Alcohol %,577,1349400,Wine,FALSE
9,2017,2-Withdrawals,3-Tax Free Withdrawals,4-Artificially Carbonated/Sparkling Wine,158,109617,Wine,FALSE
9,2017,2-Withdrawals,3-Tax Free Withdrawals,6-Hard Cider,65,52109,Wine,FALSE
9,2017,2-Withdrawals,3-Tax Free Withdrawals For Export,1-Bottled Exports,136,3831282,Wine,FALSE
9,2017,2-Withdrawals,3-Tax Free Withdrawals For Export,2-Bulk Exports,31,4665288,Wine,FALSE
9,2017,4-Stocks on Hand End-of-Period,4-Stocks on Hand End-of-Period,1-Low Alcohol %,2535,726226645,Wine,FALSE
9,2017,4-Stocks on Hand End-of-Period,4-Stocks on Hand End-of-Period,2-Medium Alcohol %,2333,182856165,Wine,FALSE
9,2017,4-Stocks on Hand End-of-Period,4-Stocks on Hand End-of-Period,3-High Alcohol %,66,823496,Wine,FALSE
9,2017,4-Stocks on Hand End-of-Period,4-Stocks on Hand End-of-Period,4-Artificially Carbonated Wine,144,340734,Wine,FALSE
9,2017,4-Stocks on Hand End-of-Period,4-Stocks on Hand End-of-Period,5-Sparkling Wine,453,24415500,Wine,FALSE
9,2017,4-Stocks on Hand End-of-Period,4-Stocks on Hand End-of-Period,6-Hard Cider,262,3976042,Wine,FALSE
9,2017,4-Stocks on Hand End-of-Period,4-Stocks on Hand End-of-Period by Bulk vs Bottled,1-Bottled,1989,229067069,Wine,FALSE
9,2017,4-Stocks on Hand End-of-Period,4-Stocks on Hand End-of-Period by Bulk vs Bottled,2-Bulk,2877,709571513,Wine,FALSE
10,2017,1-Production,0-Category Total,1-Production,768,181387967,Wine,FALSE
10,2017,2-Withdrawals,0-Category Total,2-Taxable Withdrawals,1028,64459833,Wine,FALSE
10,2017,2-Withdrawals,0-Category Total,2-Taxable Withdrawals by Bulk vs Bottled,1028,64459833,Wine,FALSE
10,2017,2-Withdrawals,0-Category Total,3-Tax Free Withdrawals,535,8292099,Wine,FALSE
10,2017,2-Withdrawals,0-Category Total,3-Tax Free Withdrawals For Export,133,6472085,Wine,FALSE
10,2017,4-Stocks on Hand End-of-Period,0-Category Total,4-Stocks on Hand End-of-Period,1615,1021114745,Wine,FALSE
10,2017,4-Stocks on Hand End-of-Period,0-Category Total,4-Stocks on Hand End-of-Period by Bulk vs Bottled,1615,1021114745,Wine,FALSE
10,2017,01-Count of IMs,01-Count of IMs,Number of Industry Members,1780,1780,Wine,FALSE
10,2017,1-Production,1-Production,1-Low Alcohol %,643,152046737,Wine,FALSE
10,2017,1-Production,1-Production,2-Medium and High Alcohol %,375,24947472,Wine,FALSE
10,2017,1-Production,1-Production,4-Artificially Carbonated Wine,8,10735,Wine,FALSE
10,2017,1-Production,1-Production,5-Sparkling Wine,23,2971313,Wine,FALSE
10,2017,1-Production,1-Production,6-Hard Cider,60,1411710,Wine,FALSE
10,2017,2-Withdrawals,2-Taxable Withdrawals,1-Low Alcohol %,891,51095584,Wine,FALSE
10,2017,2-Withdrawals,2-Taxable Withdrawals,2-Medium and High Alcohol %,652,5963247,Wine,FALSE
10,2017,2-Withdrawals,2-Taxable Withdrawals,4-Artificially Carbonated Wine,75,75410,Wine,FALSE
10,2017,2-Withdrawals,2-Taxable Withdrawals,5-Sparkling Wine,217,3357936,Wine,FALSE
10,2017,2-Withdrawals,2-Taxable Withdrawals,6-Hard Cider,106,3967657,Wine,FALSE
10,2017,2-Withdrawals,2-Taxable Withdrawals by Bulk vs Bottled,1-Bottled,1009,63306081,Wine,FALSE
10,2017,2-Withdrawals,2-Taxable Withdrawals by Bulk vs Bottled,2-Bulk,60,1153752,Wine,FALSE
10,2017,2-Withdrawals,3-Tax Free Withdrawals,1-Low Alcohol %,468,6644523,Wine,FALSE
10,2017,2-Withdrawals,3-Tax Free Withdrawals,2-Medium and High Alcohol %,296,1471849,Wine,FALSE
10,2017,2-Withdrawals,3-Tax Free Withdrawals,4-Artificially Carbonated/Sparkling Wine,98,111446,Wine,FALSE
10,2017,2-Withdrawals,3-Tax Free Withdrawals,6-Hard Cider,31,64283,Wine,FALSE
10,2017,2-Withdrawals,3-Tax Free Withdrawals For Export,1-Bottled Exports,117,3957517,Wine,FALSE
10,2017,2-Withdrawals,3-Tax Free Withdrawals For Export,2-Bulk Exports,25,2514567,Wine,FALSE
10,2017,4-Stocks on Hand End-of-Period,4-Stocks on Hand End-of-Period,1-Low Alcohol %,1396,808063090,Wine,FALSE
10,2017,4-Stocks on Hand End-of-Period,4-Stocks on Hand End-of-Period,2-Medium Alcohol %,1210,185746399,Wine,FALSE
10,2017,4-Stocks on Hand End-of-Period,4-Stocks on Hand End-of-Period,3-High Alcohol %,44,702039,Wine,FALSE
10,2017,4-Stocks on Hand End-of-Period,4-Stocks on Hand End-of-Period,4-Artificially Carbonated Wine,83,315521,Wine,FALSE
10,2017,4-Stocks on Hand End-of-Period,4-Stocks on Hand End-of-Period,5-Sparkling Wine,301,23357754,Wine,FALSE
10,2017,4-Stocks on Hand End-of-Period,4-Stocks on Hand End-of-Period,6-Hard Cider,125,2929942,Wine,FALSE
10,2017,4-Stocks on Hand End-of-Period,4-Stocks on Hand End-of-Period by Bulk vs Bottled,1-Bottled,1142,215318822,Wine,FALSE
10,2017,4-Stocks on Hand End-of-Period,4-Stocks on Hand End-of-Period by Bulk vs Bottled,2-Bulk,1450,805795923,Wine,FALSE
11,2017,1-Production,0-Category Total,1-Production,882,132032497,Wine,FALSE
11,2017,2-Withdrawals,0-Category Total,2-Taxable Withdrawals,1049,64477331,Wine,FALSE
11,2017,2-Withdrawals,0-Category Total,2-Taxable Withdrawals by Bulk vs Bottled,1049,64477331,Wine,FALSE
11,2017,2-Withdrawals,0-Category Total,3-Tax Free Withdrawals,549,7806987,Wine,FALSE
11,2017,2-Withdrawals,0-Category Total,3-Tax Free Withdrawals For Export,139,6491907,Wine,FALSE
11,2017,4-Stocks on Hand End-of-Period,0-Category Total,4-Stocks on Hand End-of-Period,1613,1084672632,Wine,FALSE
11,2017,4-Stocks on Hand End-of-Period,0-Category Total,4-Stocks on Hand End-of-Period by Bulk vs Bottled,1613,1084672632,Wine,FALSE
11,2017,01-Count of IMs,01-Count of IMs,Number of Industry Members,1758,1758,Wine,FALSE
11,2017,1-Production,1-Production,1-Low Alcohol %,749,98529216,Wine,FALSE
11,2017,1-Production,1-Production,2-Medium and High Alcohol %,483,30042122,Wine,FALSE
11,2017,1-Production,1-Production,4-Artificially Carbonated Wine,8,3261,Wine,FALSE
11,2017,1-Production,1-Production,5-Sparkling Wine,36,2164779,Wine,FALSE
11,2017,1-Production,1-Production,6-Hard Cider,55,1293119,Wine,FALSE
11,2017,2-Withdrawals,2-Taxable Withdrawals,1-Low Alcohol %,921,50504399,Wine,FALSE
11,2017,2-Withdrawals,2-Taxable Withdrawals,2-Medium and High Alcohol %,662,6419451,Wine,FALSE
11,2017,2-Withdrawals,2-Taxable Withdrawals,4-Artificially Carbonated Wine,69,91387,Wine,FALSE
11,2017,2-Withdrawals,2-Taxable Withdrawals,5-Sparkling Wine,224,3851284,Wine,FALSE
11,2017,2-Withdrawals,2-Taxable Withdrawals,6-Hard Cider,101,3610810,Wine,FALSE
11,2017,2-Withdrawals,2-Taxable Withdrawals by Bulk vs Bottled,1-Bottled,1033,63155408,Wine,FALSE
11,2017,2-Withdrawals,2-Taxable Withdrawals by Bulk vs Bottled,2-Bulk,64,1321924,Wine,FALSE
11,2017,2-Withdrawals,3-Tax Free Withdrawals,1-Low Alcohol %,482,6402170,Wine,FALSE
11,2017,2-Withdrawals,3-Tax Free Withdrawals,2-Medium and High Alcohol %,312,1242351,Wine,FALSE
11,2017,2-Withdrawals,3-Tax Free Withdrawals,4-Artificially Carbonated/Sparkling Wine,101,87461,Wine,FALSE
11,2017,2-Withdrawals,3-Tax Free Withdrawals,6-Hard Cider,24,75005,Wine,FALSE
11,2017,2-Withdrawals,3-Tax Free Withdrawals For Export,1-Bottled Exports,124,3763210,Wine,FALSE
11,2017,2-Withdrawals,3-Tax Free Withdrawals For Export,2-Bulk Exports,24,2728697,Wine,FALSE
11,2017,4-Stocks on Hand End-of-Period,4-Stocks on Hand End-of-Period,1-Low Alcohol %,1412,853976040,Wine,FALSE
11,2017,4-Stocks on Hand End-of-Period,4-Stocks on Hand End-of-Period,2-Medium Alcohol %,1198,205869054,Wine,FALSE
11,2017,4-Stocks on Hand End-of-Period,4-Stocks on Hand End-of-Period,3-High Alcohol %,49,607038,Wine,FALSE
11,2017,4-Stocks on Hand End-of-Period,4-Stocks on Hand End-of-Period,4-Artificially Carbonated Wine,83,270701,Wine,FALSE
11,2017,4-Stocks on Hand End-of-Period,4-Stocks on Hand End-of-Period,5-Sparkling Wine,300,21014634,Wine,FALSE
11,2017,4-Stocks on Hand End-of-Period,4-Stocks on Hand End-of-Period,6-Hard Cider,125,2935165,Wine,FALSE
11,2017,4-Stocks on Hand End-of-Period,4-Stocks on Hand End-of-Period by Bulk vs Bottled,1-Bottled,1148,204182963,Wine,FALSE
11,2017,4-Stocks on Hand End-of-Period,4-Stocks on Hand End-of-Period by Bulk vs Bottled,2-Bulk,1459,880489670,Wine,FALSE
12,2017,1-Production,0-Category Total,1-Production,5726,196457971,Wine,FALSE
12,2017,2-Withdrawals,0-Category Total,2-Taxable Withdrawals,5538,71699391,Wine,FALSE
12,2017,2-Withdrawals,0-Category Total,2-Taxable Withdrawals by Bulk vs Bottled,5538,71699391,Wine,FALSE
12,2017,2-Withdrawals,0-Category Total,3-Tax Free Withdrawals,3093,11358934,Wine,FALSE
12,2017,2-Withdrawals,0-Category Total,3-Tax Free Withdrawals For Export,209,6764982,Wine,FALSE
12,2017,4-Stocks on Hand End-of-Period,0-Category Total,4-Stocks on Hand End-of-Period,6907,1234008295,Wine,FALSE
12,2017,4-Stocks on Hand End-of-Period,0-Category Total,4-Stocks on Hand End-of-Period by Bulk vs Bottled,6907,1234008295,Wine,FALSE
12,2017,01-Count of IMs,01-Count of IMs,Number of Industry Members,7927,7927,Wine,FALSE
12,2017,1-Production,1-Production,1-Low Alcohol %,4539,128421120,Wine,FALSE
12,2017,1-Production,1-Production,2-Medium and High Alcohol %,2766,63236322,Wine,FALSE
12,2017,1-Production,1-Production,4-Artificially Carbonated Wine,,,Wine,TRUE
12,2017,1-Production,1-Production,5-Sparkling Wine,,,Wine,TRUE
12,2017,1-Production,1-Production,6-Hard Cider,,,Wine,TRUE
12,2017,2-Withdrawals,2-Taxable Withdrawals,1-Low Alcohol %,4604,54304602,Wine,FALSE
12,2017,2-Withdrawals,2-Taxable Withdrawals,2-Medium and High Alcohol %,2944,9385625,Wine,FALSE
12,2017,2-Withdrawals,2-Taxable Withdrawals,4-Artificially Carbonated Wine,240,188689,Wine,FALSE
12,2017,2-Withdrawals,2-Taxable Withdrawals,5-Sparkling Wine,518,2922222,Wine,FALSE
12,2017,2-Withdrawals,2-Taxable Withdrawals,6-Hard Cider,610,4898253,Wine,FALSE
12,2017,2-Withdrawals,2-Taxable Withdrawals by Bulk vs Bottled,1-Bottled,5375,70539644,Wine,FALSE
12,2017,2-Withdrawals,2-Taxable Withdrawals by Bulk vs Bottled,2-Bulk,469,1159747,Wine,FALSE
12,2017,2-Withdrawals,3-Tax Free Withdrawals,1-Low Alcohol %,2651,9592518,Wine,FALSE
12,2017,2-Withdrawals,3-Tax Free Withdrawals,2-Medium and High Alcohol %,1422,1558293,Wine,FALSE
12,2017,2-Withdrawals,3-Tax Free Withdrawals,4-Artificially Carbonated/Sparkling Wine,296,67385,Wine,FALSE
12,2017,2-Withdrawals,3-Tax Free Withdrawals,6-Hard Cider,224,140738,Wine,FALSE
12,2017,2-Withdrawals,3-Tax Free Withdrawals For Export,1-Bottled Exports,182,2966766,Wine,FALSE
12,2017,2-Withdrawals,3-Tax Free Withdrawals For Export,2-Bulk Exports,38,3798216,Wine,FALSE
12,2017,4-Stocks on Hand End-of-Period,4-Stocks on Hand End-of-Period,1-Low Alcohol %,5696,938173445,Wine,FALSE
12,2017,4-Stocks on Hand End-of-Period,4-Stocks on Hand End-of-Period,2-Medium Alcohol %,4271,271164132,Wine,FALSE
12,2017,4-Stocks on Hand End-of-Period,4-Stocks on Hand End-of-Period,3-High Alcohol %,87,596867,Wine,FALSE
12,2017,4-Stocks on Hand End-of-Period,4-Stocks on Hand End-of-Period,4-Artificially Carbonated Wine,221,274846,Wine,FALSE
12,2017,4-Stocks on Hand End-of-Period,4-Stocks on Hand End-of-Period,5-Sparkling Wine,637,19343959,Wine,FALSE
12,2017,4-Stocks on Hand End-of-Period,4-Stocks on Hand End-of-Period,6-Hard Cider,586,4455046,Wine,FALSE
12,2017,4-Stocks on Hand End-of-Period,4-Stocks on Hand End-of-Period by Bulk vs Bottled,1-Bottled,4326,200660143,Wine,FALSE
12,2017,4-Stocks on Hand End-of-Period,4-Stocks on Hand End-of-Period by Bulk vs Bottled,2-Bulk,6328,1033348152,Wine,FALSE
1,2018,1-Production,0-Category Total,1-Production,688,49163221,Wine,FALSE
1,2018,2-Withdrawals,0-Category Total,2-Taxable Withdrawals,1073,51760054,Wine,FALSE
1,2018,2-Withdrawals,0-Category Total,2-Taxable Withdrawals by Bulk vs Bottled,1073,51760054,Wine,FALSE
1,2018,2-Withdrawals,0-Category Total,3-Tax Free Withdrawals,544,9029641,Wine,FALSE
1,2018,2-Withdrawals,0-Category Total,3-Tax Free Withdrawals For Export,137,7245134,Wine,FALSE
1,2018,4-Stocks on Hand End-of-Period,0-Category Total,4-Stocks on Hand End-of-Period,1580,1162982249,Wine,FALSE
1,2018,4-Stocks on Hand End-of-Period,0-Category Total,4-Stocks on Hand End-of-Period by Bulk vs Bottled,1580,1162982249,Wine,FALSE
1,2018,01-Count of IMs,01-Count of IMs,Number of Industry Members,1722,1722,Wine,FALSE
1,2018,1-Production,1-Production,1-Low Alcohol %,643,39323743,Wine,FALSE
1,2018,1-Production,1-Production,2-Medium and High Alcohol %,190,6096359,Wine,FALSE
1,2018,1-Production,1-Production,4-Artificially Carbonated Wine,,,Wine,TRUE
1,2018,1-Production,1-Production,5-Sparkling Wine,25,2406905,Wine,FALSE
1,2018,1-Production,1-Production,6-Hard Cider,,,Wine,TRUE
1,2018,2-Withdrawals,2-Taxable Withdrawals,1-Low Alcohol %,1002,45409383,Wine,FALSE
1,2018,2-Withdrawals,2-Taxable Withdrawals,2-Medium and High Alcohol %,345,1250581,Wine,FALSE
1,2018,2-Withdrawals,2-Taxable Withdrawals,4-Artificially Carbonated Wine,75,38764,Wine,FALSE
1,2018,2-Withdrawals,2-Taxable Withdrawals,5-Sparkling Wine,198,1588443,Wine,FALSE
1,2018,2-Withdrawals,2-Taxable Withdrawals,6-Hard Cider,110,3472883,Wine,FALSE
1,2018,2-Withdrawals,2-Taxable Withdrawals by Bulk vs Bottled,1-Bottled,1044,50325281,Wine,FALSE
1,2018,2-Withdrawals,2-Taxable Withdrawals by Bulk vs Bottled,2-Bulk,76,1434773,Wine,FALSE
1,2018,2-Withdrawals,3-Tax Free Withdrawals,1-Low Alcohol %,499,7917834,Wine,FALSE
1,2018,2-Withdrawals,3-Tax Free Withdrawals,2-Medium and High Alcohol %,152,824446,Wine,FALSE
1,2018,2-Withdrawals,3-Tax Free Withdrawals,4-Artificially Carbonated/Sparkling Wine,91,143460,Wine,FALSE
1,2018,2-Withdrawals,3-Tax Free Withdrawals,6-Hard Cider,31,143901,Wine,FALSE
1,2018,2-Withdrawals,3-Tax Free Withdrawals For Export,1-Bottled Exports,127,3389471,Wine,FALSE
1,2018,2-Withdrawals,3-Tax Free Withdrawals For Export,2-Bulk Exports,19,3855663,Wine,FALSE
1,2018,4-Stocks on Hand End-of-Period,4-Stocks on Hand End-of-Period,1-Low Alcohol %,1508,1083309795,Wine,FALSE
1,2018,4-Stocks on Hand End-of-Period,4-Stocks on Hand End-of-Period,2-Medium Alcohol %,688,55140447,Wine,FALSE
1,2018,4-Stocks on Hand End-of-Period,4-Stocks on Hand End-of-Period,3-High Alcohol %,48,839455,Wine,FALSE
1,2018,4-Stocks on Hand End-of-Period,4-Stocks on Hand End-of-Period,4-Artificially Carbonated Wine,81,254857,Wine,FALSE
1,2018,4-Stocks on Hand End-of-Period,4-Stocks on Hand End-of-Period,5-Sparkling Wine,283,20384091,Wine,FALSE
1,2018,4-Stocks on Hand End-of-Period,4-Stocks on Hand End-of-Period,6-Hard Cider,130,3053605,Wine,FALSE
1,2018,4-Stocks on Hand End-of-Period,4-Stocks on Hand End-of-Period by Bulk vs Bottled,1-Bottled,1114,191067383,Wine,FALSE
1,2018,4-Stocks on Hand End-of-Period,4-Stocks on Hand End-of-Period by Bulk vs Bottled,2-Bulk,1424,971914867,Wine,FALSE
2,2018,1-Production,0-Category Total,1-Production,587,41727244,Wine,FALSE
2,2018,2-Withdrawals,0-Category Total,2-Taxable Withdrawals,1089,51730203,Wine,FALSE
2,2018,2-Withdrawals,0-Category Total,2-Taxable Withdrawals by Bulk vs Bottled,1089,51730203,Wine,FALSE
2,2018,2-Withdrawals,0-Category Total,3-Tax Free Withdrawals,539,9409442,Wine,FALSE
2,2018,2-Withdrawals,0-Category Total,3-Tax Free Withdrawals For Export,128,7826430,Wine,FALSE
2,2018,4-Stocks on Hand End-of-Period,0-Category Total,4-Stocks on Hand End-of-Period,1560,1147978042,Wine,FALSE
2,2018,4-Stocks on Hand End-of-Period,0-Category Total,4-Stocks on Hand End-of-Period by Bulk vs Bottled,1560,1147978042,Wine,FALSE
2,2018,01-Count of IMs,01-Count of IMs,Number of Industry Members,1691,1691,Wine,FALSE
2,2018,1-Production,1-Production,1-Low Alcohol %,542,35679598,Wine,FALSE
2,2018,1-Production,1-Production,2-Medium and High Alcohol %,162,2583652,Wine,FALSE
2,2018,1-Production,1-Production,4-Artificially Carbonated Wine,,,Wine,TRUE
2,2018,1-Production,1-Production,5-Sparkling Wine,26,1915508,Wine,FALSE
2,2018,1-Production,1-Production,6-Hard Cider,,,Wine,TRUE
2,2018,2-Withdrawals,2-Taxable Withdrawals,1-Low Alcohol %,1032,45707168,Wine,FALSE
2,2018,2-Withdrawals,2-Taxable Withdrawals,2-Medium and High Alcohol %,336,861242,Wine,FALSE
2,2018,2-Withdrawals,2-Taxable Withdrawals,4-Artificially Carbonated Wine,72,41516,Wine,FALSE
2,2018,2-Withdrawals,2-Taxable Withdrawals,5-Sparkling Wine,202,1709299,Wine,FALSE
2,2018,2-Withdrawals,2-Taxable Withdrawals,6-Hard Cider,104,3410979,Wine,FALSE
2,2018,2-Withdrawals,2-Taxable Withdrawals by Bulk vs Bottled,1-Bottled,1068,51217495,Wine,FALSE
2,2018,2-Withdrawals,2-Taxable Withdrawals by Bulk vs Bottled,2-Bulk,69,512708,Wine,FALSE
2,2018,2-Withdrawals,3-Tax Free Withdrawals,1-Low Alcohol %,501,8509603,Wine,FALSE
2,2018,2-Withdrawals,3-Tax Free Withdrawals,2-Medium and High Alcohol %,125,709004,Wine,FALSE
2,2018,2-Withdrawals,3-Tax Free Withdrawals,4-Artificially Carbonated/Sparkling Wine,91,113148,Wine,FALSE
2,2018,2-Withdrawals,3-Tax Free Withdrawals,6-Hard Cider,28,77687,Wine,FALSE
2,2018,2-Withdrawals,3-Tax Free Withdrawals For Export,1-Bottled Exports,117,3571016,Wine,FALSE
2,2018,2-Withdrawals,3-Tax Free Withdrawals For Export,2-Bulk Exports,20,4255414,Wine,FALSE
2,2018,4-Stocks on Hand End-of-Period,4-Stocks on Hand End-of-Period,1-Low Alcohol %,1500,1079222064,Wine,FALSE
2,2018,4-Stocks on Hand End-of-Period,4-Stocks on Hand End-of-Period,2-Medium Alcohol %,661,44102954,Wine,FALSE
2,2018,4-Stocks on Hand End-of-Period,4-Stocks on Hand End-of-Period,3-High Alcohol %,50,729553,Wine,FALSE
2,2018,4-Stocks on Hand End-of-Period,4-Stocks on Hand End-of-Period,4-Artificially Carbonated Wine,85,277857,Wine,FALSE
2,2018,4-Stocks on Hand End-of-Period,4-Stocks on Hand End-of-Period,5-Sparkling Wine,287,20449791,Wine,FALSE
2,2018,4-Stocks on Hand End-of-Period,4-Stocks on Hand End-of-Period,6-Hard Cider,132,3195824,Wine,FALSE
2,2018,4-Stocks on Hand End-of-Period,4-Stocks on Hand End-of-Period by Bulk vs Bottled,1-Bottled,1115,190109522,Wine,FALSE
2,2018,4-Stocks on Hand End-of-Period,4-Stocks on Hand End-of-Period by Bulk vs Bottled,2-Bulk,1406,957868520,Wine,FALSE
3,2018,1-Production,0-Category Total,1-Production,1211,28511624,Wine,FALSE
3,2018,2-Withdrawals,0-Category Total,2-Taxable Withdrawals,2426,67881154,Wine,FALSE
3,2018,2-Withdrawals,0-Category Total,2-Taxable Withdrawals by Bulk vs Bottled,2426,67881154,Wine,FALSE
3,2018,2-Withdrawals,0-Category Total,3-Tax Free Withdrawals,985,9871198,Wine,FALSE
3,2018,2-Withdrawals,0-Category Total,3-Tax Free Withdrawals For Export,163,6935334,Wine,FALSE
3,2018,4-Stocks on Hand End-of-Period,0-Category Total,4-Stocks on Hand End-of-Period,3203,1135641790,Wine,FALSE
3,2018,4-Stocks on Hand End-of-Period,0-Category Total,4-Stocks on Hand End-of-Period by Bulk vs Bottled,3203,1135641790,Wine,FALSE
3,2018,01-Count of IMs,01-Count of IMs,Number of Industry Members,3534,3534,Wine,FALSE
3,2018,1-Production,1-Production,1-Low Alcohol %,1073,18562576,Wine,FALSE
3,2018,1-Production,1-Production,2-Medium and High Alcohol %,268,4894175,Wine,FALSE
3,2018,1-Production,1-Production,4-Artificially Carbonated Wine,38,184050,Wine,FALSE
3,2018,1-Production,1-Production,5-Sparkling Wine,64,2613336,Wine,FALSE
3,2018,1-Production,1-Production,6-Hard Cider,188,2257487,Wine,FALSE
3,2018,2-Withdrawals,2-Taxable Withdrawals,1-Low Alcohol %,2288,60456303,Wine,FALSE
3,2018,2-Withdrawals,2-Taxable Withdrawals,2-Medium and High Alcohol %,624,902434,Wine,FALSE
3,2018,2-Withdrawals,2-Taxable Withdrawals,4-Artificially Carbonated Wine,147,77792,Wine,FALSE
3,2018,2-Withdrawals,2-Taxable Withdrawals,5-Sparkling Wine,350,1853015,Wine,FALSE
3,2018,2-Withdrawals,2-Taxable Withdrawals,6-Hard Cider,286,4591610,Wine,FALSE
3,2018,2-Withdrawals,2-Taxable Withdrawals by Bulk vs Bottled,1-Bottled,2354,66829463,Wine,FALSE
3,2018,2-Withdrawals,2-Taxable Withdrawals by Bulk vs Bottled,2-Bulk,197,1051690,Wine,FALSE
3,2018,2-Withdrawals,3-Tax Free Withdrawals,1-Low Alcohol %,921,7752118,Wine,FALSE
3,2018,2-Withdrawals,3-Tax Free Withdrawals,2-Medium and High Alcohol %,240,1733306,Wine,FALSE
3,2018,2-Withdrawals,3-Tax Free Withdrawals,4-Artificially Carbonated/Sparkling Wine,,,Wine,TRUE
3,2018,2-Withdrawals,3-Tax Free Withdrawals,6-Hard Cider,,,Wine,TRUE
3,2018,2-Withdrawals,3-Tax Free Withdrawals For Export,1-Bottled Exports,145,3683626,Wine,FALSE
3,2018,2-Withdrawals,3-Tax Free Withdrawals For Export,2-Bulk Exports,29,3251708,Wine,FALSE
3,2018,4-Stocks on Hand End-of-Period,4-Stocks on Hand End-of-Period,1-Low Alcohol %,3051,1090203020,Wine,FALSE
3,2018,4-Stocks on Hand End-of-Period,4-Stocks on Hand End-of-Period,2-Medium Alcohol %,1136,18775247,Wine,FALSE
3,2018,4-Stocks on Hand End-of-Period,4-Stocks on Hand End-of-Period,3-High Alcohol %,71,966851,Wine,FALSE
3,2018,4-Stocks on Hand End-of-Period,4-Stocks on Hand End-of-Period,4-Artificially Carbonated Wine,146,336535,Wine,FALSE
3,2018,4-Stocks on Hand End-of-Period,4-Stocks on Hand End-of-Period,5-Sparkling Wine,460,20803533,Wine,FALSE
3,2018,4-Stocks on Hand End-of-Period,4-Stocks on Hand End-of-Period,6-Hard Cider,297,4556604,Wine,FALSE
3,2018,4-Stocks on Hand End-of-Period,4-Stocks on Hand End-of-Period by Bulk vs Bottled,1-Bottled,1956,193394378,Wine,FALSE
3,2018,4-Stocks on Hand End-of-Period,4-Stocks on Hand End-of-Period by Bulk vs Bottled,2-Bulk,2936,942247412,Wine,FALSE
4,2018,1-Production,0-Category Total,1-Production,554,16397276,Wine,FALSE
4,2018,2-Withdrawals,0-Category Total,2-Taxable Withdrawals,1146,58351466,Wine,FALSE
4,2018,2-Withdrawals,0-Category Total,2-Taxable Withdrawals by Bulk vs Bottled,1146,58351466,Wine,FALSE
4,2018,2-Withdrawals,0-Category Total,3-Tax Free Withdrawals,564,9347557,Wine,FALSE
4,2018,2-Withdrawals,0-Category Total,3-Tax Free Withdrawals For Export,138,7836699,Wine,FALSE
4,2018,4-Stocks on Hand End-of-Period,0-Category Total,4-Stocks on Hand End-of-Period,1587,1058806118,Wine,FALSE
4,2018,4-Stocks on Hand End-of-Period,0-Category Total,4-Stocks on Hand End-of-Period by Bulk vs Bottled,1587,1058806118,Wine,FALSE
4,2018,01-Count of IMs,01-Count of IMs,Number of Industry Members,1712,1712,Wine,FALSE
4,2018,1-Production,1-Production,1-Low Alcohol %,519,9092686,Wine,FALSE
4,2018,1-Production,1-Production,2-Medium and High Alcohol %,157,2189601,Wine,FALSE
4,2018,1-Production,1-Production,4-Artificially Carbonated Wine,8,154692,Wine,FALSE
4,2018,1-Production,1-Production,5-Sparkling Wine,38,3716910,Wine,FALSE
4,2018,1-Production,1-Production,6-Hard Cider,56,1243389,Wine,FALSE
4,2018,2-Withdrawals,2-Taxable Withdrawals,1-Low Alcohol %,1101,51590184,Wine,FALSE
4,2018,2-Withdrawals,2-Taxable Withdrawals,2-Medium and High Alcohol %,328,784004,Wine,FALSE
4,2018,2-Withdrawals,2-Taxable Withdrawals,4-Artificially Carbonated Wine,77,65090,Wine,FALSE
4,2018,2-Withdrawals,2-Taxable Withdrawals,5-Sparkling Wine,212,1921014,Wine,FALSE
4,2018,2-Withdrawals,2-Taxable Withdrawals,6-Hard Cider,105,3991175,Wine,FALSE
4,2018,2-Withdrawals,2-Taxable Withdrawals by Bulk vs Bottled,1-Bottled,1126,57590376,Wine,FALSE
4,2018,2-Withdrawals,2-Taxable Withdrawals by Bulk vs Bottled,2-Bulk,79,761090,Wine,FALSE
4,2018,2-Withdrawals,3-Tax Free Withdrawals,1-Low Alcohol %,523,8421187,Wine,FALSE
4,2018,2-Withdrawals,3-Tax Free Withdrawals,2-Medium and High Alcohol %,131,624027,Wine,FALSE
4,2018,2-Withdrawals,3-Tax Free Withdrawals,4-Artificially Carbonated/Sparkling Wine,106,88022,Wine,FALSE
4,2018,2-Withdrawals,3-Tax Free Withdrawals,6-Hard Cider,34,214321,Wine,FALSE
4,2018,2-Withdrawals,3-Tax Free Withdrawals For Export,1-Bottled Exports,126,3726094,Wine,FALSE
4,2018,2-Withdrawals,3-Tax Free Withdrawals For Export,2-Bulk Exports,19,4110606,Wine,FALSE
4,2018,4-Stocks on Hand End-of-Period,4-Stocks on Hand End-of-Period,1-Low Alcohol %,1529,1017147384,Wine,FALSE
4,2018,4-Stocks on Hand End-of-Period,4-Stocks on Hand End-of-Period,2-Medium Alcohol %,668,14820711,Wine,FALSE
4,2018,4-Stocks on Hand End-of-Period,4-Stocks on Hand End-of-Period,3-High Alcohol %,49,989719,Wine,FALSE
4,2018,4-Stocks on Hand End-of-Period,4-Stocks on Hand End-of-Period,4-Artificially Carbonated Wine,88,398251,Wine,FALSE
4,2018,4-Stocks on Hand End-of-Period,4-Stocks on Hand End-of-Period,5-Sparkling Wine,297,21908053,Wine,FALSE
4,2018,4-Stocks on Hand End-of-Period,4-Stocks on Hand End-of-Period,6-Hard Cider,133,3541998,Wine,FALSE
4,2018,4-Stocks on Hand End-of-Period,4-Stocks on Hand End-of-Period by Bulk vs Bottled,1-Bottled,1125,187539294,Wine,FALSE
4,2018,4-Stocks on Hand End-of-Period,4-Stocks on Hand End-of-Period by Bulk vs Bottled,2-Bulk,1431,871266824,Wine,FALSE
5,2018,1-Production,0-Category Total,1-Production,564,15226663,Wine,FALSE
5,2018,2-Withdrawals,0-Category Total,2-Taxable Withdrawals,1158,63095593,Wine,FALSE
5,2018,2-Withdrawals,0-Category Total,2-Taxable Withdrawals by Bulk vs Bottled,1158,63095593,Wine,FALSE
5,2018,2-Withdrawals,0-Category Total,3-Tax Free Withdrawals,566,10713010,Wine,FALSE
5,2018,2-Withdrawals,0-Category Total,3-Tax Free Withdrawals For Export,137,9400019,Wine,FALSE
5,2018,4-Stocks on Hand End-of-Period,0-Category Total,4-Stocks on Hand End-of-Period,1583,999762042,Wine,FALSE
5,2018,4-Stocks on Hand End-of-Period,0-Category Total,4-Stocks on Hand End-of-Period by Bulk vs Bottled,1583,999762042,Wine,FALSE
5,2018,01-Count of IMs,01-Count of IMs,Number of Industry Members,1708,1708,Wine,FALSE
5,2018,1-Production,1-Production,1-Low Alcohol %,529,8340046,Wine,FALSE
5,2018,1-Production,1-Production,2-Medium and High Alcohol %,143,1806116,Wine,FALSE
5,2018,1-Production,1-Production,4-Artificially Carbonated Wine,16,107683,Wine,FALSE
5,2018,1-Production,1-Production,5-Sparkling Wine,43,3450122,Wine,FALSE
5,2018,1-Production,1-Production,6-Hard Cider,58,1522695,Wine,FALSE
5,2018,2-Withdrawals,2-Taxable Withdrawals,1-Low Alcohol %,1106,55324969,Wine,FALSE
5,2018,2-Withdrawals,2-Taxable Withdrawals,2-Medium and High Alcohol %,322,923718,Wine,FALSE
5,2018,2-Withdrawals,2-Taxable Withdrawals,4-Artificially Carbonated Wine,80,119014,Wine,FALSE
5,2018,2-Withdrawals,2-Taxable Withdrawals,5-Sparkling Wine,219,2144837,Wine,FALSE
5,2018,2-Withdrawals,2-Taxable Withdrawals,6-Hard Cider,113,4583055,Wine,FALSE
5,2018,2-Withdrawals,2-Taxable Withdrawals by Bulk vs Bottled,1-Bottled,1133,61704640,Wine,FALSE
5,2018,2-Withdrawals,2-Taxable Withdrawals by Bulk vs Bottled,2-Bulk,81,1390953,Wine,FALSE
5,2018,2-Withdrawals,3-Tax Free Withdrawals,1-Low Alcohol %,520,9673230,Wine,FALSE
5,2018,2-Withdrawals,3-Tax Free Withdrawals,2-Medium and High Alcohol %,134,704012,Wine,FALSE
5,2018,2-Withdrawals,3-Tax Free Withdrawals,4-Artificially Carbonated/Sparkling Wine,98,152190,Wine,FALSE
5,2018,2-Withdrawals,3-Tax Free Withdrawals,6-Hard Cider,38,183579,Wine,FALSE
5,2018,2-Withdrawals,3-Tax Free Withdrawals For Export,1-Bottled Exports,123,3981056,Wine,FALSE
5,2018,2-Withdrawals,3-Tax Free Withdrawals For Export,2-Bulk Exports,27,5418962,Wine,FALSE
5,2018,4-Stocks on Hand End-of-Period,4-Stocks on Hand End-of-Period,1-Low Alcohol %,1521,957788713,Wine,FALSE
5,2018,4-Stocks on Hand End-of-Period,4-Stocks on Hand End-of-Period,2-Medium Alcohol %,661,14399987,Wine,FALSE
5,2018,4-Stocks on Hand End-of-Period,4-Stocks on Hand End-of-Period,3-High Alcohol %,46,873135,Wine,FALSE
5,2018,4-Stocks on Hand End-of-Period,4-Stocks on Hand End-of-Period,4-Artificially Carbonated Wine,90,409787,Wine,FALSE
5,2018,4-Stocks on Hand End-of-Period,4-Stocks on Hand End-of-Period,5-Sparkling Wine,300,22491568,Wine,FALSE
5,2018,4-Stocks on Hand End-of-Period,4-Stocks on Hand End-of-Period,6-Hard Cider,127,3798852,Wine,FALSE
5,2018,4-Stocks on Hand End-of-Period,4-Stocks on Hand End-of-Period by Bulk vs Bottled,1-Bottled,1130,188010908,Wine,FALSE
5,2018,4-Stocks on Hand End-of-Period,4-Stocks on Hand End-of-Period by Bulk vs Bottled,2-Bulk,1423,811751134,Wine,FALSE
6,2018,1-Production,0-Category Total,1-Production,1117,13985919,Wine,FALSE
6,2018,2-Withdrawals,0-Category Total,2-Taxable Withdrawals,2469,63021529,Wine,FALSE
6,2018,2-Withdrawals,0-Category Total,2-Taxable Withdrawals by Bulk vs Bottled,2469,63021529,Wine,FALSE
6,2018,2-Withdrawals,0-Category Total,3-Tax Free Withdrawals,998,10657031,Wine,FALSE
6,2018,2-Withdrawals,0-Category Total,3-Tax Free Withdrawals For Export,168,9286532,Wine,FALSE
6,2018,4-Stocks on Hand End-of-Period,0-Category Total,4-Stocks on Hand End-of-Period,3193,970090699,Wine,FALSE
6,2018,4-Stocks on Hand End-of-Period,0-Category Total,4-Stocks on Hand End-of-Period by Bulk vs Bottled,3193,970090699,Wine,FALSE
6,2018,01-Count of IMs,01-Count of IMs,Number of Industry Members,3565,3565,Wine,FALSE
6,2018,1-Production,1-Production,1-Low Alcohol %,979,5723058,Wine,FALSE
6,2018,1-Production,1-Production,2-Medium and High Alcohol %,254,2000212,Wine,FALSE
6,2018,1-Production,1-Production,4-Artificially Carbonated Wine,46,126439,Wine,FALSE
6,2018,1-Production,1-Production,5-Sparkling Wine,65,3574612,Wine,FALSE
6,2018,1-Production,1-Production,6-Hard Cider,190,2561599,Wine,FALSE
6,2018,2-Withdrawals,2-Taxable Withdrawals,1-Low Alcohol %,2331,55554634,Wine,FALSE
6,2018,2-Withdrawals,2-Taxable Withdrawals,2-Medium and High Alcohol %,614,733681,Wine,FALSE
6,2018,2-Withdrawals,2-Taxable Withdrawals,4-Artificially Carbonated Wine,159,159913,Wine,FALSE
6,2018,2-Withdrawals,2-Taxable Withdrawals,5-Sparkling Wine,353,2128471,Wine,FALSE
6,2018,2-Withdrawals,2-Taxable Withdrawals,6-Hard Cider,302,4444829,Wine,FALSE
6,2018,2-Withdrawals,2-Taxable Withdrawals by Bulk vs Bottled,1-Bottled,2390,62255702,Wine,FALSE
6,2018,2-Withdrawals,2-Taxable Withdrawals by Bulk vs Bottled,2-Bulk,202,765827,Wine,FALSE
6,2018,2-Withdrawals,3-Tax Free Withdrawals,1-Low Alcohol %,932,9638096,Wine,FALSE
6,2018,2-Withdrawals,3-Tax Free Withdrawals,2-Medium and High Alcohol %,246,726889,Wine,FALSE
6,2018,2-Withdrawals,3-Tax Free Withdrawals,4-Artificially Carbonated/Sparkling Wine,169,130371,Wine,FALSE
6,2018,2-Withdrawals,3-Tax Free Withdrawals,6-Hard Cider,68,161675,Wine,FALSE
6,2018,2-Withdrawals,3-Tax Free Withdrawals For Export,1-Bottled Exports,150,3764303,Wine,FALSE
6,2018,2-Withdrawals,3-Tax Free Withdrawals For Export,2-Bulk Exports,28,5522230,Wine,FALSE
6,2018,4-Stocks on Hand End-of-Period,4-Stocks on Hand End-of-Period,1-Low Alcohol %,3050,925843845,Wine,FALSE
6,2018,4-Stocks on Hand End-of-Period,4-Stocks on Hand End-of-Period,2-Medium Alcohol %,1125,14754487,Wine,FALSE
6,2018,4-Stocks on Hand End-of-Period,4-Stocks on Hand End-of-Period,3-High Alcohol %,74,844817,Wine,FALSE
6,2018,4-Stocks on Hand End-of-Period,4-Stocks on Hand End-of-Period,4-Artificially Carbonated Wine,162,526502,Wine,FALSE
6,2018,4-Stocks on Hand End-of-Period,4-Stocks on Hand End-of-Period,5-Sparkling Wine,462,23505272,Wine,FALSE
6,2018,4-Stocks on Hand End-of-Period,4-Stocks on Hand End-of-Period,6-Hard Cider,291,4615776,Wine,FALSE
6,2018,4-Stocks on Hand End-of-Period,4-Stocks on Hand End-of-Period by Bulk vs Bottled,1-Bottled,1981,203264634,Wine,FALSE
6,2018,4-Stocks on Hand End-of-Period,4-Stocks on Hand End-of-Period by Bulk vs Bottled,2-Bulk,2914,766826065,Wine,FALSE
7,2018,1-Production,0-Category Total,1-Production,531,8290986,Wine,FALSE
7,2018,2-Withdrawals,0-Category Total,2-Taxable Withdrawals,1142,53554325,Wine,FALSE
7,2018,2-Withdrawals,0-Category Total,2-Taxable Withdrawals by Bulk vs Bottled,1142,53554325,Wine,FALSE
7,2018,2-Withdrawals,0-Category Total,3-Tax Free Withdrawals,551,9260767,Wine,FALSE
7,2018,2-Withdrawals,0-Category Total,3-Tax Free Withdrawals For Export,131,8175045,Wine,FALSE
7,2018,4-Stocks on Hand End-of-Period,0-Category Total,4-Stocks on Hand End-of-Period,1571,892556830,Wine,FALSE
7,2018,4-Stocks on Hand End-of-Period,0-Category Total,4-Stocks on Hand End-of-Period by Bulk vs Bottled,1571,892556830,Wine,FALSE
7,2018,01-Count of IMs,01-Count of IMs,Number of Industry Members,1707,1707,Wine,FALSE
7,2018,1-Production,1-Production,1-Low Alcohol %,492,2366979,Wine,FALSE
7,2018,1-Production,1-Production,2-Medium and High Alcohol %,142,2046040,Wine,FALSE
7,2018,1-Production,1-Production,4-Artificially Carbonated Wine,12,37801,Wine,FALSE
7,2018,1-Production,1-Production,5-Sparkling Wine,30,2521740,Wine,FALSE
7,2018,1-Production,1-Production,6-Hard Cider,55,1318425,Wine,FALSE
7,2018,2-Withdrawals,2-Taxable Withdrawals,1-Low Alcohol %,1092,46470309,Wine,FALSE
7,2018,2-Withdrawals,2-Taxable Withdrawals,2-Medium and High Alcohol %,314,685944,Wine,FALSE
7,2018,2-Withdrawals,2-Taxable Withdrawals,4-Artificially Carbonated Wine,86,88099,Wine,FALSE
7,2018,2-Withdrawals,2-Taxable Withdrawals,5-Sparkling Wine,216,2094102,Wine,FALSE
7,2018,2-Withdrawals,2-Taxable Withdrawals,6-Hard Cider,105,4215871,Wine,FALSE
7,2018,2-Withdrawals,2-Taxable Withdrawals by Bulk vs Bottled,1-Bottled,1122,52564098,Wine,FALSE
7,2018,2-Withdrawals,2-Taxable Withdrawals by Bulk vs Bottled,2-Bulk,72,990228,Wine,FALSE
7,2018,2-Withdrawals,3-Tax Free Withdrawals,1-Low Alcohol %,514,8425432,Wine,FALSE
7,2018,2-Withdrawals,3-Tax Free Withdrawals,2-Medium and High Alcohol %,132,543212,Wine,FALSE
7,2018,2-Withdrawals,3-Tax Free Withdrawals,4-Artificially Carbonated/Sparkling Wine,100,143965,Wine,FALSE
7,2018,2-Withdrawals,3-Tax Free Withdrawals,6-Hard Cider,36,148158,Wine,FALSE
7,2018,2-Withdrawals,3-Tax Free Withdrawals For Export,1-Bottled Exports,116,3105358,Wine,FALSE
7,2018,2-Withdrawals,3-Tax Free Withdrawals For Export,2-Bulk Exports,25,5069687,Wine,FALSE
7,2018,4-Stocks on Hand End-of-Period,4-Stocks on Hand End-of-Period,1-Low Alcohol %,1516,850480355,Wine,FALSE
7,2018,4-Stocks on Hand End-of-Period,4-Stocks on Hand End-of-Period,2-Medium Alcohol %,642,12803357,Wine,FALSE
7,2018,4-Stocks on Hand End-of-Period,4-Stocks on Hand End-of-Period,3-High Alcohol %,48,935677,Wine,FALSE
7,2018,4-Stocks on Hand End-of-Period,4-Stocks on Hand End-of-Period,4-Artificially Carbonated Wine,96,467335,Wine,FALSE
7,2018,4-Stocks on Hand End-of-Period,4-Stocks on Hand End-of-Period,5-Sparkling Wine,297,23508043,Wine,FALSE
7,2018,4-Stocks on Hand End-of-Period,4-Stocks on Hand End-of-Period,6-Hard Cider,123,4362063,Wine,FALSE
7,2018,4-Stocks on Hand End-of-Period,4-Stocks on Hand End-of-Period by Bulk vs Bottled,1-Bottled,1137,202266378,Wine,FALSE
7,2018,4-Stocks on Hand End-of-Period,4-Stocks on Hand End-of-Period by Bulk vs Bottled,2-Bulk,1404,690290452,Wine,FALSE
8,2018,1-Production,0-Category Total,1-Production,556,39365211,Wine,FALSE
8,2018,2-Withdrawals,0-Category Total,2-Taxable Withdrawals,1193,65657343,Wine,FALSE
8,2018,2-Withdrawals,0-Category Total,2-Taxable Withdrawals by Bulk vs Bottled,1193,65657343,Wine,FALSE
8,2018,2-Withdrawals,0-Category Total,3-Tax Free Withdrawals,569,7864177,Wine,FALSE
8,2018,2-Withdrawals,0-Category Total,3-Tax Free Withdrawals For Export,131,6286228,Wine,FALSE
8,2018,4-Stocks on Hand End-of-Period,0-Category Total,4-Stocks on Hand End-of-Period,1563,852686856,Wine,FALSE
8,2018,4-Stocks on Hand End-of-Period,0-Category Total,4-Stocks on Hand End-of-Period by Bulk vs Bottled,1563,852686856,Wine,FALSE
8,2018,01-Count of IMs,01-Count of IMs,Number of Industry Members,1698,1698,Wine,FALSE
8,2018,1-Production,1-Production,1-Low Alcohol %,515,22521572,Wine,FALSE
8,2018,1-Production,1-Production,2-Medium and High Alcohol %,165,12195399,Wine,FALSE
8,2018,1-Production,1-Production,4-Artificially Carbonated Wine,13,132135,Wine,FALSE
8,2018,1-Production,1-Production,5-Sparkling Wine,29,2906569,Wine,FALSE
8,2018,1-Production,1-Production,6-Hard Cider,57,1609535,Wine,FALSE
8,2018,2-Withdrawals,2-Taxable Withdrawals,1-Low Alcohol %,1139,57958703,Wine,FALSE
8,2018,2-Withdrawals,2-Taxable Withdrawals,2-Medium and High Alcohol %,336,1005830,Wine,FALSE
8,2018,2-Withdrawals,2-Taxable Withdrawals,4-Artificially Carbonated Wine,84,145659,Wine,FALSE
8,2018,2-Withdrawals,2-Taxable Withdrawals,5-Sparkling Wine,216,2758069,Wine,FALSE
8,2018,2-Withdrawals,2-Taxable Withdrawals,6-Hard Cider,113,3789081,Wine,FALSE
8,2018,2-Withdrawals,2-Taxable Withdrawals by Bulk vs Bottled,1-Bottled,1169,64337741,Wine,FALSE
8,2018,2-Withdrawals,2-Taxable Withdrawals by Bulk vs Bottled,2-Bulk,77,1319602,Wine,FALSE
8,2018,2-Withdrawals,3-Tax Free Withdrawals,1-Low Alcohol %,532,6928078,Wine,FALSE
8,2018,2-Withdrawals,3-Tax Free Withdrawals,2-Medium and High Alcohol %,135,697120,Wine,FALSE
8,2018,2-Withdrawals,3-Tax Free Withdrawals,4-Artificially Carbonated/Sparkling Wine,96,136753,Wine,FALSE
8,2018,2-Withdrawals,3-Tax Free Withdrawals,6-Hard Cider,39,102226,Wine,FALSE
8,2018,2-Withdrawals,3-Tax Free Withdrawals For Export,1-Bottled Exports,115,3488681,Wine,FALSE
8,2018,2-Withdrawals,3-Tax Free Withdrawals For Export,2-Bulk Exports,26,2797548,Wine,FALSE
8,2018,4-Stocks on Hand End-of-Period,4-Stocks on Hand End-of-Period,1-Low Alcohol %,1509,808124034,Wine,FALSE
8,2018,4-Stocks on Hand End-of-Period,4-Stocks on Hand End-of-Period,2-Medium Alcohol %,645,14781554,Wine,FALSE
8,2018,4-Stocks on Hand End-of-Period,4-Stocks on Hand End-of-Period,3-High Alcohol %,47,2514511,Wine,FALSE
8,2018,4-Stocks on Hand End-of-Period,4-Stocks on Hand End-of-Period,4-Artificially Carbonated Wine,97,529528,Wine,FALSE
8,2018,4-Stocks on Hand End-of-Period,4-Stocks on Hand End-of-Period,5-Sparkling Wine,303,23142844,Wine,FALSE
8,2018,4-Stocks on Hand End-of-Period,4-Stocks on Hand End-of-Period,6-Hard Cider,118,3594386,Wine,FALSE
8,2018,4-Stocks on Hand End-of-Period,4-Stocks on Hand End-of-Period by Bulk vs Bottled,1-Bottled,1126,202717313,Wine,FALSE
8,2018,4-Stocks on Hand End-of-Period,4-Stocks on Hand End-of-Period by Bulk vs Bottled,2-Bulk,1403,649969543,Wine,FALSE
9,2018,1-Production,0-Category Total,1-Production,1235,138736749,Wine,FALSE
9,2018,2-Withdrawals,0-Category Total,2-Taxable Withdrawals,2415,60100316,Wine,FALSE
9,2018,2-Withdrawals,0-Category Total,2-Taxable Withdrawals by Bulk vs Bottled,2415,60100316,Wine,FALSE
9,2018,2-Withdrawals,0-Category Total,3-Tax Free Withdrawals,970,8978038,Wine,FALSE
9,2018,2-Withdrawals,0-Category Total,3-Tax Free Withdrawals For Export,148,7074924,Wine,FALSE
9,2018,4-Stocks on Hand End-of-Period,0-Category Total,4-Stocks on Hand End-of-Period,3136,939669996,Wine,FALSE
9,2018,4-Stocks on Hand End-of-Period,0-Category Total,4-Stocks on Hand End-of-Period by Bulk vs Bottled,3136,939669996,Wine,FALSE
9,2018,01-Count of IMs,01-Count of IMs,Number of Industry Members,3564,3564,Wine,FALSE
9,2018,1-Production,1-Production,1-Low Alcohol %,1111,122561369,Wine,FALSE
9,2018,1-Production,1-Production,2-Medium and High Alcohol %,225,11041073,Wine,FALSE
9,2018,1-Production,1-Production,4-Artificially Carbonated Wine,34,56806,Wine,FALSE
9,2018,1-Production,1-Production,5-Sparkling Wine,56,2862001,Wine,FALSE
9,2018,1-Production,1-Production,6-Hard Cider,178,2215499,Wine,FALSE
9,2018,2-Withdrawals,2-Taxable Withdrawals,1-Low Alcohol %,2272,52353331,Wine,FALSE
9,2018,2-Withdrawals,2-Taxable Withdrawals,2-Medium and High Alcohol %,616,624157,Wine,FALSE
9,2018,2-Withdrawals,2-Taxable Withdrawals,4-Artificially Carbonated Wine,167,122547,Wine,FALSE
9,2018,2-Withdrawals,2-Taxable Withdrawals,5-Sparkling Wine,343,2333018,Wine,FALSE
9,2018,2-Withdrawals,2-Taxable Withdrawals,6-Hard Cider,307,4667263,Wine,FALSE
9,2018,2-Withdrawals,2-Taxable Withdrawals by Bulk vs Bottled,1-Bottled,2337,58647410,Wine,FALSE
9,2018,2-Withdrawals,2-Taxable Withdrawals by Bulk vs Bottled,2-Bulk,193,1452906,Wine,FALSE
9,2018,2-Withdrawals,3-Tax Free Withdrawals,1-Low Alcohol %,915,8297505,Wine,FALSE
9,2018,2-Withdrawals,3-Tax Free Withdrawals,2-Medium and High Alcohol %,227,502232,Wine,FALSE
9,2018,2-Withdrawals,3-Tax Free Withdrawals,4-Artificially Carbonated/Sparkling Wine,162,112031,Wine,FALSE
9,2018,2-Withdrawals,3-Tax Free Withdrawals,6-Hard Cider,64,66270,Wine,FALSE
9,2018,2-Withdrawals,3-Tax Free Withdrawals For Export,1-Bottled Exports,130,2820106,Wine,FALSE
9,2018,2-Withdrawals,3-Tax Free Withdrawals For Export,2-Bulk Exports,27,4254818,Wine,FALSE
9,2018,4-Stocks on Hand End-of-Period,4-Stocks on Hand End-of-Period,1-Low Alcohol %,2999,889345117,Wine,FALSE
9,2018,4-Stocks on Hand End-of-Period,4-Stocks on Hand End-of-Period,2-Medium Alcohol %,1092,19150646,Wine,FALSE
9,2018,4-Stocks on Hand End-of-Period,4-Stocks on Hand End-of-Period,3-High Alcohol %,70,2650301,Wine,FALSE
9,2018,4-Stocks on Hand End-of-Period,4-Stocks on Hand End-of-Period,4-Artificially Carbonated Wine,163,578616,Wine,FALSE
9,2018,4-Stocks on Hand End-of-Period,4-Stocks on Hand End-of-Period,5-Sparkling Wine,462,23490979,Wine,FALSE
9,2018,4-Stocks on Hand End-of-Period,4-Stocks on Hand End-of-Period,6-Hard Cider,295,4454338,Wine,FALSE
9,2018,4-Stocks on Hand End-of-Period,4-Stocks on Hand End-of-Period by Bulk vs Bottled,1-Bottled,1924,210824858,Wine,FALSE
9,2018,4-Stocks on Hand End-of-Period,4-Stocks on Hand End-of-Period by Bulk vs Bottled,2-Bulk,2858,728845138,Wine,FALSE
10,2018,1-Production,0-Category Total,1-Production,737,170367400,Wine,FALSE
10,2018,2-Withdrawals,0-Category Total,2-Taxable Withdrawals,1017,66225865,Wine,FALSE
10,2018,2-Withdrawals,0-Category Total,2-Taxable Withdrawals by Bulk vs Bottled,1017,66225865,Wine,FALSE
10,2018,2-Withdrawals,0-Category Total,3-Tax Free Withdrawals,532,9616432,Wine,FALSE
10,2018,2-Withdrawals,0-Category Total,3-Tax Free Withdrawals For Export,137,7689291,Wine,FALSE
10,2018,4-Stocks on Hand End-of-Period,0-Category Total,4-Stocks on Hand End-of-Period,1573,1009167845,Wine,FALSE
10,2018,4-Stocks on Hand End-of-Period,0-Category Total,4-Stocks on Hand End-of-Period by Bulk vs Bottled,1573,1009167845,Wine,FALSE
10,2018,01-Count of IMs,01-Count of IMs,Number of Industry Members,1725,1725,Wine,FALSE
10,2018,1-Production,1-Production,1-Low Alcohol %,693,162794592,Wine,FALSE
10,2018,1-Production,1-Production,2-Medium and High Alcohol %,144,3684973,Wine,FALSE
10,2018,1-Production,1-Production,4-Artificially Carbonated Wine,10,56156,Wine,FALSE
10,2018,1-Production,1-Production,5-Sparkling Wine,22,2489025,Wine,FALSE
10,2018,1-Production,1-Production,6-Hard Cider,56,1342654,Wine,FALSE
10,2018,2-Withdrawals,2-Taxable Withdrawals,1-Low Alcohol %,970,57384036,Wine,FALSE
10,2018,2-Withdrawals,2-Taxable Withdrawals,2-Medium and High Alcohol %,314,812743,Wine,FALSE
10,2018,2-Withdrawals,2-Taxable Withdrawals,4-Artificially Carbonated Wine,79,116085,Wine,FALSE
10,2018,2-Withdrawals,2-Taxable Withdrawals,5-Sparkling Wine,203,3648092,Wine,FALSE
10,2018,2-Withdrawals,2-Taxable Withdrawals,6-Hard Cider,110,4264909,Wine,FALSE
10,2018,2-Withdrawals,2-Taxable Withdrawals by Bulk vs Bottled,1-Bottled,1003,65295069,Wine,FALSE
10,2018,2-Withdrawals,2-Taxable Withdrawals by Bulk vs Bottled,2-Bulk,62,930797,Wine,FALSE
10,2018,2-Withdrawals,3-Tax Free Withdrawals,1-Low Alcohol %,503,8780961,Wine,FALSE
10,2018,2-Withdrawals,3-Tax Free Withdrawals,2-Medium and High Alcohol %,124,640048,Wine,FALSE
10,2018,2-Withdrawals,3-Tax Free Withdrawals,4-Artificially Carbonated/Sparkling Wine,101,137754,Wine,FALSE
10,2018,2-Withdrawals,3-Tax Free Withdrawals,6-Hard Cider,36,57668,Wine,FALSE
10,2018,2-Withdrawals,3-Tax Free Withdrawals For Export,1-Bottled Exports,124,3610320,Wine,FALSE
10,2018,2-Withdrawals,3-Tax Free Withdrawals For Export,2-Bulk Exports,24,4078971,Wine,FALSE
10,2018,4-Stocks on Hand End-of-Period,4-Stocks on Hand End-of-Period,1-Low Alcohol %,1518,968285339,Wine,FALSE
10,2018,4-Stocks on Hand End-of-Period,4-Stocks on Hand End-of-Period,2-Medium Alcohol %,653,14248535,Wine,FALSE
10,2018,4-Stocks on Hand End-of-Period,4-Stocks on Hand End-of-Period,3-High Alcohol %,51,937260,Wine,FALSE
10,2018,4-Stocks on Hand End-of-Period,4-Stocks on Hand End-of-Period,4-Artificially Carbonated Wine,99,490929,Wine,FALSE
10,2018,4-Stocks on Hand End-of-Period,4-Stocks on Hand End-of-Period,5-Sparkling Wine,294,21993158,Wine,FALSE
10,2018,4-Stocks on Hand End-of-Period,4-Stocks on Hand End-of-Period,6-Hard Cider,127,3212623,Wine,FALSE
10,2018,4-Stocks on Hand End-of-Period,4-Stocks on Hand End-of-Period by Bulk vs Bottled,1-Bottled,1100,196926068,Wine,FALSE
10,2018,4-Stocks on Hand End-of-Period,4-Stocks on Hand End-of-Period by Bulk vs Bottled,2-Bulk,1421,812241776,Wine,FALSE
11,2018,1-Production,0-Category Total,1-Production,775,136185339,Wine,FALSE
11,2018,2-Withdrawals,0-Category Total,2-Taxable Withdrawals,1030,62722968,Wine,FALSE
11,2018,2-Withdrawals,0-Category Total,2-Taxable Withdrawals by Bulk vs Bottled,1030,62722968,Wine,FALSE
11,2018,2-Withdrawals,0-Category Total,3-Tax Free Withdrawals,521,9270743,Wine,FALSE
11,2018,2-Withdrawals,0-Category Total,3-Tax Free Withdrawals For Export,129,7285249,Wine,FALSE
11,2018,4-Stocks on Hand End-of-Period,0-Category Total,4-Stocks on Hand End-of-Period,1555,1075987973,Wine,FALSE
11,2018,4-Stocks on Hand End-of-Period,0-Category Total,4-Stocks on Hand End-of-Period by Bulk vs Bottled,1555,1075987973,Wine,FALSE
11,2018,01-Count of IMs,01-Count of IMs,Number of Industry Members,1694,1694,Wine,FALSE
11,2018,1-Production,1-Production,1-Low Alcohol %,740,129610644,Wine,FALSE
11,2018,1-Production,1-Production,2-Medium and High Alcohol %,151,2778240,Wine,FALSE
11,2018,1-Production,1-Production,4-Artificially Carbonated Wine,17,91053,Wine,FALSE
11,2018,1-Production,1-Production,5-Sparkling Wine,27,2477981,Wine,FALSE
11,2018,1-Production,1-Production,6-Hard Cider,55,1227420,Wine,FALSE
11,2018,2-Withdrawals,2-Taxable Withdrawals,1-Low Alcohol %,980,54311952,Wine,FALSE
11,2018,2-Withdrawals,2-Taxable Withdrawals,2-Medium and High Alcohol %,314,828174,Wine,FALSE
11,2018,2-Withdrawals,2-Taxable Withdrawals,4-Artificially Carbonated Wine,80,130145,Wine,FALSE
11,2018,2-Withdrawals,2-Taxable Withdrawals,5-Sparkling Wine,220,3788380,Wine,FALSE
11,2018,2-Withdrawals,2-Taxable Withdrawals,6-Hard Cider,106,3664317,Wine,FALSE
11,2018,2-Withdrawals,2-Taxable Withdrawals by Bulk vs Bottled,1-Bottled,1010,61784711,Wine,FALSE
11,2018,2-Withdrawals,2-Taxable Withdrawals by Bulk vs Bottled,2-Bulk,61,938257,Wine,FALSE
11,2018,2-Withdrawals,3-Tax Free Withdrawals,1-Low Alcohol %,488,8274460,Wine,FALSE
11,2018,2-Withdrawals,3-Tax Free Withdrawals,2-Medium and High Alcohol %,112,806210,Wine,FALSE
11,2018,2-Withdrawals,3-Tax Free Withdrawals,4-Artificially Carbonated/Sparkling Wine,105,124603,Wine,FALSE
11,2018,2-Withdrawals,3-Tax Free Withdrawals,6-Hard Cider,34,65470,Wine,FALSE
11,2018,2-Withdrawals,3-Tax Free Withdrawals For Export,1-Bottled Exports,118,3521737,Wine,FALSE
11,2018,2-Withdrawals,3-Tax Free Withdrawals For Export,2-Bulk Exports,19,3763513,Wine,FALSE
11,2018,4-Stocks on Hand End-of-Period,4-Stocks on Hand End-of-Period,1-Low Alcohol %,1504,1035510258,Wine,FALSE
11,2018,4-Stocks on Hand End-of-Period,4-Stocks on Hand End-of-Period,2-Medium Alcohol %,655,14718290,Wine,FALSE
11,2018,4-Stocks on Hand End-of-Period,4-Stocks on Hand End-of-Period,3-High Alcohol %,51,1046714,Wine,FALSE
11,2018,4-Stocks on Hand End-of-Period,4-Stocks on Hand End-of-Period,4-Artificially Carbonated Wine,97,552309,Wine,FALSE
11,2018,4-Stocks on Hand End-of-Period,4-Stocks on Hand End-of-Period,5-Sparkling Wine,299,20688753,Wine,FALSE
11,2018,4-Stocks on Hand End-of-Period,4-Stocks on Hand End-of-Period,6-Hard Cider,127,3471649,Wine,FALSE
11,2018,4-Stocks on Hand End-of-Period,4-Stocks on Hand End-of-Period by Bulk vs Bottled,1-Bottled,1093,188217694,Wine,FALSE
11,2018,4-Stocks on Hand End-of-Period,4-Stocks on Hand End-of-Period by Bulk vs Bottled,2-Bulk,1401,887770279,Wine,FALSE
12,2018,1-Production,0-Category Total,1-Production,5739,214063243,Wine,FALSE
12,2018,2-Withdrawals,0-Category Total,2-Taxable Withdrawals,5696,74079054,Wine,FALSE
12,2018,2-Withdrawals,0-Category Total,2-Taxable Withdrawals by Bulk vs Bottled,5696,74079054,Wine,FALSE
12,2018,2-Withdrawals,0-Category Total,3-Tax Free Withdrawals,3033,11401776,Wine,FALSE
12,2018,2-Withdrawals,0-Category Total,3-Tax Free Withdrawals For Export,198,6381219,Wine,FALSE
12,2018,4-Stocks on Hand End-of-Period,0-Category Total,4-Stocks on Hand End-of-Period,6942,1247315273,Wine,FALSE
12,2018,4-Stocks on Hand End-of-Period,0-Category Total,4-Stocks on Hand End-of-Period by Bulk vs Bottled,6942,1247315273,Wine,FALSE
12,2018,01-Count of IMs,01-Count of IMs,Number of Industry Members,8036,8036,Wine,FALSE
12,2018,1-Production,1-Production,1-Low Alcohol %,5390,205361962,Wine,FALSE
12,2018,1-Production,1-Production,2-Medium and High Alcohol %,786,3022573,Wine,FALSE
12,2018,1-Production,1-Production,4-Artificially Carbonated Wine,114,165046,Wine,FALSE
12,2018,1-Production,1-Production,5-Sparkling Wine,176,1459970,Wine,FALSE
12,2018,1-Production,1-Production,6-Hard Cider,589,4053693,Wine,FALSE
12,2018,2-Withdrawals,2-Taxable Withdrawals,1-Low Alcohol %,5305,64166893,Wine,FALSE
12,2018,2-Withdrawals,2-Taxable Withdrawals,2-Medium and High Alcohol %,1232,1023222,Wine,FALSE
12,2018,2-Withdrawals,2-Taxable Withdrawals,4-Artificially Carbonated Wine,302,254320,Wine,FALSE
12,2018,2-Withdrawals,2-Taxable Withdrawals,5-Sparkling Wine,578,2968376,Wine,FALSE
12,2018,2-Withdrawals,2-Taxable Withdrawals,6-Hard Cider,702,5666242,Wine,FALSE
12,2018,2-Withdrawals,2-Taxable Withdrawals by Bulk vs Bottled,1-Bottled,5478,72451812,Wine,FALSE
12,2018,2-Withdrawals,2-Taxable Withdrawals by Bulk vs Bottled,2-Bulk,557,1627242,Wine,FALSE
12,2018,2-Withdrawals,3-Tax Free Withdrawals,1-Low Alcohol %,2860,10457419,Wine,FALSE
12,2018,2-Withdrawals,3-Tax Free Withdrawals,2-Medium and High Alcohol %,580,789773,Wine,FALSE
12,2018,2-Withdrawals,3-Tax Free Withdrawals,4-Artificially Carbonated/Sparkling Wine,,,Wine,TRUE
12,2018,2-Withdrawals,3-Tax Free Withdrawals,6-Hard Cider,,,Wine,TRUE
12,2018,2-Withdrawals,3-Tax Free Withdrawals For Export,1-Bottled Exports,177,2875575,Wine,FALSE
12,2018,2-Withdrawals,3-Tax Free Withdrawals For Export,2-Bulk Exports,27,3505644,Wine,FALSE
12,2018,4-Stocks on Hand End-of-Period,4-Stocks on Hand End-of-Period,1-Low Alcohol %,6613,1203540598,Wine,FALSE
12,2018,4-Stocks on Hand End-of-Period,4-Stocks on Hand End-of-Period,2-Medium Alcohol %,1853,18318927,Wine,FALSE
12,2018,4-Stocks on Hand End-of-Period,4-Stocks on Hand End-of-Period,3-High Alcohol %,89,742985,Wine,FALSE
12,2018,4-Stocks on Hand End-of-Period,4-Stocks on Hand End-of-Period,4-Artificially Carbonated Wine,264,462387,Wine,FALSE
12,2018,4-Stocks on Hand End-of-Period,4-Stocks on Hand End-of-Period,5-Sparkling Wine,647,19054879,Wine,FALSE
12,2018,4-Stocks on Hand End-of-Period,4-Stocks on Hand End-of-Period,6-Hard Cider,666,5195497,Wine,FALSE
12,2018,4-Stocks on Hand End-of-Period,4-Stocks on Hand End-of-Period by Bulk vs Bottled,1-Bottled,4236,188049876,Wine,FALSE
12,2018,4-Stocks on Hand End-of-Period,4-Stocks on Hand End-of-Period by Bulk vs Bottled,2-Bulk,6334,1059265397,Wine,FALSE
1,2019,1-Production,0-Category Total,1-Production,708,80215572,Wine,FALSE
1,2019,2-Withdrawals,0-Category Total,2-Taxable Withdrawals,1108,60426353,Wine,FALSE
1,2019,2-Withdrawals,0-Category Total,2-Taxable Withdrawals by Bulk vs Bottled,1108,60426353,Wine,FALSE
1,2019,2-Withdrawals,0-Category Total,3-Tax Free Withdrawals,537,10826483,Wine,FALSE
1,2019,2-Withdrawals,0-Category Total,3-Tax Free Withdrawals For Export,121,8363133,Wine,FALSE
1,2019,4-Stocks on Hand End-of-Period,0-Category Total,4-Stocks on Hand End-of-Period,1584,1202230572,Wine,FALSE
1,2019,4-Stocks on Hand End-of-Period,0-Category Total,4-Stocks on Hand End-of-Period by Bulk vs Bottled,1584,1202230572,Wine,FALSE
1,2019,01-Count of IMs,01-Count of IMs,Number of Industry Members,1724,1724,Wine,FALSE
1,2019,1-Production,1-Production,1-Low Alcohol %,670,73802882,Wine,FALSE
1,2019,1-Production,1-Production,2-Medium and High Alcohol %,166,2372629,Wine,FALSE
1,2019,1-Production,1-Production,4-Artificially Carbonated Wine,18,66850,Wine,FALSE
1,2019,1-Production,1-Production,5-Sparkling Wine,24,2599540,Wine,FALSE
1,2019,1-Production,1-Production,6-Hard Cider,64,1373670,Wine,FALSE
1,2019,2-Withdrawals,2-Taxable Withdrawals,1-Low Alcohol %,1050,53463921,Wine,FALSE
1,2019,2-Withdrawals,2-Taxable Withdrawals,2-Medium and High Alcohol %,294,892540,Wine,FALSE
1,2019,2-Withdrawals,2-Taxable Withdrawals,4-Artificially Carbonated Wine,85,70266,Wine,FALSE
1,2019,2-Withdrawals,2-Taxable Withdrawals,5-Sparkling Wine,208,1913705,Wine,FALSE
1,2019,2-Withdrawals,2-Taxable Withdrawals,6-Hard Cider,113,4085922,Wine,FALSE
1,2019,2-Withdrawals,2-Taxable Withdrawals by Bulk vs Bottled,1-Bottled,1086,59500981,Wine,FALSE
1,2019,2-Withdrawals,2-Taxable Withdrawals by Bulk vs Bottled,2-Bulk,80,925372,Wine,FALSE
1,2019,2-Withdrawals,3-Tax Free Withdrawals,1-Low Alcohol %,502,9903405,Wine,FALSE
1,2019,2-Withdrawals,3-Tax Free Withdrawals,2-Medium and High Alcohol %,101,660661,Wine,FALSE
1,2019,2-Withdrawals,3-Tax Free Withdrawals,4-Artificially Carbonated/Sparkling Wine,,,Wine,TRUE
1,2019,2-Withdrawals,3-Tax Free Withdrawals,6-Hard Cider,,,Wine,TRUE
1,2019,2-Withdrawals,3-Tax Free Withdrawals For Export,1-Bottled Exports,109,3115954,Wine,FALSE
1,2019,2-Withdrawals,3-Tax Free Withdrawals For Export,2-Bulk Exports,19,5247179,Wine,FALSE
1,2019,4-Stocks on Hand End-of-Period,4-Stocks on Hand End-of-Period,1-Low Alcohol %,1528,1162154422,Wine,FALSE
1,2019,4-Stocks on Hand End-of-Period,4-Stocks on Hand End-of-Period,2-Medium Alcohol %,658,15888510,Wine,FALSE
1,2019,4-Stocks on Hand End-of-Period,4-Stocks on Hand End-of-Period,3-High Alcohol %,48,1478073,Wine,FALSE
1,2019,4-Stocks on Hand End-of-Period,4-Stocks on Hand End-of-Period,4-Artificially Carbonated Wine,99,405905,Wine,FALSE
1,2019,4-Stocks on Hand End-of-Period,4-Stocks on Hand End-of-Period,5-Sparkling Wine,301,18884049,Wine,FALSE
1,2019,4-Stocks on Hand End-of-Period,4-Stocks on Hand End-of-Period,6-Hard Cider,141,3419613,Wine,FALSE
1,2019,4-Stocks on Hand End-of-Period,4-Stocks on Hand End-of-Period by Bulk vs Bottled,1-Bottled,1112,171243451,Wine,FALSE
1,2019,4-Stocks on Hand End-of-Period,4-Stocks on Hand End-of-Period by Bulk vs Bottled,2-Bulk,1427,1030987121,Wine,FALSE
2,2019,1-Production,0-Category Total,1-Production,578,46391448,Wine,FALSE
2,2019,2-Withdrawals,0-Category Total,2-Taxable Withdrawals,1098,51568405,Wine,FALSE
2,2019,2-Withdrawals,0-Category Total,2-Taxable Withdrawals by Bulk vs Bottled,1098,51568405,Wine,FALSE
2,2019,2-Withdrawals,0-Category Total,3-Tax Free Withdrawals,522,9292650,Wine,FALSE
2,2019,2-Withdrawals,0-Category Total,3-Tax Free Withdrawals For Export,128,7022799,Wine,FALSE
2,2019,4-Stocks on Hand End-of-Period,0-Category Total,4-Stocks on Hand End-of-Period,1542,1189188579,Wine,FALSE
2,2019,4-Stocks on Hand End-of-Period,0-Category Total,4-Stocks on Hand End-of-Period by Bulk vs Bottled,1542,1189188579,Wine,FALSE
2,2019,01-Count of IMs,01-Count of IMs,Number of Industry Members,1675,1675,Wine,FALSE
2,2019,1-Production,1-Production,1-Low Alcohol %,550,40148080,Wine,FALSE
2,2019,1-Production,1-Production,2-Medium and High Alcohol %,156,2401005,Wine,FALSE
2,2019,1-Production,1-Production,4-Artificially Carbonated Wine,12,185142,Wine,FALSE
2,2019,1-Production,1-Production,5-Sparkling Wine,24,2506601,Wine,FALSE
2,2019,1-Production,1-Production,6-Hard Cider,50,1150620,Wine,FALSE
2,2019,2-Withdrawals,2-Taxable Withdrawals,1-Low Alcohol %,1045,45594530,Wine,FALSE
2,2019,2-Withdrawals,2-Taxable Withdrawals,2-Medium and High Alcohol %,278,817930,Wine,FALSE
2,2019,2-Withdrawals,2-Taxable Withdrawals,4-Artificially Carbonated Wine,80,85606,Wine,FALSE
2,2019,2-Withdrawals,2-Taxable Withdrawals,5-Sparkling Wine,194,1519846,Wine,FALSE
2,2019,2-Withdrawals,2-Taxable Withdrawals,6-Hard Cider,111,3550493,Wine,FALSE
2,2019,2-Withdrawals,2-Taxable Withdrawals by Bulk vs Bottled,1-Bottled,1071,50608154,Wine,FALSE
2,2019,2-Withdrawals,2-Taxable Withdrawals by Bulk vs Bottled,2-Bulk,77,960252,Wine,FALSE
2,2019,2-Withdrawals,3-Tax Free Withdrawals,1-Low Alcohol %,489,8189548,Wine,FALSE
2,2019,2-Withdrawals,3-Tax Free Withdrawals,2-Medium and High Alcohol %,114,878606,Wine,FALSE
2,2019,2-Withdrawals,3-Tax Free Withdrawals,4-Artificially Carbonated/Sparkling Wine,86,44201,Wine,FALSE
2,2019,2-Withdrawals,3-Tax Free Withdrawals,6-Hard Cider,27,180296,Wine,FALSE
2,2019,2-Withdrawals,3-Tax Free Withdrawals For Export,1-Bottled Exports,113,2202913,Wine,FALSE
2,2019,2-Withdrawals,3-Tax Free Withdrawals For Export,2-Bulk Exports,23,4819886,Wine,FALSE
2,2019,4-Stocks on Hand End-of-Period,4-Stocks on Hand End-of-Period,1-Low Alcohol %,1492,1149588704,Wine,FALSE
2,2019,4-Stocks on Hand End-of-Period,4-Stocks on Hand End-of-Period,2-Medium Alcohol %,655,15417905,Wine,FALSE
2,2019,4-Stocks on Hand End-of-Period,4-Stocks on Hand End-of-Period,3-High Alcohol %,47,964099,Wine,FALSE
2,2019,4-Stocks on Hand End-of-Period,4-Stocks on Hand End-of-Period,4-Artificially Carbonated Wine,101,506901,Wine,FALSE
2,2019,4-Stocks on Hand End-of-Period,4-Stocks on Hand End-of-Period,5-Sparkling Wine,295,19397326,Wine,FALSE
2,2019,4-Stocks on Hand End-of-Period,4-Stocks on Hand End-of-Period,6-Hard Cider,132,3313644,Wine,FALSE
2,2019,4-Stocks on Hand End-of-Period,4-Stocks on Hand End-of-Period by Bulk vs Bottled,1-Bottled,1100,171496471,Wine,FALSE
2,2019,4-Stocks on Hand End-of-Period,4-Stocks on Hand End-of-Period by Bulk vs Bottled,2-Bulk,1391,1017692108,Wine,FALSE
3,2019,1-Production,0-Category Total,1-Production,1311,37689430,Wine,FALSE
3,2019,2-Withdrawals,0-Category Total,2-Taxable Withdrawals,2491,64043309,Wine,FALSE
3,2019,2-Withdrawals,0-Category Total,2-Taxable Withdrawals by Bulk vs Bottled,2491,64043309,Wine,FALSE
3,2019,2-Withdrawals,0-Category Total,3-Tax Free Withdrawals,979,10909338,Wine,FALSE
3,2019,2-Withdrawals,0-Category Total,3-Tax Free Withdrawals For Export,162,7144657,Wine,FALSE
3,2019,4-Stocks on Hand End-of-Period,0-Category Total,4-Stocks on Hand End-of-Period,3234,1186570957,Wine,FALSE
3,2019,4-Stocks on Hand End-of-Period,0-Category Total,4-Stocks on Hand End-of-Period by Bulk vs Bottled,3234,1186570957,Wine,FALSE
3,2019,01-Count of IMs,01-Count of IMs,Number of Industry Members,3635,3635,Wine,FALSE
3,2019,1-Production,1-Production,1-Low Alcohol %,1173,27162556,Wine,FALSE
3,2019,1-Production,1-Production,2-Medium and High Alcohol %,255,5856245,Wine,FALSE
3,2019,1-Production,1-Production,4-Artificially Carbonated Wine,50,347311,Wine,FALSE
3,2019,1-Production,1-Production,5-Sparkling Wine,64,2046000,Wine,FALSE
3,2019,1-Production,1-Production,6-Hard Cider,236,2277319,Wine,FALSE
3,2019,2-Withdrawals,2-Taxable Withdrawals,1-Low Alcohol %,2337,56852764,Wine,FALSE
3,2019,2-Withdrawals,2-Taxable Withdrawals,2-Medium and High Alcohol %,565,790569,Wine,FALSE
3,2019,2-Withdrawals,2-Taxable Withdrawals,4-Artificially Carbonated Wine,178,210587,Wine,FALSE
3,2019,2-Withdrawals,2-Taxable Withdrawals,5-Sparkling Wine,347,1833490,Wine,FALSE
3,2019,2-Withdrawals,2-Taxable Withdrawals,6-Hard Cider,337,4355899,Wine,FALSE
3,2019,2-Withdrawals,2-Taxable Withdrawals by Bulk vs Bottled,1-Bottled,2403,62992641,Wine,FALSE
3,2019,2-Withdrawals,2-Taxable Withdrawals by Bulk vs Bottled,2-Bulk,207,1050668,Wine,FALSE
3,2019,2-Withdrawals,3-Tax Free Withdrawals,1-Low Alcohol %,915,9066297,Wine,FALSE
3,2019,2-Withdrawals,3-Tax Free Withdrawals,2-Medium and High Alcohol %,222,1734965,Wine,FALSE
3,2019,2-Withdrawals,3-Tax Free Withdrawals,4-Artificially Carbonated/Sparkling Wine,,,Wine,TRUE
3,2019,2-Withdrawals,3-Tax Free Withdrawals,6-Hard Cider,,,Wine,TRUE
3,2019,2-Withdrawals,3-Tax Free Withdrawals For Export,1-Bottled Exports,147,2640167,Wine,FALSE
3,2019,2-Withdrawals,3-Tax Free Withdrawals For Export,2-Bulk Exports,26,4504490,Wine,FALSE
3,2019,4-Stocks on Hand End-of-Period,4-Stocks on Hand End-of-Period,1-Low Alcohol %,3081,1143530126,Wine,FALSE
3,2019,4-Stocks on Hand End-of-Period,4-Stocks on Hand End-of-Period,2-Medium Alcohol %,1140,16670702,Wine,FALSE
3,2019,4-Stocks on Hand End-of-Period,4-Stocks on Hand End-of-Period,3-High Alcohol %,65,1451084,Wine,FALSE
3,2019,4-Stocks on Hand End-of-Period,4-Stocks on Hand End-of-Period,4-Artificially Carbonated Wine,180,546402,Wine,FALSE
3,2019,4-Stocks on Hand End-of-Period,4-Stocks on Hand End-of-Period,5-Sparkling Wine,466,20090655,Wine,FALSE
3,2019,4-Stocks on Hand End-of-Period,4-Stocks on Hand End-of-Period,6-Hard Cider,340,4281989,Wine,FALSE
3,2019,4-Stocks on Hand End-of-Period,4-Stocks on Hand End-of-Period by Bulk vs Bottled,1-Bottled,1967,180988874,Wine,FALSE
3,2019,4-Stocks on Hand End-of-Period,4-Stocks on Hand End-of-Period by Bulk vs Bottled,2-Bulk,2962,1005582083,Wine,FALSE
4,2019,1-Production,0-Category Total,1-Production,589,19598702,Wine,FALSE
4,2019,2-Withdrawals,0-Category Total,2-Taxable Withdrawals,1128,55138508,Wine,FALSE
4,2019,2-Withdrawals,0-Category Total,2-Taxable Withdrawals by Bulk vs Bottled,1128,55138508,Wine,FALSE
4,2019,2-Withdrawals,0-Category Total,3-Tax Free Withdrawals,538,9732184,Wine,FALSE
4,2019,2-Withdrawals,0-Category Total,3-Tax Free Withdrawals For Export,126,7895419,Wine,FALSE
4,2019,4-Stocks on Hand End-of-Period,0-Category Total,4-Stocks on Hand End-of-Period,1552,1112530406,Wine,FALSE
4,2019,4-Stocks on Hand End-of-Period,0-Category Total,4-Stocks on Hand End-of-Period by Bulk vs Bottled,1552,1112530406,Wine,FALSE
4,2019,01-Count of IMs,01-Count of IMs,Number of Industry Members,1700,1700,Wine,FALSE
4,2019,1-Production,1-Production,1-Low Alcohol %,553,13777655,Wine,FALSE
4,2019,1-Production,1-Production,2-Medium and High Alcohol %,149,1537877,Wine,FALSE
4,2019,1-Production,1-Production,4-Artificially Carbonated Wine,15,85535,Wine,FALSE
4,2019,1-Production,1-Production,5-Sparkling Wine,35,2955688,Wine,FALSE
4,2019,1-Production,1-Production,6-Hard Cider,62,1241946,Wine,FALSE
4,2019,2-Withdrawals,2-Taxable Withdrawals,1-Low Alcohol %,1078,49184736,Wine,FALSE
4,2019,2-Withdrawals,2-Taxable Withdrawals,2-Medium and High Alcohol %,297,622241,Wine,FALSE
4,2019,2-Withdrawals,2-Taxable Withdrawals,4-Artificially Carbonated Wine,91,140189,Wine,FALSE
4,2019,2-Withdrawals,2-Taxable Withdrawals,5-Sparkling Wine,192,1773114,Wine,FALSE
4,2019,2-Withdrawals,2-Taxable Withdrawals,6-Hard Cider,111,3418229,Wine,FALSE
4,2019,2-Withdrawals,2-Taxable Withdrawals by Bulk vs Bottled,1-Bottled,1104,54091546,Wine,FALSE
4,2019,2-Withdrawals,2-Taxable Withdrawals by Bulk vs Bottled,2-Bulk,77,1046962,Wine,FALSE
4,2019,2-Withdrawals,3-Tax Free Withdrawals,1-Low Alcohol %,505,8918497,Wine,FALSE
4,2019,2-Withdrawals,3-Tax Free Withdrawals,2-Medium and High Alcohol %,112,641325,Wine,FALSE
4,2019,2-Withdrawals,3-Tax Free Withdrawals,4-Artificially Carbonated/Sparkling Wine,,,Wine,TRUE
4,2019,2-Withdrawals,3-Tax Free Withdrawals,6-Hard Cider,,,Wine,TRUE
4,2019,2-Withdrawals,3-Tax Free Withdrawals For Export,1-Bottled Exports,107,3067730,Wine,FALSE
4,2019,2-Withdrawals,3-Tax Free Withdrawals For Export,2-Bulk Exports,27,4827689,Wine,FALSE
4,2019,4-Stocks on Hand End-of-Period,4-Stocks on Hand End-of-Period,1-Low Alcohol %,1500,1070828546,Wine,FALSE
4,2019,4-Stocks on Hand End-of-Period,4-Stocks on Hand End-of-Period,2-Medium Alcohol %,662,15273416,Wine,FALSE
4,2019,4-Stocks on Hand End-of-Period,4-Stocks on Hand End-of-Period,3-High Alcohol %,47,873487,Wine,FALSE
4,2019,4-Stocks on Hand End-of-Period,4-Stocks on Hand End-of-Period,4-Artificially Carbonated Wine,106,669851,Wine,FALSE
4,2019,4-Stocks on Hand End-of-Period,4-Stocks on Hand End-of-Period,5-Sparkling Wine,293,21352936,Wine,FALSE
4,2019,4-Stocks on Hand End-of-Period,4-Stocks on Hand End-of-Period,6-Hard Cider,130,3532170,Wine,FALSE
4,2019,4-Stocks on Hand End-of-Period,4-Stocks on Hand End-of-Period by Bulk vs Bottled,1-Bottled,1118,183192561,Wine,FALSE
4,2019,4-Stocks on Hand End-of-Period,4-Stocks on Hand End-of-Period by Bulk vs Bottled,2-Bulk,1384,929337845,Wine,FALSE
5,2019,1-Production,0-Category Total,1-Production,570,18209139,Wine,FALSE
5,2019,2-Withdrawals,0-Category Total,2-Taxable Withdrawals,1141,63025953,Wine,FALSE
5,2019,2-Withdrawals,0-Category Total,2-Taxable Withdrawals by Bulk vs Bottled,1141,63025953,Wine,FALSE
5,2019,2-Withdrawals,0-Category Total,3-Tax Free Withdrawals,550,9229468,Wine,FALSE
5,2019,2-Withdrawals,0-Category Total,3-Tax Free Withdrawals For Export,137,7665588,Wine,FALSE
5,2019,4-Stocks on Hand End-of-Period,0-Category Total,4-Stocks on Hand End-of-Period,1528,1058352812,Wine,FALSE
5,2019,4-Stocks on Hand End-of-Period,0-Category Total,4-Stocks on Hand End-of-Period by Bulk vs Bottled,1528,1058352812,Wine,FALSE
5,2019,01-Count of IMs,01-Count of IMs,Number of Industry Members,1673,1673,Wine,FALSE
5,2019,1-Production,1-Production,1-Low Alcohol %,532,11299792,Wine,FALSE
5,2019,1-Production,1-Production,2-Medium and High Alcohol %,156,1877601,Wine,FALSE
5,2019,1-Production,1-Production,4-Artificially Carbonated Wine,20,373928,Wine,FALSE
5,2019,1-Production,1-Production,5-Sparkling Wine,30,3394658,Wine,FALSE
5,2019,1-Production,1-Production,6-Hard Cider,63,1263160,Wine,FALSE
5,2019,2-Withdrawals,2-Taxable Withdrawals,1-Low Alcohol %,1095,55231769,Wine,FALSE
5,2019,2-Withdrawals,2-Taxable Withdrawals,2-Medium and High Alcohol %,292,865523,Wine,FALSE
5,2019,2-Withdrawals,2-Taxable Withdrawals,4-Artificially Carbonated Wine,92,213028,Wine,FALSE
5,2019,2-Withdrawals,2-Taxable Withdrawals,5-Sparkling Wine,195,2404000,Wine,FALSE
5,2019,2-Withdrawals,2-Taxable Withdrawals,6-Hard Cider,113,4311632,Wine,FALSE
5,2019,2-Withdrawals,2-Taxable Withdrawals by Bulk vs Bottled,1-Bottled,1115,61345744,Wine,FALSE
5,2019,2-Withdrawals,2-Taxable Withdrawals by Bulk vs Bottled,2-Bulk,89,1680209,Wine,FALSE
5,2019,2-Withdrawals,3-Tax Free Withdrawals,1-Low Alcohol %,521,8214781,Wine,FALSE
5,2019,2-Withdrawals,3-Tax Free Withdrawals,2-Medium and High Alcohol %,121,685729,Wine,FALSE
5,2019,2-Withdrawals,3-Tax Free Withdrawals,4-Artificially Carbonated/Sparkling Wine,102,143383,Wine,FALSE
5,2019,2-Withdrawals,3-Tax Free Withdrawals,6-Hard Cider,32,185575,Wine,FALSE
5,2019,2-Withdrawals,3-Tax Free Withdrawals For Export,1-Bottled Exports,122,3584342,Wine,FALSE
5,2019,2-Withdrawals,3-Tax Free Withdrawals For Export,2-Bulk Exports,27,4081246,Wine,FALSE
5,2019,4-Stocks on Hand End-of-Period,4-Stocks on Hand End-of-Period,1-Low Alcohol %,1478,1016727971,Wine,FALSE
5,2019,4-Stocks on Hand End-of-Period,4-Stocks on Hand End-of-Period,2-Medium Alcohol %,656,14900112,Wine,FALSE
5,2019,4-Stocks on Hand End-of-Period,4-Stocks on Hand End-of-Period,3-High Alcohol %,49,962025,Wine,FALSE
5,2019,4-Stocks on Hand End-of-Period,4-Stocks on Hand End-of-Period,4-Artificially Carbonated Wine,106,573294,Wine,FALSE
5,2019,4-Stocks on Hand End-of-Period,4-Stocks on Hand End-of-Period,5-Sparkling Wine,290,21882796,Wine,FALSE
5,2019,4-Stocks on Hand End-of-Period,4-Stocks on Hand End-of-Period,6-Hard Cider,127,3306615,Wine,FALSE
5,2019,4-Stocks on Hand End-of-Period,4-Stocks on Hand End-of-Period by Bulk vs Bottled,1-Bottled,1106,185675691,Wine,FALSE
5,2019,4-Stocks on Hand End-of-Period,4-Stocks on Hand End-of-Period by Bulk vs Bottled,2-Bulk,1375,872677121,Wine,FALSE
6,2019,1-Production,0-Category Total,1-Production,1150,15046396,Wine,FALSE
6,2019,2-Withdrawals,0-Category Total,2-Taxable Withdrawals,2508,61833670,Wine,FALSE
6,2019,2-Withdrawals,0-Category Total,2-Taxable Withdrawals by Bulk vs Bottled,2508,61833670,Wine,FALSE
6,2019,2-Withdrawals,0-Category Total,3-Tax Free Withdrawals,988,9149315,Wine,FALSE
6,2019,2-Withdrawals,0-Category Total,3-Tax Free Withdrawals For Export,140,6152897,Wine,FALSE
6,2019,4-Stocks on Hand End-of-Period,0-Category Total,4-Stocks on Hand End-of-Period,3203,1036907752,Wine,FALSE
6,2019,4-Stocks on Hand End-of-Period,0-Category Total,4-Stocks on Hand End-of-Period by Bulk vs Bottled,3203,1036907752,Wine,FALSE
6,2019,01-Count of IMs,01-Count of IMs,Number of Industry Members,3629,3629,Wine,FALSE
6,2019,1-Production,1-Production,1-Low Alcohol %,1007,7138819,Wine,FALSE
6,2019,1-Production,1-Production,2-Medium and High Alcohol %,250,1643180,Wine,FALSE
6,2019,1-Production,1-Production,4-Artificially Carbonated Wine,54,238371,Wine,FALSE
6,2019,1-Production,1-Production,5-Sparkling Wine,73,3389900,Wine,FALSE
6,2019,1-Production,1-Production,6-Hard Cider,218,2636126,Wine,FALSE
6,2019,2-Withdrawals,2-Taxable Withdrawals,1-Low Alcohol %,2356,53579374,Wine,FALSE
6,2019,2-Withdrawals,2-Taxable Withdrawals,2-Medium and High Alcohol %,577,680616,Wine,FALSE
6,2019,2-Withdrawals,2-Taxable Withdrawals,4-Artificially Carbonated Wine,192,211668,Wine,FALSE
6,2019,2-Withdrawals,2-Taxable Withdrawals,5-Sparkling Wine,361,2049250,Wine,FALSE
6,2019,2-Withdrawals,2-Taxable Withdrawals,6-Hard Cider,344,5312762,Wine,FALSE
6,2019,2-Withdrawals,2-Taxable Withdrawals by Bulk vs Bottled,1-Bottled,2417,60557579,Wine,FALSE
6,2019,2-Withdrawals,2-Taxable Withdrawals by Bulk vs Bottled,2-Bulk,214,1276091,Wine,FALSE
6,2019,2-Withdrawals,3-Tax Free Withdrawals,1-Low Alcohol %,920,8008348,Wine,FALSE
6,2019,2-Withdrawals,3-Tax Free Withdrawals,2-Medium and High Alcohol %,219,822773,Wine,FALSE
6,2019,2-Withdrawals,3-Tax Free Withdrawals,4-Artificially Carbonated/Sparkling Wine,173,84820,Wine,FALSE
6,2019,2-Withdrawals,3-Tax Free Withdrawals,6-Hard Cider,77,233373,Wine,FALSE
6,2019,2-Withdrawals,3-Tax Free Withdrawals For Export,1-Bottled Exports,127,3048572,Wine,FALSE
6,2019,2-Withdrawals,3-Tax Free Withdrawals For Export,2-Bulk Exports,17,3104325,Wine,FALSE
6,2019,4-Stocks on Hand End-of-Period,4-Stocks on Hand End-of-Period,1-Low Alcohol %,3057,992830897,Wine,FALSE
6,2019,4-Stocks on Hand End-of-Period,4-Stocks on Hand End-of-Period,2-Medium Alcohol %,1130,15467408,Wine,FALSE
6,2019,4-Stocks on Hand End-of-Period,4-Stocks on Hand End-of-Period,3-High Alcohol %,70,878370,Wine,FALSE
6,2019,4-Stocks on Hand End-of-Period,4-Stocks on Hand End-of-Period,4-Artificially Carbonated Wine,194,744839,Wine,FALSE
6,2019,4-Stocks on Hand End-of-Period,4-Stocks on Hand End-of-Period,5-Sparkling Wine,462,22786857,Wine,FALSE
6,2019,4-Stocks on Hand End-of-Period,4-Stocks on Hand End-of-Period,6-Hard Cider,337,4199380,Wine,FALSE
6,2019,4-Stocks on Hand End-of-Period,4-Stocks on Hand End-of-Period by Bulk vs Bottled,1-Bottled,1972,199608229,Wine,FALSE
6,2019,4-Stocks on Hand End-of-Period,4-Stocks on Hand End-of-Period by Bulk vs Bottled,2-Bulk,2914,837299523,Wine,FALSE
7,2019,1-Production,0-Category Total,1-Production,544,11886940,Wine,FALSE
7,2019,2-Withdrawals,0-Category Total,2-Taxable Withdrawals,1146,52964077,Wine,FALSE
7,2019,2-Withdrawals,0-Category Total,2-Taxable Withdrawals by Bulk vs Bottled,1146,52964077,Wine,FALSE
7,2019,2-Withdrawals,0-Category Total,3-Tax Free Withdrawals,529,8810214,Wine,FALSE
7,2019,2-Withdrawals,0-Category Total,3-Tax Free Withdrawals For Export,123,7027158,Wine,FALSE
7,2019,4-Stocks on Hand End-of-Period,0-Category Total,4-Stocks on Hand End-of-Period,1530,961211164,Wine,FALSE
7,2019,4-Stocks on Hand End-of-Period,0-Category Total,4-Stocks on Hand End-of-Period by Bulk vs Bottled,1530,961211164,Wine,FALSE
7,2019,01-Count of IMs,01-Count of IMs,Number of Industry Members,1682,1682,Wine,FALSE
7,2019,1-Production,1-Production,1-Low Alcohol %,497,5293791,Wine,FALSE
7,2019,1-Production,1-Production,2-Medium and High Alcohol %,132,1960053,Wine,FALSE
7,2019,1-Production,1-Production,4-Artificially Carbonated Wine,21,380587,Wine,FALSE
7,2019,1-Production,1-Production,5-Sparkling Wine,29,2812968,Wine,FALSE
7,2019,1-Production,1-Production,6-Hard Cider,62,1439539,Wine,FALSE
7,2019,2-Withdrawals,2-Taxable Withdrawals,1-Low Alcohol %,1097,46603597,Wine,FALSE
7,2019,2-Withdrawals,2-Taxable Withdrawals,2-Medium and High Alcohol %,300,625996,Wine,FALSE
7,2019,2-Withdrawals,2-Taxable Withdrawals,4-Artificially Carbonated Wine,96,200379,Wine,FALSE
7,2019,2-Withdrawals,2-Taxable Withdrawals,5-Sparkling Wine,199,1804011,Wine,FALSE
7,2019,2-Withdrawals,2-Taxable Withdrawals,6-Hard Cider,116,3730094,Wine,FALSE
7,2019,2-Withdrawals,2-Taxable Withdrawals by Bulk vs Bottled,1-Bottled,1123,51648883,Wine,FALSE
7,2019,2-Withdrawals,2-Taxable Withdrawals by Bulk vs Bottled,2-Bulk,77,1315194,Wine,FALSE
7,2019,2-Withdrawals,3-Tax Free Withdrawals,1-Low Alcohol %,495,7566532,Wine,FALSE
7,2019,2-Withdrawals,3-Tax Free Withdrawals,2-Medium and High Alcohol %,115,1037776,Wine,FALSE
7,2019,2-Withdrawals,3-Tax Free Withdrawals,4-Artificially Carbonated/Sparkling Wine,,,Wine,TRUE
7,2019,2-Withdrawals,3-Tax Free Withdrawals,6-Hard Cider,,,Wine,TRUE
7,2019,2-Withdrawals,3-Tax Free Withdrawals For Export,1-Bottled Exports,112,3086122,Wine,FALSE
7,2019,2-Withdrawals,3-Tax Free Withdrawals For Export,2-Bulk Exports,16,3941036,Wine,FALSE
7,2019,4-Stocks on Hand End-of-Period,4-Stocks on Hand End-of-Period,1-Low Alcohol %,1474,919267888,Wine,FALSE
7,2019,4-Stocks on Hand End-of-Period,4-Stocks on Hand End-of-Period,2-Medium Alcohol %,641,13786553,Wine,FALSE
7,2019,4-Stocks on Hand End-of-Period,4-Stocks on Hand End-of-Period,3-High Alcohol %,49,1076896,Wine,FALSE
7,2019,4-Stocks on Hand End-of-Period,4-Stocks on Hand End-of-Period,4-Artificially Carbonated Wine,105,706130,Wine,FALSE
7,2019,4-Stocks on Hand End-of-Period,4-Stocks on Hand End-of-Period,5-Sparkling Wine,296,23144400,Wine,FALSE
7,2019,4-Stocks on Hand End-of-Period,4-Stocks on Hand End-of-Period,6-Hard Cider,131,3229297,Wine,FALSE
7,2019,4-Stocks on Hand End-of-Period,4-Stocks on Hand End-of-Period by Bulk vs Bottled,1-Bottled,1121,202719996,Wine,FALSE
7,2019,4-Stocks on Hand End-of-Period,4-Stocks on Hand End-of-Period by Bulk vs Bottled,2-Bulk,1365,758491168,Wine,FALSE
8,2019,1-Production,0-Category Total,1-Production,527,33883336,Wine,FALSE
8,2019,2-Withdrawals,0-Category Total,2-Taxable Withdrawals,1162,62040402,Wine,FALSE
8,2019,2-Withdrawals,0-Category Total,2-Taxable Withdrawals by Bulk vs Bottled,1162,62040402,Wine,FALSE
8,2019,2-Withdrawals,0-Category Total,3-Tax Free Withdrawals,531,11193887,Wine,FALSE
8,2019,2-Withdrawals,0-Category Total,3-Tax Free Withdrawals For Export,122,9170759,Wine,FALSE
8,2019,4-Stocks on Hand End-of-Period,0-Category Total,4-Stocks on Hand End-of-Period,1525,913088913,Wine,FALSE
8,2019,4-Stocks on Hand End-of-Period,0-Category Total,4-Stocks on Hand End-of-Period by Bulk vs Bottled,1525,913088913,Wine,FALSE
8,2019,01-Count of IMs,01-Count of IMs,Number of Industry Members,1680,1680,Wine,FALSE
8,2019,1-Production,1-Production,1-Low Alcohol %,495,21632365,Wine,FALSE
8,2019,1-Production,1-Production,2-Medium and High Alcohol %,114,7984258,Wine,FALSE
8,2019,1-Production,1-Production,4-Artificially Carbonated Wine,16,207746,Wine,FALSE
8,2019,1-Production,1-Production,5-Sparkling Wine,34,2779928,Wine,FALSE
8,2019,1-Production,1-Production,6-Hard Cider,52,1279039,Wine,FALSE
8,2019,2-Withdrawals,2-Taxable Withdrawals,1-Low Alcohol %,1111,54592388,Wine,FALSE
8,2019,2-Withdrawals,2-Taxable Withdrawals,2-Medium and High Alcohol %,303,957146,Wine,FALSE
8,2019,2-Withdrawals,2-Taxable Withdrawals,4-Artificially Carbonated Wine,93,169611,Wine,FALSE
8,2019,2-Withdrawals,2-Taxable Withdrawals,5-Sparkling Wine,203,2538679,Wine,FALSE
8,2019,2-Withdrawals,2-Taxable Withdrawals,6-Hard Cider,115,3782577,Wine,FALSE
8,2019,2-Withdrawals,2-Taxable Withdrawals by Bulk vs Bottled,1-Bottled,1136,60594701,Wine,FALSE
8,2019,2-Withdrawals,2-Taxable Withdrawals by Bulk vs Bottled,2-Bulk,84,1445701,Wine,FALSE
8,2019,2-Withdrawals,3-Tax Free Withdrawals,1-Low Alcohol %,502,10266990,Wine,FALSE
8,2019,2-Withdrawals,3-Tax Free Withdrawals,2-Medium and High Alcohol %,116,521762,Wine,FALSE
8,2019,2-Withdrawals,3-Tax Free Withdrawals,4-Artificially Carbonated/Sparkling Wine,,,Wine,TRUE
8,2019,2-Withdrawals,3-Tax Free Withdrawals,6-Hard Cider,,,Wine,TRUE
8,2019,2-Withdrawals,3-Tax Free Withdrawals For Export,1-Bottled Exports,107,3547958,Wine,FALSE
8,2019,2-Withdrawals,3-Tax Free Withdrawals For Export,2-Bulk Exports,27,5622801,Wine,FALSE
8,2019,4-Stocks on Hand End-of-Period,4-Stocks on Hand End-of-Period,1-Low Alcohol %,1474,870481078,Wine,FALSE
8,2019,4-Stocks on Hand End-of-Period,4-Stocks on Hand End-of-Period,2-Medium Alcohol %,636,13346979,Wine,FALSE
8,2019,4-Stocks on Hand End-of-Period,4-Stocks on Hand End-of-Period,3-High Alcohol %,,,Wine,TRUE
8,2019,4-Stocks on Hand End-of-Period,4-Stocks on Hand End-of-Period,4-Artificially Carbonated Wine,102,714193,Wine,FALSE
8,2019,4-Stocks on Hand End-of-Period,4-Stocks on Hand End-of-Period,5-Sparkling Wine,295,19992873,Wine,FALSE
8,2019,4-Stocks on Hand End-of-Period,4-Stocks on Hand End-of-Period,6-Hard Cider,,,Wine,TRUE
8,2019,4-Stocks on Hand End-of-Period,4-Stocks on Hand End-of-Period by Bulk vs Bottled,1-Bottled,1115,207411876,Wine,FALSE
8,2019,4-Stocks on Hand End-of-Period,4-Stocks on Hand End-of-Period by Bulk vs Bottled,2-Bulk,1353,705677037,Wine,FALSE
9,2019,1-Production,0-Category Total,1-Production,1294,137595064,Wine,FALSE
9,2019,2-Withdrawals,0-Category Total,2-Taxable Withdrawals,2441,62437701,Wine,FALSE
9,2019,2-Withdrawals,0-Category Total,2-Taxable Withdrawals by Bulk vs Bottled,2441,62437701,Wine,FALSE
9,2019,2-Withdrawals,0-Category Total,3-Tax Free Withdrawals,951,9794470,Wine,FALSE
9,2019,2-Withdrawals,0-Category Total,3-Tax Free Withdrawals For Export,148,7378029,Wine,FALSE
9,2019,4-Stocks on Hand End-of-Period,0-Category Total,4-Stocks on Hand End-of-Period,3148,999301118,Wine,FALSE
9,2019,4-Stocks on Hand End-of-Period,0-Category Total,4-Stocks on Hand End-of-Period by Bulk vs Bottled,3148,999301118,Wine,FALSE
9,2019,01-Count of IMs,01-Count of IMs,Number of Industry Members,3616,3616,Wine,FALSE
9,2019,1-Production,1-Production,1-Low Alcohol %,1149,118294281,Wine,FALSE
9,2019,1-Production,1-Production,2-Medium and High Alcohol %,213,13743887,Wine,FALSE
9,2019,1-Production,1-Production,4-Artificially Carbonated Wine,49,116145,Wine,FALSE
9,2019,1-Production,1-Production,5-Sparkling Wine,72,2789449,Wine,FALSE
9,2019,1-Production,1-Production,6-Hard Cider,241,2651302,Wine,FALSE
9,2019,2-Withdrawals,2-Taxable Withdrawals,1-Low Alcohol %,2271,54291214,Wine,FALSE
9,2019,2-Withdrawals,2-Taxable Withdrawals,2-Medium and High Alcohol %,585,1029278,Wine,FALSE
9,2019,2-Withdrawals,2-Taxable Withdrawals,4-Artificially Carbonated Wine,196,178615,Wine,FALSE
9,2019,2-Withdrawals,2-Taxable Withdrawals,5-Sparkling Wine,362,2517057,Wine,FALSE
9,2019,2-Withdrawals,2-Taxable Withdrawals,6-Hard Cider,354,4421537,Wine,FALSE
9,2019,2-Withdrawals,2-Taxable Withdrawals by Bulk vs Bottled,1-Bottled,2353,61114940,Wine,FALSE
9,2019,2-Withdrawals,2-Taxable Withdrawals by Bulk vs Bottled,2-Bulk,195,1322761,Wine,FALSE
9,2019,2-Withdrawals,3-Tax Free Withdrawals,1-Low Alcohol %,879,8988674,Wine,FALSE
9,2019,2-Withdrawals,3-Tax Free Withdrawals,2-Medium and High Alcohol %,212,671318,Wine,FALSE
9,2019,2-Withdrawals,3-Tax Free Withdrawals,4-Artificially Carbonated/Sparkling Wine,171,64420,Wine,FALSE
9,2019,2-Withdrawals,3-Tax Free Withdrawals,6-Hard Cider,85,70059,Wine,FALSE
9,2019,2-Withdrawals,3-Tax Free Withdrawals For Export,1-Bottled Exports,130,3114402,Wine,FALSE
9,2019,2-Withdrawals,3-Tax Free Withdrawals For Export,2-Bulk Exports,26,4263627,Wine,FALSE
9,2019,4-Stocks on Hand End-of-Period,4-Stocks on Hand End-of-Period,1-Low Alcohol %,3003,948521536,Wine,FALSE
9,2019,4-Stocks on Hand End-of-Period,4-Stocks on Hand End-of-Period,2-Medium Alcohol %,1082,15094347,Wine,FALSE
9,2019,4-Stocks on Hand End-of-Period,4-Stocks on Hand End-of-Period,3-High Alcohol %,75,7327031,Wine,FALSE
9,2019,4-Stocks on Hand End-of-Period,4-Stocks on Hand End-of-Period,4-Artificially Carbonated Wine,187,734842,Wine,FALSE
9,2019,4-Stocks on Hand End-of-Period,4-Stocks on Hand End-of-Period,5-Sparkling Wine,466,23642599,Wine,FALSE
9,2019,4-Stocks on Hand End-of-Period,4-Stocks on Hand End-of-Period,6-Hard Cider,340,3980764,Wine,FALSE
9,2019,4-Stocks on Hand End-of-Period,4-Stocks on Hand End-of-Period by Bulk vs Bottled,1-Bottled,1935,213420435,Wine,FALSE
9,2019,4-Stocks on Hand End-of-Period,4-Stocks on Hand End-of-Period by Bulk vs Bottled,2-Bulk,2844,785880683,Wine,FALSE
10,2019,1-Production,0-Category Total,1-Production,716,155368010,Wine,FALSE
10,2019,2-Withdrawals,0-Category Total,2-Taxable Withdrawals,994,61158534,Wine,FALSE
10,2019,2-Withdrawals,0-Category Total,2-Taxable Withdrawals by Bulk vs Bottled,994,61158534,Wine,FALSE
10,2019,2-Withdrawals,0-Category Total,3-Tax Free Withdrawals,505,10359041,Wine,FALSE
10,2019,2-Withdrawals,0-Category Total,3-Tax Free Withdrawals For Export,127,7504481,Wine,FALSE
10,2019,4-Stocks on Hand End-of-Period,0-Category Total,4-Stocks on Hand End-of-Period,1532,1053294085,Wine,FALSE
10,2019,4-Stocks on Hand End-of-Period,0-Category Total,4-Stocks on Hand End-of-Period by Bulk vs Bottled,1532,1053294085,Wine,FALSE
10,2019,01-Count of IMs,01-Count of IMs,Number of Industry Members,1705,1705,Wine,FALSE
10,2019,1-Production,1-Production,1-Low Alcohol %,672,143951157,Wine,FALSE
10,2019,1-Production,1-Production,2-Medium and High Alcohol %,124,6698728,Wine,FALSE
10,2019,1-Production,1-Production,4-Artificially Carbonated Wine,17,82843,Wine,FALSE
10,2019,1-Production,1-Production,5-Sparkling Wine,27,3427898,Wine,FALSE
10,2019,1-Production,1-Production,6-Hard Cider,69,1207384,Wine,FALSE
10,2019,2-Withdrawals,2-Taxable Withdrawals,1-Low Alcohol %,932,53713986,Wine,FALSE
10,2019,2-Withdrawals,2-Taxable Withdrawals,2-Medium and High Alcohol %,291,760110,Wine,FALSE
10,2019,2-Withdrawals,2-Taxable Withdrawals,4-Artificially Carbonated Wine,91,152471,Wine,FALSE
10,2019,2-Withdrawals,2-Taxable Withdrawals,5-Sparkling Wine,202,3153299,Wine,FALSE
10,2019,2-Withdrawals,2-Taxable Withdrawals,6-Hard Cider,118,3378668,Wine,FALSE
10,2019,2-Withdrawals,2-Taxable Withdrawals by Bulk vs Bottled,1-Bottled,973,59964472,Wine,FALSE
10,2019,2-Withdrawals,2-Taxable Withdrawals by Bulk vs Bottled,2-Bulk,65,1194062,Wine,FALSE
10,2019,2-Withdrawals,3-Tax Free Withdrawals,1-Low Alcohol %,475,9038415,Wine,FALSE
10,2019,2-Withdrawals,3-Tax Free Withdrawals,2-Medium and High Alcohol %,117,1109629,Wine,FALSE
10,2019,2-Withdrawals,3-Tax Free Withdrawals,4-Artificially Carbonated/Sparkling Wine,,,Wine,TRUE
10,2019,2-Withdrawals,3-Tax Free Withdrawals,6-Hard Cider,,,Wine,TRUE
10,2019,2-Withdrawals,3-Tax Free Withdrawals For Export,1-Bottled Exports,115,3156706,Wine,FALSE
10,2019,2-Withdrawals,3-Tax Free Withdrawals For Export,2-Bulk Exports,22,4347774,Wine,FALSE
10,2019,4-Stocks on Hand End-of-Period,4-Stocks on Hand End-of-Period,1-Low Alcohol %,1477,1008673968,Wine,FALSE
10,2019,4-Stocks on Hand End-of-Period,4-Stocks on Hand End-of-Period,2-Medium Alcohol %,640,15504050,Wine,FALSE
10,2019,4-Stocks on Hand End-of-Period,4-Stocks on Hand End-of-Period,3-High Alcohol %,57,2345046,Wine,FALSE
10,2019,4-Stocks on Hand End-of-Period,4-Stocks on Hand End-of-Period,4-Artificially Carbonated Wine,110,803270,Wine,FALSE
10,2019,4-Stocks on Hand End-of-Period,4-Stocks on Hand End-of-Period,5-Sparkling Wine,300,23152949,Wine,FALSE
10,2019,4-Stocks on Hand End-of-Period,4-Stocks on Hand End-of-Period,6-Hard Cider,132,2814802,Wine,FALSE
10,2019,4-Stocks on Hand End-of-Period,4-Stocks on Hand End-of-Period by Bulk vs Bottled,1-Bottled,1075,204275599,Wine,FALSE
10,2019,4-Stocks on Hand End-of-Period,4-Stocks on Hand End-of-Period by Bulk vs Bottled,2-Bulk,1373,849018486,Wine,FALSE
11,2019,1-Production,0-Category Total,1-Production,771,122350668,Wine,FALSE
11,2019,2-Withdrawals,0-Category Total,2-Taxable Withdrawals,989,59024123,Wine,FALSE
11,2019,2-Withdrawals,0-Category Total,2-Taxable Withdrawals by Bulk vs Bottled,989,59024123,Wine,FALSE
11,2019,2-Withdrawals,0-Category Total,3-Tax Free Withdrawals,506,8802385,Wine,FALSE
11,2019,2-Withdrawals,0-Category Total,3-Tax Free Withdrawals For Export,122,6543552,Wine,FALSE
11,2019,4-Stocks on Hand End-of-Period,0-Category Total,4-Stocks on Hand End-of-Period,1505,1113088654,Wine,FALSE
11,2019,4-Stocks on Hand End-of-Period,0-Category Total,4-Stocks on Hand End-of-Period by Bulk vs Bottled,1505,1113088654,Wine,FALSE
11,2019,01-Count of IMs,01-Count of IMs,Number of Industry Members,1683,1683,Wine,FALSE
11,2019,1-Production,1-Production,1-Low Alcohol %,730,115121091,Wine,FALSE
11,2019,1-Production,1-Production,2-Medium and High Alcohol %,152,4232379,Wine,FALSE
11,2019,1-Production,1-Production,4-Artificially Carbonated Wine,16,60820,Wine,FALSE
11,2019,1-Production,1-Production,5-Sparkling Wine,30,1756943,Wine,FALSE
11,2019,1-Production,1-Production,6-Hard Cider,60,1179435,Wine,FALSE
11,2019,2-Withdrawals,2-Taxable Withdrawals,1-Low Alcohol %,933,51121414,Wine,FALSE
11,2019,2-Withdrawals,2-Taxable Withdrawals,2-Medium and High Alcohol %,294,918205,Wine,FALSE
11,2019,2-Withdrawals,2-Taxable Withdrawals,4-Artificially Carbonated Wine,92,157877,Wine,FALSE
11,2019,2-Withdrawals,2-Taxable Withdrawals,5-Sparkling Wine,209,3650131,Wine,FALSE
11,2019,2-Withdrawals,2-Taxable Withdrawals,6-Hard Cider,108,3176496,Wine,FALSE
11,2019,2-Withdrawals,2-Taxable Withdrawals by Bulk vs Bottled,1-Bottled,968,58188082,Wine,FALSE
11,2019,2-Withdrawals,2-Taxable Withdrawals by Bulk vs Bottled,2-Bulk,60,836041,Wine,FALSE
11,2019,2-Withdrawals,3-Tax Free Withdrawals,1-Low Alcohol %,477,7624122,Wine,FALSE
11,2019,2-Withdrawals,3-Tax Free Withdrawals,2-Medium and High Alcohol %,110,762052,Wine,FALSE
11,2019,2-Withdrawals,3-Tax Free Withdrawals,4-Artificially Carbonated/Sparkling Wine,96,104559,Wine,FALSE
11,2019,2-Withdrawals,3-Tax Free Withdrawals,6-Hard Cider,36,311652,Wine,FALSE
11,2019,2-Withdrawals,3-Tax Free Withdrawals For Export,1-Bottled Exports,111,3482722,Wine,FALSE
11,2019,2-Withdrawals,3-Tax Free Withdrawals For Export,2-Bulk Exports,22,3060830,Wine,FALSE
11,2019,4-Stocks on Hand End-of-Period,4-Stocks on Hand End-of-Period,1-Low Alcohol %,1451,1067838253,Wine,FALSE
11,2019,4-Stocks on Hand End-of-Period,4-Stocks on Hand End-of-Period,2-Medium Alcohol %,635,17925929,Wine,FALSE
11,2019,4-Stocks on Hand End-of-Period,4-Stocks on Hand End-of-Period,3-High Alcohol %,51,2009360,Wine,FALSE
11,2019,4-Stocks on Hand End-of-Period,4-Stocks on Hand End-of-Period,4-Artificially Carbonated Wine,107,782343,Wine,FALSE
11,2019,4-Stocks on Hand End-of-Period,4-Stocks on Hand End-of-Period,5-Sparkling Wine,298,21475366,Wine,FALSE
11,2019,4-Stocks on Hand End-of-Period,4-Stocks on Hand End-of-Period,6-Hard Cider,131,3057404,Wine,FALSE
11,2019,4-Stocks on Hand End-of-Period,4-Stocks on Hand End-of-Period by Bulk vs Bottled,1-Bottled,1057,198338437,Wine,FALSE
11,2019,4-Stocks on Hand End-of-Period,4-Stocks on Hand End-of-Period by Bulk vs Bottled,2-Bulk,1346,914750217,Wine,FALSE
12,2019,1-Production,0-Category Total,1-Production,6020,175924852,Wine,FALSE
12,2019,2-Withdrawals,0-Category Total,2-Taxable Withdrawals,5839,71661228,Wine,FALSE
12,2019,2-Withdrawals,0-Category Total,2-Taxable Withdrawals by Bulk vs Bottled,5839,71661228,Wine,FALSE
12,2019,2-Withdrawals,0-Category Total,3-Tax Free Withdrawals,3070,9135412,Wine,FALSE
12,2019,2-Withdrawals,0-Category Total,3-Tax Free Withdrawals For Export,201,6287698,Wine,FALSE
12,2019,4-Stocks on Hand End-of-Period,0-Category Total,4-Stocks on Hand End-of-Period,7102,1256421437,Wine,FALSE
12,2019,4-Stocks on Hand End-of-Period,0-Category Total,4-Stocks on Hand End-of-Period by Bulk vs Bottled,7102,1256421437,Wine,FALSE
12,2019,01-Count of IMs,01-Count of IMs,Number of Industry Members,8413,8413,Wine,FALSE
12,2019,1-Production,1-Production,1-Low Alcohol %,5626,166514989,Wine,FALSE
12,2019,1-Production,1-Production,2-Medium and High Alcohol %,762,3771281,Wine,FALSE
12,2019,1-Production,1-Production,4-Artificially Carbonated Wine,115,292951,Wine,FALSE
12,2019,1-Production,1-Production,5-Sparkling Wine,222,911935,Wine,FALSE
12,2019,1-Production,1-Production,6-Hard Cider,682,4433697,Wine,FALSE
12,2019,2-Withdrawals,2-Taxable Withdrawals,1-Low Alcohol %,5436,61344903,Wine,FALSE
12,2019,2-Withdrawals,2-Taxable Withdrawals,2-Medium and High Alcohol %,1174,1197521,Wine,FALSE
12,2019,2-Withdrawals,2-Taxable Withdrawals,4-Artificially Carbonated Wine,327,300036,Wine,FALSE
12,2019,2-Withdrawals,2-Taxable Withdrawals,5-Sparkling Wine,597,3092323,Wine,FALSE
12,2019,2-Withdrawals,2-Taxable Withdrawals,6-Hard Cider,803,5726446,Wine,FALSE
12,2019,2-Withdrawals,2-Taxable Withdrawals by Bulk vs Bottled,1-Bottled,5598,69915251,Wine,FALSE
12,2019,2-Withdrawals,2-Taxable Withdrawals by Bulk vs Bottled,2-Bulk,592,1745977,Wine,FALSE
12,2019,2-Withdrawals,3-Tax Free Withdrawals,1-Low Alcohol %,2897,8044171,Wine,FALSE
12,2019,2-Withdrawals,3-Tax Free Withdrawals,2-Medium and High Alcohol %,551,740315,Wine,FALSE
12,2019,2-Withdrawals,3-Tax Free Withdrawals,4-Artificially Carbonated/Sparkling Wine,355,82984,Wine,FALSE
12,2019,2-Withdrawals,3-Tax Free Withdrawals,6-Hard Cider,265,267942,Wine,FALSE
12,2019,2-Withdrawals,3-Tax Free Withdrawals For Export,1-Bottled Exports,169,2752145,Wine,FALSE
12,2019,2-Withdrawals,3-Tax Free Withdrawals For Export,2-Bulk Exports,41,3535553,Wine,FALSE
12,2019,4-Stocks on Hand End-of-Period,4-Stocks on Hand End-of-Period,1-Low Alcohol %,6756,1200839074,Wine,FALSE
12,2019,4-Stocks on Hand End-of-Period,4-Stocks on Hand End-of-Period,2-Medium Alcohol %,1817,27985941,Wine,FALSE
12,2019,4-Stocks on Hand End-of-Period,4-Stocks on Hand End-of-Period,3-High Alcohol %,87,1753831,Wine,FALSE
12,2019,4-Stocks on Hand End-of-Period,4-Stocks on Hand End-of-Period,4-Artificially Carbonated Wine,309,976477,Wine,FALSE
12,2019,4-Stocks on Hand End-of-Period,4-Stocks on Hand End-of-Period,5-Sparkling Wine,711,19600122,Wine,FALSE
12,2019,4-Stocks on Hand End-of-Period,4-Stocks on Hand End-of-Period,6-Hard Cider,736,5265991,Wine,FALSE
12,2019,4-Stocks on Hand End-of-Period,4-Stocks on Hand End-of-Period by Bulk vs Bottled,1-Bottled,4338,204923704,Wine,FALSE
12,2019,4-Stocks on Hand End-of-Period,4-Stocks on Hand End-of-Period by Bulk vs Bottled,2-Bulk,6420,1051497733,Wine,FALSE
1,2020,1-Production,0-Category Total,1-Production,694,77378663,Wine,FALSE
1,2020,2-Withdrawals,0-Category Total,2-Taxable Withdrawals,1065,56818272,Wine,FALSE
1,2020,2-Withdrawals,0-Category Total,2-Taxable Withdrawals by Bulk vs Bottled,1065,56818272,Wine,FALSE
1,2020,2-Withdrawals,0-Category Total,3-Tax Free Withdrawals,521,9665350,Wine,FALSE
1,2020,2-Withdrawals,0-Category Total,3-Tax Free Withdrawals For Export,127,7503237,Wine,FALSE
1,2020,4-Stocks on Hand End-of-Period,0-Category Total,4-Stocks on Hand End-of-Period,1564,1205346572,Wine,FALSE
1,2020,4-Stocks on Hand End-of-Period,0-Category Total,4-Stocks on Hand End-of-Period by Bulk vs Bottled,1564,1205346572,Wine,FALSE
1,2020,01-Count of IMs,01-Count of IMs,Number of Industry Members,1741,1741,Wine,FALSE
1,2020,1-Production,1-Production,1-Low Alcohol %,653,70263208,Wine,FALSE
1,2020,1-Production,1-Production,2-Medium and High Alcohol %,145,2948474,Wine,FALSE
1,2020,1-Production,1-Production,4-Artificially Carbonated Wine,13,106961,Wine,FALSE
1,2020,1-Production,1-Production,5-Sparkling Wine,24,2952145,Wine,FALSE
1,2020,1-Production,1-Production,6-Hard Cider,61,1107876,Wine,FALSE
1,2020,2-Withdrawals,2-Taxable Withdrawals,1-Low Alcohol %,1011,50999409,Wine,FALSE
1,2020,2-Withdrawals,2-Taxable Withdrawals,2-Medium and High Alcohol %,280,867050,Wine,FALSE
1,2020,2-Withdrawals,2-Taxable Withdrawals,4-Artificially Carbonated Wine,86,149962,Wine,FALSE
1,2020,2-Withdrawals,2-Taxable Withdrawals,5-Sparkling Wine,195,1956358,Wine,FALSE
1,2020,2-Withdrawals,2-Taxable Withdrawals,6-Hard Cider,112,2845493,Wine,FALSE
1,2020,2-Withdrawals,2-Taxable Withdrawals by Bulk vs Bottled,1-Bottled,1040,54198090,Wine,FALSE
1,2020,2-Withdrawals,2-Taxable Withdrawals by Bulk vs Bottled,2-Bulk,67,2620182,Wine,FALSE
1,2020,2-Withdrawals,3-Tax Free Withdrawals,1-Low Alcohol %,479,8572296,Wine,FALSE
1,2020,2-Withdrawals,3-Tax Free Withdrawals,2-Medium and High Alcohol %,108,750650,Wine,FALSE
1,2020,2-Withdrawals,3-Tax Free Withdrawals,4-Artificially Carbonated/Sparkling Wine,96,121210,Wine,FALSE
1,2020,2-Withdrawals,3-Tax Free Withdrawals,6-Hard Cider,34,221193,Wine,FALSE
1,2020,2-Withdrawals,3-Tax Free Withdrawals For Export,1-Bottled Exports,111,2816237,Wine,FALSE
1,2020,2-Withdrawals,3-Tax Free Withdrawals For Export,2-Bulk Exports,28,4687001,Wine,FALSE
1,2020,4-Stocks on Hand End-of-Period,4-Stocks on Hand End-of-Period,1-Low Alcohol %,1501,1160750220,Wine,FALSE
1,2020,4-Stocks on Hand End-of-Period,4-Stocks on Hand End-of-Period,2-Medium Alcohol %,646,17905316,Wine,FALSE
1,2020,4-Stocks on Hand End-of-Period,4-Stocks on Hand End-of-Period,3-High Alcohol %,57,2449890,Wine,FALSE
1,2020,4-Stocks on Hand End-of-Period,4-Stocks on Hand End-of-Period,4-Artificially Carbonated Wine,107,775847,Wine,FALSE
1,2020,4-Stocks on Hand End-of-Period,4-Stocks on Hand End-of-Period,5-Sparkling Wine,299,19957003,Wine,FALSE
1,2020,4-Stocks on Hand End-of-Period,4-Stocks on Hand End-of-Period,6-Hard Cider,141,3508296,Wine,FALSE
1,2020,4-Stocks on Hand End-of-Period,4-Stocks on Hand End-of-Period by Bulk vs Bottled,1-Bottled,1084,183811164,Wine,FALSE
1,2020,4-Stocks on Hand End-of-Period,4-Stocks on Hand End-of-Period by Bulk vs Bottled,2-Bulk,1409,1021535409,Wine,FALSE
2,2020,1-Production,0-Category Total,1-Production,594,32676678,Wine,FALSE
2,2020,2-Withdrawals,0-Category Total,2-Taxable Withdrawals,1058,54790940,Wine,FALSE
2,2020,2-Withdrawals,0-Category Total,2-Taxable Withdrawals by Bulk vs Bottled,1058,54790940,Wine,FALSE
2,2020,2-Withdrawals,0-Category Total,3-Tax Free Withdrawals,508,9245651,Wine,FALSE
2,2020,2-Withdrawals,0-Category Total,3-Tax Free Withdrawals For Export,121,6714368,Wine,FALSE
2,2020,4-Stocks on Hand End-of-Period,0-Category Total,4-Stocks on Hand End-of-Period,1521,1174193636,Wine,FALSE
2,2020,4-Stocks on Hand End-of-Period,0-Category Total,4-Stocks on Hand End-of-Period by Bulk vs Bottled,1521,1174193636,Wine,FALSE
2,2020,01-Count of IMs,01-Count of IMs,Number of Industry Members,1683,1683,Wine,FALSE
2,2020,1-Production,1-Production,1-Low Alcohol %,549,24717286,Wine,FALSE
2,2020,1-Production,1-Production,2-Medium and High Alcohol %,140,4477705,Wine,FALSE
2,2020,1-Production,1-Production,4-Artificially Carbonated Wine,16,181257,Wine,FALSE
2,2020,1-Production,1-Production,5-Sparkling Wine,25,2267616,Wine,FALSE
2,2020,1-Production,1-Production,6-Hard Cider,63,1032813,Wine,FALSE
2,2020,2-Withdrawals,2-Taxable Withdrawals,1-Low Alcohol %,1005,49136866,Wine,FALSE
2,2020,2-Withdrawals,2-Taxable Withdrawals,2-Medium and High Alcohol %,283,892274,Wine,FALSE
2,2020,2-Withdrawals,2-Taxable Withdrawals,4-Artificially Carbonated Wine,91,155804,Wine,FALSE
2,2020,2-Withdrawals,2-Taxable Withdrawals,5-Sparkling Wine,198,1989948,Wine,FALSE
2,2020,2-Withdrawals,2-Taxable Withdrawals,6-Hard Cider,109,2616048,Wine,FALSE
2,2020,2-Withdrawals,2-Taxable Withdrawals by Bulk vs Bottled,1-Bottled,1035,53137174,Wine,FALSE
2,2020,2-Withdrawals,2-Taxable Withdrawals by Bulk vs Bottled,2-Bulk,72,1653767,Wine,FALSE
2,2020,2-Withdrawals,3-Tax Free Withdrawals,1-Low Alcohol %,468,8181195,Wine,FALSE
2,2020,2-Withdrawals,3-Tax Free Withdrawals,2-Medium and High Alcohol %,111,775347,Wine,FALSE
2,2020,2-Withdrawals,3-Tax Free Withdrawals,4-Artificially Carbonated/Sparkling Wine,,,Wine,TRUE
2,2020,2-Withdrawals,3-Tax Free Withdrawals,6-Hard Cider,,,Wine,TRUE
2,2020,2-Withdrawals,3-Tax Free Withdrawals For Export,1-Bottled Exports,103,2514333,Wine,FALSE
2,2020,2-Withdrawals,3-Tax Free Withdrawals For Export,2-Bulk Exports,30,4200035,Wine,FALSE
2,2020,4-Stocks on Hand End-of-Period,4-Stocks on Hand End-of-Period,1-Low Alcohol %,1459,1130464657,Wine,FALSE
2,2020,4-Stocks on Hand End-of-Period,4-Stocks on Hand End-of-Period,2-Medium Alcohol %,639,16275413,Wine,FALSE
2,2020,4-Stocks on Hand End-of-Period,4-Stocks on Hand End-of-Period,3-High Alcohol %,59,3741330,Wine,FALSE
2,2020,4-Stocks on Hand End-of-Period,4-Stocks on Hand End-of-Period,4-Artificially Carbonated Wine,106,778344,Wine,FALSE
2,2020,4-Stocks on Hand End-of-Period,4-Stocks on Hand End-of-Period,5-Sparkling Wine,296,19668822,Wine,FALSE
2,2020,4-Stocks on Hand End-of-Period,4-Stocks on Hand End-of-Period,6-Hard Cider,137,3265071,Wine,FALSE
2,2020,4-Stocks on Hand End-of-Period,4-Stocks on Hand End-of-Period by Bulk vs Bottled,1-Bottled,1070,180432615,Wine,FALSE
2,2020,4-Stocks on Hand End-of-Period,4-Stocks on Hand End-of-Period by Bulk vs Bottled,2-Bulk,1368,993761021,Wine,FALSE
3,2020,1-Production,0-Category Total,1-Production,1290,29876740,Wine,FALSE
3,2020,2-Withdrawals,0-Category Total,2-Taxable Withdrawals,2416,64419541,Wine,FALSE
3,2020,2-Withdrawals,0-Category Total,2-Taxable Withdrawals by Bulk vs Bottled,2416,64419541,Wine,FALSE
3,2020,2-Withdrawals,0-Category Total,3-Tax Free Withdrawals,891,11123138,Wine,FALSE
3,2020,2-Withdrawals,0-Category Total,3-Tax Free Withdrawals For Export,151,7499355,Wine,FALSE
3,2020,4-Stocks on Hand End-of-Period,0-Category Total,4-Stocks on Hand End-of-Period,3170,1165500889,Wine,FALSE
3,2020,4-Stocks on Hand End-of-Period,0-Category Total,4-Stocks on Hand End-of-Period by Bulk vs Bottled,3170,1165500889,Wine,FALSE
3,2020,01-Count of IMs,01-Count of IMs,Number of Industry Members,3625,3625,Wine,FALSE
3,2020,1-Production,1-Production,1-Low Alcohol %,1128,22643127,Wine,FALSE
3,2020,1-Production,1-Production,2-Medium and High Alcohol %,236,1932025,Wine,FALSE
3,2020,1-Production,1-Production,4-Artificially Carbonated Wine,56,301114,Wine,FALSE
3,2020,1-Production,1-Production,5-Sparkling Wine,78,2543454,Wine,FALSE
3,2020,1-Production,1-Production,6-Hard Cider,255,2457019,Wine,FALSE
3,2020,2-Withdrawals,2-Taxable Withdrawals,1-Low Alcohol %,2247,58130387,Wine,FALSE
3,2020,2-Withdrawals,2-Taxable Withdrawals,2-Medium and High Alcohol %,535,763166,Wine,FALSE
3,2020,2-Withdrawals,2-Taxable Withdrawals,4-Artificially Carbonated Wine,196,210109,Wine,FALSE
3,2020,2-Withdrawals,2-Taxable Withdrawals,5-Sparkling Wine,339,1727876,Wine,FALSE
3,2020,2-Withdrawals,2-Taxable Withdrawals,6-Hard Cider,353,3588003,Wine,FALSE
3,2020,2-Withdrawals,2-Taxable Withdrawals by Bulk vs Bottled,1-Bottled,2304,62200535,Wine,FALSE
3,2020,2-Withdrawals,2-Taxable Withdrawals by Bulk vs Bottled,2-Bulk,212,2219005,Wine,FALSE
3,2020,2-Withdrawals,3-Tax Free Withdrawals,1-Low Alcohol %,832,8736661,Wine,FALSE
3,2020,2-Withdrawals,3-Tax Free Withdrawals,2-Medium and High Alcohol %,194,2129351,Wine,FALSE
3,2020,2-Withdrawals,3-Tax Free Withdrawals,4-Artificially Carbonated/Sparkling Wine,164,97483,Wine,FALSE
3,2020,2-Withdrawals,3-Tax Free Withdrawals,6-Hard Cider,73,159643,Wine,FALSE
3,2020,2-Withdrawals,3-Tax Free Withdrawals For Export,1-Bottled Exports,122,2845059,Wine,FALSE
3,2020,2-Withdrawals,3-Tax Free Withdrawals For Export,2-Bulk Exports,42,4654296,Wine,FALSE
3,2020,4-Stocks on Hand End-of-Period,4-Stocks on Hand End-of-Period,1-Low Alcohol %,3016,1119636314,Wine,FALSE
3,2020,4-Stocks on Hand End-of-Period,4-Stocks on Hand End-of-Period,2-Medium Alcohol %,1107,17460838,Wine,FALSE
3,2020,4-Stocks on Hand End-of-Period,4-Stocks on Hand End-of-Period,3-High Alcohol %,72,2182480,Wine,FALSE
3,2020,4-Stocks on Hand End-of-Period,4-Stocks on Hand End-of-Period,4-Artificially Carbonated Wine,199,870167,Wine,FALSE
3,2020,4-Stocks on Hand End-of-Period,4-Stocks on Hand End-of-Period,5-Sparkling Wine,495,20895879,Wine,FALSE
3,2020,4-Stocks on Hand End-of-Period,4-Stocks on Hand End-of-Period,6-Hard Cider,354,4455212,Wine,FALSE
3,2020,4-Stocks on Hand End-of-Period,4-Stocks on Hand End-of-Period by Bulk vs Bottled,1-Bottled,1905,185955096,Wine,FALSE
3,2020,4-Stocks on Hand End-of-Period,4-Stocks on Hand End-of-Period by Bulk vs Bottled,2-Bulk,2909,979545794,Wine,FALSE
4,2020,1-Production,0-Category Total,1-Production,530,21282068,Wine,FALSE
4,2020,2-Withdrawals,0-Category Total,2-Taxable Withdrawals,1008,56170885,Wine,FALSE
4,2020,2-Withdrawals,0-Category Total,2-Taxable Withdrawals by Bulk vs Bottled,1008,56170885,Wine,FALSE
4,2020,2-Withdrawals,0-Category Total,3-Tax Free Withdrawals,427,11410354,Wine,FALSE
4,2020,2-Withdrawals,0-Category Total,3-Tax Free Withdrawals For Export,115,8638033,Wine,FALSE
4,2020,4-Stocks on Hand End-of-Period,0-Category Total,4-Stocks on Hand End-of-Period,1505,1091470003,Wine,FALSE
4,2020,4-Stocks on Hand End-of-Period,0-Category Total,4-Stocks on Hand End-of-Period by Bulk vs Bottled,1505,1091470003,Wine,FALSE
4,2020,01-Count of IMs,01-Count of IMs,Number of Industry Members,1664,1664,Wine,FALSE
4,2020,1-Production,1-Production,1-Low Alcohol %,489,16125143,Wine,FALSE
4,2020,1-Production,1-Production,2-Medium and High Alcohol %,131,1787948,Wine,FALSE
4,2020,1-Production,1-Production,4-Artificially Carbonated Wine,14,182611,Wine,FALSE
4,2020,1-Production,1-Production,5-Sparkling Wine,31,2219335,Wine,FALSE
4,2020,1-Production,1-Production,6-Hard Cider,54,967032,Wine,FALSE
4,2020,2-Withdrawals,2-Taxable Withdrawals,1-Low Alcohol %,953,51229283,Wine,FALSE
4,2020,2-Withdrawals,2-Taxable Withdrawals,2-Medium and High Alcohol %,234,556380,Wine,FALSE
4,2020,2-Withdrawals,2-Taxable Withdrawals,4-Artificially Carbonated Wine,82,145777,Wine,FALSE
4,2020,2-Withdrawals,2-Taxable Withdrawals,5-Sparkling Wine,185,1419969,Wine,FALSE
4,2020,2-Withdrawals,2-Taxable Withdrawals,6-Hard Cider,101,2819475,Wine,FALSE
4,2020,2-Withdrawals,2-Taxable Withdrawals by Bulk vs Bottled,1-Bottled,985,54678167,Wine,FALSE
4,2020,2-Withdrawals,2-Taxable Withdrawals by Bulk vs Bottled,2-Bulk,51,1492718,Wine,FALSE
4,2020,2-Withdrawals,3-Tax Free Withdrawals,1-Low Alcohol %,395,9446678,Wine,FALSE
4,2020,2-Withdrawals,3-Tax Free Withdrawals,2-Medium and High Alcohol %,53,1568018,Wine,FALSE
4,2020,2-Withdrawals,3-Tax Free Withdrawals,4-Artificially Carbonated/Sparkling Wine,61,46090,Wine,FALSE
4,2020,2-Withdrawals,3-Tax Free Withdrawals,6-Hard Cider,25,349569,Wine,FALSE
4,2020,2-Withdrawals,3-Tax Free Withdrawals For Export,1-Bottled Exports,89,2755640,Wine,FALSE
4,2020,2-Withdrawals,3-Tax Free Withdrawals For Export,2-Bulk Exports,38,5882393,Wine,FALSE
4,2020,4-Stocks on Hand End-of-Period,4-Stocks on Hand End-of-Period,1-Low Alcohol %,1449,1049667006,Wine,FALSE
4,2020,4-Stocks on Hand End-of-Period,4-Stocks on Hand End-of-Period,2-Medium Alcohol %,634,14305053,Wine,FALSE
4,2020,4-Stocks on Hand End-of-Period,4-Stocks on Hand End-of-Period,3-High Alcohol %,59,2301460,Wine,FALSE
4,2020,4-Stocks on Hand End-of-Period,4-Stocks on Hand End-of-Period,4-Artificially Carbonated Wine,116,845834,Wine,FALSE
4,2020,4-Stocks on Hand End-of-Period,4-Stocks on Hand End-of-Period,5-Sparkling Wine,297,21107446,Wine,FALSE
4,2020,4-Stocks on Hand End-of-Period,4-Stocks on Hand End-of-Period,6-Hard Cider,134,3243205,Wine,FALSE
4,2020,4-Stocks on Hand End-of-Period,4-Stocks on Hand End-of-Period by Bulk vs Bottled,1-Bottled,1068,181487645,Wine,FALSE
4,2020,4-Stocks on Hand End-of-Period,4-Stocks on Hand End-of-Period by Bulk vs Bottled,2-Bulk,1361,909982358,Wine,FALSE
5,2020,1-Production,0-Category Total,1-Production,510,16526970,Wine,FALSE
5,2020,2-Withdrawals,0-Category Total,2-Taxable Withdrawals,1038,57754842,Wine,FALSE
5,2020,2-Withdrawals,0-Category Total,2-Taxable Withdrawals by Bulk vs Bottled,1038,57754842,Wine,FALSE
5,2020,2-Withdrawals,0-Category Total,3-Tax Free Withdrawals,438,10040478,Wine,FALSE
5,2020,2-Withdrawals,0-Category Total,3-Tax Free Withdrawals For Export,120,7599937,Wine,FALSE
5,2020,4-Stocks on Hand End-of-Period,0-Category Total,4-Stocks on Hand End-of-Period,1499,1044391845,Wine,FALSE
5,2020,4-Stocks on Hand End-of-Period,0-Category Total,4-Stocks on Hand End-of-Period by Bulk vs Bottled,1499,1044391845,Wine,FALSE
5,2020,01-Count of IMs,01-Count of IMs,Number of Industry Members,1655,1655,Wine,FALSE
5,2020,1-Production,1-Production,1-Low Alcohol %,473,11796833,Wine,FALSE
5,2020,1-Production,1-Production,2-Medium and High Alcohol %,138,1634413,Wine,FALSE
5,2020,1-Production,1-Production,4-Artificially Carbonated Wine,20,99132,Wine,FALSE
5,2020,1-Production,1-Production,5-Sparkling Wine,33,2086895,Wine,FALSE
5,2020,1-Production,1-Production,6-Hard Cider,49,909698,Wine,FALSE
5,2020,2-Withdrawals,2-Taxable Withdrawals,1-Low Alcohol %,987,51530870,Wine,FALSE
5,2020,2-Withdrawals,2-Taxable Withdrawals,2-Medium and High Alcohol %,267,769930,Wine,FALSE
5,2020,2-Withdrawals,2-Taxable Withdrawals,4-Artificially Carbonated Wine,92,188479,Wine,FALSE
5,2020,2-Withdrawals,2-Taxable Withdrawals,5-Sparkling Wine,178,1753619,Wine,FALSE
5,2020,2-Withdrawals,2-Taxable Withdrawals,6-Hard Cider,101,3511944,Wine,FALSE
5,2020,2-Withdrawals,2-Taxable Withdrawals by Bulk vs Bottled,1-Bottled,,,Wine,TRUE
5,2020,2-Withdrawals,2-Taxable Withdrawals by Bulk vs Bottled,2-Bulk,,,Wine,TRUE
5,2020,2-Withdrawals,3-Tax Free Withdrawals,1-Low Alcohol %,409,8375349,Wine,FALSE
5,2020,2-Withdrawals,3-Tax Free Withdrawals,2-Medium and High Alcohol %,67,1325536,Wine,FALSE
5,2020,2-Withdrawals,3-Tax Free Withdrawals,4-Artificially Carbonated/Sparkling Wine,65,42458,Wine,FALSE
5,2020,2-Withdrawals,3-Tax Free Withdrawals,6-Hard Cider,22,297134,Wine,FALSE
5,2020,2-Withdrawals,3-Tax Free Withdrawals For Export,1-Bottled Exports,90,2176153,Wine,FALSE
5,2020,2-Withdrawals,3-Tax Free Withdrawals For Export,2-Bulk Exports,42,5423784,Wine,FALSE
5,2020,4-Stocks on Hand End-of-Period,4-Stocks on Hand End-of-Period,1-Low Alcohol %,1440,1002531586,Wine,FALSE
5,2020,4-Stocks on Hand End-of-Period,4-Stocks on Hand End-of-Period,2-Medium Alcohol %,631,12909532,Wine,FALSE
5,2020,4-Stocks on Hand End-of-Period,4-Stocks on Hand End-of-Period,3-High Alcohol %,59,3133079,Wine,FALSE
5,2020,4-Stocks on Hand End-of-Period,4-Stocks on Hand End-of-Period,4-Artificially Carbonated Wine,116,813132,Wine,FALSE
5,2020,4-Stocks on Hand End-of-Period,4-Stocks on Hand End-of-Period,5-Sparkling Wine,303,21561767,Wine,FALSE
5,2020,4-Stocks on Hand End-of-Period,4-Stocks on Hand End-of-Period,6-Hard Cider,128,3442748,Wine,FALSE
5,2020,4-Stocks on Hand End-of-Period,4-Stocks on Hand End-of-Period by Bulk vs Bottled,1-Bottled,1069,184672075,Wine,FALSE
5,2020,4-Stocks on Hand End-of-Period,4-Stocks on Hand End-of-Period by Bulk vs Bottled,2-Bulk,1350,859719770,Wine,FALSE
6,2020,1-Production,0-Category Total,1-Production,1137,15908403,Wine,FALSE
6,2020,2-Withdrawals,0-Category Total,2-Taxable Withdrawals,2380,70318511,Wine,FALSE
6,2020,2-Withdrawals,0-Category Total,2-Taxable Withdrawals by Bulk vs Bottled,2380,70318511,Wine,FALSE
6,2020,2-Withdrawals,0-Category Total,3-Tax Free Withdrawals,854,11793341,Wine,FALSE
6,2020,2-Withdrawals,0-Category Total,3-Tax Free Withdrawals For Export,145,9005694,Wine,FALSE
6,2020,4-Stocks on Hand End-of-Period,0-Category Total,4-Stocks on Hand End-of-Period,3137,1017410713,Wine,FALSE
6,2020,4-Stocks on Hand End-of-Period,0-Category Total,4-Stocks on Hand End-of-Period by Bulk vs Bottled,3137,1017410713,Wine,FALSE
6,2020,01-Count of IMs,01-Count of IMs,Number of Industry Members,3612,3612,Wine,FALSE
6,2020,1-Production,1-Production,1-Low Alcohol %,978,8488216,Wine,FALSE
6,2020,1-Production,1-Production,2-Medium and High Alcohol %,233,1922883,Wine,FALSE
6,2020,1-Production,1-Production,4-Artificially Carbonated Wine,56,211188,Wine,FALSE
6,2020,1-Production,1-Production,5-Sparkling Wine,86,2884270,Wine,FALSE
6,2020,1-Production,1-Production,6-Hard Cider,227,2401846,Wine,FALSE
6,2020,2-Withdrawals,2-Taxable Withdrawals,1-Low Alcohol %,2214,61886656,Wine,FALSE
6,2020,2-Withdrawals,2-Taxable Withdrawals,2-Medium and High Alcohol %,536,1193639,Wine,FALSE
6,2020,2-Withdrawals,2-Taxable Withdrawals,4-Artificially Carbonated Wine,198,279994,Wine,FALSE
6,2020,2-Withdrawals,2-Taxable Withdrawals,5-Sparkling Wine,349,2053346,Wine,FALSE
6,2020,2-Withdrawals,2-Taxable Withdrawals,6-Hard Cider,356,4904875,Wine,FALSE
6,2020,2-Withdrawals,2-Taxable Withdrawals by Bulk vs Bottled,1-Bottled,2280,66663023,Wine,FALSE
6,2020,2-Withdrawals,2-Taxable Withdrawals by Bulk vs Bottled,2-Bulk,205,3655488,Wine,FALSE
6,2020,2-Withdrawals,3-Tax Free Withdrawals,1-Low Alcohol %,792,10588567,Wine,FALSE
6,2020,2-Withdrawals,3-Tax Free Withdrawals,2-Medium and High Alcohol %,144,864570,Wine,FALSE
6,2020,2-Withdrawals,3-Tax Free Withdrawals,4-Artificially Carbonated/Sparkling Wine,136,26021,Wine,FALSE
6,2020,2-Withdrawals,3-Tax Free Withdrawals,6-Hard Cider,62,314183,Wine,FALSE
6,2020,2-Withdrawals,3-Tax Free Withdrawals For Export,1-Bottled Exports,117,2627636,Wine,FALSE
6,2020,2-Withdrawals,3-Tax Free Withdrawals For Export,2-Bulk Exports,36,6378059,Wine,FALSE
6,2020,4-Stocks on Hand End-of-Period,4-Stocks on Hand End-of-Period,1-Low Alcohol %,2985,972568954,Wine,FALSE
6,2020,4-Stocks on Hand End-of-Period,4-Stocks on Hand End-of-Period,2-Medium Alcohol %,1102,13150000,Wine,FALSE
6,2020,4-Stocks on Hand End-of-Period,4-Stocks on Hand End-of-Period,3-High Alcohol %,73,3165431,Wine,FALSE
6,2020,4-Stocks on Hand End-of-Period,4-Stocks on Hand End-of-Period,4-Artificially Carbonated Wine,197,910295,Wine,FALSE
6,2020,4-Stocks on Hand End-of-Period,4-Stocks on Hand End-of-Period,5-Sparkling Wine,508,23375684,Wine,FALSE
6,2020,4-Stocks on Hand End-of-Period,4-Stocks on Hand End-of-Period,6-Hard Cider,339,4240350,Wine,FALSE
6,2020,4-Stocks on Hand End-of-Period,4-Stocks on Hand End-of-Period by Bulk vs Bottled,1-Bottled,1912,196242711,Wine,FALSE
6,2020,4-Stocks on Hand End-of-Period,4-Stocks on Hand End-of-Period by Bulk vs Bottled,2-Bulk,2855,821168002,Wine,FALSE
7,2020,1-Production,0-Category Total,1-Production,523,12381600,Wine,FALSE
7,2020,2-Withdrawals,0-Category Total,2-Taxable Withdrawals,1086,58873205,Wine,FALSE
7,2020,2-Withdrawals,0-Category Total,2-Taxable Withdrawals by Bulk vs Bottled,1086,58873205,Wine,FALSE
7,2020,2-Withdrawals,0-Category Total,3-Tax Free Withdrawals,467,12952761,Wine,FALSE
7,2020,2-Withdrawals,0-Category Total,3-Tax Free Withdrawals For Export,120,9696166,Wine,FALSE
7,2020,4-Stocks on Hand End-of-Period,0-Category Total,4-Stocks on Hand End-of-Period,1503,929923730,Wine,FALSE
7,2020,4-Stocks on Hand End-of-Period,0-Category Total,4-Stocks on Hand End-of-Period by Bulk vs Bottled,1503,929923730,Wine,FALSE
7,2020,01-Count of IMs,01-Count of IMs,Number of Industry Members,1674,1674,Wine,FALSE
7,2020,1-Production,1-Production,1-Low Alcohol %,481,6532582,Wine,FALSE
7,2020,1-Production,1-Production,2-Medium and High Alcohol %,122,2072785,Wine,FALSE
7,2020,1-Production,1-Production,4-Artificially Carbonated Wine,22,96048,Wine,FALSE
7,2020,1-Production,1-Production,5-Sparkling Wine,28,2546839,Wine,FALSE
7,2020,1-Production,1-Production,6-Hard Cider,59,1133347,Wine,FALSE
7,2020,2-Withdrawals,2-Taxable Withdrawals,1-Low Alcohol %,1031,52471012,Wine,FALSE
7,2020,2-Withdrawals,2-Taxable Withdrawals,2-Medium and High Alcohol %,266,1146246,Wine,FALSE
7,2020,2-Withdrawals,2-Taxable Withdrawals,4-Artificially Carbonated Wine,106,218714,Wine,FALSE
7,2020,2-Withdrawals,2-Taxable Withdrawals,5-Sparkling Wine,197,1835445,Wine,FALSE
7,2020,2-Withdrawals,2-Taxable Withdrawals,6-Hard Cider,119,3201788,Wine,FALSE
7,2020,2-Withdrawals,2-Taxable Withdrawals by Bulk vs Bottled,1-Bottled,1068,56821450,Wine,FALSE
7,2020,2-Withdrawals,2-Taxable Withdrawals by Bulk vs Bottled,2-Bulk,54,2051754,Wine,FALSE
7,2020,2-Withdrawals,3-Tax Free Withdrawals,1-Low Alcohol %,438,11484747,Wine,FALSE
7,2020,2-Withdrawals,3-Tax Free Withdrawals,2-Medium and High Alcohol %,91,1187649,Wine,FALSE
7,2020,2-Withdrawals,3-Tax Free Withdrawals,4-Artificially Carbonated/Sparkling Wine,82,44535,Wine,FALSE
7,2020,2-Withdrawals,3-Tax Free Withdrawals,6-Hard Cider,23,235830,Wine,FALSE
7,2020,2-Withdrawals,3-Tax Free Withdrawals For Export,1-Bottled Exports,100,3116173,Wine,FALSE
7,2020,2-Withdrawals,3-Tax Free Withdrawals For Export,2-Bulk Exports,30,6579992,Wine,FALSE
7,2020,4-Stocks on Hand End-of-Period,4-Stocks on Hand End-of-Period,1-Low Alcohol %,1444,887198164,Wine,FALSE
7,2020,4-Stocks on Hand End-of-Period,4-Stocks on Hand End-of-Period,2-Medium Alcohol %,621,12420329,Wine,FALSE
7,2020,4-Stocks on Hand End-of-Period,4-Stocks on Hand End-of-Period,3-High Alcohol %,56,3802234,Wine,FALSE
7,2020,4-Stocks on Hand End-of-Period,4-Stocks on Hand End-of-Period,4-Artificially Carbonated Wine,120,761318,Wine,FALSE
7,2020,4-Stocks on Hand End-of-Period,4-Stocks on Hand End-of-Period,5-Sparkling Wine,314,22975088,Wine,FALSE
7,2020,4-Stocks on Hand End-of-Period,4-Stocks on Hand End-of-Period,6-Hard Cider,130,2766596,Wine,FALSE
7,2020,4-Stocks on Hand End-of-Period,4-Stocks on Hand End-of-Period by Bulk vs Bottled,1-Bottled,1070,196951543,Wine,FALSE
7,2020,4-Stocks on Hand End-of-Period,4-Stocks on Hand End-of-Period by Bulk vs Bottled,2-Bulk,1342,732972186,Wine,FALSE
8,2020,1-Production,0-Category Total,1-Production,523,43323441,Wine,FALSE
8,2020,2-Withdrawals,0-Category Total,2-Taxable Withdrawals,1065,58852926,Wine,FALSE
8,2020,2-Withdrawals,0-Category Total,2-Taxable Withdrawals by Bulk vs Bottled,1065,58852926,Wine,FALSE
8,2020,2-Withdrawals,0-Category Total,3-Tax Free Withdrawals,461,13859832,Wine,FALSE
8,2020,2-Withdrawals,0-Category Total,3-Tax Free Withdrawals For Export,117,9064651,Wine,FALSE
8,2020,4-Stocks on Hand End-of-Period,0-Category Total,4-Stocks on Hand End-of-Period,1485,900185324,Wine,FALSE
8,2020,4-Stocks on Hand End-of-Period,0-Category Total,4-Stocks on Hand End-of-Period by Bulk vs Bottled,1485,900185324,Wine,FALSE
8,2020,01-Count of IMs,01-Count of IMs,Number of Industry Members,1663,1663,Wine,FALSE
8,2020,1-Production,1-Production,1-Low Alcohol %,484,29259255,Wine,FALSE
8,2020,1-Production,1-Production,2-Medium and High Alcohol %,136,10068674,Wine,FALSE
8,2020,1-Production,1-Production,4-Artificially Carbonated Wine,20,185239,Wine,FALSE
8,2020,1-Production,1-Production,5-Sparkling Wine,28,2514465,Wine,FALSE
8,2020,1-Production,1-Production,6-Hard Cider,53,1295809,Wine,FALSE
8,2020,2-Withdrawals,2-Taxable Withdrawals,1-Low Alcohol %,1016,52539762,Wine,FALSE
8,2020,2-Withdrawals,2-Taxable Withdrawals,2-Medium and High Alcohol %,273,819671,Wine,FALSE
8,2020,2-Withdrawals,2-Taxable Withdrawals,4-Artificially Carbonated Wine,107,191766,Wine,FALSE
8,2020,2-Withdrawals,2-Taxable Withdrawals,5-Sparkling Wine,194,2161012,Wine,FALSE
8,2020,2-Withdrawals,2-Taxable Withdrawals,6-Hard Cider,109,3140715,Wine,FALSE
8,2020,2-Withdrawals,2-Taxable Withdrawals by Bulk vs Bottled,1-Bottled,1045,57926477,Wine,FALSE
8,2020,2-Withdrawals,2-Taxable Withdrawals by Bulk vs Bottled,2-Bulk,55,926449,Wine,FALSE
8,2020,2-Withdrawals,3-Tax Free Withdrawals,1-Low Alcohol %,434,10604078,Wine,FALSE
8,2020,2-Withdrawals,3-Tax Free Withdrawals,2-Medium and High Alcohol %,95,2941875,Wine,FALSE
8,2020,2-Withdrawals,3-Tax Free Withdrawals,4-Artificially Carbonated/Sparkling Wine,87,51529,Wine,FALSE
8,2020,2-Withdrawals,3-Tax Free Withdrawals,6-Hard Cider,29,262350,Wine,FALSE
8,2020,2-Withdrawals,3-Tax Free Withdrawals For Export,1-Bottled Exports,100,3092043,Wine,FALSE
8,2020,2-Withdrawals,3-Tax Free Withdrawals For Export,2-Bulk Exports,27,5972607,Wine,FALSE
8,2020,4-Stocks on Hand End-of-Period,4-Stocks on Hand End-of-Period,1-Low Alcohol %,1429,854562595,Wine,FALSE
8,2020,4-Stocks on Hand End-of-Period,4-Stocks on Hand End-of-Period,2-Medium Alcohol %,611,11870746,Wine,FALSE
8,2020,4-Stocks on Hand End-of-Period,4-Stocks on Hand End-of-Period,3-High Alcohol %,57,7139769,Wine,FALSE
8,2020,4-Stocks on Hand End-of-Period,4-Stocks on Hand End-of-Period,4-Artificially Carbonated Wine,120,819235,Wine,FALSE
8,2020,4-Stocks on Hand End-of-Period,4-Stocks on Hand End-of-Period,5-Sparkling Wine,316,23133776,Wine,FALSE
8,2020,4-Stocks on Hand End-of-Period,4-Stocks on Hand End-of-Period,6-Hard Cider,129,2659203,Wine,FALSE
8,2020,4-Stocks on Hand End-of-Period,4-Stocks on Hand End-of-Period by Bulk vs Bottled,1-Bottled,1072,204266518,Wine,FALSE
8,2020,4-Stocks on Hand End-of-Period,4-Stocks on Hand End-of-Period by Bulk vs Bottled,2-Bulk,1324,695918806,Wine,FALSE
9,2020,1-Production,0-Category Total,1-Production,1348,133117394,Wine,FALSE
9,2020,2-Withdrawals,0-Category Total,2-Taxable Withdrawals,2407,67887413,Wine,FALSE
9,2020,2-Withdrawals,0-Category Total,2-Taxable Withdrawals by Bulk vs Bottled,2407,67887413,Wine,FALSE
9,2020,2-Withdrawals,0-Category Total,3-Tax Free Withdrawals,835,13645810,Wine,FALSE
9,2020,2-Withdrawals,0-Category Total,3-Tax Free Withdrawals For Export,137,9285402,Wine,FALSE
9,2020,4-Stocks on Hand End-of-Period,0-Category Total,4-Stocks on Hand End-of-Period,3122,970371048,Wine,FALSE
9,2020,4-Stocks on Hand End-of-Period,0-Category Total,4-Stocks on Hand End-of-Period by Bulk vs Bottled,3122,970371048,Wine,FALSE
9,2020,01-Count of IMs,01-Count of IMs,Number of Industry Members,3656,3656,Wine,FALSE
9,2020,1-Production,1-Production,1-Low Alcohol %,1193,122135094,Wine,FALSE
9,2020,1-Production,1-Production,2-Medium and High Alcohol %,216,6268187,Wine,FALSE
9,2020,1-Production,1-Production,4-Artificially Carbonated Wine,54,193108,Wine,FALSE
9,2020,1-Production,1-Production,5-Sparkling Wine,71,2001516,Wine,FALSE
9,2020,1-Production,1-Production,6-Hard Cider,243,2519490,Wine,FALSE
9,2020,2-Withdrawals,2-Taxable Withdrawals,1-Low Alcohol %,2220,60315275,Wine,FALSE
9,2020,2-Withdrawals,2-Taxable Withdrawals,2-Medium and High Alcohol %,552,985062,Wine,FALSE
9,2020,2-Withdrawals,2-Taxable Withdrawals,4-Artificially Carbonated Wine,203,299836,Wine,FALSE
9,2020,2-Withdrawals,2-Taxable Withdrawals,5-Sparkling Wine,373,2623182,Wine,FALSE
9,2020,2-Withdrawals,2-Taxable Withdrawals,6-Hard Cider,386,3664058,Wine,FALSE
9,2020,2-Withdrawals,2-Taxable Withdrawals by Bulk vs Bottled,1-Bottled,2307,67427488,Wine,FALSE
9,2020,2-Withdrawals,2-Taxable Withdrawals by Bulk vs Bottled,2-Bulk,191,459925,Wine,FALSE
9,2020,2-Withdrawals,3-Tax Free Withdrawals,1-Low Alcohol %,774,11763955,Wine,FALSE
9,2020,2-Withdrawals,3-Tax Free Withdrawals,2-Medium and High Alcohol %,163,1508719,Wine,FALSE
9,2020,2-Withdrawals,3-Tax Free Withdrawals,4-Artificially Carbonated/Sparkling Wine,,,Wine,TRUE
9,2020,2-Withdrawals,3-Tax Free Withdrawals,6-Hard Cider,,,Wine,TRUE
9,2020,2-Withdrawals,3-Tax Free Withdrawals For Export,1-Bottled Exports,121,3334783,Wine,FALSE
9,2020,2-Withdrawals,3-Tax Free Withdrawals For Export,2-Bulk Exports,24,5950619,Wine,FALSE
9,2020,4-Stocks on Hand End-of-Period,4-Stocks on Hand End-of-Period,1-Low Alcohol %,2974,926095597,Wine,FALSE
9,2020,4-Stocks on Hand End-of-Period,4-Stocks on Hand End-of-Period,2-Medium Alcohol %,1076,13921231,Wine,FALSE
9,2020,4-Stocks on Hand End-of-Period,4-Stocks on Hand End-of-Period,3-High Alcohol %,73,2990440,Wine,FALSE
9,2020,4-Stocks on Hand End-of-Period,4-Stocks on Hand End-of-Period,4-Artificially Carbonated Wine,204,946349,Wine,FALSE
9,2020,4-Stocks on Hand End-of-Period,4-Stocks on Hand End-of-Period,5-Sparkling Wine,517,22810737,Wine,FALSE
9,2020,4-Stocks on Hand End-of-Period,4-Stocks on Hand End-of-Period,6-Hard Cider,356,3606692,Wine,FALSE
9,2020,4-Stocks on Hand End-of-Period,4-Stocks on Hand End-of-Period by Bulk vs Bottled,1-Bottled,1913,208140842,Wine,FALSE
9,2020,4-Stocks on Hand End-of-Period,4-Stocks on Hand End-of-Period by Bulk vs Bottled,2-Bulk,2822,762230205,Wine,FALSE
10,2020,1-Production,0-Category Total,1-Production,711,137812313,Wine,FALSE
10,2020,2-Withdrawals,0-Category Total,2-Taxable Withdrawals,971,64598177,Wine,FALSE
10,2020,2-Withdrawals,0-Category Total,2-Taxable Withdrawals by Bulk vs Bottled,971,64598177,Wine,FALSE
10,2020,2-Withdrawals,0-Category Total,3-Tax Free Withdrawals,457,12576766,Wine,FALSE
10,2020,2-Withdrawals,0-Category Total,3-Tax Free Withdrawals For Export,119,8105053,Wine,FALSE
10,2020,4-Stocks on Hand End-of-Period,0-Category Total,4-Stocks on Hand End-of-Period,1514,1014517075,Wine,FALSE
10,2020,4-Stocks on Hand End-of-Period,0-Category Total,4-Stocks on Hand End-of-Period by Bulk vs Bottled,1514,1014517075,Wine,FALSE
10,2020,01-Count of IMs,01-Count of IMs,Number of Industry Members,1695,1695,Wine,FALSE
10,2020,1-Production,1-Production,1-Low Alcohol %,662,128022722,Wine,FALSE
10,2020,1-Production,1-Production,2-Medium and High Alcohol %,146,4869925,Wine,FALSE
10,2020,1-Production,1-Production,4-Artificially Carbonated Wine,16,105854,Wine,FALSE
10,2020,1-Production,1-Production,5-Sparkling Wine,24,3303235,Wine,FALSE
10,2020,1-Production,1-Production,6-Hard Cider,65,1510577,Wine,FALSE
10,2020,2-Withdrawals,2-Taxable Withdrawals,1-Low Alcohol %,909,57172951,Wine,FALSE
10,2020,2-Withdrawals,2-Taxable Withdrawals,2-Medium and High Alcohol %,279,593877,Wine,FALSE
10,2020,2-Withdrawals,2-Taxable Withdrawals,4-Artificially Carbonated Wine,96,231888,Wine,FALSE
10,2020,2-Withdrawals,2-Taxable Withdrawals,5-Sparkling Wine,215,3319773,Wine,FALSE
10,2020,2-Withdrawals,2-Taxable Withdrawals,6-Hard Cider,111,3279688,Wine,FALSE
10,2020,2-Withdrawals,2-Taxable Withdrawals by Bulk vs Bottled,1-Bottled,952,64221229,Wine,FALSE
10,2020,2-Withdrawals,2-Taxable Withdrawals by Bulk vs Bottled,2-Bulk,52,376948,Wine,FALSE
10,2020,2-Withdrawals,3-Tax Free Withdrawals,1-Low Alcohol %,426,9842163,Wine,FALSE
10,2020,2-Withdrawals,3-Tax Free Withdrawals,2-Medium and High Alcohol %,99,2348919,Wine,FALSE
10,2020,2-Withdrawals,3-Tax Free Withdrawals,4-Artificially Carbonated/Sparkling Wine,,,Wine,TRUE
10,2020,2-Withdrawals,3-Tax Free Withdrawals,6-Hard Cider,,,Wine,TRUE
10,2020,2-Withdrawals,3-Tax Free Withdrawals For Export,1-Bottled Exports,103,3369999,Wine,FALSE
10,2020,2-Withdrawals,3-Tax Free Withdrawals For Export,2-Bulk Exports,25,4735054,Wine,FALSE
10,2020,4-Stocks on Hand End-of-Period,4-Stocks on Hand End-of-Period,1-Low Alcohol %,1459,975370279,Wine,FALSE
10,2020,4-Stocks on Hand End-of-Period,4-Stocks on Hand End-of-Period,2-Medium Alcohol %,625,12275609,Wine,FALSE
10,2020,4-Stocks on Hand End-of-Period,4-Stocks on Hand End-of-Period,3-High Alcohol %,58,1763212,Wine,FALSE
10,2020,4-Stocks on Hand End-of-Period,4-Stocks on Hand End-of-Period,4-Artificially Carbonated Wine,116,686569,Wine,FALSE
10,2020,4-Stocks on Hand End-of-Period,4-Stocks on Hand End-of-Period,5-Sparkling Wine,321,21850481,Wine,FALSE
10,2020,4-Stocks on Hand End-of-Period,4-Stocks on Hand End-of-Period,6-Hard Cider,128,2570925,Wine,FALSE
10,2020,4-Stocks on Hand End-of-Period,4-Stocks on Hand End-of-Period by Bulk vs Bottled,1-Bottled,1060,194645223,Wine,FALSE
10,2020,4-Stocks on Hand End-of-Period,4-Stocks on Hand End-of-Period by Bulk vs Bottled,2-Bulk,1351,819871852,Wine,FALSE
11,2020,1-Production,0-Category Total,1-Production,748,100563747,Wine,FALSE
11,2020,2-Withdrawals,0-Category Total,2-Taxable Withdrawals,974,59120943,Wine,FALSE
11,2020,2-Withdrawals,0-Category Total,2-Taxable Withdrawals by Bulk vs Bottled,974,59120943,Wine,FALSE
11,2020,2-Withdrawals,0-Category Total,3-Tax Free Withdrawals,459,10237004,Wine,FALSE
11,2020,2-Withdrawals,0-Category Total,3-Tax Free Withdrawals For Export,117,6719149,Wine,FALSE
11,2020,4-Stocks on Hand End-of-Period,0-Category Total,4-Stocks on Hand End-of-Period,1499,1043119102,Wine,FALSE
11,2020,4-Stocks on Hand End-of-Period,0-Category Total,4-Stocks on Hand End-of-Period by Bulk vs Bottled,1499,1043119102,Wine,FALSE
11,2020,01-Count of IMs,01-Count of IMs,Number of Industry Members,1670,1670,Wine,FALSE
11,2020,1-Production,1-Production,1-Low Alcohol %,707,94062978,Wine,FALSE
11,2020,1-Production,1-Production,2-Medium and High Alcohol %,139,2459883,Wine,FALSE
11,2020,1-Production,1-Production,4-Artificially Carbonated Wine,20,208346,Wine,FALSE
11,2020,1-Production,1-Production,5-Sparkling Wine,28,2718666,Wine,FALSE
11,2020,1-Production,1-Production,6-Hard Cider,58,1113874,Wine,FALSE
11,2020,2-Withdrawals,2-Taxable Withdrawals,1-Low Alcohol %,918,51560018,Wine,FALSE
11,2020,2-Withdrawals,2-Taxable Withdrawals,2-Medium and High Alcohol %,284,678615,Wine,FALSE
11,2020,2-Withdrawals,2-Taxable Withdrawals,4-Artificially Carbonated Wine,94,197210,Wine,FALSE
11,2020,2-Withdrawals,2-Taxable Withdrawals,5-Sparkling Wine,211,3549985,Wine,FALSE
11,2020,2-Withdrawals,2-Taxable Withdrawals,6-Hard Cider,105,3135115,Wine,FALSE
11,2020,2-Withdrawals,2-Taxable Withdrawals by Bulk vs Bottled,1-Bottled,955,58945592,Wine,FALSE
11,2020,2-Withdrawals,2-Taxable Withdrawals by Bulk vs Bottled,2-Bulk,48,175351,Wine,FALSE
11,2020,2-Withdrawals,3-Tax Free Withdrawals,1-Low Alcohol %,429,8160209,Wine,FALSE
11,2020,2-Withdrawals,3-Tax Free Withdrawals,2-Medium and High Alcohol %,95,1750040,Wine,FALSE
11,2020,2-Withdrawals,3-Tax Free Withdrawals,4-Artificially Carbonated/Sparkling Wine,88,108003,Wine,FALSE
11,2020,2-Withdrawals,3-Tax Free Withdrawals,6-Hard Cider,26,218751,Wine,FALSE
11,2020,2-Withdrawals,3-Tax Free Withdrawals For Export,1-Bottled Exports,103,2952645,Wine,FALSE
11,2020,2-Withdrawals,3-Tax Free Withdrawals For Export,2-Bulk Exports,25,3766504,Wine,FALSE
11,2020,4-Stocks on Hand End-of-Period,4-Stocks on Hand End-of-Period,1-Low Alcohol %,1445,1004029498,Wine,FALSE
11,2020,4-Stocks on Hand End-of-Period,4-Stocks on Hand End-of-Period,2-Medium Alcohol %,627,13228791,Wine,FALSE
11,2020,4-Stocks on Hand End-of-Period,4-Stocks on Hand End-of-Period,3-High Alcohol %,58,1785230,Wine,FALSE
11,2020,4-Stocks on Hand End-of-Period,4-Stocks on Hand End-of-Period,4-Artificially Carbonated Wine,118,726712,Wine,FALSE
11,2020,4-Stocks on Hand End-of-Period,4-Stocks on Hand End-of-Period,5-Sparkling Wine,319,20714409,Wine,FALSE
11,2020,4-Stocks on Hand End-of-Period,4-Stocks on Hand End-of-Period,6-Hard Cider,129,2634462,Wine,FALSE
11,2020,4-Stocks on Hand End-of-Period,4-Stocks on Hand End-of-Period by Bulk vs Bottled,1-Bottled,1057,186890169,Wine,FALSE
11,2020,4-Stocks on Hand End-of-Period,4-Stocks on Hand End-of-Period by Bulk vs Bottled,2-Bulk,1343,856228933,Wine,FALSE
12,2020,1-Production,0-Category Total,1-Production,5871,148708280,Wine,FALSE
12,2020,2-Withdrawals,0-Category Total,2-Taxable Withdrawals,5975,73426110,Wine,FALSE
12,2020,2-Withdrawals,0-Category Total,2-Taxable Withdrawals by Bulk vs Bottled,5975,73426110,Wine,FALSE
12,2020,2-Withdrawals,0-Category Total,3-Tax Free Withdrawals,3041,11405494,Wine,FALSE
12,2020,2-Withdrawals,0-Category Total,3-Tax Free Withdrawals For Export,205,6670815,Wine,FALSE
12,2020,4-Stocks on Hand End-of-Period,0-Category Total,4-Stocks on Hand End-of-Period,7190,1158733538,Wine,FALSE
12,2020,4-Stocks on Hand End-of-Period,0-Category Total,4-Stocks on Hand End-of-Period by Bulk vs Bottled,7190,1158733538,Wine,FALSE
12,2020,01-Count of IMs,01-Count of IMs,Number of Industry Members,8688,8688,Wine,FALSE
12,2020,1-Production,1-Production,1-Low Alcohol %,5475,139094379,Wine,FALSE
12,2020,1-Production,1-Production,2-Medium and High Alcohol %,712,2568518,Wine,FALSE
12,2020,1-Production,1-Production,4-Artificially Carbonated Wine,142,243686,Wine,FALSE
12,2020,1-Production,1-Production,5-Sparkling Wine,244,1860336,Wine,FALSE
12,2020,1-Production,1-Production,6-Hard Cider,722,4941362,Wine,FALSE
12,2020,2-Withdrawals,2-Taxable Withdrawals,1-Low Alcohol %,5550,63835707,Wine,FALSE
12,2020,2-Withdrawals,2-Taxable Withdrawals,2-Medium and High Alcohol %,1200,811470,Wine,FALSE
12,2020,2-Withdrawals,2-Taxable Withdrawals,4-Artificially Carbonated Wine,380,584539,Wine,FALSE
12,2020,2-Withdrawals,2-Taxable Withdrawals,5-Sparkling Wine,682,3058847,Wine,FALSE
12,2020,2-Withdrawals,2-Taxable Withdrawals,6-Hard Cider,866,5135547,Wine,FALSE
12,2020,2-Withdrawals,2-Taxable Withdrawals by Bulk vs Bottled,1-Bottled,,,Wine,TRUE
12,2020,2-Withdrawals,2-Taxable Withdrawals by Bulk vs Bottled,2-Bulk,,,Wine,TRUE
12,2020,2-Withdrawals,3-Tax Free Withdrawals,1-Low Alcohol %,2852,9039222,Wine,FALSE
12,2020,2-Withdrawals,3-Tax Free Withdrawals,2-Medium and High Alcohol %,524,1276010,Wine,FALSE
12,2020,2-Withdrawals,3-Tax Free Withdrawals,4-Artificially Carbonated/Sparkling Wine,371,113576,Wine,FALSE
12,2020,2-Withdrawals,3-Tax Free Withdrawals,6-Hard Cider,286,976685,Wine,FALSE
12,2020,2-Withdrawals,3-Tax Free Withdrawals For Export,1-Bottled Exports,164,2827289,Wine,FALSE
12,2020,2-Withdrawals,3-Tax Free Withdrawals For Export,2-Bulk Exports,53,3843526,Wine,FALSE
12,2020,4-Stocks on Hand End-of-Period,4-Stocks on Hand End-of-Period,1-Low Alcohol %,6829,1107285931,Wine,FALSE
12,2020,4-Stocks on Hand End-of-Period,4-Stocks on Hand End-of-Period,2-Medium Alcohol %,1869,22989108,Wine,FALSE
12,2020,4-Stocks on Hand End-of-Period,4-Stocks on Hand End-of-Period,3-High Alcohol %,107,1485310,Wine,FALSE
12,2020,4-Stocks on Hand End-of-Period,4-Stocks on Hand End-of-Period,4-Artificially Carbonated Wine,327,935914,Wine,FALSE
12,2020,4-Stocks on Hand End-of-Period,4-Stocks on Hand End-of-Period,5-Sparkling Wine,813,20385923,Wine,FALSE
12,2020,4-Stocks on Hand End-of-Period,4-Stocks on Hand End-of-Period,6-Hard Cider,808,5651353,Wine,FALSE
12,2020,4-Stocks on Hand End-of-Period,4-Stocks on Hand End-of-Period by Bulk vs Bottled,1-Bottled,4397,196982345,Wine,FALSE
12,2020,4-Stocks on Hand End-of-Period,4-Stocks on Hand End-of-Period by Bulk vs Bottled,2-Bulk,6458,961751193,Wine,FALSE
1,2021,1-Production,0-Category Total,1-Production,640,48870533,Wine,FALSE
1,2021,2-Withdrawals,0-Category Total,2-Taxable Withdrawals,1000,50218021,Wine,FALSE
1,2021,2-Withdrawals,0-Category Total,2-Taxable Withdrawals by Bulk vs Bottled,1000,50218021,Wine,FALSE
1,2021,2-Withdrawals,0-Category Total,3-Tax Free Withdrawals,456,9101258,Wine,FALSE
1,2021,2-Withdrawals,0-Category Total,3-Tax Free Withdrawals For Export,112,5649292,Wine,FALSE
1,2021,4-Stocks on Hand End-of-Period,0-Category Total,4-Stocks on Hand End-of-Period,1512,1080813783,Wine,FALSE
1,2021,4-Stocks on Hand End-of-Period,0-Category Total,4-Stocks on Hand End-of-Period by Bulk vs Bottled,1512,1080813783,Wine,FALSE
1,2021,01-Count of IMs,01-Count of IMs,Number of Industry Members,1693,1693,Wine,FALSE
1,2021,1-Production,1-Production,1-Low Alcohol %,604,43403385,Wine,FALSE
1,2021,1-Production,1-Production,2-Medium and High Alcohol %,145,2027194,Wine,FALSE
1,2021,1-Production,1-Production,4-Artificially Carbonated Wine,22,259683,Wine,FALSE
1,2021,1-Production,1-Production,5-Sparkling Wine,29,1516716,Wine,FALSE
1,2021,1-Production,1-Production,6-Hard Cider,59,1663554,Wine,FALSE
1,2021,2-Withdrawals,2-Taxable Withdrawals,1-Low Alcohol %,945,44586168,Wine,FALSE
1,2021,2-Withdrawals,2-Taxable Withdrawals,2-Medium and High Alcohol %,262,531720,Wine,FALSE
1,2021,2-Withdrawals,2-Taxable Withdrawals,4-Artificially Carbonated Wine,90,164499,Wine,FALSE
1,2021,2-Withdrawals,2-Taxable Withdrawals,5-Sparkling Wine,201,1553537,Wine,FALSE
1,2021,2-Withdrawals,2-Taxable Withdrawals,6-Hard Cider,99,3382095,Wine,FALSE
1,2021,2-Withdrawals,2-Taxable Withdrawals by Bulk vs Bottled,1-Bottled,981,49909925,Wine,FALSE
1,2021,2-Withdrawals,2-Taxable Withdrawals by Bulk vs Bottled,2-Bulk,59,308096,Wine,FALSE
1,2021,2-Withdrawals,3-Tax Free Withdrawals,1-Low Alcohol %,418,6976836,Wine,FALSE
1,2021,2-Withdrawals,3-Tax Free Withdrawals,2-Medium and High Alcohol %,88,1459790,Wine,FALSE
1,2021,2-Withdrawals,3-Tax Free Withdrawals,4-Artificially Carbonated/Sparkling Wine,82,85765,Wine,FALSE
1,2021,2-Withdrawals,3-Tax Free Withdrawals,6-Hard Cider,30,578866,Wine,FALSE
1,2021,2-Withdrawals,3-Tax Free Withdrawals For Export,1-Bottled Exports,93,2340629,Wine,FALSE
1,2021,2-Withdrawals,3-Tax Free Withdrawals For Export,2-Bulk Exports,30,3308663,Wine,FALSE
1,2021,4-Stocks on Hand End-of-Period,4-Stocks on Hand End-of-Period,1-Low Alcohol %,1451,1041165295,Wine,FALSE
1,2021,4-Stocks on Hand End-of-Period,4-Stocks on Hand End-of-Period,2-Medium Alcohol %,643,13760511,Wine,FALSE
1,2021,4-Stocks on Hand End-of-Period,4-Stocks on Hand End-of-Period,3-High Alcohol %,63,1640264,Wine,FALSE
1,2021,4-Stocks on Hand End-of-Period,4-Stocks on Hand End-of-Period,4-Artificially Carbonated Wine,115,868806,Wine,FALSE
1,2021,4-Stocks on Hand End-of-Period,4-Stocks on Hand End-of-Period,5-Sparkling Wine,316,19671818,Wine,FALSE
1,2021,4-Stocks on Hand End-of-Period,4-Stocks on Hand End-of-Period,6-Hard Cider,135,3707088,Wine,FALSE
1,2021,4-Stocks on Hand End-of-Period,4-Stocks on Hand End-of-Period by Bulk vs Bottled,1-Bottled,1060,179909040,Wine,FALSE
1,2021,4-Stocks on Hand End-of-Period,4-Stocks on Hand End-of-Period by Bulk vs Bottled,2-Bulk,1356,900904744,Wine,FALSE
2,2021,1-Production,0-Category Total,1-Production,582,49428862,Wine,FALSE
2,2021,2-Withdrawals,0-Category Total,2-Taxable Withdrawals,1026,51779129,Wine,FALSE
2,2021,2-Withdrawals,0-Category Total,2-Taxable Withdrawals by Bulk vs Bottled,1026,51779129,Wine,FALSE
2,2021,2-Withdrawals,0-Category Total,3-Tax Free Withdrawals,459,9175995,Wine,FALSE
2,2021,2-Withdrawals,0-Category Total,3-Tax Free Withdrawals For Export,111,6402149,Wine,FALSE
2,2021,4-Stocks on Hand End-of-Period,0-Category Total,4-Stocks on Hand End-of-Period,1475,1078948250,Wine,FALSE
2,2021,4-Stocks on Hand End-of-Period,0-Category Total,4-Stocks on Hand End-of-Period by Bulk vs Bottled,1475,1078948250,Wine,FALSE
2,2021,01-Count of IMs,01-Count of IMs,Number of Industry Members,1645,1645,Wine,FALSE
2,2021,1-Production,1-Production,1-Low Alcohol %,541,41303513,Wine,FALSE
2,2021,1-Production,1-Production,2-Medium and High Alcohol %,140,3872954,Wine,FALSE
2,2021,1-Production,1-Production,4-Artificially Carbonated Wine,24,241706,Wine,FALSE
2,2021,1-Production,1-Production,5-Sparkling Wine,42,2287511,Wine,FALSE
2,2021,1-Production,1-Production,6-Hard Cider,56,1723178,Wine,FALSE
2,2021,2-Withdrawals,2-Taxable Withdrawals,1-Low Alcohol %,977,46080210,Wine,FALSE
2,2021,2-Withdrawals,2-Taxable Withdrawals,2-Medium and High Alcohol %,264,823751,Wine,FALSE
2,2021,2-Withdrawals,2-Taxable Withdrawals,4-Artificially Carbonated Wine,81,274181,Wine,FALSE
2,2021,2-Withdrawals,2-Taxable Withdrawals,5-Sparkling Wine,215,1760599,Wine,FALSE
2,2021,2-Withdrawals,2-Taxable Withdrawals,6-Hard Cider,99,2840387,Wine,FALSE
2,2021,2-Withdrawals,2-Taxable Withdrawals by Bulk vs Bottled,1-Bottled,1006,51585178,Wine,FALSE
2,2021,2-Withdrawals,2-Taxable Withdrawals by Bulk vs Bottled,2-Bulk,52,193951,Wine,FALSE
2,2021,2-Withdrawals,3-Tax Free Withdrawals,1-Low Alcohol %,433,7662933,Wine,FALSE
2,2021,2-Withdrawals,3-Tax Free Withdrawals,2-Medium and High Alcohol %,84,810002,Wine,FALSE
2,2021,2-Withdrawals,3-Tax Free Withdrawals,4-Artificially Carbonated/Sparkling Wine,,,Wine,TRUE
2,2021,2-Withdrawals,3-Tax Free Withdrawals,6-Hard Cider,,,Wine,TRUE
2,2021,2-Withdrawals,3-Tax Free Withdrawals For Export,1-Bottled Exports,95,2675798,Wine,FALSE
2,2021,2-Withdrawals,3-Tax Free Withdrawals For Export,2-Bulk Exports,27,3726351,Wine,FALSE
2,2021,4-Stocks on Hand End-of-Period,4-Stocks on Hand End-of-Period,1-Low Alcohol %,1420,1039037340,Wine,FALSE
2,2021,4-Stocks on Hand End-of-Period,4-Stocks on Hand End-of-Period,2-Medium Alcohol %,641,13300715,Wine,FALSE
2,2021,4-Stocks on Hand End-of-Period,4-Stocks on Hand End-of-Period,3-High Alcohol %,59,1840327,Wine,FALSE
2,2021,4-Stocks on Hand End-of-Period,4-Stocks on Hand End-of-Period,4-Artificially Carbonated Wine,114,765631,Wine,FALSE
2,2021,4-Stocks on Hand End-of-Period,4-Stocks on Hand End-of-Period,5-Sparkling Wine,312,19904568,Wine,FALSE
2,2021,4-Stocks on Hand End-of-Period,4-Stocks on Hand End-of-Period,6-Hard Cider,134,4099670,Wine,FALSE
2,2021,4-Stocks on Hand End-of-Period,4-Stocks on Hand End-of-Period by Bulk vs Bottled,1-Bottled,1045,181849119,Wine,FALSE
2,2021,4-Stocks on Hand End-of-Period,4-Stocks on Hand End-of-Period by Bulk vs Bottled,2-Bulk,1320,897099131,Wine,FALSE
3,2021,1-Production,0-Category Total,1-Production,1304,31517184,Wine,FALSE
3,2021,2-Withdrawals,0-Category Total,2-Taxable Withdrawals,2457,70410572,Wine,FALSE
3,2021,2-Withdrawals,0-Category Total,2-Taxable Withdrawals by Bulk vs Bottled,2457,70410572,Wine,FALSE
3,2021,2-Withdrawals,0-Category Total,3-Tax Free Withdrawals,885,11975206,Wine,FALSE
3,2021,2-Withdrawals,0-Category Total,3-Tax Free Withdrawals For Export,139,8233268,Wine,FALSE
3,2021,4-Stocks on Hand End-of-Period,0-Category Total,4-Stocks on Hand End-of-Period,3197,1052629538,Wine,FALSE
3,2021,4-Stocks on Hand End-of-Period,0-Category Total,4-Stocks on Hand End-of-Period by Bulk vs Bottled,3197,1052629538,Wine,FALSE
3,2021,01-Count of IMs,01-Count of IMs,Number of Industry Members,3715,3715,Wine,FALSE
3,2021,1-Production,1-Production,1-Low Alcohol %,1148,22535499,Wine,FALSE
3,2021,1-Production,1-Production,2-Medium and High Alcohol %,247,2408784,Wine,FALSE
3,2021,1-Production,1-Production,4-Artificially Carbonated Wine,71,400334,Wine,FALSE
3,2021,1-Production,1-Production,5-Sparkling Wine,90,2980289,Wine,FALSE
3,2021,1-Production,1-Production,6-Hard Cider,259,3192277,Wine,FALSE
3,2021,2-Withdrawals,2-Taxable Withdrawals,1-Low Alcohol %,2268,62778279,Wine,FALSE
3,2021,2-Withdrawals,2-Taxable Withdrawals,2-Medium and High Alcohol %,558,1332915,Wine,FALSE
3,2021,2-Withdrawals,2-Taxable Withdrawals,4-Artificially Carbonated Wine,210,331840,Wine,FALSE
3,2021,2-Withdrawals,2-Taxable Withdrawals,5-Sparkling Wine,404,2029705,Wine,FALSE
3,2021,2-Withdrawals,2-Taxable Withdrawals,6-Hard Cider,376,3937834,Wine,FALSE
3,2021,2-Withdrawals,2-Taxable Withdrawals by Bulk vs Bottled,1-Bottled,2354,70195277,Wine,FALSE
3,2021,2-Withdrawals,2-Taxable Withdrawals by Bulk vs Bottled,2-Bulk,203,215295,Wine,FALSE
3,2021,2-Withdrawals,3-Tax Free Withdrawals,1-Low Alcohol %,810,9694249,Wine,FALSE
3,2021,2-Withdrawals,3-Tax Free Withdrawals,2-Medium and High Alcohol %,191,1471807,Wine,FALSE
3,2021,2-Withdrawals,3-Tax Free Withdrawals,4-Artificially Carbonated/Sparkling Wine,179,129358,Wine,FALSE
3,2021,2-Withdrawals,3-Tax Free Withdrawals,6-Hard Cider,82,679792,Wine,FALSE
3,2021,2-Withdrawals,3-Tax Free Withdrawals For Export,1-Bottled Exports,121,3138799,Wine,FALSE
3,2021,2-Withdrawals,3-Tax Free Withdrawals For Export,2-Bulk Exports,26,5094469,Wine,FALSE
3,2021,4-Stocks on Hand End-of-Period,4-Stocks on Hand End-of-Period,1-Low Alcohol %,3043,1010037781,Wine,FALSE
3,2021,4-Stocks on Hand End-of-Period,4-Stocks on Hand End-of-Period,2-Medium Alcohol %,1159,13058384,Wine,FALSE
3,2021,4-Stocks on Hand End-of-Period,4-Stocks on Hand End-of-Period,3-High Alcohol %,79,1656680,Wine,FALSE
3,2021,4-Stocks on Hand End-of-Period,4-Stocks on Hand End-of-Period,4-Artificially Carbonated Wine,212,976156,Wine,FALSE
3,2021,4-Stocks on Hand End-of-Period,4-Stocks on Hand End-of-Period,5-Sparkling Wine,545,21170362,Wine,FALSE
3,2021,4-Stocks on Hand End-of-Period,4-Stocks on Hand End-of-Period,6-Hard Cider,371,5730175,Wine,FALSE
3,2021,4-Stocks on Hand End-of-Period,4-Stocks on Hand End-of-Period by Bulk vs Bottled,1-Bottled,1938,189430366,Wine,FALSE
3,2021,4-Stocks on Hand End-of-Period,4-Stocks on Hand End-of-Period by Bulk vs Bottled,2-Bulk,2907,863199173,Wine,FALSE
4,2021,1-Production,0-Category Total,1-Production,537,14809036,Wine,FALSE
4,2021,2-Withdrawals,0-Category Total,2-Taxable Withdrawals,1044,58054085,Wine,FALSE
4,2021,2-Withdrawals,0-Category Total,2-Taxable Withdrawals by Bulk vs Bottled,1044,58054085,Wine,FALSE
4,2021,2-Withdrawals,0-Category Total,3-Tax Free Withdrawals,467,11319345,Wine,FALSE
4,2021,2-Withdrawals,0-Category Total,3-Tax Free Withdrawals For Export,118,8163377,Wine,FALSE
4,2021,4-Stocks on Hand End-of-Period,0-Category Total,4-Stocks on Hand End-of-Period,1475,990595851,Wine,FALSE
4,2021,4-Stocks on Hand End-of-Period,0-Category Total,4-Stocks on Hand End-of-Period by Bulk vs Bottled,1475,990595851,Wine,FALSE
4,2021,01-Count of IMs,01-Count of IMs,Number of Industry Members,1662,1662,Wine,FALSE
4,2021,1-Production,1-Production,1-Low Alcohol %,499,8708705,Wine,FALSE
4,2021,1-Production,1-Production,2-Medium and High Alcohol %,137,1649764,Wine,FALSE
4,2021,1-Production,1-Production,4-Artificially Carbonated Wine,33,263518,Wine,FALSE
4,2021,1-Production,1-Production,5-Sparkling Wine,36,2599444,Wine,FALSE
4,2021,1-Production,1-Production,6-Hard Cider,59,1587604,Wine,FALSE
4,2021,2-Withdrawals,2-Taxable Withdrawals,1-Low Alcohol %,1000,51445671,Wine,FALSE
4,2021,2-Withdrawals,2-Taxable Withdrawals,2-Medium and High Alcohol %,275,1078775,Wine,FALSE
4,2021,2-Withdrawals,2-Taxable Withdrawals,4-Artificially Carbonated Wine,95,274778,Wine,FALSE
4,2021,2-Withdrawals,2-Taxable Withdrawals,5-Sparkling Wine,214,2449354,Wine,FALSE
4,2021,2-Withdrawals,2-Taxable Withdrawals,6-Hard Cider,100,2805507,Wine,FALSE
4,2021,2-Withdrawals,2-Taxable Withdrawals by Bulk vs Bottled,1-Bottled,1019,57825299,Wine,FALSE
4,2021,2-Withdrawals,2-Taxable Withdrawals by Bulk vs Bottled,2-Bulk,60,228785,Wine,FALSE
4,2021,2-Withdrawals,3-Tax Free Withdrawals,1-Low Alcohol %,438,9142572,Wine,FALSE
4,2021,2-Withdrawals,3-Tax Free Withdrawals,2-Medium and High Alcohol %,88,1450928,Wine,FALSE
4,2021,2-Withdrawals,3-Tax Free Withdrawals,4-Artificially Carbonated/Sparkling Wine,92,83432,Wine,FALSE
4,2021,2-Withdrawals,3-Tax Free Withdrawals,6-Hard Cider,25,642413,Wine,FALSE
4,2021,2-Withdrawals,3-Tax Free Withdrawals For Export,1-Bottled Exports,105,3304126,Wine,FALSE
4,2021,2-Withdrawals,3-Tax Free Withdrawals For Export,2-Bulk Exports,26,4859252,Wine,FALSE
4,2021,4-Stocks on Hand End-of-Period,4-Stocks on Hand End-of-Period,1-Low Alcohol %,1425,951804165,Wine,FALSE
4,2021,4-Stocks on Hand End-of-Period,4-Stocks on Hand End-of-Period,2-Medium Alcohol %,628,11802791,Wine,FALSE
4,2021,4-Stocks on Hand End-of-Period,4-Stocks on Hand End-of-Period,3-High Alcohol %,58,1749599,Wine,FALSE
4,2021,4-Stocks on Hand End-of-Period,4-Stocks on Hand End-of-Period,4-Artificially Carbonated Wine,119,851407,Wine,FALSE
4,2021,4-Stocks on Hand End-of-Period,4-Stocks on Hand End-of-Period,5-Sparkling Wine,319,20400502,Wine,FALSE
4,2021,4-Stocks on Hand End-of-Period,4-Stocks on Hand End-of-Period,6-Hard Cider,126,3987387,Wine,FALSE
4,2021,4-Stocks on Hand End-of-Period,4-Stocks on Hand End-of-Period by Bulk vs Bottled,1-Bottled,1050,190605315,Wine,FALSE
4,2021,4-Stocks on Hand End-of-Period,4-Stocks on Hand End-of-Period by Bulk vs Bottled,2-Bulk,1316,799990535,Wine,FALSE
5,2021,1-Production,0-Category Total,1-Production,519,11922148,Wine,FALSE
5,2021,2-Withdrawals,0-Category Total,2-Taxable Withdrawals,1034,57614449,Wine,FALSE
5,2021,2-Withdrawals,0-Category Total,2-Taxable Withdrawals by Bulk vs Bottled,1034,57614449,Wine,FALSE
5,2021,2-Withdrawals,0-Category Total,3-Tax Free Withdrawals,476,10809504,Wine,FALSE
5,2021,2-Withdrawals,0-Category Total,3-Tax Free Withdrawals For Export,118,7692600,Wine,FALSE
5,2021,4-Stocks on Hand End-of-Period,0-Category Total,4-Stocks on Hand End-of-Period,1461,931722535,Wine,FALSE
5,2021,4-Stocks on Hand End-of-Period,0-Category Total,4-Stocks on Hand End-of-Period by Bulk vs Bottled,1461,931722535,Wine,FALSE
5,2021,01-Count of IMs,01-Count of IMs,Number of Industry Members,1636,1636,Wine,FALSE
5,2021,1-Production,1-Production,1-Low Alcohol %,479,5246174,Wine,FALSE
5,2021,1-Production,1-Production,2-Medium and High Alcohol %,121,1774112,Wine,FALSE
5,2021,1-Production,1-Production,4-Artificially Carbonated Wine,28,341467,Wine,FALSE
5,2021,1-Production,1-Production,5-Sparkling Wine,38,3052437,Wine,FALSE
5,2021,1-Production,1-Production,6-Hard Cider,58,1507958,Wine,FALSE
5,2021,2-Withdrawals,2-Taxable Withdrawals,1-Low Alcohol %,984,51008465,Wine,FALSE
5,2021,2-Withdrawals,2-Taxable Withdrawals,2-Medium and High Alcohol %,274,834059,Wine,FALSE
5,2021,2-Withdrawals,2-Taxable Withdrawals,4-Artificially Carbonated Wine,93,294669,Wine,FALSE
5,2021,2-Withdrawals,2-Taxable Withdrawals,5-Sparkling Wine,213,2381121,Wine,FALSE
5,2021,2-Withdrawals,2-Taxable Withdrawals,6-Hard Cider,101,3096134,Wine,FALSE
5,2021,2-Withdrawals,2-Taxable Withdrawals by Bulk vs Bottled,1-Bottled,1016,57267514,Wine,FALSE
5,2021,2-Withdrawals,2-Taxable Withdrawals by Bulk vs Bottled,2-Bulk,60,346936,Wine,FALSE
5,2021,2-Withdrawals,3-Tax Free Withdrawals,1-Low Alcohol %,450,8621813,Wine,FALSE
5,2021,2-Withdrawals,3-Tax Free Withdrawals,2-Medium and High Alcohol %,94,1405213,Wine,FALSE
5,2021,2-Withdrawals,3-Tax Free Withdrawals,4-Artificially Carbonated/Sparkling Wine,93,91688,Wine,FALSE
5,2021,2-Withdrawals,3-Tax Free Withdrawals,6-Hard Cider,33,690789,Wine,FALSE
5,2021,2-Withdrawals,3-Tax Free Withdrawals For Export,1-Bottled Exports,101,3296392,Wine,FALSE
5,2021,2-Withdrawals,3-Tax Free Withdrawals For Export,2-Bulk Exports,24,4396208,Wine,FALSE
5,2021,4-Stocks on Hand End-of-Period,4-Stocks on Hand End-of-Period,1-Low Alcohol %,1405,892451210,Wine,FALSE
5,2021,4-Stocks on Hand End-of-Period,4-Stocks on Hand End-of-Period,2-Medium Alcohol %,628,12064682,Wine,FALSE
5,2021,4-Stocks on Hand End-of-Period,4-Stocks on Hand End-of-Period,3-High Alcohol %,59,1797802,Wine,FALSE
5,2021,4-Stocks on Hand End-of-Period,4-Stocks on Hand End-of-Period,4-Artificially Carbonated Wine,119,1028183,Wine,FALSE
5,2021,4-Stocks on Hand End-of-Period,4-Stocks on Hand End-of-Period,5-Sparkling Wine,319,20322574,Wine,FALSE
5,2021,4-Stocks on Hand End-of-Period,4-Stocks on Hand End-of-Period,6-Hard Cider,128,4058083,Wine,FALSE
5,2021,4-Stocks on Hand End-of-Period,4-Stocks on Hand End-of-Period by Bulk vs Bottled,1-Bottled,1045,190419187,Wine,FALSE
5,2021,4-Stocks on Hand End-of-Period,4-Stocks on Hand End-of-Period by Bulk vs Bottled,2-Bulk,1303,741303348,Wine,FALSE
6,2021,1-Production,0-Category Total,1-Production,1170,16038584,Wine,FALSE
6,2021,2-Withdrawals,0-Category Total,2-Taxable Withdrawals,2480,68026490,Wine,FALSE
6,2021,2-Withdrawals,0-Category Total,2-Taxable Withdrawals by Bulk vs Bottled,2480,68026490,Wine,FALSE
6,2021,2-Withdrawals,0-Category Total,3-Tax Free Withdrawals,861,13119067,Wine,FALSE
6,2021,2-Withdrawals,0-Category Total,3-Tax Free Withdrawals For Export,132,8178678,Wine,FALSE
6,2021,4-Stocks on Hand End-of-Period,0-Category Total,4-Stocks on Hand End-of-Period,3158,906256145,Wine,FALSE
6,2021,4-Stocks on Hand End-of-Period,0-Category Total,4-Stocks on Hand End-of-Period by Bulk vs Bottled,3158,906256145,Wine,FALSE
6,2021,01-Count of IMs,01-Count of IMs,Number of Industry Members,3688,3688,Wine,FALSE
6,2021,1-Production,1-Production,1-Low Alcohol %,1003,6957960,Wine,FALSE
6,2021,1-Production,1-Production,2-Medium and High Alcohol %,239,2109199,Wine,FALSE
6,2021,1-Production,1-Production,4-Artificially Carbonated Wine,83,411003,Wine,FALSE
6,2021,1-Production,1-Production,5-Sparkling Wine,87,3090036,Wine,FALSE
6,2021,1-Production,1-Production,6-Hard Cider,270,3470386,Wine,FALSE
6,2021,2-Withdrawals,2-Taxable Withdrawals,1-Low Alcohol %,2284,59438301,Wine,FALSE
6,2021,2-Withdrawals,2-Taxable Withdrawals,2-Medium and High Alcohol %,560,817002,Wine,FALSE
6,2021,2-Withdrawals,2-Taxable Withdrawals,4-Artificially Carbonated Wine,226,327048,Wine,FALSE
6,2021,2-Withdrawals,2-Taxable Withdrawals,5-Sparkling Wine,422,2471421,Wine,FALSE
6,2021,2-Withdrawals,2-Taxable Withdrawals,6-Hard Cider,397,4972718,Wine,FALSE
6,2021,2-Withdrawals,2-Taxable Withdrawals by Bulk vs Bottled,1-Bottled,2362,67420353,Wine,FALSE
6,2021,2-Withdrawals,2-Taxable Withdrawals by Bulk vs Bottled,2-Bulk,231,606136,Wine,FALSE
6,2021,2-Withdrawals,3-Tax Free Withdrawals,1-Low Alcohol %,787,9449399,Wine,FALSE
6,2021,2-Withdrawals,3-Tax Free Withdrawals,2-Medium and High Alcohol %,187,2999450,Wine,FALSE
6,2021,2-Withdrawals,3-Tax Free Withdrawals,4-Artificially Carbonated/Sparkling Wine,182,61673,Wine,FALSE
6,2021,2-Withdrawals,3-Tax Free Withdrawals,6-Hard Cider,75,608544,Wine,FALSE
6,2021,2-Withdrawals,3-Tax Free Withdrawals For Export,1-Bottled Exports,116,3002225,Wine,FALSE
6,2021,2-Withdrawals,3-Tax Free Withdrawals For Export,2-Bulk Exports,27,5176453,Wine,FALSE
6,2021,4-Stocks on Hand End-of-Period,4-Stocks on Hand End-of-Period,1-Low Alcohol %,3001,864507041,Wine,FALSE
6,2021,4-Stocks on Hand End-of-Period,4-Stocks on Hand End-of-Period,2-Medium Alcohol %,1114,11999325,Wine,FALSE
6,2021,4-Stocks on Hand End-of-Period,4-Stocks on Hand End-of-Period,3-High Alcohol %,75,1878626,Wine,FALSE
6,2021,4-Stocks on Hand End-of-Period,4-Stocks on Hand End-of-Period,4-Artificially Carbonated Wine,216,1311100,Wine,FALSE
6,2021,4-Stocks on Hand End-of-Period,4-Stocks on Hand End-of-Period,5-Sparkling Wine,538,21339995,Wine,FALSE
6,2021,4-Stocks on Hand End-of-Period,4-Stocks on Hand End-of-Period,6-Hard Cider,376,5220058,Wine,FALSE
6,2021,4-Stocks on Hand End-of-Period,4-Stocks on Hand End-of-Period by Bulk vs Bottled,1-Bottled,1947,205349245,Wine,FALSE
6,2021,4-Stocks on Hand End-of-Period,4-Stocks on Hand End-of-Period by Bulk vs Bottled,2-Bulk,2852,700906900,Wine,FALSE
7,2021,1-Production,0-Category Total,1-Production,486,10590593,Wine,FALSE
7,2021,2-Withdrawals,0-Category Total,2-Taxable Withdrawals,1026,55371347,Wine,FALSE
7,2021,2-Withdrawals,0-Category Total,2-Taxable Withdrawals by Bulk vs Bottled,1026,55371347,Wine,FALSE
7,2021,2-Withdrawals,0-Category Total,3-Tax Free Withdrawals,468,12007862,Wine,FALSE
7,2021,2-Withdrawals,0-Category Total,3-Tax Free Withdrawals For Export,119,7843452,Wine,FALSE
7,2021,4-Stocks on Hand End-of-Period,0-Category Total,4-Stocks on Hand End-of-Period,1461,833648148,Wine,FALSE
7,2021,4-Stocks on Hand End-of-Period,0-Category Total,4-Stocks on Hand End-of-Period by Bulk vs Bottled,1461,833648148,Wine,FALSE
7,2021,01-Count of IMs,01-Count of IMs,Number of Industry Members,1657,1657,Wine,FALSE
7,2021,1-Production,1-Production,1-Low Alcohol %,447,2324756,Wine,FALSE
7,2021,1-Production,1-Production,2-Medium and High Alcohol %,124,2738534,Wine,FALSE
7,2021,1-Production,1-Production,4-Artificially Carbonated Wine,28,289229,Wine,FALSE
7,2021,1-Production,1-Production,5-Sparkling Wine,31,3398049,Wine,FALSE
7,2021,1-Production,1-Production,6-Hard Cider,59,1840024,Wine,FALSE
7,2021,2-Withdrawals,2-Taxable Withdrawals,1-Low Alcohol %,975,49173439,Wine,FALSE
7,2021,2-Withdrawals,2-Taxable Withdrawals,2-Medium and High Alcohol %,277,558550,Wine,FALSE
7,2021,2-Withdrawals,2-Taxable Withdrawals,4-Artificially Carbonated Wine,101,251344,Wine,FALSE
7,2021,2-Withdrawals,2-Taxable Withdrawals,5-Sparkling Wine,213,2415435,Wine,FALSE
7,2021,2-Withdrawals,2-Taxable Withdrawals,6-Hard Cider,104,2972578,Wine,FALSE
7,2021,2-Withdrawals,2-Taxable Withdrawals by Bulk vs Bottled,1-Bottled,1003,54873531,Wine,FALSE
7,2021,2-Withdrawals,2-Taxable Withdrawals by Bulk vs Bottled,2-Bulk,69,497816,Wine,FALSE
7,2021,2-Withdrawals,3-Tax Free Withdrawals,1-Low Alcohol %,438,8848650,Wine,FALSE
7,2021,2-Withdrawals,3-Tax Free Withdrawals,2-Medium and High Alcohol %,99,2568535,Wine,FALSE
7,2021,2-Withdrawals,3-Tax Free Withdrawals,4-Artificially Carbonated/Sparkling Wine,,,Wine,TRUE
7,2021,2-Withdrawals,3-Tax Free Withdrawals,6-Hard Cider,,,Wine,TRUE
7,2021,2-Withdrawals,3-Tax Free Withdrawals For Export,1-Bottled Exports,107,2927026,Wine,FALSE
7,2021,2-Withdrawals,3-Tax Free Withdrawals For Export,2-Bulk Exports,22,4916427,Wine,FALSE
7,2021,4-Stocks on Hand End-of-Period,4-Stocks on Hand End-of-Period,1-Low Alcohol %,1405,792700373,Wine,FALSE
7,2021,4-Stocks on Hand End-of-Period,4-Stocks on Hand End-of-Period,2-Medium Alcohol %,609,11481722,Wine,FALSE
7,2021,4-Stocks on Hand End-of-Period,4-Stocks on Hand End-of-Period,3-High Alcohol %,64,2309390,Wine,FALSE
7,2021,4-Stocks on Hand End-of-Period,4-Stocks on Hand End-of-Period,4-Artificially Carbonated Wine,122,1337365,Wine,FALSE
7,2021,4-Stocks on Hand End-of-Period,4-Stocks on Hand End-of-Period,5-Sparkling Wine,318,21823438,Wine,FALSE
7,2021,4-Stocks on Hand End-of-Period,4-Stocks on Hand End-of-Period,6-Hard Cider,130,3995859,Wine,FALSE
7,2021,4-Stocks on Hand End-of-Period,4-Stocks on Hand End-of-Period by Bulk vs Bottled,1-Bottled,1043,201929113,Wine,FALSE
7,2021,4-Stocks on Hand End-of-Period,4-Stocks on Hand End-of-Period by Bulk vs Bottled,2-Bulk,1294,631719035,Wine,FALSE
8,2021,1-Production,0-Category Total,1-Production,516,42095743,Wine,FALSE
8,2021,2-Withdrawals,0-Category Total,2-Taxable Withdrawals,1036,57320748,Wine,FALSE
8,2021,2-Withdrawals,0-Category Total,2-Taxable Withdrawals by Bulk vs Bottled,1036,57320748,Wine,FALSE
8,2021,2-Withdrawals,0-Category Total,3-Tax Free Withdrawals,479,12378939,Wine,FALSE
8,2021,2-Withdrawals,0-Category Total,3-Tax Free Withdrawals For Export,122,7772529,Wine,FALSE
8,2021,4-Stocks on Hand End-of-Period,0-Category Total,4-Stocks on Hand End-of-Period,1427,811548645,Wine,FALSE
8,2021,4-Stocks on Hand End-of-Period,0-Category Total,4-Stocks on Hand End-of-Period by Bulk vs Bottled,1427,811548645,Wine,FALSE
8,2021,01-Count of IMs,01-Count of IMs,Number of Industry Members,1637,1637,Wine,FALSE
8,2021,1-Production,1-Production,1-Low Alcohol %,472,26544493,Wine,FALSE
8,2021,1-Production,1-Production,2-Medium and High Alcohol %,,,Wine,TRUE
8,2021,1-Production,1-Production,4-Artificially Carbonated Wine,23,197138,Wine,FALSE
8,2021,1-Production,1-Production,5-Sparkling Wine,,,Wine,TRUE
8,2021,1-Production,1-Production,6-Hard Cider,55,1559503,Wine,FALSE
8,2021,2-Withdrawals,2-Taxable Withdrawals,1-Low Alcohol %,980,51434861,Wine,FALSE
8,2021,2-Withdrawals,2-Taxable Withdrawals,2-Medium and High Alcohol %,287,816024,Wine,FALSE
8,2021,2-Withdrawals,2-Taxable Withdrawals,4-Artificially Carbonated Wine,103,204145,Wine,FALSE
8,2021,2-Withdrawals,2-Taxable Withdrawals,5-Sparkling Wine,205,2353732,Wine,FALSE
8,2021,2-Withdrawals,2-Taxable Withdrawals,6-Hard Cider,104,2511987,Wine,FALSE
8,2021,2-Withdrawals,2-Taxable Withdrawals by Bulk vs Bottled,1-Bottled,1012,57070260,Wine,FALSE
8,2021,2-Withdrawals,2-Taxable Withdrawals by Bulk vs Bottled,2-Bulk,68,250488,Wine,FALSE
8,2021,2-Withdrawals,3-Tax Free Withdrawals,1-Low Alcohol %,451,9092366,Wine,FALSE
8,2021,2-Withdrawals,3-Tax Free Withdrawals,2-Medium and High Alcohol %,99,2715515,Wine,FALSE
8,2021,2-Withdrawals,3-Tax Free Withdrawals,4-Artificially Carbonated/Sparkling Wine,87,202366,Wine,FALSE
8,2021,2-Withdrawals,3-Tax Free Withdrawals,6-Hard Cider,28,368692,Wine,FALSE
8,2021,2-Withdrawals,3-Tax Free Withdrawals For Export,1-Bottled Exports,108,3080290,Wine,FALSE
8,2021,2-Withdrawals,3-Tax Free Withdrawals For Export,2-Bulk Exports,25,4692239,Wine,FALSE
8,2021,4-Stocks on Hand End-of-Period,4-Stocks on Hand End-of-Period,1-Low Alcohol %,1374,765390395,Wine,FALSE
8,2021,4-Stocks on Hand End-of-Period,4-Stocks on Hand End-of-Period,2-Medium Alcohol %,600,11273284,Wine,FALSE
8,2021,4-Stocks on Hand End-of-Period,4-Stocks on Hand End-of-Period,3-High Alcohol %,62,6908484,Wine,FALSE
8,2021,4-Stocks on Hand End-of-Period,4-Stocks on Hand End-of-Period,4-Artificially Carbonated Wine,121,1409750,Wine,FALSE
8,2021,4-Stocks on Hand End-of-Period,4-Stocks on Hand End-of-Period,5-Sparkling Wine,310,22860084,Wine,FALSE
8,2021,4-Stocks on Hand End-of-Period,4-Stocks on Hand End-of-Period,6-Hard Cider,127,3706648,Wine,FALSE
8,2021,4-Stocks on Hand End-of-Period,4-Stocks on Hand End-of-Period by Bulk vs Bottled,1-Bottled,1050,206461615,Wine,FALSE
8,2021,4-Stocks on Hand End-of-Period,4-Stocks on Hand End-of-Period by Bulk vs Bottled,2-Bulk,1252,605087030,Wine,FALSE
9,2021,1-Production,0-Category Total,1-Production,1349,113671974,Wine,FALSE
9,2021,2-Withdrawals,0-Category Total,2-Taxable Withdrawals,2358,62795436,Wine,FALSE
9,2021,2-Withdrawals,0-Category Total,2-Taxable Withdrawals by Bulk vs Bottled,2358,62795436,Wine,FALSE
9,2021,2-Withdrawals,0-Category Total,3-Tax Free Withdrawals,851,15239068,Wine,FALSE
9,2021,2-Withdrawals,0-Category Total,3-Tax Free Withdrawals For Export,151,7780197,Wine,FALSE
9,2021,4-Stocks on Hand End-of-Period,0-Category Total,4-Stocks on Hand End-of-Period,3102,871716827,Wine,FALSE
9,2021,4-Stocks on Hand End-of-Period,0-Category Total,4-Stocks on Hand End-of-Period by Bulk vs Bottled,3102,871716827,Wine,FALSE
9,2021,01-Count of IMs,01-Count of IMs,Number of Industry Members,3691,3691,Wine,FALSE
9,2021,1-Production,1-Production,1-Low Alcohol %,1190,101400145,Wine,FALSE
9,2021,1-Production,1-Production,2-Medium and High Alcohol %,197,6338076,Wine,FALSE
9,2021,1-Production,1-Production,4-Artificially Carbonated Wine,73,236706,Wine,FALSE
9,2021,1-Production,1-Production,5-Sparkling Wine,83,2698021,Wine,FALSE
9,2021,1-Production,1-Production,6-Hard Cider,265,2999025,Wine,FALSE
9,2021,2-Withdrawals,2-Taxable Withdrawals,1-Low Alcohol %,2159,54434377,Wine,FALSE
9,2021,2-Withdrawals,2-Taxable Withdrawals,2-Medium and High Alcohol %,558,731974,Wine,FALSE
9,2021,2-Withdrawals,2-Taxable Withdrawals,4-Artificially Carbonated Wine,227,296548,Wine,FALSE
9,2021,2-Withdrawals,2-Taxable Withdrawals,5-Sparkling Wine,398,2709228,Wine,FALSE
9,2021,2-Withdrawals,2-Taxable Withdrawals,6-Hard Cider,393,4623309,Wine,FALSE
9,2021,2-Withdrawals,2-Taxable Withdrawals by Bulk vs Bottled,1-Bottled,2243,61940032,Wine,FALSE
9,2021,2-Withdrawals,2-Taxable Withdrawals by Bulk vs Bottled,2-Bulk,207,855404,Wine,FALSE
9,2021,2-Withdrawals,3-Tax Free Withdrawals,1-Low Alcohol %,779,11470975,Wine,FALSE
9,2021,2-Withdrawals,3-Tax Free Withdrawals,2-Medium and High Alcohol %,190,2999980,Wine,FALSE
9,2021,2-Withdrawals,3-Tax Free Withdrawals,4-Artificially Carbonated/Sparkling Wine,179,117414,Wine,FALSE
9,2021,2-Withdrawals,3-Tax Free Withdrawals,6-Hard Cider,78,650699,Wine,FALSE
9,2021,2-Withdrawals,3-Tax Free Withdrawals For Export,1-Bottled Exports,130,2891521,Wine,FALSE
9,2021,2-Withdrawals,3-Tax Free Withdrawals For Export,2-Bulk Exports,31,4888676,Wine,FALSE
9,2021,4-Stocks on Hand End-of-Period,4-Stocks on Hand End-of-Period,1-Low Alcohol %,2938,827108921,Wine,FALSE
9,2021,4-Stocks on Hand End-of-Period,4-Stocks on Hand End-of-Period,2-Medium Alcohol %,1067,13640240,Wine,FALSE
9,2021,4-Stocks on Hand End-of-Period,4-Stocks on Hand End-of-Period,3-High Alcohol %,79,1984355,Wine,FALSE
9,2021,4-Stocks on Hand End-of-Period,4-Stocks on Hand End-of-Period,4-Artificially Carbonated Wine,220,1523957,Wine,FALSE
9,2021,4-Stocks on Hand End-of-Period,4-Stocks on Hand End-of-Period,5-Sparkling Wine,532,22816820,Wine,FALSE
9,2021,4-Stocks on Hand End-of-Period,4-Stocks on Hand End-of-Period,6-Hard Cider,371,4642533,Wine,FALSE
9,2021,4-Stocks on Hand End-of-Period,4-Stocks on Hand End-of-Period by Bulk vs Bottled,1-Bottled,1922,211208442,Wine,FALSE
9,2021,4-Stocks on Hand End-of-Period,4-Stocks on Hand End-of-Period by Bulk vs Bottled,2-Bulk,2790,660508385,Wine,FALSE
10,2021,1-Production,0-Category Total,1-Production,692,153257722,Wine,FALSE
10,2021,2-Withdrawals,0-Category Total,2-Taxable Withdrawals,921,55048646,Wine,FALSE
10,2021,2-Withdrawals,0-Category Total,2-Taxable Withdrawals by Bulk vs Bottled,921,55048646,Wine,FALSE
10,2021,2-Withdrawals,0-Category Total,3-Tax Free Withdrawals,453,12185061,Wine,FALSE
10,2021,2-Withdrawals,0-Category Total,3-Tax Free Withdrawals For Export,116,7253891,Wine,FALSE
10,2021,4-Stocks on Hand End-of-Period,0-Category Total,4-Stocks on Hand End-of-Period,1450,938523167,Wine,FALSE
10,2021,4-Stocks on Hand End-of-Period,0-Category Total,4-Stocks on Hand End-of-Period by Bulk vs Bottled,1450,938523167,Wine,FALSE
10,2021,01-Count of IMs,01-Count of IMs,Number of Industry Members,1652,1652,Wine,FALSE
10,2021,1-Production,1-Production,1-Low Alcohol %,656,144972903,Wine,FALSE
10,2021,1-Production,1-Production,2-Medium and High Alcohol %,114,3028255,Wine,FALSE
10,2021,1-Production,1-Production,4-Artificially Carbonated Wine,20,184074,Wine,FALSE
10,2021,1-Production,1-Production,5-Sparkling Wine,29,3206796,Wine,FALSE
10,2021,1-Production,1-Production,6-Hard Cider,69,1865694,Wine,FALSE
10,2021,2-Withdrawals,2-Taxable Withdrawals,1-Low Alcohol %,863,47830156,Wine,FALSE
10,2021,2-Withdrawals,2-Taxable Withdrawals,2-Medium and High Alcohol %,272,636578,Wine,FALSE
10,2021,2-Withdrawals,2-Taxable Withdrawals,4-Artificially Carbonated Wine,100,197335,Wine,FALSE
10,2021,2-Withdrawals,2-Taxable Withdrawals,5-Sparkling Wine,216,3617156,Wine,FALSE
10,2021,2-Withdrawals,2-Taxable Withdrawals,6-Hard Cider,109,2767420,Wine,FALSE
10,2021,2-Withdrawals,2-Taxable Withdrawals by Bulk vs Bottled,1-Bottled,897,54759236,Wine,FALSE
10,2021,2-Withdrawals,2-Taxable Withdrawals by Bulk vs Bottled,2-Bulk,58,289410,Wine,FALSE
10,2021,2-Withdrawals,3-Tax Free Withdrawals,1-Low Alcohol %,421,8875281,Wine,FALSE
10,2021,2-Withdrawals,3-Tax Free Withdrawals,2-Medium and High Alcohol %,93,2799540,Wine,FALSE
10,2021,2-Withdrawals,3-Tax Free Withdrawals,4-Artificially Carbonated/Sparkling Wine,91,132813,Wine,FALSE
10,2021,2-Withdrawals,3-Tax Free Withdrawals,6-Hard Cider,31,377428,Wine,FALSE
10,2021,2-Withdrawals,3-Tax Free Withdrawals For Export,1-Bottled Exports,105,3010582,Wine,FALSE
10,2021,2-Withdrawals,3-Tax Free Withdrawals For Export,2-Bulk Exports,21,4243310,Wine,FALSE
10,2021,4-Stocks on Hand End-of-Period,4-Stocks on Hand End-of-Period,1-Low Alcohol %,1398,897197284,Wine,FALSE
10,2021,4-Stocks on Hand End-of-Period,4-Stocks on Hand End-of-Period,2-Medium Alcohol %,605,12431434,Wine,FALSE
10,2021,4-Stocks on Hand End-of-Period,4-Stocks on Hand End-of-Period,3-High Alcohol %,61,2095010,Wine,FALSE
10,2021,4-Stocks on Hand End-of-Period,4-Stocks on Hand End-of-Period,4-Artificially Carbonated Wine,122,1384747,Wine,FALSE
10,2021,4-Stocks on Hand End-of-Period,4-Stocks on Hand End-of-Period,5-Sparkling Wine,330,21584648,Wine,FALSE
10,2021,4-Stocks on Hand End-of-Period,4-Stocks on Hand End-of-Period,6-Hard Cider,127,3830045,Wine,FALSE
10,2021,4-Stocks on Hand End-of-Period,4-Stocks on Hand End-of-Period by Bulk vs Bottled,1-Bottled,1039,201602083,Wine,FALSE
10,2021,4-Stocks on Hand End-of-Period,4-Stocks on Hand End-of-Period by Bulk vs Bottled,2-Bulk,1282,736921084,Wine,FALSE
11,2021,1-Production,0-Category Total,1-Production,732,127595189,Wine,FALSE
11,2021,2-Withdrawals,0-Category Total,2-Taxable Withdrawals,929,57980210,Wine,FALSE
11,2021,2-Withdrawals,0-Category Total,2-Taxable Withdrawals by Bulk vs Bottled,929,57980210,Wine,FALSE
11,2021,2-Withdrawals,0-Category Total,3-Tax Free Withdrawals,467,12471729,Wine,FALSE
11,2021,2-Withdrawals,0-Category Total,3-Tax Free Withdrawals For Export,124,7179190,Wine,FALSE
11,2021,4-Stocks on Hand End-of-Period,0-Category Total,4-Stocks on Hand End-of-Period,1445,999389757,Wine,FALSE
11,2021,4-Stocks on Hand End-of-Period,0-Category Total,4-Stocks on Hand End-of-Period by Bulk vs Bottled,1445,999389757,Wine,FALSE
11,2021,01-Count of IMs,01-Count of IMs,Number of Industry Members,1640,1640,Wine,FALSE
11,2021,1-Production,1-Production,1-Low Alcohol %,696,118173154,Wine,FALSE
11,2021,1-Production,1-Production,2-Medium and High Alcohol %,137,3584136,Wine,FALSE
11,2021,1-Production,1-Production,4-Artificially Carbonated Wine,21,201807,Wine,FALSE
11,2021,1-Production,1-Production,5-Sparkling Wine,38,3815825,Wine,FALSE
11,2021,1-Production,1-Production,6-Hard Cider,56,1820267,Wine,FALSE
11,2021,2-Withdrawals,2-Taxable Withdrawals,1-Low Alcohol %,872,50516502,Wine,FALSE
11,2021,2-Withdrawals,2-Taxable Withdrawals,2-Medium and High Alcohol %,271,709325,Wine,FALSE
11,2021,2-Withdrawals,2-Taxable Withdrawals,4-Artificially Carbonated Wine,93,246581,Wine,FALSE
11,2021,2-Withdrawals,2-Taxable Withdrawals,5-Sparkling Wine,226,3618148,Wine,FALSE
11,2021,2-Withdrawals,2-Taxable Withdrawals,6-Hard Cider,98,2889653,Wine,FALSE
11,2021,2-Withdrawals,2-Taxable Withdrawals by Bulk vs Bottled,1-Bottled,908,57466503,Wine,FALSE
11,2021,2-Withdrawals,2-Taxable Withdrawals by Bulk vs Bottled,2-Bulk,55,513707,Wine,FALSE
11,2021,2-Withdrawals,3-Tax Free Withdrawals,1-Low Alcohol %,436,8854913,Wine,FALSE
11,2021,2-Withdrawals,3-Tax Free Withdrawals,2-Medium and High Alcohol %,91,3016655,Wine,FALSE
11,2021,2-Withdrawals,3-Tax Free Withdrawals,4-Artificially Carbonated/Sparkling Wine,96,75984,Wine,FALSE
11,2021,2-Withdrawals,3-Tax Free Withdrawals,6-Hard Cider,30,524177,Wine,FALSE
11,2021,2-Withdrawals,3-Tax Free Withdrawals For Export,1-Bottled Exports,115,3312751,Wine,FALSE
11,2021,2-Withdrawals,3-Tax Free Withdrawals For Export,2-Bulk Exports,19,3866439,Wine,FALSE
11,2021,4-Stocks on Hand End-of-Period,4-Stocks on Hand End-of-Period,1-Low Alcohol %,1392,958352900,Wine,FALSE
11,2021,4-Stocks on Hand End-of-Period,4-Stocks on Hand End-of-Period,2-Medium Alcohol %,608,11885378,Wine,FALSE
11,2021,4-Stocks on Hand End-of-Period,4-Stocks on Hand End-of-Period,3-High Alcohol %,61,1750553,Wine,FALSE
11,2021,4-Stocks on Hand End-of-Period,4-Stocks on Hand End-of-Period,4-Artificially Carbonated Wine,121,1358637,Wine,FALSE
11,2021,4-Stocks on Hand End-of-Period,4-Stocks on Hand End-of-Period,5-Sparkling Wine,334,22107831,Wine,FALSE
11,2021,4-Stocks on Hand End-of-Period,4-Stocks on Hand End-of-Period,6-Hard Cider,124,3934457,Wine,FALSE
11,2021,4-Stocks on Hand End-of-Period,4-Stocks on Hand End-of-Period by Bulk vs Bottled,1-Bottled,1034,191970403,Wine,FALSE
11,2021,4-Stocks on Hand End-of-Period,4-Stocks on Hand End-of-Period by Bulk vs Bottled,2-Bulk,1283,807419354,Wine,FALSE
12,2021,1-Production,0-Category Total,1-Production,6178,154215678,Wine,FALSE
12,2021,2-Withdrawals,0-Category Total,2-Taxable Withdrawals,6120,70082591,Wine,FALSE
12,2021,2-Withdrawals,0-Category Total,2-Taxable Withdrawals by Bulk vs Bottled,6120,70082591,Wine,FALSE
12,2021,2-Withdrawals,0-Category Total,3-Tax Free Withdrawals,3063,10981647,Wine,FALSE
12,2021,2-Withdrawals,0-Category Total,3-Tax Free Withdrawals For Export,188,5888872,Wine,FALSE
12,2021,4-Stocks on Hand End-of-Period,0-Category Total,4-Stocks on Hand End-of-Period,7332,1112950933,Wine,FALSE
12,2021,4-Stocks on Hand End-of-Period,0-Category Total,4-Stocks on Hand End-of-Period by Bulk vs Bottled,7332,1112950933,Wine,FALSE
12,2021,01-Count of IMs,01-Count of IMs,Number of Industry Members,9061,9061,Wine,FALSE
12,2021,1-Production,1-Production,1-Low Alcohol %,5750,144290385,Wine,FALSE
12,2021,1-Production,1-Production,2-Medium and High Alcohol %,,,Wine,TRUE
12,2021,1-Production,1-Production,4-Artificially Carbonated Wine,163,249288,Wine,FALSE
12,2021,1-Production,1-Production,5-Sparkling Wine,,,Wine,TRUE
12,2021,1-Production,1-Production,6-Hard Cider,802,4655387,Wine,FALSE
12,2021,2-Withdrawals,2-Taxable Withdrawals,1-Low Alcohol %,5657,60405002,Wine,FALSE
12,2021,2-Withdrawals,2-Taxable Withdrawals,2-Medium and High Alcohol %,1188,895416,Wine,FALSE
12,2021,2-Withdrawals,2-Taxable Withdrawals,4-Artificially Carbonated Wine,414,380555,Wine,FALSE
12,2021,2-Withdrawals,2-Taxable Withdrawals,5-Sparkling Wine,756,3161865,Wine,FALSE
12,2021,2-Withdrawals,2-Taxable Withdrawals,6-Hard Cider,939,5239754,Wine,FALSE
12,2021,2-Withdrawals,2-Taxable Withdrawals by Bulk vs Bottled,1-Bottled,5854,68780986,Wine,FALSE
12,2021,2-Withdrawals,2-Taxable Withdrawals by Bulk vs Bottled,2-Bulk,641,1301605,Wine,FALSE
12,2021,2-Withdrawals,3-Tax Free Withdrawals,1-Low Alcohol %,2868,7716880,Wine,FALSE
12,2021,2-Withdrawals,3-Tax Free Withdrawals,2-Medium and High Alcohol %,512,2693803,Wine,FALSE
12,2021,2-Withdrawals,3-Tax Free Withdrawals,4-Artificially Carbonated/Sparkling Wine,391,76144,Wine,FALSE
12,2021,2-Withdrawals,3-Tax Free Withdrawals,6-Hard Cider,309,494820,Wine,FALSE
12,2021,2-Withdrawals,3-Tax Free Withdrawals For Export,1-Bottled Exports,166,2280617,Wine,FALSE
12,2021,2-Withdrawals,3-Tax Free Withdrawals For Export,2-Bulk Exports,33,3608255,Wine,FALSE
12,2021,4-Stocks on Hand End-of-Period,4-Stocks on Hand End-of-Period,1-Low Alcohol %,6931,1061397357,Wine,FALSE
12,2021,4-Stocks on Hand End-of-Period,4-Stocks on Hand End-of-Period,2-Medium Alcohol %,1832,20657995,Wine,FALSE
12,2021,4-Stocks on Hand End-of-Period,4-Stocks on Hand End-of-Period,3-High Alcohol %,110,2139451,Wine,FALSE
12,2021,4-Stocks on Hand End-of-Period,4-Stocks on Hand End-of-Period,4-Artificially Carbonated Wine,360,1415891,Wine,FALSE
12,2021,4-Stocks on Hand End-of-Period,4-Stocks on Hand End-of-Period,5-Sparkling Wine,863,21006548,Wine,FALSE
12,2021,4-Stocks on Hand End-of-Period,4-Stocks on Hand End-of-Period,6-Hard Cider,848,6333690,Wine,FALSE
12,2021,4-Stocks on Hand End-of-Period,4-Stocks on Hand End-of-Period by Bulk vs Bottled,1-Bottled,4468,200807554,Wine,FALSE
12,2021,4-Stocks on Hand End-of-Period,4-Stocks on Hand End-of-Period by Bulk vs Bottled,2-Bulk,6570,912143379,Wine,FALSE
1,2022,1-Production,0-Category Total,1-Production,607,70271413,Wine,FALSE
1,2022,2-Withdrawals,0-Category Total,2-Taxable Withdrawals,938,50212288,Wine,FALSE
1,2022,2-Withdrawals,0-Category Total,2-Taxable Withdrawals by Bulk vs Bottled,938,50212288,Wine,FALSE
1,2022,2-Withdrawals,0-Category Total,3-Tax Free Withdrawals,438,8769640,Wine,FALSE
1,2022,2-Withdrawals,0-Category Total,3-Tax Free Withdrawals For Export,113,4229736,Wine,FALSE
1,2022,4-Stocks on Hand End-of-Period,0-Category Total,4-Stocks on Hand End-of-Period,1443,1076172312,Wine,FALSE
1,2022,4-Stocks on Hand End-of-Period,0-Category Total,4-Stocks on Hand End-of-Period by Bulk vs Bottled,1443,1076172312,Wine,FALSE
1,2022,01-Count of IMs,01-Count of IMs,Number of Industry Members,1644,1644,Wine,FALSE
1,2022,1-Production,1-Production,1-Low Alcohol %,572,64197195,Wine,FALSE
1,2022,1-Production,1-Production,2-Medium and High Alcohol %,120,2405290,Wine,FALSE
1,2022,1-Production,1-Production,4-Artificially Carbonated Wine,18,143750,Wine,FALSE
1,2022,1-Production,1-Production,5-Sparkling Wine,35,2091484,Wine,FALSE
1,2022,1-Production,1-Production,6-Hard Cider,55,1433694,Wine,FALSE
1,2022,2-Withdrawals,2-Taxable Withdrawals,1-Low Alcohol %,892,44538270,Wine,FALSE
1,2022,2-Withdrawals,2-Taxable Withdrawals,2-Medium and High Alcohol %,249,575003,Wine,FALSE
1,2022,2-Withdrawals,2-Taxable Withdrawals,4-Artificially Carbonated Wine,86,149428,Wine,FALSE
1,2022,2-Withdrawals,2-Taxable Withdrawals,5-Sparkling Wine,212,1846555,Wine,FALSE
1,2022,2-Withdrawals,2-Taxable Withdrawals,6-Hard Cider,97,3103032,Wine,FALSE
1,2022,2-Withdrawals,2-Taxable Withdrawals by Bulk vs Bottled,1-Bottled,916,49048993,Wine,FALSE
1,2022,2-Withdrawals,2-Taxable Withdrawals by Bulk vs Bottled,2-Bulk,67,1163295,Wine,FALSE
1,2022,2-Withdrawals,3-Tax Free Withdrawals,1-Low Alcohol %,407,5383035,Wine,FALSE
1,2022,2-Withdrawals,3-Tax Free Withdrawals,2-Medium and High Alcohol %,83,3077880,Wine,FALSE
1,2022,2-Withdrawals,3-Tax Free Withdrawals,4-Artificially Carbonated/Sparkling Wine,99,55769,Wine,FALSE
1,2022,2-Withdrawals,3-Tax Free Withdrawals,6-Hard Cider,29,252956,Wine,FALSE
1,2022,2-Withdrawals,3-Tax Free Withdrawals For Export,1-Bottled Exports,100,2069440,Wine,FALSE
1,2022,2-Withdrawals,3-Tax Free Withdrawals For Export,2-Bulk Exports,20,2160295,Wine,FALSE
1,2022,4-Stocks on Hand End-of-Period,4-Stocks on Hand End-of-Period,1-Low Alcohol %,1398,1035079778,Wine,FALSE
1,2022,4-Stocks on Hand End-of-Period,4-Stocks on Hand End-of-Period,2-Medium Alcohol %,600,12545149,Wine,FALSE
1,2022,4-Stocks on Hand End-of-Period,4-Stocks on Hand End-of-Period,3-High Alcohol %,62,1890785,Wine,FALSE
1,2022,4-Stocks on Hand End-of-Period,4-Stocks on Hand End-of-Period,4-Artificially Carbonated Wine,114,1343369,Wine,FALSE
1,2022,4-Stocks on Hand End-of-Period,4-Stocks on Hand End-of-Period,5-Sparkling Wine,329,21155810,Wine,FALSE
1,2022,4-Stocks on Hand End-of-Period,4-Stocks on Hand End-of-Period,6-Hard Cider,126,4157421,Wine,FALSE
1,2022,4-Stocks on Hand End-of-Period,4-Stocks on Hand End-of-Period by Bulk vs Bottled,1-Bottled,1009,186557529,Wine,FALSE
1,2022,4-Stocks on Hand End-of-Period,4-Stocks on Hand End-of-Period by Bulk vs Bottled,2-Bulk,1297,889614783,Wine,FALSE
2,2022,1-Production,0-Category Total,1-Production,555,43393257,Wine,FALSE
2,2022,2-Withdrawals,0-Category Total,2-Taxable Withdrawals,968,51104983,Wine,FALSE
2,2022,2-Withdrawals,0-Category Total,2-Taxable Withdrawals by Bulk vs Bottled,968,51104983,Wine,FALSE
2,2022,2-Withdrawals,0-Category Total,3-Tax Free Withdrawals,434,10896253,Wine,FALSE
2,2022,2-Withdrawals,0-Category Total,3-Tax Free Withdrawals For Export,111,6215457,Wine,FALSE
2,2022,4-Stocks on Hand End-of-Period,0-Category Total,4-Stocks on Hand End-of-Period,1424,1053786928,Wine,FALSE
2,2022,4-Stocks on Hand End-of-Period,0-Category Total,4-Stocks on Hand End-of-Period by Bulk vs Bottled,1424,1053786928,Wine,FALSE
2,2022,01-Count of IMs,01-Count of IMs,Number of Industry Members,1623,1623,Wine,FALSE
2,2022,1-Production,1-Production,1-Low Alcohol %,517,35954481,Wine,FALSE
2,2022,1-Production,1-Production,2-Medium and High Alcohol %,139,4177298,Wine,FALSE
2,2022,1-Production,1-Production,4-Artificially Carbonated Wine,25,118172,Wine,FALSE
2,2022,1-Production,1-Production,5-Sparkling Wine,37,1720927,Wine,FALSE
2,2022,1-Production,1-Production,6-Hard Cider,58,1422378,Wine,FALSE
2,2022,2-Withdrawals,2-Taxable Withdrawals,1-Low Alcohol %,919,45108988,Wine,FALSE
2,2022,2-Withdrawals,2-Taxable Withdrawals,2-Medium and High Alcohol %,260,611460,Wine,FALSE
2,2022,2-Withdrawals,2-Taxable Withdrawals,4-Artificially Carbonated Wine,98,151982,Wine,FALSE
2,2022,2-Withdrawals,2-Taxable Withdrawals,5-Sparkling Wine,208,2012108,Wine,FALSE
2,2022,2-Withdrawals,2-Taxable Withdrawals,6-Hard Cider,94,3220445,Wine,FALSE
2,2022,2-Withdrawals,2-Taxable Withdrawals by Bulk vs Bottled,1-Bottled,949,50462657,Wine,FALSE
2,2022,2-Withdrawals,2-Taxable Withdrawals by Bulk vs Bottled,2-Bulk,57,642326,Wine,FALSE
2,2022,2-Withdrawals,3-Tax Free Withdrawals,1-Low Alcohol %,404,7314125,Wine,FALSE
2,2022,2-Withdrawals,3-Tax Free Withdrawals,2-Medium and High Alcohol %,,,Wine,TRUE
2,2022,2-Withdrawals,3-Tax Free Withdrawals,4-Artificially Carbonated/Sparkling Wine,89,73652,Wine,FALSE
2,2022,2-Withdrawals,3-Tax Free Withdrawals,6-Hard Cider,,,Wine,TRUE
2,2022,2-Withdrawals,3-Tax Free Withdrawals For Export,1-Bottled Exports,100,2483073,Wine,FALSE
2,2022,2-Withdrawals,3-Tax Free Withdrawals For Export,2-Bulk Exports,18,3732384,Wine,FALSE
2,2022,4-Stocks on Hand End-of-Period,4-Stocks on Hand End-of-Period,1-Low Alcohol %,1376,1012921840,Wine,FALSE
2,2022,4-Stocks on Hand End-of-Period,4-Stocks on Hand End-of-Period,2-Medium Alcohol %,592,12096502,Wine,FALSE
2,2022,4-Stocks on Hand End-of-Period,4-Stocks on Hand End-of-Period,3-High Alcohol %,60,2652799,Wine,FALSE
2,2022,4-Stocks on Hand End-of-Period,4-Stocks on Hand End-of-Period,4-Artificially Carbonated Wine,114,1336923,Wine,FALSE
2,2022,4-Stocks on Hand End-of-Period,4-Stocks on Hand End-of-Period,5-Sparkling Wine,326,20816190,Wine,FALSE
2,2022,4-Stocks on Hand End-of-Period,4-Stocks on Hand End-of-Period,6-Hard Cider,124,3962674,Wine,FALSE
2,2022,4-Stocks on Hand End-of-Period,4-Stocks on Hand End-of-Period by Bulk vs Bottled,1-Bottled,1004,180066471,Wine,FALSE
2,2022,4-Stocks on Hand End-of-Period,4-Stocks on Hand End-of-Period by Bulk vs Bottled,2-Bulk,1273,873720456,Wine,FALSE
3,2022,1-Production,0-Category Total,1-Production,1354,33367409,Wine,FALSE
3,2022,2-Withdrawals,0-Category Total,2-Taxable Withdrawals,2510,67283399,Wine,FALSE
3,2022,2-Withdrawals,0-Category Total,2-Taxable Withdrawals by Bulk vs Bottled,2510,67283399,Wine,FALSE
3,2022,2-Withdrawals,0-Category Total,3-Tax Free Withdrawals,881,15373306,Wine,FALSE
3,2022,2-Withdrawals,0-Category Total,3-Tax Free Withdrawals For Export,158,9133514,Wine,FALSE
3,2022,4-Stocks on Hand End-of-Period,0-Category Total,4-Stocks on Hand End-of-Period,3228,1041831664,Wine,FALSE
3,2022,4-Stocks on Hand End-of-Period,0-Category Total,4-Stocks on Hand End-of-Period by Bulk vs Bottled,3228,1041831664,Wine,FALSE
3,2022,01-Count of IMs,01-Count of IMs,Number of Industry Members,3807,3807,Wine,FALSE
3,2022,1-Production,1-Production,1-Low Alcohol %,1185,22394289,Wine,FALSE
3,2022,1-Production,1-Production,2-Medium and High Alcohol %,262,4718249,Wine,FALSE
3,2022,1-Production,1-Production,4-Artificially Carbonated Wine,71,278710,Wine,FALSE
3,2022,1-Production,1-Production,5-Sparkling Wine,97,2915772,Wine,FALSE
3,2022,1-Production,1-Production,6-Hard Cider,273,3060389,Wine,FALSE
3,2022,2-Withdrawals,2-Taxable Withdrawals,1-Low Alcohol %,2307,60121876,Wine,FALSE
3,2022,2-Withdrawals,2-Taxable Withdrawals,2-Medium and High Alcohol %,539,873678,Wine,FALSE
3,2022,2-Withdrawals,2-Taxable Withdrawals,4-Artificially Carbonated Wine,241,324409,Wine,FALSE
3,2022,2-Withdrawals,2-Taxable Withdrawals,5-Sparkling Wine,426,2110165,Wine,FALSE
3,2022,2-Withdrawals,2-Taxable Withdrawals,6-Hard Cider,413,3853271,Wine,FALSE
3,2022,2-Withdrawals,2-Taxable Withdrawals by Bulk vs Bottled,1-Bottled,2383,66037989,Wine,FALSE
3,2022,2-Withdrawals,2-Taxable Withdrawals by Bulk vs Bottled,2-Bulk,224,1245410,Wine,FALSE
3,2022,2-Withdrawals,3-Tax Free Withdrawals,1-Low Alcohol %,804,10646309,Wine,FALSE
3,2022,2-Withdrawals,3-Tax Free Withdrawals,2-Medium and High Alcohol %,181,4122560,Wine,FALSE
3,2022,2-Withdrawals,3-Tax Free Withdrawals,4-Artificially Carbonated/Sparkling Wine,190,134888,Wine,FALSE
3,2022,2-Withdrawals,3-Tax Free Withdrawals,6-Hard Cider,84,469550,Wine,FALSE
3,2022,2-Withdrawals,3-Tax Free Withdrawals For Export,1-Bottled Exports,134,3601810,Wine,FALSE
3,2022,2-Withdrawals,3-Tax Free Withdrawals For Export,2-Bulk Exports,32,5531704,Wine,FALSE
3,2022,4-Stocks on Hand End-of-Period,4-Stocks on Hand End-of-Period,1-Low Alcohol %,3064,998277800,Wine,FALSE
3,2022,4-Stocks on Hand End-of-Period,4-Stocks on Hand End-of-Period,2-Medium Alcohol %,1093,13109064,Wine,FALSE
3,2022,4-Stocks on Hand End-of-Period,4-Stocks on Hand End-of-Period,3-High Alcohol %,88,1909323,Wine,FALSE
3,2022,4-Stocks on Hand End-of-Period,4-Stocks on Hand End-of-Period,4-Artificially Carbonated Wine,233,1400770,Wine,FALSE
3,2022,4-Stocks on Hand End-of-Period,4-Stocks on Hand End-of-Period,5-Sparkling Wine,579,21916623,Wine,FALSE
3,2022,4-Stocks on Hand End-of-Period,4-Stocks on Hand End-of-Period,6-Hard Cider,398,5218084,Wine,FALSE
3,2022,4-Stocks on Hand End-of-Period,4-Stocks on Hand End-of-Period by Bulk vs Bottled,1-Bottled,1963,186513857,Wine,FALSE
3,2022,4-Stocks on Hand End-of-Period,4-Stocks on Hand End-of-Period by Bulk vs Bottled,2-Bulk,2923,855317807,Wine,FALSE
4,2022,1-Production,0-Category Total,1-Production,530,19432578,Wine,FALSE
4,2022,2-Withdrawals,0-Category Total,2-Taxable Withdrawals,980,52045490,Wine,FALSE
4,2022,2-Withdrawals,0-Category Total,2-Taxable Withdrawals by Bulk vs Bottled,980,52045490,Wine,FALSE
4,2022,2-Withdrawals,0-Category Total,3-Tax Free Withdrawals,461,11398390,Wine,FALSE
4,2022,2-Withdrawals,0-Category Total,3-Tax Free Withdrawals For Export,120,7547073,Wine,FALSE
4,2022,4-Stocks on Hand End-of-Period,0-Category Total,4-Stocks on Hand End-of-Period,1429,968483129,Wine,FALSE
4,2022,4-Stocks on Hand End-of-Period,0-Category Total,4-Stocks on Hand End-of-Period by Bulk vs Bottled,1429,968483129,Wine,FALSE
4,2022,01-Count of IMs,01-Count of IMs,Number of Industry Members,1632,1632,Wine,FALSE
4,2022,1-Production,1-Production,1-Low Alcohol %,495,12109883,Wine,FALSE
4,2022,1-Production,1-Production,2-Medium and High Alcohol %,131,2737938,Wine,FALSE
4,2022,1-Production,1-Production,4-Artificially Carbonated Wine,23,271977,Wine,FALSE
4,2022,1-Production,1-Production,5-Sparkling Wine,39,2548613,Wine,FALSE
4,2022,1-Production,1-Production,6-Hard Cider,62,1764168,Wine,FALSE
4,2022,2-Withdrawals,2-Taxable Withdrawals,1-Low Alcohol %,927,46497030,Wine,FALSE
4,2022,2-Withdrawals,2-Taxable Withdrawals,2-Medium and High Alcohol %,261,805806,Wine,FALSE
4,2022,2-Withdrawals,2-Taxable Withdrawals,4-Artificially Carbonated Wine,96,278825,Wine,FALSE
4,2022,2-Withdrawals,2-Taxable Withdrawals,5-Sparkling Wine,220,1921301,Wine,FALSE
4,2022,2-Withdrawals,2-Taxable Withdrawals,6-Hard Cider,102,2542528,Wine,FALSE
4,2022,2-Withdrawals,2-Taxable Withdrawals by Bulk vs Bottled,1-Bottled,954,51330063,Wine,FALSE
4,2022,2-Withdrawals,2-Taxable Withdrawals by Bulk vs Bottled,2-Bulk,64,715427,Wine,FALSE
4,2022,2-Withdrawals,3-Tax Free Withdrawals,1-Low Alcohol %,431,8105059,Wine,FALSE
4,2022,2-Withdrawals,3-Tax Free Withdrawals,2-Medium and High Alcohol %,101,2760059,Wine,FALSE
4,2022,2-Withdrawals,3-Tax Free Withdrawals,4-Artificially Carbonated/Sparkling Wine,106,66165,Wine,FALSE
4,2022,2-Withdrawals,3-Tax Free Withdrawals,6-Hard Cider,27,467107,Wine,FALSE
4,2022,2-Withdrawals,3-Tax Free Withdrawals For Export,1-Bottled Exports,109,3663044,Wine,FALSE
4,2022,2-Withdrawals,3-Tax Free Withdrawals For Export,2-Bulk Exports,20,3884029,Wine,FALSE
4,2022,4-Stocks on Hand End-of-Period,4-Stocks on Hand End-of-Period,1-Low Alcohol %,1384,927562180,Wine,FALSE
4,2022,4-Stocks on Hand End-of-Period,4-Stocks on Hand End-of-Period,2-Medium Alcohol %,595,12339703,Wine,FALSE
4,2022,4-Stocks on Hand End-of-Period,4-Stocks on Hand End-of-Period,3-High Alcohol %,61,1589025,Wine,FALSE
4,2022,4-Stocks on Hand End-of-Period,4-Stocks on Hand End-of-Period,4-Artificially Carbonated Wine,120,1464999,Wine,FALSE
4,2022,4-Stocks on Hand End-of-Period,4-Stocks on Hand End-of-Period,5-Sparkling Wine,336,21930346,Wine,FALSE
4,2022,4-Stocks on Hand End-of-Period,4-Stocks on Hand End-of-Period,6-Hard Cider,124,3596877,Wine,FALSE
4,2022,4-Stocks on Hand End-of-Period,4-Stocks on Hand End-of-Period by Bulk vs Bottled,1-Bottled,1005,181647900,Wine,FALSE
4,2022,4-Stocks on Hand End-of-Period,4-Stocks on Hand End-of-Period by Bulk vs Bottled,2-Bulk,1269,786835229,Wine,FALSE
5,2022,1-Production,0-Category Total,1-Production,522,16766305,Wine,FALSE
5,2022,2-Withdrawals,0-Category Total,2-Taxable Withdrawals,965,52686428,Wine,FALSE
5,2022,2-Withdrawals,0-Category Total,2-Taxable Withdrawals by Bulk vs Bottled,965,52686428,Wine,FALSE
5,2022,2-Withdrawals,0-Category Total,3-Tax Free Withdrawals,463,12310296,Wine,FALSE
5,2022,2-Withdrawals,0-Category Total,3-Tax Free Withdrawals For Export,127,7072379,Wine,FALSE
5,2022,4-Stocks on Hand End-of-Period,0-Category Total,4-Stocks on Hand End-of-Period,1435,927760047,Wine,FALSE
5,2022,4-Stocks on Hand End-of-Period,0-Category Total,4-Stocks on Hand End-of-Period by Bulk vs Bottled,1435,927760047,Wine,FALSE
5,2022,01-Count of IMs,01-Count of IMs,Number of Industry Members,1644,1644,Wine,FALSE
5,2022,1-Production,1-Production,1-Low Alcohol %,492,10414097,Wine,FALSE
5,2022,1-Production,1-Production,2-Medium and High Alcohol %,122,1794946,Wine,FALSE
5,2022,1-Production,1-Production,4-Artificially Carbonated Wine,26,168104,Wine,FALSE
5,2022,1-Production,1-Production,5-Sparkling Wine,35,2553800,Wine,FALSE
5,2022,1-Production,1-Production,6-Hard Cider,56,1835358,Wine,FALSE
5,2022,2-Withdrawals,2-Taxable Withdrawals,1-Low Alcohol %,911,46526099,Wine,FALSE
5,2022,2-Withdrawals,2-Taxable Withdrawals,2-Medium and High Alcohol %,260,735209,Wine,FALSE
5,2022,2-Withdrawals,2-Taxable Withdrawals,4-Artificially Carbonated Wine,99,217282,Wine,FALSE
5,2022,2-Withdrawals,2-Taxable Withdrawals,5-Sparkling Wine,213,2187638,Wine,FALSE
5,2022,2-Withdrawals,2-Taxable Withdrawals,6-Hard Cider,104,3020199,Wine,FALSE
5,2022,2-Withdrawals,2-Taxable Withdrawals by Bulk vs Bottled,1-Bottled,945,51355841,Wine,FALSE
5,2022,2-Withdrawals,2-Taxable Withdrawals by Bulk vs Bottled,2-Bulk,65,1330586,Wine,FALSE
5,2022,2-Withdrawals,3-Tax Free Withdrawals,1-Low Alcohol %,430,8193228,Wine,FALSE
5,2022,2-Withdrawals,3-Tax Free Withdrawals,2-Medium and High Alcohol %,95,3340132,Wine,FALSE
5,2022,2-Withdrawals,3-Tax Free Withdrawals,4-Artificially Carbonated/Sparkling Wine,104,104235,Wine,FALSE
5,2022,2-Withdrawals,3-Tax Free Withdrawals,6-Hard Cider,34,672701,Wine,FALSE
5,2022,2-Withdrawals,3-Tax Free Withdrawals For Export,1-Bottled Exports,114,3720276,Wine,FALSE
5,2022,2-Withdrawals,3-Tax Free Withdrawals For Export,2-Bulk Exports,25,3352103,Wine,FALSE
5,2022,4-Stocks on Hand End-of-Period,4-Stocks on Hand End-of-Period,1-Low Alcohol %,1387,887235556,Wine,FALSE
5,2022,4-Stocks on Hand End-of-Period,4-Stocks on Hand End-of-Period,2-Medium Alcohol %,593,12374890,Wine,FALSE
5,2022,4-Stocks on Hand End-of-Period,4-Stocks on Hand End-of-Period,3-High Alcohol %,61,1577752,Wine,FALSE
5,2022,4-Stocks on Hand End-of-Period,4-Stocks on Hand End-of-Period,4-Artificially Carbonated Wine,117,1310225,Wine,FALSE
5,2022,4-Stocks on Hand End-of-Period,4-Stocks on Hand End-of-Period,5-Sparkling Wine,334,21884774,Wine,FALSE
5,2022,4-Stocks on Hand End-of-Period,4-Stocks on Hand End-of-Period,6-Hard Cider,129,3376850,Wine,FALSE
5,2022,4-Stocks on Hand End-of-Period,4-Stocks on Hand End-of-Period by Bulk vs Bottled,1-Bottled,1023,183161064,Wine,FALSE
5,2022,4-Stocks on Hand End-of-Period,4-Stocks on Hand End-of-Period by Bulk vs Bottled,2-Bulk,1270,744598983,Wine,FALSE
6,2022,1-Production,0-Category Total,1-Production,1220,14494563,Wine,FALSE
6,2022,2-Withdrawals,0-Category Total,2-Taxable Withdrawals,2445,61642031,Wine,FALSE
6,2022,2-Withdrawals,0-Category Total,2-Taxable Withdrawals by Bulk vs Bottled,2445,61642031,Wine,FALSE
6,2022,2-Withdrawals,0-Category Total,3-Tax Free Withdrawals,858,14013197,Wine,FALSE
6,2022,2-Withdrawals,0-Category Total,3-Tax Free Withdrawals For Export,147,8621196,Wine,FALSE
6,2022,4-Stocks on Hand End-of-Period,0-Category Total,4-Stocks on Hand End-of-Period,3234,908426020,Wine,FALSE
6,2022,4-Stocks on Hand End-of-Period,0-Category Total,4-Stocks on Hand End-of-Period by Bulk vs Bottled,3234,908426020,Wine,FALSE
6,2022,01-Count of IMs,01-Count of IMs,Number of Industry Members,3812,3812,Wine,FALSE
6,2022,1-Production,1-Production,1-Low Alcohol %,1059,4307246,Wine,FALSE
6,2022,1-Production,1-Production,2-Medium and High Alcohol %,238,2632806,Wine,FALSE
6,2022,1-Production,1-Production,4-Artificially Carbonated Wine,75,320645,Wine,FALSE
6,2022,1-Production,1-Production,5-Sparkling Wine,110,3457890,Wine,FALSE
6,2022,1-Production,1-Production,6-Hard Cider,285,3775976,Wine,FALSE
6,2022,2-Withdrawals,2-Taxable Withdrawals,1-Low Alcohol %,2241,53169893,Wine,FALSE
6,2022,2-Withdrawals,2-Taxable Withdrawals,2-Medium and High Alcohol %,552,1213424,Wine,FALSE
6,2022,2-Withdrawals,2-Taxable Withdrawals,4-Artificially Carbonated Wine,232,333175,Wine,FALSE
6,2022,2-Withdrawals,2-Taxable Withdrawals,5-Sparkling Wine,439,2230341,Wine,FALSE
6,2022,2-Withdrawals,2-Taxable Withdrawals,6-Hard Cider,401,4695197,Wine,FALSE
6,2022,2-Withdrawals,2-Taxable Withdrawals by Bulk vs Bottled,1-Bottled,2316,60227459,Wine,FALSE
6,2022,2-Withdrawals,2-Taxable Withdrawals by Bulk vs Bottled,2-Bulk,224,1414572,Wine,FALSE
6,2022,2-Withdrawals,3-Tax Free Withdrawals,1-Low Alcohol %,785,10243192,Wine,FALSE
6,2022,2-Withdrawals,3-Tax Free Withdrawals,2-Medium and High Alcohol %,176,3194051,Wine,FALSE
6,2022,2-Withdrawals,3-Tax Free Withdrawals,4-Artificially Carbonated/Sparkling Wine,195,126641,Wine,FALSE
6,2022,2-Withdrawals,3-Tax Free Withdrawals,6-Hard Cider,75,449313,Wine,FALSE
6,2022,2-Withdrawals,3-Tax Free Withdrawals For Export,1-Bottled Exports,126,3822550,Wine,FALSE
6,2022,2-Withdrawals,3-Tax Free Withdrawals For Export,2-Bulk Exports,33,4798646,Wine,FALSE
6,2022,4-Stocks on Hand End-of-Period,4-Stocks on Hand End-of-Period,1-Low Alcohol %,3069,864317806,Wine,FALSE
6,2022,4-Stocks on Hand End-of-Period,4-Stocks on Hand End-of-Period,2-Medium Alcohol %,1083,13052044,Wine,FALSE
6,2022,4-Stocks on Hand End-of-Period,4-Stocks on Hand End-of-Period,3-High Alcohol %,86,1476001,Wine,FALSE
6,2022,4-Stocks on Hand End-of-Period,4-Stocks on Hand End-of-Period,4-Artificially Carbonated Wine,228,1472700,Wine,FALSE
6,2022,4-Stocks on Hand End-of-Period,4-Stocks on Hand End-of-Period,5-Sparkling Wine,589,23280622,Wine,FALSE
6,2022,4-Stocks on Hand End-of-Period,4-Stocks on Hand End-of-Period,6-Hard Cider,393,4826848,Wine,FALSE
6,2022,4-Stocks on Hand End-of-Period,4-Stocks on Hand End-of-Period by Bulk vs Bottled,1-Bottled,1972,195194545,Wine,FALSE
6,2022,4-Stocks on Hand End-of-Period,4-Stocks on Hand End-of-Period by Bulk vs Bottled,2-Bulk,2912,713231476,Wine,FALSE
7,2022,1-Production,0-Category Total,1-Production,477,9223167,Wine,FALSE
7,2022,2-Withdrawals,0-Category Total,2-Taxable Withdrawals,974,47528848,Wine,FALSE
7,2022,2-Withdrawals,0-Category Total,2-Taxable Withdrawals by Bulk vs Bottled,974,47528848,Wine,FALSE
7,2022,2-Withdrawals,0-Category Total,3-Tax Free Withdrawals,458,10014876,Wine,FALSE
7,2022,2-Withdrawals,0-Category Total,3-Tax Free Withdrawals For Export,119,5457501,Wine,FALSE
7,2022,4-Stocks on Hand End-of-Period,0-Category Total,4-Stocks on Hand End-of-Period,1411,842731499,Wine,FALSE
7,2022,4-Stocks on Hand End-of-Period,0-Category Total,4-Stocks on Hand End-of-Period by Bulk vs Bottled,1411,842731499,Wine,FALSE
7,2022,01-Count of IMs,01-Count of IMs,Number of Industry Members,1620,1620,Wine,FALSE
7,2022,1-Production,1-Production,1-Low Alcohol %,444,1907116,Wine,FALSE
7,2022,1-Production,1-Production,2-Medium and High Alcohol %,124,2146860,Wine,FALSE
7,2022,1-Production,1-Production,4-Artificially Carbonated Wine,24,209196,Wine,FALSE
7,2022,1-Production,1-Production,5-Sparkling Wine,39,3462451,Wine,FALSE
7,2022,1-Production,1-Production,6-Hard Cider,52,1497544,Wine,FALSE
7,2022,2-Withdrawals,2-Taxable Withdrawals,1-Low Alcohol %,924,42038992,Wine,FALSE
7,2022,2-Withdrawals,2-Taxable Withdrawals,2-Medium and High Alcohol %,258,660445,Wine,FALSE
7,2022,2-Withdrawals,2-Taxable Withdrawals,4-Artificially Carbonated Wine,101,214237,Wine,FALSE
7,2022,2-Withdrawals,2-Taxable Withdrawals,5-Sparkling Wine,208,1882793,Wine,FALSE
7,2022,2-Withdrawals,2-Taxable Withdrawals,6-Hard Cider,100,2732381,Wine,FALSE
7,2022,2-Withdrawals,2-Taxable Withdrawals by Bulk vs Bottled,1-Bottled,953,46540419,Wine,FALSE
7,2022,2-Withdrawals,2-Taxable Withdrawals by Bulk vs Bottled,2-Bulk,60,988429,Wine,FALSE
7,2022,2-Withdrawals,3-Tax Free Withdrawals,1-Low Alcohol %,418,6342794,Wine,FALSE
7,2022,2-Withdrawals,3-Tax Free Withdrawals,2-Medium and High Alcohol %,97,3009483,Wine,FALSE
7,2022,2-Withdrawals,3-Tax Free Withdrawals,4-Artificially Carbonated/Sparkling Wine,107,82780,Wine,FALSE
7,2022,2-Withdrawals,3-Tax Free Withdrawals,6-Hard Cider,27,579819,Wine,FALSE
7,2022,2-Withdrawals,3-Tax Free Withdrawals For Export,1-Bottled Exports,108,2595161,Wine,FALSE
7,2022,2-Withdrawals,3-Tax Free Withdrawals For Export,2-Bulk Exports,19,2862340,Wine,FALSE
7,2022,4-Stocks on Hand End-of-Period,4-Stocks on Hand End-of-Period,1-Low Alcohol %,1362,801426281,Wine,FALSE
7,2022,4-Stocks on Hand End-of-Period,4-Stocks on Hand End-of-Period,2-Medium Alcohol %,578,11067924,Wine,FALSE
7,2022,4-Stocks on Hand End-of-Period,4-Stocks on Hand End-of-Period,3-High Alcohol %,59,1698509,Wine,FALSE
7,2022,4-Stocks on Hand End-of-Period,4-Stocks on Hand End-of-Period,4-Artificially Carbonated Wine,117,1439234,Wine,FALSE
7,2022,4-Stocks on Hand End-of-Period,4-Stocks on Hand End-of-Period,5-Sparkling Wine,338,24211260,Wine,FALSE
7,2022,4-Stocks on Hand End-of-Period,4-Stocks on Hand End-of-Period,6-Hard Cider,118,2888292,Wine,FALSE
7,2022,4-Stocks on Hand End-of-Period,4-Stocks on Hand End-of-Period by Bulk vs Bottled,1-Bottled,1011,194620885,Wine,FALSE
7,2022,4-Stocks on Hand End-of-Period,4-Stocks on Hand End-of-Period by Bulk vs Bottled,2-Bulk,1240,648110614,Wine,FALSE
8,2022,1-Production,0-Category Total,1-Production,490,42886849,Wine,FALSE
8,2022,2-Withdrawals,0-Category Total,2-Taxable Withdrawals,1004,53406368,Wine,FALSE
8,2022,2-Withdrawals,0-Category Total,2-Taxable Withdrawals by Bulk vs Bottled,1004,53406368,Wine,FALSE
8,2022,2-Withdrawals,0-Category Total,3-Tax Free Withdrawals,449,14822873,Wine,FALSE
8,2022,2-Withdrawals,0-Category Total,3-Tax Free Withdrawals For Export,114,6702004,Wine,FALSE
8,2022,4-Stocks on Hand End-of-Period,0-Category Total,4-Stocks on Hand End-of-Period,1415,816474699,Wine,FALSE
8,2022,4-Stocks on Hand End-of-Period,0-Category Total,4-Stocks on Hand End-of-Period by Bulk vs Bottled,1415,816474699,Wine,FALSE
8,2022,01-Count of IMs,01-Count of IMs,Number of Industry Members,1640,1640,Wine,FALSE
8,2022,1-Production,1-Production,1-Low Alcohol %,454,28019309,Wine,FALSE
8,2022,1-Production,1-Production,2-Medium and High Alcohol %,115,8872770,Wine,FALSE
8,2022,1-Production,1-Production,4-Artificially Carbonated Wine,21,137815,Wine,FALSE
8,2022,1-Production,1-Production,5-Sparkling Wine,46,3949875,Wine,FALSE
8,2022,1-Production,1-Production,6-Hard Cider,53,1907080,Wine,FALSE
8,2022,2-Withdrawals,2-Taxable Withdrawals,1-Low Alcohol %,951,47137696,Wine,FALSE
8,2022,2-Withdrawals,2-Taxable Withdrawals,2-Medium and High Alcohol %,270,785031,Wine,FALSE
8,2022,2-Withdrawals,2-Taxable Withdrawals,4-Artificially Carbonated Wine,110,220853,Wine,FALSE
8,2022,2-Withdrawals,2-Taxable Withdrawals,5-Sparkling Wine,217,2190625,Wine,FALSE
8,2022,2-Withdrawals,2-Taxable Withdrawals,6-Hard Cider,96,3072163,Wine,FALSE
8,2022,2-Withdrawals,2-Taxable Withdrawals by Bulk vs Bottled,1-Bottled,980,52124114,Wine,FALSE
8,2022,2-Withdrawals,2-Taxable Withdrawals by Bulk vs Bottled,2-Bulk,62,1282254,Wine,FALSE
8,2022,2-Withdrawals,3-Tax Free Withdrawals,1-Low Alcohol %,416,8749566,Wine,FALSE
8,2022,2-Withdrawals,3-Tax Free Withdrawals,2-Medium and High Alcohol %,85,5533727,Wine,FALSE
8,2022,2-Withdrawals,3-Tax Free Withdrawals,4-Artificially Carbonated/Sparkling Wine,,,Wine,TRUE
8,2022,2-Withdrawals,3-Tax Free Withdrawals,6-Hard Cider,,,Wine,TRUE
8,2022,2-Withdrawals,3-Tax Free Withdrawals For Export,1-Bottled Exports,107,3215640,Wine,FALSE
8,2022,2-Withdrawals,3-Tax Free Withdrawals For Export,2-Bulk Exports,15,3486365,Wine,FALSE
8,2022,4-Stocks on Hand End-of-Period,4-Stocks on Hand End-of-Period,1-Low Alcohol %,1364,770709731,Wine,FALSE
8,2022,4-Stocks on Hand End-of-Period,4-Stocks on Hand End-of-Period,2-Medium Alcohol %,573,11012552,Wine,FALSE
8,2022,4-Stocks on Hand End-of-Period,4-Stocks on Hand End-of-Period,3-High Alcohol %,60,4788879,Wine,FALSE
8,2022,4-Stocks on Hand End-of-Period,4-Stocks on Hand End-of-Period,4-Artificially Carbonated Wine,121,1463111,Wine,FALSE
8,2022,4-Stocks on Hand End-of-Period,4-Stocks on Hand End-of-Period,5-Sparkling Wine,343,25732761,Wine,FALSE
8,2022,4-Stocks on Hand End-of-Period,4-Stocks on Hand End-of-Period,6-Hard Cider,120,2767664,Wine,FALSE
8,2022,4-Stocks on Hand End-of-Period,4-Stocks on Hand End-of-Period by Bulk vs Bottled,1-Bottled,1014,199630239,Wine,FALSE
8,2022,4-Stocks on Hand End-of-Period,4-Stocks on Hand End-of-Period by Bulk vs Bottled,2-Bulk,1244,616844461,Wine,FALSE
9,2022,1-Production,0-Category Total,1-Production,1365,117801714,Wine,FALSE
9,2022,2-Withdrawals,0-Category Total,2-Taxable Withdrawals,2382,59081160,Wine,FALSE
9,2022,2-Withdrawals,0-Category Total,2-Taxable Withdrawals by Bulk vs Bottled,2382,59081160,Wine,FALSE
9,2022,2-Withdrawals,0-Category Total,3-Tax Free Withdrawals,850,16928463,Wine,FALSE
9,2022,2-Withdrawals,0-Category Total,3-Tax Free Withdrawals For Export,144,5844813,Wine,FALSE
9,2022,4-Stocks on Hand End-of-Period,0-Category Total,4-Stocks on Hand End-of-Period,3182,889520558,Wine,FALSE
9,2022,4-Stocks on Hand End-of-Period,0-Category Total,4-Stocks on Hand End-of-Period by Bulk vs Bottled,3182,889520558,Wine,FALSE
9,2022,01-Count of IMs,01-Count of IMs,Number of Industry Members,3819,3819,Wine,FALSE
9,2022,1-Production,1-Production,1-Low Alcohol %,1199,106669172,Wine,FALSE
9,2022,1-Production,1-Production,2-Medium and High Alcohol %,187,5214224,Wine,FALSE
9,2022,1-Production,1-Production,4-Artificially Carbonated Wine,58,209412,Wine,FALSE
9,2022,1-Production,1-Production,5-Sparkling Wine,84,2517327,Wine,FALSE
9,2022,1-Production,1-Production,6-Hard Cider,271,3191580,Wine,FALSE
9,2022,2-Withdrawals,2-Taxable Withdrawals,1-Low Alcohol %,2180,50772242,Wine,FALSE
9,2022,2-Withdrawals,2-Taxable Withdrawals,2-Medium and High Alcohol %,538,820457,Wine,FALSE
9,2022,2-Withdrawals,2-Taxable Withdrawals,4-Artificially Carbonated Wine,227,258935,Wine,FALSE
9,2022,2-Withdrawals,2-Taxable Withdrawals,5-Sparkling Wine,418,2685021,Wine,FALSE
9,2022,2-Withdrawals,2-Taxable Withdrawals,6-Hard Cider,408,4544504,Wine,FALSE
9,2022,2-Withdrawals,2-Taxable Withdrawals by Bulk vs Bottled,1-Bottled,2261,58296851,Wine,FALSE
9,2022,2-Withdrawals,2-Taxable Withdrawals by Bulk vs Bottled,2-Bulk,221,784309,Wine,FALSE
9,2022,2-Withdrawals,3-Tax Free Withdrawals,1-Low Alcohol %,780,8660947,Wine,FALSE
9,2022,2-Withdrawals,3-Tax Free Withdrawals,2-Medium and High Alcohol %,177,7827616,Wine,FALSE
9,2022,2-Withdrawals,3-Tax Free Withdrawals,4-Artificially Carbonated/Sparkling Wine,194,89848,Wine,FALSE
9,2022,2-Withdrawals,3-Tax Free Withdrawals,6-Hard Cider,72,350052,Wine,FALSE
9,2022,2-Withdrawals,3-Tax Free Withdrawals For Export,1-Bottled Exports,127,2950259,Wine,FALSE
9,2022,2-Withdrawals,3-Tax Free Withdrawals For Export,2-Bulk Exports,23,2894554,Wine,FALSE
9,2022,4-Stocks on Hand End-of-Period,4-Stocks on Hand End-of-Period,1-Low Alcohol %,3014,842387779,Wine,FALSE
9,2022,4-Stocks on Hand End-of-Period,4-Stocks on Hand End-of-Period,2-Medium Alcohol %,1054,13082773,Wine,FALSE
9,2022,4-Stocks on Hand End-of-Period,4-Stocks on Hand End-of-Period,3-High Alcohol %,87,2470528,Wine,FALSE
9,2022,4-Stocks on Hand End-of-Period,4-Stocks on Hand End-of-Period,4-Artificially Carbonated Wine,228,1634360,Wine,FALSE
9,2022,4-Stocks on Hand End-of-Period,4-Stocks on Hand End-of-Period,5-Sparkling Wine,571,25748952,Wine,FALSE
9,2022,4-Stocks on Hand End-of-Period,4-Stocks on Hand End-of-Period,6-Hard Cider,390,4196166,Wine,FALSE
9,2022,4-Stocks on Hand End-of-Period,4-Stocks on Hand End-of-Period by Bulk vs Bottled,1-Bottled,1943,210613683,Wine,FALSE
9,2022,4-Stocks on Hand End-of-Period,4-Stocks on Hand End-of-Period by Bulk vs Bottled,2-Bulk,2844,678906875,Wine,FALSE
10,2022,1-Production,0-Category Total,1-Production,635,134476780,Wine,FALSE
10,2022,2-Withdrawals,0-Category Total,2-Taxable Withdrawals,854,54664486,Wine,FALSE
10,2022,2-Withdrawals,0-Category Total,2-Taxable Withdrawals by Bulk vs Bottled,854,54664486,Wine,FALSE
10,2022,2-Withdrawals,0-Category Total,3-Tax Free Withdrawals,423,12618469,Wine,FALSE
10,2022,2-Withdrawals,0-Category Total,3-Tax Free Withdrawals For Export,121,5565585,Wine,FALSE
10,2022,4-Stocks on Hand End-of-Period,0-Category Total,4-Stocks on Hand End-of-Period,1408,934814272,Wine,FALSE
10,2022,4-Stocks on Hand End-of-Period,0-Category Total,4-Stocks on Hand End-of-Period by Bulk vs Bottled,1408,934814272,Wine,FALSE
10,2022,01-Count of IMs,01-Count of IMs,Number of Industry Members,1617,1617,Wine,FALSE
10,2022,1-Production,1-Production,1-Low Alcohol %,592,124407845,Wine,FALSE
10,2022,1-Production,1-Production,2-Medium and High Alcohol %,121,5356960,Wine,FALSE
10,2022,1-Production,1-Production,4-Artificially Carbonated Wine,23,110713,Wine,FALSE
10,2022,1-Production,1-Production,5-Sparkling Wine,26,2605382,Wine,FALSE
10,2022,1-Production,1-Production,6-Hard Cider,65,1995880,Wine,FALSE
10,2022,2-Withdrawals,2-Taxable Withdrawals,1-Low Alcohol %,794,47779796,Wine,FALSE
10,2022,2-Withdrawals,2-Taxable Withdrawals,2-Medium and High Alcohol %,249,800208,Wine,FALSE
10,2022,2-Withdrawals,2-Taxable Withdrawals,4-Artificially Carbonated Wine,104,201098,Wine,FALSE
10,2022,2-Withdrawals,2-Taxable Withdrawals,5-Sparkling Wine,209,2871124,Wine,FALSE
10,2022,2-Withdrawals,2-Taxable Withdrawals,6-Hard Cider,102,3012259,Wine,FALSE
10,2022,2-Withdrawals,2-Taxable Withdrawals by Bulk vs Bottled,1-Bottled,833,54462020,Wine,FALSE
10,2022,2-Withdrawals,2-Taxable Withdrawals by Bulk vs Bottled,2-Bulk,52,202466,Wine,FALSE
10,2022,2-Withdrawals,3-Tax Free Withdrawals,1-Low Alcohol %,391,7080699,Wine,FALSE
10,2022,2-Withdrawals,3-Tax Free Withdrawals,2-Medium and High Alcohol %,,,Wine,TRUE
10,2022,2-Withdrawals,3-Tax Free Withdrawals,4-Artificially Carbonated/Sparkling Wine,101,86892,Wine,FALSE
10,2022,2-Withdrawals,3-Tax Free Withdrawals,6-Hard Cider,,,Wine,TRUE
10,2022,2-Withdrawals,3-Tax Free Withdrawals For Export,1-Bottled Exports,108,2612399,Wine,FALSE
10,2022,2-Withdrawals,3-Tax Free Withdrawals For Export,2-Bulk Exports,25,2953186,Wine,FALSE
10,2022,4-Stocks on Hand End-of-Period,4-Stocks on Hand End-of-Period,1-Low Alcohol %,1362,892947801,Wine,FALSE
10,2022,4-Stocks on Hand End-of-Period,4-Stocks on Hand End-of-Period,2-Medium Alcohol %,568,10804708,Wine,FALSE
10,2022,4-Stocks on Hand End-of-Period,4-Stocks on Hand End-of-Period,3-High Alcohol %,56,1887517,Wine,FALSE
10,2022,4-Stocks on Hand End-of-Period,4-Stocks on Hand End-of-Period,4-Artificially Carbonated Wine,124,1427681,Wine,FALSE
10,2022,4-Stocks on Hand End-of-Period,4-Stocks on Hand End-of-Period,5-Sparkling Wine,336,24848530,Wine,FALSE
10,2022,4-Stocks on Hand End-of-Period,4-Stocks on Hand End-of-Period,6-Hard Cider,114,2898034,Wine,FALSE
10,2022,4-Stocks on Hand End-of-Period,4-Stocks on Hand End-of-Period by Bulk vs Bottled,1-Bottled,981,194473074,Wine,FALSE
10,2022,4-Stocks on Hand End-of-Period,4-Stocks on Hand End-of-Period by Bulk vs Bottled,2-Bulk,1242,740341198,Wine,FALSE
11,2022,1-Production,0-Category Total,1-Production,707,115193838,Wine,FALSE
11,2022,2-Withdrawals,0-Category Total,2-Taxable Withdrawals,850,54353125,Wine,FALSE
11,2022,2-Withdrawals,0-Category Total,2-Taxable Withdrawals by Bulk vs Bottled,850,54353125,Wine,FALSE
11,2022,2-Withdrawals,0-Category Total,3-Tax Free Withdrawals,422,11414266,Wine,FALSE
11,2022,2-Withdrawals,0-Category Total,3-Tax Free Withdrawals For Export,120,5630995,Wine,FALSE
11,2022,4-Stocks on Hand End-of-Period,0-Category Total,4-Stocks on Hand End-of-Period,1405,989086852,Wine,FALSE
11,2022,4-Stocks on Hand End-of-Period,0-Category Total,4-Stocks on Hand End-of-Period by Bulk vs Bottled,1405,989086852,Wine,FALSE
11,2022,01-Count of IMs,01-Count of IMs,Number of Industry Members,1607,1607,Wine,FALSE
11,2022,1-Production,1-Production,1-Low Alcohol %,676,105871290,Wine,FALSE
11,2022,1-Production,1-Production,2-Medium and High Alcohol %,117,4633720,Wine,FALSE
11,2022,1-Production,1-Production,4-Artificially Carbonated Wine,15,65334,Wine,FALSE
11,2022,1-Production,1-Production,5-Sparkling Wine,31,2547016,Wine,FALSE
11,2022,1-Production,1-Production,6-Hard Cider,62,2076477,Wine,FALSE
11,2022,2-Withdrawals,2-Taxable Withdrawals,1-Low Alcohol %,799,46756923,Wine,FALSE
11,2022,2-Withdrawals,2-Taxable Withdrawals,2-Medium and High Alcohol %,250,1155990,Wine,FALSE
11,2022,2-Withdrawals,2-Taxable Withdrawals,4-Artificially Carbonated Wine,96,203599,Wine,FALSE
11,2022,2-Withdrawals,2-Taxable Withdrawals,5-Sparkling Wine,221,3229348,Wine,FALSE
11,2022,2-Withdrawals,2-Taxable Withdrawals,6-Hard Cider,96,3007265,Wine,FALSE
11,2022,2-Withdrawals,2-Taxable Withdrawals by Bulk vs Bottled,1-Bottled,831,53390161,Wine,FALSE
11,2022,2-Withdrawals,2-Taxable Withdrawals by Bulk vs Bottled,2-Bulk,48,962965,Wine,FALSE
11,2022,2-Withdrawals,3-Tax Free Withdrawals,1-Low Alcohol %,390,7374056,Wine,FALSE
11,2022,2-Withdrawals,3-Tax Free Withdrawals,2-Medium and High Alcohol %,,,Wine,TRUE
11,2022,2-Withdrawals,3-Tax Free Withdrawals,4-Artificially Carbonated/Sparkling Wine,96,73851,Wine,FALSE
11,2022,2-Withdrawals,3-Tax Free Withdrawals,6-Hard Cider,,,Wine,TRUE
11,2022,2-Withdrawals,3-Tax Free Withdrawals For Export,1-Bottled Exports,109,2796378,Wine,FALSE
11,2022,2-Withdrawals,3-Tax Free Withdrawals For Export,2-Bulk Exports,20,2834617,Wine,FALSE
11,2022,4-Stocks on Hand End-of-Period,4-Stocks on Hand End-of-Period,1-Low Alcohol %,1356,947019992,Wine,FALSE
11,2022,4-Stocks on Hand End-of-Period,4-Stocks on Hand End-of-Period,2-Medium Alcohol %,565,10459450,Wine,FALSE
11,2022,4-Stocks on Hand End-of-Period,4-Stocks on Hand End-of-Period,3-High Alcohol %,56,2517155,Wine,FALSE
11,2022,4-Stocks on Hand End-of-Period,4-Stocks on Hand End-of-Period,4-Artificially Carbonated Wine,121,1368528,Wine,FALSE
11,2022,4-Stocks on Hand End-of-Period,4-Stocks on Hand End-of-Period,5-Sparkling Wine,339,24354979,Wine,FALSE
11,2022,4-Stocks on Hand End-of-Period,4-Stocks on Hand End-of-Period,6-Hard Cider,122,3366747,Wine,FALSE
11,2022,4-Stocks on Hand End-of-Period,4-Stocks on Hand End-of-Period by Bulk vs Bottled,1-Bottled,987,189573302,Wine,FALSE
11,2022,4-Stocks on Hand End-of-Period,4-Stocks on Hand End-of-Period by Bulk vs Bottled,2-Bulk,1234,799513549,Wine,FALSE
12,2022,1-Production,0-Category Total,1-Production,6274,157891881,Wine,FALSE
12,2022,2-Withdrawals,0-Category Total,2-Taxable Withdrawals,6170,66174595,Wine,FALSE
12,2022,2-Withdrawals,0-Category Total,2-Taxable Withdrawals by Bulk vs Bottled,6170,66174595,Wine,FALSE
12,2022,2-Withdrawals,0-Category Total,3-Tax Free Withdrawals,3057,11844605,Wine,FALSE
12,2022,2-Withdrawals,0-Category Total,3-Tax Free Withdrawals For Export,205,4716501,Wine,FALSE
12,2022,4-Stocks on Hand End-of-Period,0-Category Total,4-Stocks on Hand End-of-Period,7514,1109866955,Wine,FALSE
12,2022,4-Stocks on Hand End-of-Period,0-Category Total,4-Stocks on Hand End-of-Period by Bulk vs Bottled,7514,1109866955,Wine,FALSE
12,2022,01-Count of IMs,01-Count of IMs,Number of Industry Members,9325,9325,Wine,FALSE
12,2022,1-Production,1-Production,1-Low Alcohol %,5846,144652709,Wine,FALSE
12,2022,1-Production,1-Production,2-Medium and High Alcohol %,777,6516516,Wine,FALSE
12,2022,1-Production,1-Production,4-Artificially Carbonated Wine,183,182343,Wine,FALSE
12,2022,1-Production,1-Production,5-Sparkling Wine,311,1190725,Wine,FALSE
12,2022,1-Production,1-Production,6-Hard Cider,828,5349589,Wine,FALSE
12,2022,2-Withdrawals,2-Taxable Withdrawals,1-Low Alcohol %,5699,57254825,Wine,FALSE
12,2022,2-Withdrawals,2-Taxable Withdrawals,2-Medium and High Alcohol %,1196,1145904,Wine,FALSE
12,2022,2-Withdrawals,2-Taxable Withdrawals,4-Artificially Carbonated Wine,439,366732,Wine,FALSE
12,2022,2-Withdrawals,2-Taxable Withdrawals,5-Sparkling Wine,826,2913679,Wine,FALSE
12,2022,2-Withdrawals,2-Taxable Withdrawals,6-Hard Cider,988,4493454,Wine,FALSE
12,2022,2-Withdrawals,2-Taxable Withdrawals by Bulk vs Bottled,1-Bottled,5851,64308771,Wine,FALSE
12,2022,2-Withdrawals,2-Taxable Withdrawals by Bulk vs Bottled,2-Bulk,725,1865824,Wine,FALSE
12,2022,2-Withdrawals,3-Tax Free Withdrawals,1-Low Alcohol %,2844,8152229,Wine,FALSE
12,2022,2-Withdrawals,3-Tax Free Withdrawals,2-Medium and High Alcohol %,,,Wine,TRUE
12,2022,2-Withdrawals,3-Tax Free Withdrawals,4-Artificially Carbonated/Sparkling Wine,,,Wine,TRUE
12,2022,2-Withdrawals,3-Tax Free Withdrawals,6-Hard Cider,,,Wine,TRUE
12,2022,2-Withdrawals,3-Tax Free Withdrawals For Export,1-Bottled Exports,152,2503790,Wine,FALSE
12,2022,2-Withdrawals,3-Tax Free Withdrawals For Export,2-Bulk Exports,65,2212711,Wine,FALSE
12,2022,4-Stocks on Hand End-of-Period,4-Stocks on Hand End-of-Period,1-Low Alcohol %,7112,1065145113,Wine,FALSE
12,2022,4-Stocks on Hand End-of-Period,4-Stocks on Hand End-of-Period,2-Medium Alcohol %,1860,11967630,Wine,FALSE
12,2022,4-Stocks on Hand End-of-Period,4-Stocks on Hand End-of-Period,3-High Alcohol %,117,2519995,Wine,FALSE
12,2022,4-Stocks on Hand End-of-Period,4-Stocks on Hand End-of-Period,4-Artificially Carbonated Wine,388,1339094,Wine,FALSE
12,2022,4-Stocks on Hand End-of-Period,4-Stocks on Hand End-of-Period,5-Sparkling Wine,926,22924046,Wine,FALSE
12,2022,4-Stocks on Hand End-of-Period,4-Stocks on Hand End-of-Period,6-Hard Cider,896,5971077,Wine,FALSE
12,2022,4-Stocks on Hand End-of-Period,4-Stocks on Hand End-of-Period by Bulk vs Bottled,1-Bottled,4620,190196551,Wine,FALSE
12,2022,4-Stocks on Hand End-of-Period,4-Stocks on Hand End-of-Period by Bulk vs Bottled,2-Bulk,6670,919670404,Wine,FALSE
1,2023,1-Production,0-Category Total,1-Production,599,61482677,Wine,FALSE
1,2023,2-Withdrawals,0-Category Total,2-Taxable Withdrawals,888,50229801,Wine,FALSE
1,2023,2-Withdrawals,0-Category Total,2-Taxable Withdrawals by Bulk vs Bottled,888,50229801,Wine,FALSE
1,2023,2-Withdrawals,0-Category Total,3-Tax Free Withdrawals,422,9854477,Wine,FALSE
1,2023,2-Withdrawals,0-Category Total,3-Tax Free Withdrawals For Export,113,4744818,Wine,FALSE
1,2023,4-Stocks on Hand End-of-Period,0-Category Total,4-Stocks on Hand End-of-Period,1399,1060765593,Wine,FALSE
1,2023,4-Stocks on Hand End-of-Period,0-Category Total,4-Stocks on Hand End-of-Period by Bulk vs Bottled,1399,1060765593,Wine,FALSE
1,2023,01-Count of IMs,01-Count of IMs,Number of Industry Members,1604,1604,Wine,FALSE
1,2023,1-Production,1-Production,1-Low Alcohol %,562,54838662,Wine,FALSE
1,2023,1-Production,1-Production,2-Medium and High Alcohol %,128,3230285,Wine,FALSE
1,2023,1-Production,1-Production,4-Artificially Carbonated Wine,17,69922,Wine,FALSE
1,2023,1-Production,1-Production,5-Sparkling Wine,35,1667076,Wine,FALSE
1,2023,1-Production,1-Production,6-Hard Cider,63,1676731,Wine,FALSE
1,2023,2-Withdrawals,2-Taxable Withdrawals,1-Low Alcohol %,836,44642598,Wine,FALSE
1,2023,2-Withdrawals,2-Taxable Withdrawals,2-Medium and High Alcohol %,241,806938,Wine,FALSE
1,2023,2-Withdrawals,2-Taxable Withdrawals,4-Artificially Carbonated Wine,92,171541,Wine,FALSE
1,2023,2-Withdrawals,2-Taxable Withdrawals,5-Sparkling Wine,218,1778722,Wine,FALSE
1,2023,2-Withdrawals,2-Taxable Withdrawals,6-Hard Cider,100,2830003,Wine,FALSE
1,2023,2-Withdrawals,2-Taxable Withdrawals by Bulk vs Bottled,1-Bottled,863,48911040,Wine,FALSE
1,2023,2-Withdrawals,2-Taxable Withdrawals by Bulk vs Bottled,2-Bulk,65,1318762,Wine,FALSE
1,2023,2-Withdrawals,3-Tax Free Withdrawals,1-Low Alcohol %,397,6433053,Wine,FALSE
1,2023,2-Withdrawals,3-Tax Free Withdrawals,2-Medium and High Alcohol %,83,3038593,Wine,FALSE
1,2023,2-Withdrawals,3-Tax Free Withdrawals,4-Artificially Carbonated/Sparkling Wine,86,53720,Wine,FALSE
1,2023,2-Withdrawals,3-Tax Free Withdrawals,6-Hard Cider,29,329111,Wine,FALSE
1,2023,2-Withdrawals,3-Tax Free Withdrawals For Export,1-Bottled Exports,101,2127673,Wine,FALSE
1,2023,2-Withdrawals,3-Tax Free Withdrawals For Export,2-Bulk Exports,23,2617146,Wine,FALSE
1,2023,4-Stocks on Hand End-of-Period,4-Stocks on Hand End-of-Period,1-Low Alcohol %,1347,1019622423,Wine,FALSE
1,2023,4-Stocks on Hand End-of-Period,4-Stocks on Hand End-of-Period,2-Medium Alcohol %,574,11277834,Wine,FALSE
1,2023,4-Stocks on Hand End-of-Period,4-Stocks on Hand End-of-Period,3-High Alcohol %,53,2342635,Wine,FALSE
1,2023,4-Stocks on Hand End-of-Period,4-Stocks on Hand End-of-Period,4-Artificially Carbonated Wine,115,1188713,Wine,FALSE
1,2023,4-Stocks on Hand End-of-Period,4-Stocks on Hand End-of-Period,5-Sparkling Wine,336,22230144,Wine,FALSE
1,2023,4-Stocks on Hand End-of-Period,4-Stocks on Hand End-of-Period,6-Hard Cider,127,4103843,Wine,FALSE
1,2023,4-Stocks on Hand End-of-Period,4-Stocks on Hand End-of-Period by Bulk vs Bottled,1-Bottled,976,174984271,Wine,FALSE
1,2023,4-Stocks on Hand End-of-Period,4-Stocks on Hand End-of-Period by Bulk vs Bottled,2-Bulk,1239,885781322,Wine,FALSE
2,2023,1-Production,0-Category Total,1-Production,529,31214094,Wine,FALSE
2,2023,2-Withdrawals,0-Category Total,2-Taxable Withdrawals,911,48091075,Wine,FALSE
2,2023,2-Withdrawals,0-Category Total,2-Taxable Withdrawals by Bulk vs Bottled,911,48091075,Wine,FALSE
2,2023,2-Withdrawals,0-Category Total,3-Tax Free Withdrawals,428,9227840,Wine,FALSE
2,2023,2-Withdrawals,0-Category Total,3-Tax Free Withdrawals For Export,114,4487395,Wine,FALSE
2,2023,4-Stocks on Hand End-of-Period,0-Category Total,4-Stocks on Hand End-of-Period,1384,1038526946,Wine,FALSE
2,2023,4-Stocks on Hand End-of-Period,0-Category Total,4-Stocks on Hand End-of-Period by Bulk vs Bottled,1384,1038526946,Wine,FALSE
2,2023,01-Count of IMs,01-Count of IMs,Number of Industry Members,1598,1598,Wine,FALSE
2,2023,1-Production,1-Production,1-Low Alcohol %,494,23415332,Wine,FALSE
2,2023,1-Production,1-Production,2-Medium and High Alcohol %,116,3609968,Wine,FALSE
2,2023,1-Production,1-Production,4-Artificially Carbonated Wine,24,112363,Wine,FALSE
2,2023,1-Production,1-Production,5-Sparkling Wine,41,2413459,Wine,FALSE
2,2023,1-Production,1-Production,6-Hard Cider,62,1662973,Wine,FALSE
2,2023,2-Withdrawals,2-Taxable Withdrawals,1-Low Alcohol %,861,42564477,Wine,FALSE
2,2023,2-Withdrawals,2-Taxable Withdrawals,2-Medium and High Alcohol %,242,1020994,Wine,FALSE
2,2023,2-Withdrawals,2-Taxable Withdrawals,4-Artificially Carbonated Wine,95,185400,Wine,FALSE
2,2023,2-Withdrawals,2-Taxable Withdrawals,5-Sparkling Wine,211,1806259,Wine,FALSE
2,2023,2-Withdrawals,2-Taxable Withdrawals,6-Hard Cider,100,2513944,Wine,FALSE
2,2023,2-Withdrawals,2-Taxable Withdrawals by Bulk vs Bottled,1-Bottled,889,47461023,Wine,FALSE
2,2023,2-Withdrawals,2-Taxable Withdrawals by Bulk vs Bottled,2-Bulk,54,630052,Wine,FALSE
2,2023,2-Withdrawals,3-Tax Free Withdrawals,1-Low Alcohol %,394,5490656,Wine,FALSE
2,2023,2-Withdrawals,3-Tax Free Withdrawals,2-Medium and High Alcohol %,,,Wine,TRUE
2,2023,2-Withdrawals,3-Tax Free Withdrawals,4-Artificially Carbonated/Sparkling Wine,90,37047,Wine,FALSE
2,2023,2-Withdrawals,3-Tax Free Withdrawals,6-Hard Cider,,,Wine,TRUE
2,2023,2-Withdrawals,3-Tax Free Withdrawals For Export,1-Bottled Exports,105,2165059,Wine,FALSE
2,2023,2-Withdrawals,3-Tax Free Withdrawals For Export,2-Bulk Exports,16,2322336,Wine,FALSE
2,2023,4-Stocks on Hand End-of-Period,4-Stocks on Hand End-of-Period,1-Low Alcohol %,1335,997026339,Wine,FALSE
2,2023,4-Stocks on Hand End-of-Period,4-Stocks on Hand End-of-Period,2-Medium Alcohol %,575,11350543,Wine,FALSE
2,2023,4-Stocks on Hand End-of-Period,4-Stocks on Hand End-of-Period,3-High Alcohol %,52,2375591,Wine,FALSE
2,2023,4-Stocks on Hand End-of-Period,4-Stocks on Hand End-of-Period,4-Artificially Carbonated Wine,116,1143011,Wine,FALSE
2,2023,4-Stocks on Hand End-of-Period,4-Stocks on Hand End-of-Period,5-Sparkling Wine,334,22529698,Wine,FALSE
2,2023,4-Stocks on Hand End-of-Period,4-Stocks on Hand End-of-Period,6-Hard Cider,127,4101764,Wine,FALSE
2,2023,4-Stocks on Hand End-of-Period,4-Stocks on Hand End-of-Period by Bulk vs Bottled,1-Bottled,976,179419951,Wine,FALSE
2,2023,4-Stocks on Hand End-of-Period,4-Stocks on Hand End-of-Period by Bulk vs Bottled,2-Bulk,1228,859106995,Wine,FALSE
3,2023,1-Production,0-Category Total,1-Production,1375,31236611,Wine,FALSE
3,2023,2-Withdrawals,0-Category Total,2-Taxable Withdrawals,2439,61555270,Wine,FALSE
3,2023,2-Withdrawals,0-Category Total,2-Taxable Withdrawals by Bulk vs Bottled,2439,61555270,Wine,FALSE
3,2023,2-Withdrawals,0-Category Total,3-Tax Free Withdrawals,866,14055599,Wine,FALSE
3,2023,2-Withdrawals,0-Category Total,3-Tax Free Withdrawals For Export,151,5985809,Wine,FALSE
3,2023,4-Stocks on Hand End-of-Period,0-Category Total,4-Stocks on Hand End-of-Period,3190,1035145397,Wine,FALSE
3,2023,4-Stocks on Hand End-of-Period,0-Category Total,4-Stocks on Hand End-of-Period by Bulk vs Bottled,3190,1035145397,Wine,FALSE
3,2023,01-Count of IMs,01-Count of IMs,Number of Industry Members,3760,3760,Wine,FALSE
3,2023,1-Production,1-Production,1-Low Alcohol %,1215,21363261,Wine,FALSE
3,2023,1-Production,1-Production,2-Medium and High Alcohol %,237,3375568,Wine,FALSE
3,2023,1-Production,1-Production,4-Artificially Carbonated Wine,70,253318,Wine,FALSE
3,2023,1-Production,1-Production,5-Sparkling Wine,97,2856119,Wine,FALSE
3,2023,1-Production,1-Production,6-Hard Cider,303,3388344,Wine,FALSE
3,2023,2-Withdrawals,2-Taxable Withdrawals,1-Low Alcohol %,2247,53833578,Wine,FALSE
3,2023,2-Withdrawals,2-Taxable Withdrawals,2-Medium and High Alcohol %,522,1165407,Wine,FALSE
3,2023,2-Withdrawals,2-Taxable Withdrawals,4-Artificially Carbonated Wine,259,340210,Wine,FALSE
3,2023,2-Withdrawals,2-Taxable Withdrawals,5-Sparkling Wine,440,2300639,Wine,FALSE
3,2023,2-Withdrawals,2-Taxable Withdrawals,6-Hard Cider,422,3915437,Wine,FALSE
3,2023,2-Withdrawals,2-Taxable Withdrawals by Bulk vs Bottled,1-Bottled,2319,60316432,Wine,FALSE
3,2023,2-Withdrawals,2-Taxable Withdrawals by Bulk vs Bottled,2-Bulk,230,1238838,Wine,FALSE
3,2023,2-Withdrawals,3-Tax Free Withdrawals,1-Low Alcohol %,791,9207999,Wine,FALSE
3,2023,2-Withdrawals,3-Tax Free Withdrawals,2-Medium and High Alcohol %,192,4191802,Wine,FALSE
3,2023,2-Withdrawals,3-Tax Free Withdrawals,4-Artificially Carbonated/Sparkling Wine,201,48374,Wine,FALSE
3,2023,2-Withdrawals,3-Tax Free Withdrawals,6-Hard Cider,81,607424,Wine,FALSE
3,2023,2-Withdrawals,3-Tax Free Withdrawals For Export,1-Bottled Exports,129,2949560,Wine,FALSE
3,2023,2-Withdrawals,3-Tax Free Withdrawals For Export,2-Bulk Exports,29,3036249,Wine,FALSE
3,2023,4-Stocks on Hand End-of-Period,4-Stocks on Hand End-of-Period,1-Low Alcohol %,3027,991202044,Wine,FALSE
3,2023,4-Stocks on Hand End-of-Period,4-Stocks on Hand End-of-Period,2-Medium Alcohol %,1085,11352228,Wine,FALSE
3,2023,4-Stocks on Hand End-of-Period,4-Stocks on Hand End-of-Period,3-High Alcohol %,83,2212550,Wine,FALSE
3,2023,4-Stocks on Hand End-of-Period,4-Stocks on Hand End-of-Period,4-Artificially Carbonated Wine,250,1336396,Wine,FALSE
3,2023,4-Stocks on Hand End-of-Period,4-Stocks on Hand End-of-Period,5-Sparkling Wine,596,23365576,Wine,FALSE
3,2023,4-Stocks on Hand End-of-Period,4-Stocks on Hand End-of-Period,6-Hard Cider,412,5676605,Wine,FALSE
3,2023,4-Stocks on Hand End-of-Period,4-Stocks on Hand End-of-Period by Bulk vs Bottled,1-Bottled,1954,188617316,Wine,FALSE
3,2023,4-Stocks on Hand End-of-Period,4-Stocks on Hand End-of-Period by Bulk vs Bottled,2-Bulk,2881,846528081,Wine,FALSE
4,2023,1-Production,0-Category Total,1-Production,491,21458600,Wine,FALSE
4,2023,2-Withdrawals,0-Category Total,2-Taxable Withdrawals,955,46727957,Wine,FALSE
4,2023,2-Withdrawals,0-Category Total,2-Taxable Withdrawals by Bulk vs Bottled,955,46727957,Wine,FALSE
4,2023,2-Withdrawals,0-Category Total,3-Tax Free Withdrawals,432,9854846,Wine,FALSE
4,2023,2-Withdrawals,0-Category Total,3-Tax Free Withdrawals For Export,114,4585409,Wine,FALSE
4,2023,4-Stocks on Hand End-of-Period,0-Category Total,4-Stocks on Hand End-of-Period,1373,972473894,Wine,FALSE
4,2023,4-Stocks on Hand End-of-Period,0-Category Total,4-Stocks on Hand End-of-Period by Bulk vs Bottled,1373,972473894,Wine,FALSE
4,2023,01-Count of IMs,01-Count of IMs,Number of Industry Members,1574,1574,Wine,FALSE
4,2023,1-Production,1-Production,1-Low Alcohol %,455,13307795,Wine,FALSE
4,2023,1-Production,1-Production,2-Medium and High Alcohol %,113,3144143,Wine,FALSE
4,2023,1-Production,1-Production,4-Artificially Carbonated Wine,19,127924,Wine,FALSE
4,2023,1-Production,1-Production,5-Sparkling Wine,42,3006758,Wine,FALSE
4,2023,1-Production,1-Production,6-Hard Cider,63,1871979,Wine,FALSE
4,2023,2-Withdrawals,2-Taxable Withdrawals,1-Low Alcohol %,904,41070503,Wine,FALSE
4,2023,2-Withdrawals,2-Taxable Withdrawals,2-Medium and High Alcohol %,234,663555,Wine,FALSE
4,2023,2-Withdrawals,2-Taxable Withdrawals,4-Artificially Carbonated Wine,104,237292,Wine,FALSE
4,2023,2-Withdrawals,2-Taxable Withdrawals,5-Sparkling Wine,208,1876143,Wine,FALSE
4,2023,2-Withdrawals,2-Taxable Withdrawals,6-Hard Cider,105,2880465,Wine,FALSE
4,2023,2-Withdrawals,2-Taxable Withdrawals by Bulk vs Bottled,1-Bottled,930,45665998,Wine,FALSE
4,2023,2-Withdrawals,2-Taxable Withdrawals by Bulk vs Bottled,2-Bulk,67,1061960,Wine,FALSE
4,2023,2-Withdrawals,3-Tax Free Withdrawals,1-Low Alcohol %,398,5961027,Wine,FALSE
4,2023,2-Withdrawals,3-Tax Free Withdrawals,2-Medium and High Alcohol %,81,3353814,Wine,FALSE
4,2023,2-Withdrawals,3-Tax Free Withdrawals,4-Artificially Carbonated/Sparkling Wine,,,Wine,TRUE
4,2023,2-Withdrawals,3-Tax Free Withdrawals,6-Hard Cider,,,Wine,TRUE
4,2023,2-Withdrawals,3-Tax Free Withdrawals For Export,1-Bottled Exports,100,2269730,Wine,FALSE
4,2023,2-Withdrawals,3-Tax Free Withdrawals For Export,2-Bulk Exports,23,2315678,Wine,FALSE
4,2023,4-Stocks on Hand End-of-Period,4-Stocks on Hand End-of-Period,1-Low Alcohol %,1324,930731589,Wine,FALSE
4,2023,4-Stocks on Hand End-of-Period,4-Stocks on Hand End-of-Period,2-Medium Alcohol %,579,10723205,Wine,FALSE
4,2023,4-Stocks on Hand End-of-Period,4-Stocks on Hand End-of-Period,3-High Alcohol %,48,2247110,Wine,FALSE
4,2023,4-Stocks on Hand End-of-Period,4-Stocks on Hand End-of-Period,4-Artificially Carbonated Wine,118,1266215,Wine,FALSE
4,2023,4-Stocks on Hand End-of-Period,4-Stocks on Hand End-of-Period,5-Sparkling Wine,335,23649866,Wine,FALSE
4,2023,4-Stocks on Hand End-of-Period,4-Stocks on Hand End-of-Period,6-Hard Cider,126,3855909,Wine,FALSE
4,2023,4-Stocks on Hand End-of-Period,4-Stocks on Hand End-of-Period by Bulk vs Bottled,1-Bottled,980,184581063,Wine,FALSE
4,2023,4-Stocks on Hand End-of-Period,4-Stocks on Hand End-of-Period by Bulk vs Bottled,2-Bulk,1211,787892831,Wine,FALSE
5,2023,1-Production,0-Category Total,1-Production,517,15686144,Wine,FALSE
5,2023,2-Withdrawals,0-Category Total,2-Taxable Withdrawals,957,46788411,Wine,FALSE
5,2023,2-Withdrawals,0-Category Total,2-Taxable Withdrawals by Bulk vs Bottled,957,46788411,Wine,FALSE
5,2023,2-Withdrawals,0-Category Total,3-Tax Free Withdrawals,435,10449848,Wine,FALSE
5,2023,2-Withdrawals,0-Category Total,3-Tax Free Withdrawals For Export,120,4683993,Wine,FALSE
5,2023,4-Stocks on Hand End-of-Period,0-Category Total,4-Stocks on Hand End-of-Period,1369,930332941,Wine,FALSE
5,2023,4-Stocks on Hand End-of-Period,0-Category Total,4-Stocks on Hand End-of-Period by Bulk vs Bottled,1369,930332941,Wine,FALSE
5,2023,01-Count of IMs,01-Count of IMs,Number of Industry Members,1582,1582,Wine,FALSE
5,2023,1-Production,1-Production,1-Low Alcohol %,479,6155145,Wine,FALSE
5,2023,1-Production,1-Production,2-Medium and High Alcohol %,134,4229614,Wine,FALSE
5,2023,1-Production,1-Production,4-Artificially Carbonated Wine,26,142685,Wine,FALSE
5,2023,1-Production,1-Production,5-Sparkling Wine,40,3085464,Wine,FALSE
5,2023,1-Production,1-Production,6-Hard Cider,63,2073236,Wine,FALSE
5,2023,2-Withdrawals,2-Taxable Withdrawals,1-Low Alcohol %,909,40908342,Wine,FALSE
5,2023,2-Withdrawals,2-Taxable Withdrawals,2-Medium and High Alcohol %,247,696071,Wine,FALSE
5,2023,2-Withdrawals,2-Taxable Withdrawals,4-Artificially Carbonated Wine,102,259878,Wine,FALSE
5,2023,2-Withdrawals,2-Taxable Withdrawals,5-Sparkling Wine,217,1956958,Wine,FALSE
5,2023,2-Withdrawals,2-Taxable Withdrawals,6-Hard Cider,101,2967163,Wine,FALSE
5,2023,2-Withdrawals,2-Taxable Withdrawals by Bulk vs Bottled,1-Bottled,937,46243742,Wine,FALSE
5,2023,2-Withdrawals,2-Taxable Withdrawals by Bulk vs Bottled,2-Bulk,54,544669,Wine,FALSE
5,2023,2-Withdrawals,3-Tax Free Withdrawals,1-Low Alcohol %,405,5937392,Wine,FALSE
5,2023,2-Withdrawals,3-Tax Free Withdrawals,2-Medium and High Alcohol %,84,4057913,Wine,FALSE
5,2023,2-Withdrawals,3-Tax Free Withdrawals,4-Artificially Carbonated/Sparkling Wine,91,36286,Wine,FALSE
5,2023,2-Withdrawals,3-Tax Free Withdrawals,6-Hard Cider,29,418258,Wine,FALSE
5,2023,2-Withdrawals,3-Tax Free Withdrawals For Export,1-Bottled Exports,108,2665924,Wine,FALSE
5,2023,2-Withdrawals,3-Tax Free Withdrawals For Export,2-Bulk Exports,20,2018069,Wine,FALSE
5,2023,4-Stocks on Hand End-of-Period,4-Stocks on Hand End-of-Period,1-Low Alcohol %,1318,885815788,Wine,FALSE
5,2023,4-Stocks on Hand End-of-Period,4-Stocks on Hand End-of-Period,2-Medium Alcohol %,569,11823785,Wine,FALSE
5,2023,4-Stocks on Hand End-of-Period,4-Stocks on Hand End-of-Period,3-High Alcohol %,50,2011356,Wine,FALSE
5,2023,4-Stocks on Hand End-of-Period,4-Stocks on Hand End-of-Period,4-Artificially Carbonated Wine,117,1306360,Wine,FALSE
5,2023,4-Stocks on Hand End-of-Period,4-Stocks on Hand End-of-Period,5-Sparkling Wine,337,24856558,Wine,FALSE
5,2023,4-Stocks on Hand End-of-Period,4-Stocks on Hand End-of-Period,6-Hard Cider,131,4519095,Wine,FALSE
5,2023,4-Stocks on Hand End-of-Period,4-Stocks on Hand End-of-Period by Bulk vs Bottled,1-Bottled,984,193921542,Wine,FALSE
5,2023,4-Stocks on Hand End-of-Period,4-Stocks on Hand End-of-Period by Bulk vs Bottled,2-Bulk,1210,736411399,Wine,FALSE
6,2023,1-Production,0-Category Total,1-Production,1216,16532383,Wine,FALSE
6,2023,2-Withdrawals,0-Category Total,2-Taxable Withdrawals,2427,58981481,Wine,FALSE
6,2023,2-Withdrawals,0-Category Total,2-Taxable Withdrawals by Bulk vs Bottled,2427,58981481,Wine,FALSE
6,2023,2-Withdrawals,0-Category Total,3-Tax Free Withdrawals,841,12371863,Wine,FALSE
6,2023,2-Withdrawals,0-Category Total,3-Tax Free Withdrawals For Export,137,5613714,Wine,FALSE
6,2023,4-Stocks on Hand End-of-Period,0-Category Total,4-Stocks on Hand End-of-Period,3166,914502071,Wine,FALSE
6,2023,4-Stocks on Hand End-of-Period,0-Category Total,4-Stocks on Hand End-of-Period by Bulk vs Bottled,3166,914502071,Wine,FALSE
6,2023,01-Count of IMs,01-Count of IMs,Number of Industry Members,3743,3743,Wine,FALSE
6,2023,1-Production,1-Production,1-Low Alcohol %,1044,7888662,Wine,FALSE
6,2023,1-Production,1-Production,2-Medium and High Alcohol %,240,2815233,Wine,FALSE
6,2023,1-Production,1-Production,4-Artificially Carbonated Wine,80,159682,Wine,FALSE
6,2023,1-Production,1-Production,5-Sparkling Wine,119,2728465,Wine,FALSE
6,2023,1-Production,1-Production,6-Hard Cider,288,2940341,Wine,FALSE
6,2023,2-Withdrawals,2-Taxable Withdrawals,1-Low Alcohol %,2231,51584473,Wine,FALSE
6,2023,2-Withdrawals,2-Taxable Withdrawals,2-Medium and High Alcohol %,510,774493,Wine,FALSE
6,2023,2-Withdrawals,2-Taxable Withdrawals,4-Artificially Carbonated Wine,255,387739,Wine,FALSE
6,2023,2-Withdrawals,2-Taxable Withdrawals,5-Sparkling Wine,454,2217950,Wine,FALSE
6,2023,2-Withdrawals,2-Taxable Withdrawals,6-Hard Cider,415,4016826,Wine,FALSE
6,2023,2-Withdrawals,2-Taxable Withdrawals by Bulk vs Bottled,1-Bottled,2303,56752722,Wine,FALSE
6,2023,2-Withdrawals,2-Taxable Withdrawals by Bulk vs Bottled,2-Bulk,231,2228759,Wine,FALSE
6,2023,2-Withdrawals,3-Tax Free Withdrawals,1-Low Alcohol %,777,7899644,Wine,FALSE
6,2023,2-Withdrawals,3-Tax Free Withdrawals,2-Medium and High Alcohol %,179,3914056,Wine,FALSE
6,2023,2-Withdrawals,3-Tax Free Withdrawals,4-Artificially Carbonated/Sparkling Wine,183,65907,Wine,FALSE
6,2023,2-Withdrawals,3-Tax Free Withdrawals,6-Hard Cider,85,492256,Wine,FALSE
6,2023,2-Withdrawals,3-Tax Free Withdrawals For Export,1-Bottled Exports,122,2613250,Wine,FALSE
6,2023,2-Withdrawals,3-Tax Free Withdrawals For Export,2-Bulk Exports,24,3000464,Wine,FALSE
6,2023,4-Stocks on Hand End-of-Period,4-Stocks on Hand End-of-Period,1-Low Alcohol %,2996,867517738,Wine,FALSE
6,2023,4-Stocks on Hand End-of-Period,4-Stocks on Hand End-of-Period,2-Medium Alcohol %,1061,12050077,Wine,FALSE
6,2023,4-Stocks on Hand End-of-Period,4-Stocks on Hand End-of-Period,3-High Alcohol %,81,1882333,Wine,FALSE
6,2023,4-Stocks on Hand End-of-Period,4-Stocks on Hand End-of-Period,4-Artificially Carbonated Wine,248,1256802,Wine,FALSE
6,2023,4-Stocks on Hand End-of-Period,4-Stocks on Hand End-of-Period,5-Sparkling Wine,612,26231497,Wine,FALSE
6,2023,4-Stocks on Hand End-of-Period,4-Stocks on Hand End-of-Period,6-Hard Cider,411,5563624,Wine,FALSE
6,2023,4-Stocks on Hand End-of-Period,4-Stocks on Hand End-of-Period by Bulk vs Bottled,1-Bottled,1968,199651061,Wine,FALSE
6,2023,4-Stocks on Hand End-of-Period,4-Stocks on Hand End-of-Period by Bulk vs Bottled,2-Bulk,2844,714851010,Wine,FALSE
7,2023,1-Production,0-Category Total,1-Production,450,11573570,Wine,FALSE
7,2023,2-Withdrawals,0-Category Total,2-Taxable Withdrawals,932,45110376,Wine,FALSE
7,2023,2-Withdrawals,0-Category Total,2-Taxable Withdrawals by Bulk vs Bottled,932,45110376,Wine,FALSE
7,2023,2-Withdrawals,0-Category Total,3-Tax Free Withdrawals,420,9756980,Wine,FALSE
7,2023,2-Withdrawals,0-Category Total,3-Tax Free Withdrawals For Export,112,4552930,Wine,FALSE
7,2023,4-Stocks on Hand End-of-Period,0-Category Total,4-Stocks on Hand End-of-Period,1358,848775416,Wine,FALSE
7,2023,4-Stocks on Hand End-of-Period,0-Category Total,4-Stocks on Hand End-of-Period by Bulk vs Bottled,1358,848775416,Wine,FALSE
7,2023,01-Count of IMs,01-Count of IMs,Number of Industry Members,1571,1571,Wine,FALSE
7,2023,1-Production,1-Production,1-Low Alcohol %,412,4425078,Wine,FALSE
7,2023,1-Production,1-Production,2-Medium and High Alcohol %,105,3022599,Wine,FALSE
7,2023,1-Production,1-Production,4-Artificially Carbonated Wine,18,124552,Wine,FALSE
7,2023,1-Production,1-Production,5-Sparkling Wine,33,2197998,Wine,FALSE
7,2023,1-Production,1-Production,6-Hard Cider,61,1803342,Wine,FALSE
7,2023,2-Withdrawals,2-Taxable Withdrawals,1-Low Alcohol %,882,39652438,Wine,FALSE
7,2023,2-Withdrawals,2-Taxable Withdrawals,2-Medium and High Alcohol %,246,617545,Wine,FALSE
7,2023,2-Withdrawals,2-Taxable Withdrawals,4-Artificially Carbonated Wine,97,223254,Wine,FALSE
7,2023,2-Withdrawals,2-Taxable Withdrawals,5-Sparkling Wine,210,1758711,Wine,FALSE
7,2023,2-Withdrawals,2-Taxable Withdrawals,6-Hard Cider,104,2858428,Wine,FALSE
7,2023,2-Withdrawals,2-Taxable Withdrawals by Bulk vs Bottled,1-Bottled,909,43678863,Wine,FALSE
7,2023,2-Withdrawals,2-Taxable Withdrawals by Bulk vs Bottled,2-Bulk,66,1431512,Wine,FALSE
7,2023,2-Withdrawals,3-Tax Free Withdrawals,1-Low Alcohol %,388,5609420,Wine,FALSE
7,2023,2-Withdrawals,3-Tax Free Withdrawals,2-Medium and High Alcohol %,79,3627118,Wine,FALSE
7,2023,2-Withdrawals,3-Tax Free Withdrawals,4-Artificially Carbonated/Sparkling Wine,,,Wine,TRUE
7,2023,2-Withdrawals,3-Tax Free Withdrawals,6-Hard Cider,,,Wine,TRUE
7,2023,2-Withdrawals,3-Tax Free Withdrawals For Export,1-Bottled Exports,98,1967826,Wine,FALSE
7,2023,2-Withdrawals,3-Tax Free Withdrawals For Export,2-Bulk Exports,21,2585104,Wine,FALSE
7,2023,4-Stocks on Hand End-of-Period,4-Stocks on Hand End-of-Period,1-Low Alcohol %,1307,803369030,Wine,FALSE
7,2023,4-Stocks on Hand End-of-Period,4-Stocks on Hand End-of-Period,2-Medium Alcohol %,555,12387325,Wine,FALSE
7,2023,4-Stocks on Hand End-of-Period,4-Stocks on Hand End-of-Period,3-High Alcohol %,54,2066298,Wine,FALSE
7,2023,4-Stocks on Hand End-of-Period,4-Stocks on Hand End-of-Period,4-Artificially Carbonated Wine,122,1202564,Wine,FALSE
7,2023,4-Stocks on Hand End-of-Period,4-Stocks on Hand End-of-Period,5-Sparkling Wine,341,25830349,Wine,FALSE
7,2023,4-Stocks on Hand End-of-Period,4-Stocks on Hand End-of-Period,6-Hard Cider,127,3919850,Wine,FALSE
7,2023,4-Stocks on Hand End-of-Period,4-Stocks on Hand End-of-Period by Bulk vs Bottled,1-Bottled,992,196551179,Wine,FALSE
7,2023,4-Stocks on Hand End-of-Period,4-Stocks on Hand End-of-Period by Bulk vs Bottled,2-Bulk,1203,652224238,Wine,FALSE
8,2023,1-Production,0-Category Total,1-Production,484,17864103,Wine,FALSE
8,2023,2-Withdrawals,0-Category Total,2-Taxable Withdrawals,952,50745864,Wine,FALSE
8,2023,2-Withdrawals,0-Category Total,2-Taxable Withdrawals by Bulk vs Bottled,952,50745864,Wine,FALSE
8,2023,2-Withdrawals,0-Category Total,3-Tax Free Withdrawals,426,15801596,Wine,FALSE
8,2023,2-Withdrawals,0-Category Total,3-Tax Free Withdrawals For Export,111,6459882,Wine,FALSE
8,2023,4-Stocks on Hand End-of-Period,0-Category Total,4-Stocks on Hand End-of-Period,1349,802970772,Wine,FALSE
8,2023,4-Stocks on Hand End-of-Period,0-Category Total,4-Stocks on Hand End-of-Period by Bulk vs Bottled,1349,802970772,Wine,FALSE
8,2023,01-Count of IMs,01-Count of IMs,Number of Industry Members,1576,1576,Wine,FALSE
8,2023,1-Production,1-Production,1-Low Alcohol %,437,7862811,Wine,FALSE
8,2023,1-Production,1-Production,2-Medium and High Alcohol %,112,4948062,Wine,FALSE
8,2023,1-Production,1-Production,4-Artificially Carbonated Wine,21,93543,Wine,FALSE
8,2023,1-Production,1-Production,5-Sparkling Wine,29,2724471,Wine,FALSE
8,2023,1-Production,1-Production,6-Hard Cider,65,2235216,Wine,FALSE
8,2023,2-Withdrawals,2-Taxable Withdrawals,1-Low Alcohol %,901,44014922,Wine,FALSE
8,2023,2-Withdrawals,2-Taxable Withdrawals,2-Medium and High Alcohol %,242,743858,Wine,FALSE
8,2023,2-Withdrawals,2-Taxable Withdrawals,4-Artificially Carbonated Wine,101,240682,Wine,FALSE
8,2023,2-Withdrawals,2-Taxable Withdrawals,5-Sparkling Wine,223,2366742,Wine,FALSE
8,2023,2-Withdrawals,2-Taxable Withdrawals,6-Hard Cider,103,3379661,Wine,FALSE
8,2023,2-Withdrawals,2-Taxable Withdrawals by Bulk vs Bottled,1-Bottled,927,49911879,Wine,FALSE
8,2023,2-Withdrawals,2-Taxable Withdrawals by Bulk vs Bottled,2-Bulk,59,833985,Wine,FALSE
8,2023,2-Withdrawals,3-Tax Free Withdrawals,1-Low Alcohol %,391,8565561,Wine,FALSE
8,2023,2-Withdrawals,3-Tax Free Withdrawals,2-Medium and High Alcohol %,80,6427023,Wine,FALSE
8,2023,2-Withdrawals,3-Tax Free Withdrawals,4-Artificially Carbonated/Sparkling Wine,91,69175,Wine,FALSE
8,2023,2-Withdrawals,3-Tax Free Withdrawals,6-Hard Cider,33,739836,Wine,FALSE
8,2023,2-Withdrawals,3-Tax Free Withdrawals For Export,1-Bottled Exports,95,2755520,Wine,FALSE
8,2023,2-Withdrawals,3-Tax Free Withdrawals For Export,2-Bulk Exports,26,3704363,Wine,FALSE
8,2023,4-Stocks on Hand End-of-Period,4-Stocks on Hand End-of-Period,1-Low Alcohol %,1294,757163688,Wine,FALSE
8,2023,4-Stocks on Hand End-of-Period,4-Stocks on Hand End-of-Period,2-Medium Alcohol %,542,13186159,Wine,FALSE
8,2023,4-Stocks on Hand End-of-Period,4-Stocks on Hand End-of-Period,3-High Alcohol %,56,2096879,Wine,FALSE
8,2023,4-Stocks on Hand End-of-Period,4-Stocks on Hand End-of-Period,4-Artificially Carbonated Wine,122,1144658,Wine,FALSE
8,2023,4-Stocks on Hand End-of-Period,4-Stocks on Hand End-of-Period,5-Sparkling Wine,343,25629408,Wine,FALSE
8,2023,4-Stocks on Hand End-of-Period,4-Stocks on Hand End-of-Period,6-Hard Cider,130,3749979,Wine,FALSE
8,2023,4-Stocks on Hand End-of-Period,4-Stocks on Hand End-of-Period by Bulk vs Bottled,1-Bottled,986,200565574,Wine,FALSE
8,2023,4-Stocks on Hand End-of-Period,4-Stocks on Hand End-of-Period by Bulk vs Bottled,2-Bulk,1195,602405197,Wine,FALSE
9,2023,1-Production,0-Category Total,1-Production,1281,67811744,Wine,FALSE
9,2023,2-Withdrawals,0-Category Total,2-Taxable Withdrawals,2368,55623553,Wine,FALSE
9,2023,2-Withdrawals,0-Category Total,2-Taxable Withdrawals by Bulk vs Bottled,2368,55623553,Wine,FALSE
9,2023,2-Withdrawals,0-Category Total,3-Tax Free Withdrawals,838,12590366,Wine,FALSE
9,2023,2-Withdrawals,0-Category Total,3-Tax Free Withdrawals For Export,146,4895611,Wine,FALSE
9,2023,4-Stocks on Hand End-of-Period,0-Category Total,4-Stocks on Hand End-of-Period,3098,831281695,Wine,FALSE
9,2023,4-Stocks on Hand End-of-Period,0-Category Total,4-Stocks on Hand End-of-Period by Bulk vs Bottled,3098,831281695,Wine,FALSE
9,2023,01-Count of IMs,01-Count of IMs,Number of Industry Members,3759,3759,Wine,FALSE
9,2023,1-Production,1-Production,1-Low Alcohol %,1101,60106529,Wine,FALSE
9,2023,1-Production,1-Production,2-Medium and High Alcohol %,195,2717105,Wine,FALSE
9,2023,1-Production,1-Production,4-Artificially Carbonated Wine,62,156499,Wine,FALSE
9,2023,1-Production,1-Production,5-Sparkling Wine,84,2019204,Wine,FALSE
9,2023,1-Production,1-Production,6-Hard Cider,289,2812407,Wine,FALSE
9,2023,2-Withdrawals,2-Taxable Withdrawals,1-Low Alcohol %,2161,47914257,Wine,FALSE
9,2023,2-Withdrawals,2-Taxable Withdrawals,2-Medium and High Alcohol %,504,786089,Wine,FALSE
9,2023,2-Withdrawals,2-Taxable Withdrawals,4-Artificially Carbonated Wine,239,239128,Wine,FALSE
9,2023,2-Withdrawals,2-Taxable Withdrawals,5-Sparkling Wine,447,2502188,Wine,FALSE
9,2023,2-Withdrawals,2-Taxable Withdrawals,6-Hard Cider,427,4181891,Wine,FALSE
9,2023,2-Withdrawals,2-Taxable Withdrawals by Bulk vs Bottled,1-Bottled,2235,54182273,Wine,FALSE
9,2023,2-Withdrawals,2-Taxable Withdrawals by Bulk vs Bottled,2-Bulk,236,1441280,Wine,FALSE
9,2023,2-Withdrawals,3-Tax Free Withdrawals,1-Low Alcohol %,769,7432455,Wine,FALSE
9,2023,2-Withdrawals,3-Tax Free Withdrawals,2-Medium and High Alcohol %,157,4513867,Wine,FALSE
9,2023,2-Withdrawals,3-Tax Free Withdrawals,4-Artificially Carbonated/Sparkling Wine,199,36186,Wine,FALSE
9,2023,2-Withdrawals,3-Tax Free Withdrawals,6-Hard Cider,77,607858,Wine,FALSE
9,2023,2-Withdrawals,3-Tax Free Withdrawals For Export,1-Bottled Exports,133,2311821,Wine,FALSE
9,2023,2-Withdrawals,3-Tax Free Withdrawals For Export,2-Bulk Exports,22,2583790,Wine,FALSE
9,2023,4-Stocks on Hand End-of-Period,4-Stocks on Hand End-of-Period,1-Low Alcohol %,2919,783338669,Wine,FALSE
9,2023,4-Stocks on Hand End-of-Period,4-Stocks on Hand End-of-Period,2-Medium Alcohol %,1029,14062738,Wine,FALSE
9,2023,4-Stocks on Hand End-of-Period,4-Stocks on Hand End-of-Period,3-High Alcohol %,87,2315188,Wine,FALSE
9,2023,4-Stocks on Hand End-of-Period,4-Stocks on Hand End-of-Period,4-Artificially Carbonated Wine,240,1285107,Wine,FALSE
9,2023,4-Stocks on Hand End-of-Period,4-Stocks on Hand End-of-Period,5-Sparkling Wine,605,25557547,Wine,FALSE
9,2023,4-Stocks on Hand End-of-Period,4-Stocks on Hand End-of-Period,6-Hard Cider,407,4722446,Wine,FALSE
9,2023,4-Stocks on Hand End-of-Period,4-Stocks on Hand End-of-Period by Bulk vs Bottled,1-Bottled,1909,202445584,Wine,FALSE
9,2023,4-Stocks on Hand End-of-Period,4-Stocks on Hand End-of-Period by Bulk vs Bottled,2-Bulk,2780,628836111,Wine,FALSE
10,2023,1-Production,0-Category Total,1-Production,600,115978113,Wine,FALSE
10,2023,2-Withdrawals,0-Category Total,2-Taxable Withdrawals,811,51435738,Wine,FALSE
10,2023,2-Withdrawals,0-Category Total,2-Taxable Withdrawals by Bulk vs Bottled,811,51435738,Wine,FALSE
10,2023,2-Withdrawals,0-Category Total,3-Tax Free Withdrawals,401,13569840,Wine,FALSE
10,2023,2-Withdrawals,0-Category Total,3-Tax Free Withdrawals For Export,117,5155455,Wine,FALSE
10,2023,4-Stocks on Hand End-of-Period,0-Category Total,4-Stocks on Hand End-of-Period,1342,861355523,Wine,FALSE
10,2023,4-Stocks on Hand End-of-Period,0-Category Total,4-Stocks on Hand End-of-Period by Bulk vs Bottled,1342,861355523,Wine,FALSE
10,2023,01-Count of IMs,01-Count of IMs,Number of Industry Members,1569,1569,Wine,FALSE
10,2023,1-Production,1-Production,1-Low Alcohol %,556,107444947,Wine,FALSE
10,2023,1-Production,1-Production,2-Medium and High Alcohol %,94,3287427,Wine,FALSE
10,2023,1-Production,1-Production,4-Artificially Carbonated Wine,20,194105,Wine,FALSE
10,2023,1-Production,1-Production,5-Sparkling Wine,30,2507997,Wine,FALSE
10,2023,1-Production,1-Production,6-Hard Cider,61,2543637,Wine,FALSE
10,2023,2-Withdrawals,2-Taxable Withdrawals,1-Low Alcohol %,754,44572802,Wine,FALSE
10,2023,2-Withdrawals,2-Taxable Withdrawals,2-Medium and High Alcohol %,242,801294,Wine,FALSE
10,2023,2-Withdrawals,2-Taxable Withdrawals,4-Artificially Carbonated Wine,98,176216,Wine,FALSE
10,2023,2-Withdrawals,2-Taxable Withdrawals,5-Sparkling Wine,214,2573452,Wine,FALSE
10,2023,2-Withdrawals,2-Taxable Withdrawals,6-Hard Cider,105,3311974,Wine,FALSE
10,2023,2-Withdrawals,2-Taxable Withdrawals by Bulk vs Bottled,1-Bottled,792,49772643,Wine,FALSE
10,2023,2-Withdrawals,2-Taxable Withdrawals by Bulk vs Bottled,2-Bulk,52,1663095,Wine,FALSE
10,2023,2-Withdrawals,3-Tax Free Withdrawals,1-Low Alcohol %,372,8012346,Wine,FALSE
10,2023,2-Withdrawals,3-Tax Free Withdrawals,2-Medium and High Alcohol %,,,Wine,TRUE
10,2023,2-Withdrawals,3-Tax Free Withdrawals,4-Artificially Carbonated/Sparkling Wine,90,67009,Wine,FALSE
10,2023,2-Withdrawals,3-Tax Free Withdrawals,6-Hard Cider,,,Wine,TRUE
10,2023,2-Withdrawals,3-Tax Free Withdrawals For Export,1-Bottled Exports,107,2471479,Wine,FALSE
10,2023,2-Withdrawals,3-Tax Free Withdrawals For Export,2-Bulk Exports,17,2683976,Wine,FALSE
10,2023,4-Stocks on Hand End-of-Period,4-Stocks on Hand End-of-Period,1-Low Alcohol %,1282,816498492,Wine,FALSE
10,2023,4-Stocks on Hand End-of-Period,4-Stocks on Hand End-of-Period,2-Medium Alcohol %,551,13147822,Wine,FALSE
10,2023,4-Stocks on Hand End-of-Period,4-Stocks on Hand End-of-Period,3-High Alcohol %,59,2097809,Wine,FALSE
10,2023,4-Stocks on Hand End-of-Period,4-Stocks on Hand End-of-Period,4-Artificially Carbonated Wine,118,1126061,Wine,FALSE
10,2023,4-Stocks on Hand End-of-Period,4-Stocks on Hand End-of-Period,5-Sparkling Wine,340,24783792,Wine,FALSE
10,2023,4-Stocks on Hand End-of-Period,4-Stocks on Hand End-of-Period,6-Hard Cider,130,3701547,Wine,FALSE
10,2023,4-Stocks on Hand End-of-Period,4-Stocks on Hand End-of-Period by Bulk vs Bottled,1-Bottled,944,191531665,Wine,FALSE
10,2023,4-Stocks on Hand End-of-Period,4-Stocks on Hand End-of-Period by Bulk vs Bottled,2-Bulk,1193,669823857,Wine,FALSE
11,2023,1-Production,0-Category Total,1-Production,692,164864742,Wine,FALSE
11,2023,2-Withdrawals,0-Category Total,2-Taxable Withdrawals,838,52594918,Wine,FALSE
11,2023,2-Withdrawals,0-Category Total,2-Taxable Withdrawals by Bulk vs Bottled,838,52594918,Wine,FALSE
11,2023,2-Withdrawals,0-Category Total,3-Tax Free Withdrawals,400,12890983,Wine,FALSE
11,2023,2-Withdrawals,0-Category Total,3-Tax Free Withdrawals For Export,116,5446153,Wine,FALSE
11,2023,4-Stocks on Hand End-of-Period,0-Category Total,4-Stocks on Hand End-of-Period,1359,973840980,Wine,FALSE
11,2023,4-Stocks on Hand End-of-Period,0-Category Total,4-Stocks on Hand End-of-Period by Bulk vs Bottled,1359,973840980,Wine,FALSE
11,2023,01-Count of IMs,01-Count of IMs,Number of Industry Members,1577,1577,Wine,FALSE
11,2023,1-Production,1-Production,1-Low Alcohol %,650,156748287,Wine,FALSE
11,2023,1-Production,1-Production,2-Medium and High Alcohol %,121,4079109,Wine,FALSE
11,2023,1-Production,1-Production,4-Artificially Carbonated Wine,18,89084,Wine,FALSE
11,2023,1-Production,1-Production,5-Sparkling Wine,27,1831164,Wine,FALSE
11,2023,1-Production,1-Production,6-Hard Cider,58,2117099,Wine,FALSE
11,2023,2-Withdrawals,2-Taxable Withdrawals,1-Low Alcohol %,781,45747057,Wine,FALSE
11,2023,2-Withdrawals,2-Taxable Withdrawals,2-Medium and High Alcohol %,254,843735,Wine,FALSE
11,2023,2-Withdrawals,2-Taxable Withdrawals,4-Artificially Carbonated Wine,102,199475,Wine,FALSE
11,2023,2-Withdrawals,2-Taxable Withdrawals,5-Sparkling Wine,233,3042401,Wine,FALSE
11,2023,2-Withdrawals,2-Taxable Withdrawals,6-Hard Cider,106,2762249,Wine,FALSE
11,2023,2-Withdrawals,2-Taxable Withdrawals by Bulk vs Bottled,1-Bottled,823,51323239,Wine,FALSE
11,2023,2-Withdrawals,2-Taxable Withdrawals by Bulk vs Bottled,2-Bulk,44,1271679,Wine,FALSE
11,2023,2-Withdrawals,3-Tax Free Withdrawals,1-Low Alcohol %,368,7301859,Wine,FALSE
11,2023,2-Withdrawals,3-Tax Free Withdrawals,2-Medium and High Alcohol %,,,Wine,TRUE
11,2023,2-Withdrawals,3-Tax Free Withdrawals,4-Artificially Carbonated/Sparkling Wine,91,116043,Wine,FALSE
11,2023,2-Withdrawals,3-Tax Free Withdrawals,6-Hard Cider,,,Wine,TRUE
11,2023,2-Withdrawals,3-Tax Free Withdrawals For Export,1-Bottled Exports,101,2991501,Wine,FALSE
11,2023,2-Withdrawals,3-Tax Free Withdrawals For Export,2-Bulk Exports,23,2454652,Wine,FALSE
11,2023,4-Stocks on Hand End-of-Period,4-Stocks on Hand End-of-Period,1-Low Alcohol %,1307,930242770,Wine,FALSE
11,2023,4-Stocks on Hand End-of-Period,4-Stocks on Hand End-of-Period,2-Medium Alcohol %,551,13234821,Wine,FALSE
11,2023,4-Stocks on Hand End-of-Period,4-Stocks on Hand End-of-Period,3-High Alcohol %,57,1639341,Wine,FALSE
11,2023,4-Stocks on Hand End-of-Period,4-Stocks on Hand End-of-Period,4-Artificially Carbonated Wine,123,1176914,Wine,FALSE
11,2023,4-Stocks on Hand End-of-Period,4-Stocks on Hand End-of-Period,5-Sparkling Wine,341,23673586,Wine,FALSE
11,2023,4-Stocks on Hand End-of-Period,4-Stocks on Hand End-of-Period,6-Hard Cider,131,3873548,Wine,FALSE
11,2023,4-Stocks on Hand End-of-Period,4-Stocks on Hand End-of-Period by Bulk vs Bottled,1-Bottled,953,191105484,Wine,FALSE
11,2023,4-Stocks on Hand End-of-Period,4-Stocks on Hand End-of-Period by Bulk vs Bottled,2-Bulk,1204,782735496,Wine,FALSE
12,2023,1-Production,0-Category Total,1-Production,6280,215209810,Wine,FALSE
12,2023,2-Withdrawals,0-Category Total,2-Taxable Withdrawals,6163,63176493,Wine,FALSE
12,2023,2-Withdrawals,0-Category Total,2-Taxable Withdrawals by Bulk vs Bottled,6163,63176493,Wine,FALSE
12,2023,2-Withdrawals,0-Category Total,3-Tax Free Withdrawals,2954,12961130,Wine,FALSE
12,2023,2-Withdrawals,0-Category Total,3-Tax Free Withdrawals For Export,167,4365933,Wine,FALSE
12,2023,4-Stocks on Hand End-of-Period,0-Category Total,4-Stocks on Hand End-of-Period,7459,1151079035,Wine,FALSE
12,2023,4-Stocks on Hand End-of-Period,0-Category Total,4-Stocks on Hand End-of-Period by Bulk vs Bottled,7459,1151079035,Wine,FALSE
12,2023,01-Count of IMs,01-Count of IMs,Number of Industry Members,9367,9367,Wine,FALSE
12,2023,1-Production,1-Production,1-Low Alcohol %,5839,205377194,Wine,FALSE
12,2023,1-Production,1-Production,2-Medium and High Alcohol %,697,3906840,Wine,FALSE
12,2023,1-Production,1-Production,4-Artificially Carbonated Wine,165,170980,Wine,FALSE
12,2023,1-Production,1-Production,5-Sparkling Wine,303,1461930,Wine,FALSE
12,2023,1-Production,1-Production,6-Hard Cider,839,4292867,Wine,FALSE
12,2023,2-Withdrawals,2-Taxable Withdrawals,1-Low Alcohol %,5695,54886329,Wine,FALSE
12,2023,2-Withdrawals,2-Taxable Withdrawals,2-Medium and High Alcohol %,1158,932974,Wine,FALSE
12,2023,2-Withdrawals,2-Taxable Withdrawals,4-Artificially Carbonated Wine,458,358026,Wine,FALSE
12,2023,2-Withdrawals,2-Taxable Withdrawals,5-Sparkling Wine,843,2516550,Wine,FALSE
12,2023,2-Withdrawals,2-Taxable Withdrawals,6-Hard Cider,978,4482613,Wine,FALSE
12,2023,2-Withdrawals,2-Taxable Withdrawals by Bulk vs Bottled,1-Bottled,5833,60796953,Wine,FALSE
12,2023,2-Withdrawals,2-Taxable Withdrawals by Bulk vs Bottled,2-Bulk,721,2379540,Wine,FALSE
12,2023,2-Withdrawals,3-Tax Free Withdrawals,1-Low Alcohol %,2752,7315613,Wine,FALSE
12,2023,2-Withdrawals,3-Tax Free Withdrawals,2-Medium and High Alcohol %,460,5012391,Wine,FALSE
12,2023,2-Withdrawals,3-Tax Free Withdrawals,4-Artificially Carbonated/Sparkling Wine,413,56304,Wine,FALSE
12,2023,2-Withdrawals,3-Tax Free Withdrawals,6-Hard Cider,304,576822,Wine,FALSE
12,2023,2-Withdrawals,3-Tax Free Withdrawals For Export,1-Bottled Exports,152,2020500,Wine,FALSE
12,2023,2-Withdrawals,3-Tax Free Withdrawals For Export,2-Bulk Exports,24,2345434,Wine,FALSE
12,2023,4-Stocks on Hand End-of-Period,4-Stocks on Hand End-of-Period,1-Low Alcohol %,7072,1104184324,Wine,FALSE
12,2023,4-Stocks on Hand End-of-Period,4-Stocks on Hand End-of-Period,2-Medium Alcohol %,1823,13522606,Wine,FALSE
12,2023,4-Stocks on Hand End-of-Period,4-Stocks on Hand End-of-Period,3-High Alcohol %,121,1763133,Wine,FALSE
12,2023,4-Stocks on Hand End-of-Period,4-Stocks on Hand End-of-Period,4-Artificially Carbonated Wine,401,1309235,Wine,FALSE
12,2023,4-Stocks on Hand End-of-Period,4-Stocks on Hand End-of-Period,5-Sparkling Wine,999,23968685,Wine,FALSE
12,2023,4-Stocks on Hand End-of-Period,4-Stocks on Hand End-of-Period,6-Hard Cider,935,6331051,Wine,FALSE
12,2023,4-Stocks on Hand End-of-Period,4-Stocks on Hand End-of-Period by Bulk vs Bottled,1-Bottled,4548,185031524,Wine,FALSE
12,2023,4-Stocks on Hand End-of-Period,4-Stocks on Hand End-of-Period by Bulk vs Bottled,2-Bulk,6631,966047511,Wine,FALSE
1,2024,1-Production,0-Category Total,1-Production,596,61273884,Wine,FALSE
1,2024,2-Withdrawals,0-Category Total,2-Taxable Withdrawals,868,48351521,Wine,FALSE
1,2024,2-Withdrawals,0-Category Total,2-Taxable Withdrawals by Bulk vs Bottled,868,48351521,Wine,FALSE
1,2024,2-Withdrawals,0-Category Total,3-Tax Free Withdrawals,404,12634454,Wine,FALSE
1,2024,2-Withdrawals,0-Category Total,3-Tax Free Withdrawals For Export,113,5020100,Wine,FALSE
1,2024,4-Stocks on Hand End-of-Period,0-Category Total,4-Stocks on Hand End-of-Period,1365,1092366551,Wine,FALSE
1,2024,4-Stocks on Hand End-of-Period,0-Category Total,4-Stocks on Hand End-of-Period by Bulk vs Bottled,1365,1092366551,Wine,FALSE
1,2024,01-Count of IMs,01-Count of IMs,Number of Industry Members,1574,1574,Wine,FALSE
1,2024,1-Production,1-Production,1-Low Alcohol %,552,54204532,Wine,FALSE
1,2024,1-Production,1-Production,2-Medium and High Alcohol %,128,3356208,Wine,FALSE
1,2024,1-Production,1-Production,4-Artificially Carbonated Wine,18,100062,Wine,FALSE
1,2024,1-Production,1-Production,5-Sparkling Wine,31,1994068,Wine,FALSE
1,2024,1-Production,1-Production,6-Hard Cider,63,1619013,Wine,FALSE
1,2024,2-Withdrawals,2-Taxable Withdrawals,1-Low Alcohol %,811,42361921,Wine,FALSE
1,2024,2-Withdrawals,2-Taxable Withdrawals,2-Medium and High Alcohol %,224,825606,Wine,FALSE
1,2024,2-Withdrawals,2-Taxable Withdrawals,4-Artificially Carbonated Wine,89,157553,Wine,FALSE
1,2024,2-Withdrawals,2-Taxable Withdrawals,5-Sparkling Wine,217,1875425,Wine,FALSE
1,2024,2-Withdrawals,2-Taxable Withdrawals,6-Hard Cider,108,3131016,Wine,FALSE
1,2024,2-Withdrawals,2-Taxable Withdrawals by Bulk vs Bottled,1-Bottled,846,46258196,Wine,FALSE
1,2024,2-Withdrawals,2-Taxable Withdrawals by Bulk vs Bottled,2-Bulk,59,2093325,Wine,FALSE
1,2024,2-Withdrawals,3-Tax Free Withdrawals,1-Low Alcohol %,379,7133224,Wine,FALSE
1,2024,2-Withdrawals,3-Tax Free Withdrawals,2-Medium and High Alcohol %,,,Wine,TRUE
1,2024,2-Withdrawals,3-Tax Free Withdrawals,4-Artificially Carbonated/Sparkling Wine,89,62807,Wine,FALSE
1,2024,2-Withdrawals,3-Tax Free Withdrawals,6-Hard Cider,,,Wine,TRUE
1,2024,2-Withdrawals,3-Tax Free Withdrawals For Export,1-Bottled Exports,101,2141441,Wine,FALSE
1,2024,2-Withdrawals,3-Tax Free Withdrawals For Export,2-Bulk Exports,18,2878659,Wine,FALSE
1,2024,4-Stocks on Hand End-of-Period,4-Stocks on Hand End-of-Period,1-Low Alcohol %,1310,1051005058,Wine,FALSE
1,2024,4-Stocks on Hand End-of-Period,4-Stocks on Hand End-of-Period,2-Medium Alcohol %,553,11969229,Wine,FALSE
1,2024,4-Stocks on Hand End-of-Period,4-Stocks on Hand End-of-Period,3-High Alcohol %,57,1883482,Wine,FALSE
1,2024,4-Stocks on Hand End-of-Period,4-Stocks on Hand End-of-Period,4-Artificially Carbonated Wine,118,1159370,Wine,FALSE
1,2024,4-Stocks on Hand End-of-Period,4-Stocks on Hand End-of-Period,5-Sparkling Wine,333,22355332,Wine,FALSE
1,2024,4-Stocks on Hand End-of-Period,4-Stocks on Hand End-of-Period,6-Hard Cider,140,3994079,Wine,FALSE
1,2024,4-Stocks on Hand End-of-Period,4-Stocks on Hand End-of-Period by Bulk vs Bottled,1-Bottled,946,170216980,Wine,FALSE
1,2024,4-Stocks on Hand End-of-Period,4-Stocks on Hand End-of-Period by Bulk vs Bottled,2-Bulk,1217,922149571,Wine,FALSE
2,2024,1-Production,0-Category Total,1-Production,534,38785479,Wine,FALSE
2,2024,2-Withdrawals,0-Category Total,2-Taxable Withdrawals,895,47392938,Wine,FALSE
2,2024,2-Withdrawals,0-Category Total,2-Taxable Withdrawals by Bulk vs Bottled,895,47392938,Wine,FALSE
2,2024,2-Withdrawals,0-Category Total,3-Tax Free Withdrawals,422,13335814,Wine,FALSE
2,2024,2-Withdrawals,0-Category Total,3-Tax Free Withdrawals For Export,111,5018102,Wine,FALSE
2,2024,4-Stocks on Hand End-of-Period,0-Category Total,4-Stocks on Hand End-of-Period,1356,1073453411,Wine,FALSE
2,2024,4-Stocks on Hand End-of-Period,0-Category Total,4-Stocks on Hand End-of-Period by Bulk vs Bottled,1356,1073453411,Wine,FALSE
2,2024,01-Count of IMs,01-Count of IMs,Number of Industry Members,1556,1556,Wine,FALSE
2,2024,1-Production,1-Production,1-Low Alcohol %,502,31270740,Wine,FALSE
2,2024,1-Production,1-Production,2-Medium and High Alcohol %,114,3621186,Wine,FALSE
2,2024,1-Production,1-Production,4-Artificially Carbonated Wine,25,129344,Wine,FALSE
2,2024,1-Production,1-Production,5-Sparkling Wine,33,2112459,Wine,FALSE
2,2024,1-Production,1-Production,6-Hard Cider,53,1651751,Wine,FALSE
2,2024,2-Withdrawals,2-Taxable Withdrawals,1-Low Alcohol %,846,42437547,Wine,FALSE
2,2024,2-Withdrawals,2-Taxable Withdrawals,2-Medium and High Alcohol %,218,935800,Wine,FALSE
2,2024,2-Withdrawals,2-Taxable Withdrawals,4-Artificially Carbonated Wine,96,212461,Wine,FALSE
2,2024,2-Withdrawals,2-Taxable Withdrawals,5-Sparkling Wine,211,1661651,Wine,FALSE
2,2024,2-Withdrawals,2-Taxable Withdrawals,6-Hard Cider,96,2145480,Wine,FALSE
2,2024,2-Withdrawals,2-Taxable Withdrawals by Bulk vs Bottled,1-Bottled,877,45501816,Wine,FALSE
2,2024,2-Withdrawals,2-Taxable Withdrawals by Bulk vs Bottled,2-Bulk,57,1891122,Wine,FALSE
2,2024,2-Withdrawals,3-Tax Free Withdrawals,1-Low Alcohol %,393,6480303,Wine,FALSE
2,2024,2-Withdrawals,3-Tax Free Withdrawals,2-Medium and High Alcohol %,75,6459086,Wine,FALSE
2,2024,2-Withdrawals,3-Tax Free Withdrawals,4-Artificially Carbonated/Sparkling Wine,92,65367,Wine,FALSE
2,2024,2-Withdrawals,3-Tax Free Withdrawals,6-Hard Cider,27,331058,Wine,FALSE
2,2024,2-Withdrawals,3-Tax Free Withdrawals For Export,1-Bottled Exports,99,2144185,Wine,FALSE
2,2024,2-Withdrawals,3-Tax Free Withdrawals For Export,2-Bulk Exports,20,2873917,Wine,FALSE
2,2024,4-Stocks on Hand End-of-Period,4-Stocks on Hand End-of-Period,1-Low Alcohol %,1306,1032495765,Wine,FALSE
2,2024,4-Stocks on Hand End-of-Period,4-Stocks on Hand End-of-Period,2-Medium Alcohol %,551,11227872,Wine,FALSE
2,2024,4-Stocks on Hand End-of-Period,4-Stocks on Hand End-of-Period,3-High Alcohol %,61,2092542,Wine,FALSE
2,2024,4-Stocks on Hand End-of-Period,4-Stocks on Hand End-of-Period,4-Artificially Carbonated Wine,116,1116544,Wine,FALSE
2,2024,4-Stocks on Hand End-of-Period,4-Stocks on Hand End-of-Period,5-Sparkling Wine,331,22366170,Wine,FALSE
2,2024,4-Stocks on Hand End-of-Period,4-Stocks on Hand End-of-Period,6-Hard Cider,128,4154518,Wine,FALSE
2,2024,4-Stocks on Hand End-of-Period,4-Stocks on Hand End-of-Period by Bulk vs Bottled,1-Bottled,951,169809395,Wine,FALSE
2,2024,4-Stocks on Hand End-of-Period,4-Stocks on Hand End-of-Period by Bulk vs Bottled,2-Bulk,1203,903644016,Wine,FALSE
3,2024,1-Production,0-Category Total,1-Production,1342,34039997,Wine,FALSE
3,2024,2-Withdrawals,0-Category Total,2-Taxable Withdrawals,2409,52908058,Wine,FALSE
3,2024,2-Withdrawals,0-Category Total,2-Taxable Withdrawals by Bulk vs Bottled,2409,52908058,Wine,FALSE
3,2024,2-Withdrawals,0-Category Total,3-Tax Free Withdrawals,810,12733998,Wine,FALSE
3,2024,2-Withdrawals,0-Category Total,3-Tax Free Withdrawals For Export,132,4933527,Wine,FALSE
3,2024,4-Stocks on Hand End-of-Period,0-Category Total,4-Stocks on Hand End-of-Period,3194,1095934727,Wine,FALSE
3,2024,4-Stocks on Hand End-of-Period,0-Category Total,4-Stocks on Hand End-of-Period by Bulk vs Bottled,3194,1095934727,Wine,FALSE
3,2024,01-Count of IMs,01-Count of IMs,Number of Industry Members,3793,3793,Wine,FALSE
3,2024,1-Production,1-Production,1-Low Alcohol %,1159,25804388,Wine,FALSE
3,2024,1-Production,1-Production,2-Medium and High Alcohol %,204,3362800,Wine,FALSE
3,2024,1-Production,1-Production,4-Artificially Carbonated Wine,66,154265,Wine,FALSE
3,2024,1-Production,1-Production,5-Sparkling Wine,108,2120416,Wine,FALSE
3,2024,1-Production,1-Production,6-Hard Cider,290,2598128,Wine,FALSE
3,2024,2-Withdrawals,2-Taxable Withdrawals,1-Low Alcohol %,2182,46899280,Wine,FALSE
3,2024,2-Withdrawals,2-Taxable Withdrawals,2-Medium and High Alcohol %,483,791747,Wine,FALSE
3,2024,2-Withdrawals,2-Taxable Withdrawals,4-Artificially Carbonated Wine,254,287890,Wine,FALSE
3,2024,2-Withdrawals,2-Taxable Withdrawals,5-Sparkling Wine,452,1666962,Wine,FALSE
3,2024,2-Withdrawals,2-Taxable Withdrawals,6-Hard Cider,421,3262179,Wine,FALSE
3,2024,2-Withdrawals,2-Taxable Withdrawals by Bulk vs Bottled,1-Bottled,2282,51078145,Wine,FALSE
3,2024,2-Withdrawals,2-Taxable Withdrawals by Bulk vs Bottled,2-Bulk,236,1829913,Wine,FALSE
3,2024,2-Withdrawals,3-Tax Free Withdrawals,1-Low Alcohol %,736,7006498,Wine,FALSE
3,2024,2-Withdrawals,3-Tax Free Withdrawals,2-Medium and High Alcohol %,146,5167711,Wine,FALSE
3,2024,2-Withdrawals,3-Tax Free Withdrawals,4-Artificially Carbonated/Sparkling Wine,,,Wine,TRUE
3,2024,2-Withdrawals,3-Tax Free Withdrawals,6-Hard Cider,,,Wine,TRUE
3,2024,2-Withdrawals,3-Tax Free Withdrawals For Export,1-Bottled Exports,119,2318739,Wine,FALSE
3,2024,2-Withdrawals,3-Tax Free Withdrawals For Export,2-Bulk Exports,25,2614788,Wine,FALSE
3,2024,4-Stocks on Hand End-of-Period,4-Stocks on Hand End-of-Period,1-Low Alcohol %,3022,1045296430,Wine,FALSE
3,2024,4-Stocks on Hand End-of-Period,4-Stocks on Hand End-of-Period,2-Medium Alcohol %,1035,12068519,Wine,FALSE
3,2024,4-Stocks on Hand End-of-Period,4-Stocks on Hand End-of-Period,3-High Alcohol %,94,2307437,Wine,FALSE
3,2024,4-Stocks on Hand End-of-Period,4-Stocks on Hand End-of-Period,4-Artificially Carbonated Wine,246,1277271,Wine,FALSE
3,2024,4-Stocks on Hand End-of-Period,4-Stocks on Hand End-of-Period,5-Sparkling Wine,644,29305396,Wine,FALSE
3,2024,4-Stocks on Hand End-of-Period,4-Stocks on Hand End-of-Period,6-Hard Cider,416,5679673,Wine,FALSE
3,2024,4-Stocks on Hand End-of-Period,4-Stocks on Hand End-of-Period by Bulk vs Bottled,1-Bottled,1938,185361549,Wine,FALSE
3,2024,4-Stocks on Hand End-of-Period,4-Stocks on Hand End-of-Period by Bulk vs Bottled,2-Bulk,2867,910573178,Wine,FALSE
4,2024,1-Production,0-Category Total,1-Production,509,20442181,Wine,FALSE
4,2024,2-Withdrawals,0-Category Total,2-Taxable Withdrawals,904,45806690,Wine,FALSE
4,2024,2-Withdrawals,0-Category Total,2-Taxable Withdrawals by Bulk vs Bottled,904,45806690,Wine,FALSE
4,2024,2-Withdrawals,0-Category Total,3-Tax Free Withdrawals,415,12272951,Wine,FALSE
4,2024,2-Withdrawals,0-Category Total,3-Tax Free Withdrawals For Export,125,5692811,Wine,FALSE
4,2024,4-Stocks on Hand End-of-Period,0-Category Total,4-Stocks on Hand End-of-Period,1342,1016586112,Wine,FALSE
4,2024,4-Stocks on Hand End-of-Period,0-Category Total,4-Stocks on Hand End-of-Period by Bulk vs Bottled,1342,1016586112,Wine,FALSE
4,2024,01-Count of IMs,01-Count of IMs,Number of Industry Members,1542,1542,Wine,FALSE
4,2024,1-Production,1-Production,1-Low Alcohol %,471,12439897,Wine,FALSE
4,2024,1-Production,1-Production,2-Medium and High Alcohol %,118,2896958,Wine,FALSE
4,2024,1-Production,1-Production,4-Artificially Carbonated Wine,19,109013,Wine,FALSE
4,2024,1-Production,1-Production,5-Sparkling Wine,39,3237838,Wine,FALSE
4,2024,1-Production,1-Production,6-Hard Cider,61,1758476,Wine,FALSE
4,2024,2-Withdrawals,2-Taxable Withdrawals,1-Low Alcohol %,855,40270005,Wine,FALSE
4,2024,2-Withdrawals,2-Taxable Withdrawals,2-Medium and High Alcohol %,225,778186,Wine,FALSE
4,2024,2-Withdrawals,2-Taxable Withdrawals,4-Artificially Carbonated Wine,99,353281,Wine,FALSE
4,2024,2-Withdrawals,2-Taxable Withdrawals,5-Sparkling Wine,228,1831469,Wine,FALSE
4,2024,2-Withdrawals,2-Taxable Withdrawals,6-Hard Cider,94,2573749,Wine,FALSE
4,2024,2-Withdrawals,2-Taxable Withdrawals by Bulk vs Bottled,1-Bottled,884,43625941,Wine,FALSE
4,2024,2-Withdrawals,2-Taxable Withdrawals by Bulk vs Bottled,2-Bulk,55,2180749,Wine,FALSE
4,2024,2-Withdrawals,3-Tax Free Withdrawals,1-Low Alcohol %,389,6849184,Wine,FALSE
4,2024,2-Withdrawals,3-Tax Free Withdrawals,2-Medium and High Alcohol %,76,4811988,Wine,FALSE
4,2024,2-Withdrawals,3-Tax Free Withdrawals,4-Artificially Carbonated/Sparkling Wine,99,48289,Wine,FALSE
4,2024,2-Withdrawals,3-Tax Free Withdrawals,6-Hard Cider,24,563490,Wine,FALSE
4,2024,2-Withdrawals,3-Tax Free Withdrawals For Export,1-Bottled Exports,109,2204704,Wine,FALSE
4,2024,2-Withdrawals,3-Tax Free Withdrawals For Export,2-Bulk Exports,28,3488107,Wine,FALSE
4,2024,4-Stocks on Hand End-of-Period,4-Stocks on Hand End-of-Period,1-Low Alcohol %,1292,974651667,Wine,FALSE
4,2024,4-Stocks on Hand End-of-Period,4-Stocks on Hand End-of-Period,2-Medium Alcohol %,533,10181863,Wine,FALSE
4,2024,4-Stocks on Hand End-of-Period,4-Stocks on Hand End-of-Period,3-High Alcohol %,60,2716483,Wine,FALSE
4,2024,4-Stocks on Hand End-of-Period,4-Stocks on Hand End-of-Period,4-Artificially Carbonated Wine,121,1204260,Wine,FALSE
4,2024,4-Stocks on Hand End-of-Period,4-Stocks on Hand End-of-Period,5-Sparkling Wine,331,23617405,Wine,FALSE
4,2024,4-Stocks on Hand End-of-Period,4-Stocks on Hand End-of-Period,6-Hard Cider,128,4214435,Wine,FALSE
4,2024,4-Stocks on Hand End-of-Period,4-Stocks on Hand End-of-Period by Bulk vs Bottled,1-Bottled,940,174038144,Wine,FALSE
4,2024,4-Stocks on Hand End-of-Period,4-Stocks on Hand End-of-Period by Bulk vs Bottled,2-Bulk,1181,842547968,Wine,FALSE
5,2024,1-Production,0-Category Total,1-Production,490,17622323,Wine,FALSE
5,2024,2-Withdrawals,0-Category Total,2-Taxable Withdrawals,923,47153859,Wine,FALSE
5,2024,2-Withdrawals,0-Category Total,2-Taxable Withdrawals by Bulk vs Bottled,923,47153859,Wine,FALSE
5,2024,2-Withdrawals,0-Category Total,3-Tax Free Withdrawals,418,15673123,Wine,FALSE
5,2024,2-Withdrawals,0-Category Total,3-Tax Free Withdrawals For Export,108,6472717,Wine,FALSE
5,2024,4-Stocks on Hand End-of-Period,0-Category Total,4-Stocks on Hand End-of-Period,1328,978192589,Wine,FALSE
5,2024,4-Stocks on Hand End-of-Period,0-Category Total,4-Stocks on Hand End-of-Period by Bulk vs Bottled,1328,978192589,Wine,FALSE
5,2024,01-Count of IMs,01-Count of IMs,Number of Industry Members,1548,1548,Wine,FALSE
5,2024,1-Production,1-Production,1-Low Alcohol %,453,10224791,Wine,FALSE
5,2024,1-Production,1-Production,2-Medium and High Alcohol %,111,2607129,Wine,FALSE
5,2024,1-Production,1-Production,4-Artificially Carbonated Wine,26,161676,Wine,FALSE
5,2024,1-Production,1-Production,5-Sparkling Wine,50,2894986,Wine,FALSE
5,2024,1-Production,1-Production,6-Hard Cider,61,1733741,Wine,FALSE
5,2024,2-Withdrawals,2-Taxable Withdrawals,1-Low Alcohol %,878,41428074,Wine,FALSE
5,2024,2-Withdrawals,2-Taxable Withdrawals,2-Medium and High Alcohol %,236,858909,Wine,FALSE
5,2024,2-Withdrawals,2-Taxable Withdrawals,4-Artificially Carbonated Wine,105,271030,Wine,FALSE
5,2024,2-Withdrawals,2-Taxable Withdrawals,5-Sparkling Wine,224,1660890,Wine,FALSE
5,2024,2-Withdrawals,2-Taxable Withdrawals,6-Hard Cider,106,2934956,Wine,FALSE
5,2024,2-Withdrawals,2-Taxable Withdrawals by Bulk vs Bottled,1-Bottled,904,45232636,Wine,FALSE
5,2024,2-Withdrawals,2-Taxable Withdrawals by Bulk vs Bottled,2-Bulk,56,1921223,Wine,FALSE
5,2024,2-Withdrawals,3-Tax Free Withdrawals,1-Low Alcohol %,392,10371671,Wine,FALSE
5,2024,2-Withdrawals,3-Tax Free Withdrawals,2-Medium and High Alcohol %,81,4783019,Wine,FALSE
5,2024,2-Withdrawals,3-Tax Free Withdrawals,4-Artificially Carbonated/Sparkling Wine,,,Wine,TRUE
5,2024,2-Withdrawals,3-Tax Free Withdrawals,6-Hard Cider,,,Wine,TRUE
5,2024,2-Withdrawals,3-Tax Free Withdrawals For Export,1-Bottled Exports,95,2396765,Wine,FALSE
5,2024,2-Withdrawals,3-Tax Free Withdrawals For Export,2-Bulk Exports,24,4075952,Wine,FALSE
5,2024,4-Stocks on Hand End-of-Period,4-Stocks on Hand End-of-Period,1-Low Alcohol %,1281,934631327,Wine,FALSE
5,2024,4-Stocks on Hand End-of-Period,4-Stocks on Hand End-of-Period,2-Medium Alcohol %,534,10227836,Wine,FALSE
5,2024,4-Stocks on Hand End-of-Period,4-Stocks on Hand End-of-Period,3-High Alcohol %,60,3253328,Wine,FALSE
5,2024,4-Stocks on Hand End-of-Period,4-Stocks on Hand End-of-Period,4-Artificially Carbonated Wine,121,1153132,Wine,FALSE
5,2024,4-Stocks on Hand End-of-Period,4-Stocks on Hand End-of-Period,5-Sparkling Wine,340,24771953,Wine,FALSE
5,2024,4-Stocks on Hand End-of-Period,4-Stocks on Hand End-of-Period,6-Hard Cider,127,4155012,Wine,FALSE
5,2024,4-Stocks on Hand End-of-Period,4-Stocks on Hand End-of-Period by Bulk vs Bottled,1-Bottled,946,174293802,Wine,FALSE
5,2024,4-Stocks on Hand End-of-Period,4-Stocks on Hand End-of-Period by Bulk vs Bottled,2-Bulk,1164,803898787,Wine,FALSE
6,2024,1-Production,0-Category Total,1-Production,1148,19133365,Wine,FALSE
6,2024,2-Withdrawals,0-Category Total,2-Taxable Withdrawals,2357,52969638,Wine,FALSE
6,2024,2-Withdrawals,0-Category Total,2-Taxable Withdrawals by Bulk vs Bottled,2357,52969638,Wine,FALSE
6,2024,2-Withdrawals,0-Category Total,3-Tax Free Withdrawals,815,15457780,Wine,FALSE
6,2024,2-Withdrawals,0-Category Total,3-Tax Free Withdrawals For Export,128,5926242,Wine,FALSE
6,2024,4-Stocks on Hand End-of-Period,0-Category Total,4-Stocks on Hand End-of-Period,3116,980281769,Wine,FALSE
6,2024,4-Stocks on Hand End-of-Period,0-Category Total,4-Stocks on Hand End-of-Period by Bulk vs Bottled,3116,980281769,Wine,FALSE
6,2024,01-Count of IMs,01-Count of IMs,Number of Industry Members,3720,3720,Wine,FALSE
6,2024,1-Production,1-Production,1-Low Alcohol %,973,9623163,Wine,FALSE
6,2024,1-Production,1-Production,2-Medium and High Alcohol %,202,3783683,Wine,FALSE
6,2024,1-Production,1-Production,4-Artificially Carbonated Wine,61,220437,Wine,FALSE
6,2024,1-Production,1-Production,5-Sparkling Wine,108,2639377,Wine,FALSE
6,2024,1-Production,1-Production,6-Hard Cider,287,2866706,Wine,FALSE
6,2024,2-Withdrawals,2-Taxable Withdrawals,1-Low Alcohol %,2158,46099797,Wine,FALSE
6,2024,2-Withdrawals,2-Taxable Withdrawals,2-Medium and High Alcohol %,476,758419,Wine,FALSE
6,2024,2-Withdrawals,2-Taxable Withdrawals,4-Artificially Carbonated Wine,251,313311,Wine,FALSE
6,2024,2-Withdrawals,2-Taxable Withdrawals,5-Sparkling Wine,471,1948318,Wine,FALSE
6,2024,2-Withdrawals,2-Taxable Withdrawals,6-Hard Cider,428,3849792,Wine,FALSE
6,2024,2-Withdrawals,2-Taxable Withdrawals by Bulk vs Bottled,1-Bottled,2231,52229955,Wine,FALSE
6,2024,2-Withdrawals,2-Taxable Withdrawals by Bulk vs Bottled,2-Bulk,231,739683,Wine,FALSE
6,2024,2-Withdrawals,3-Tax Free Withdrawals,1-Low Alcohol %,754,10140367,Wine,FALSE
6,2024,2-Withdrawals,3-Tax Free Withdrawals,2-Medium and High Alcohol %,151,4847286,Wine,FALSE
6,2024,2-Withdrawals,3-Tax Free Withdrawals,4-Artificially Carbonated/Sparkling Wine,189,62382,Wine,FALSE
6,2024,2-Withdrawals,3-Tax Free Withdrawals,6-Hard Cider,77,407745,Wine,FALSE
6,2024,2-Withdrawals,3-Tax Free Withdrawals For Export,1-Bottled Exports,112,2127458,Wine,FALSE
6,2024,2-Withdrawals,3-Tax Free Withdrawals For Export,2-Bulk Exports,26,3798784,Wine,FALSE
6,2024,4-Stocks on Hand End-of-Period,4-Stocks on Hand End-of-Period,1-Low Alcohol %,2957,925172909,Wine,FALSE
6,2024,4-Stocks on Hand End-of-Period,4-Stocks on Hand End-of-Period,2-Medium Alcohol %,1017,12085617,Wine,FALSE
6,2024,4-Stocks on Hand End-of-Period,4-Stocks on Hand End-of-Period,3-High Alcohol %,91,2301309,Wine,FALSE
6,2024,4-Stocks on Hand End-of-Period,4-Stocks on Hand End-of-Period,4-Artificially Carbonated Wine,244,1425899,Wine,FALSE
6,2024,4-Stocks on Hand End-of-Period,4-Stocks on Hand End-of-Period,5-Sparkling Wine,633,33518165,Wine,FALSE
6,2024,4-Stocks on Hand End-of-Period,4-Stocks on Hand End-of-Period,6-Hard Cider,406,5777869,Wine,FALSE
6,2024,4-Stocks on Hand End-of-Period,4-Stocks on Hand End-of-Period by Bulk vs Bottled,1-Bottled,1934,194392774,Wine,FALSE
6,2024,4-Stocks on Hand End-of-Period,4-Stocks on Hand End-of-Period by Bulk vs Bottled,2-Bulk,2805,785888995,Wine,FALSE
7,2024,1-Production,0-Category Total,1-Production,462,10001665,Wine,FALSE
7,2024,2-Withdrawals,0-Category Total,2-Taxable Withdrawals,911,43010563,Wine,FALSE
7,2024,2-Withdrawals,0-Category Total,2-Taxable Withdrawals by Bulk vs Bottled,911,43010563,Wine,FALSE
7,2024,2-Withdrawals,0-Category Total,3-Tax Free Withdrawals,424,11730298,Wine,FALSE
7,2024,2-Withdrawals,0-Category Total,3-Tax Free Withdrawals For Export,115,5358660,Wine,FALSE
7,2024,4-Stocks on Hand End-of-Period,0-Category Total,4-Stocks on Hand End-of-Period,1301,898870464,Wine,FALSE
7,2024,4-Stocks on Hand End-of-Period,0-Category Total,4-Stocks on Hand End-of-Period by Bulk vs Bottled,1301,898870464,Wine,FALSE
7,2024,01-Count of IMs,01-Count of IMs,Number of Industry Members,1529,1529,Wine,FALSE
7,2024,1-Production,1-Production,1-Low Alcohol %,430,2086917,Wine,FALSE
7,2024,1-Production,1-Production,2-Medium and High Alcohol %,111,3676203,Wine,FALSE
7,2024,1-Production,1-Production,4-Artificially Carbonated Wine,22,87749,Wine,FALSE
7,2024,1-Production,1-Production,5-Sparkling Wine,35,2574020,Wine,FALSE
7,2024,1-Production,1-Production,6-Hard Cider,56,1576775,Wine,FALSE
7,2024,2-Withdrawals,2-Taxable Withdrawals,1-Low Alcohol %,863,37662670,Wine,FALSE
7,2024,2-Withdrawals,2-Taxable Withdrawals,2-Medium and High Alcohol %,228,656855,Wine,FALSE
7,2024,2-Withdrawals,2-Taxable Withdrawals,4-Artificially Carbonated Wine,102,215455,Wine,FALSE
7,2024,2-Withdrawals,2-Taxable Withdrawals,5-Sparkling Wine,220,1730666,Wine,FALSE
7,2024,2-Withdrawals,2-Taxable Withdrawals,6-Hard Cider,100,2744918,Wine,FALSE
7,2024,2-Withdrawals,2-Taxable Withdrawals by Bulk vs Bottled,1-Bottled,899,41224696,Wine,FALSE
7,2024,2-Withdrawals,2-Taxable Withdrawals by Bulk vs Bottled,2-Bulk,50,1785867,Wine,FALSE
7,2024,2-Withdrawals,3-Tax Free Withdrawals,1-Low Alcohol %,396,6530184,Wine,FALSE
7,2024,2-Withdrawals,3-Tax Free Withdrawals,2-Medium and High Alcohol %,70,4537162,Wine,FALSE
7,2024,2-Withdrawals,3-Tax Free Withdrawals,4-Artificially Carbonated/Sparkling Wine,93,35979,Wine,FALSE
7,2024,2-Withdrawals,3-Tax Free Withdrawals,6-Hard Cider,27,626972,Wine,FALSE
7,2024,2-Withdrawals,3-Tax Free Withdrawals For Export,1-Bottled Exports,98,1961341,Wine,FALSE
7,2024,2-Withdrawals,3-Tax Free Withdrawals For Export,2-Bulk Exports,24,3397319,Wine,FALSE
7,2024,4-Stocks on Hand End-of-Period,4-Stocks on Hand End-of-Period,1-Low Alcohol %,1255,852518699,Wine,FALSE
7,2024,4-Stocks on Hand End-of-Period,4-Stocks on Hand End-of-Period,2-Medium Alcohol %,526,11891040,Wine,FALSE
7,2024,4-Stocks on Hand End-of-Period,4-Stocks on Hand End-of-Period,3-High Alcohol %,51,3041083,Wine,FALSE
7,2024,4-Stocks on Hand End-of-Period,4-Stocks on Hand End-of-Period,4-Artificially Carbonated Wine,121,1222686,Wine,FALSE
7,2024,4-Stocks on Hand End-of-Period,4-Stocks on Hand End-of-Period,5-Sparkling Wine,339,25970936,Wine,FALSE
7,2024,4-Stocks on Hand End-of-Period,4-Stocks on Hand End-of-Period,6-Hard Cider,129,4226020,Wine,FALSE
7,2024,4-Stocks on Hand End-of-Period,4-Stocks on Hand End-of-Period by Bulk vs Bottled,1-Bottled,947,179129225,Wine,FALSE
7,2024,4-Stocks on Hand End-of-Period,4-Stocks on Hand End-of-Period by Bulk vs Bottled,2-Bulk,1143,719741239,Wine,FALSE
8,2024,1-Production,0-Category Total,1-Production,462,20106300,Wine,FALSE
8,2024,2-Withdrawals,0-Category Total,2-Taxable Withdrawals,934,47812503,Wine,FALSE
8,2024,2-Withdrawals,0-Category Total,2-Taxable Withdrawals by Bulk vs Bottled,934,47812503,Wine,FALSE
8,2024,2-Withdrawals,0-Category Total,3-Tax Free Withdrawals,423,13229613,Wine,FALSE
8,2024,2-Withdrawals,0-Category Total,3-Tax Free Withdrawals For Export,121,7056038,Wine,FALSE
8,2024,4-Stocks on Hand End-of-Period,0-Category Total,4-Stocks on Hand End-of-Period,1303,861697442,Wine,FALSE
8,2024,4-Stocks on Hand End-of-Period,0-Category Total,4-Stocks on Hand End-of-Period by Bulk vs Bottled,1303,861697442,Wine,FALSE
8,2024,01-Count of IMs,01-Count of IMs,Number of Industry Members,1533,1533,Wine,FALSE
8,2024,1-Production,1-Production,1-Low Alcohol %,425,13176566,Wine,FALSE
8,2024,1-Production,1-Production,2-Medium and High Alcohol %,106,2975371,Wine,FALSE
8,2024,1-Production,1-Production,4-Artificially Carbonated Wine,19,100623,Wine,FALSE
8,2024,1-Production,1-Production,5-Sparkling Wine,31,2180121,Wine,FALSE
8,2024,1-Production,1-Production,6-Hard Cider,61,1673620,Wine,FALSE
8,2024,2-Withdrawals,2-Taxable Withdrawals,1-Low Alcohol %,882,41778626,Wine,FALSE
8,2024,2-Withdrawals,2-Taxable Withdrawals,2-Medium and High Alcohol %,239,658075,Wine,FALSE
8,2024,2-Withdrawals,2-Taxable Withdrawals,4-Artificially Carbonated Wine,107,224074,Wine,FALSE
8,2024,2-Withdrawals,2-Taxable Withdrawals,5-Sparkling Wine,214,1997580,Wine,FALSE
8,2024,2-Withdrawals,2-Taxable Withdrawals,6-Hard Cider,104,3154149,Wine,FALSE
8,2024,2-Withdrawals,2-Taxable Withdrawals by Bulk vs Bottled,1-Bottled,910,45311288,Wine,FALSE
8,2024,2-Withdrawals,2-Taxable Withdrawals by Bulk vs Bottled,2-Bulk,65,2501215,Wine,FALSE
8,2024,2-Withdrawals,3-Tax Free Withdrawals,1-Low Alcohol %,399,8387529,Wine,FALSE
8,2024,2-Withdrawals,3-Tax Free Withdrawals,2-Medium and High Alcohol %,81,4317648,Wine,FALSE
8,2024,2-Withdrawals,3-Tax Free Withdrawals,4-Artificially Carbonated/Sparkling Wine,92,34452,Wine,FALSE
8,2024,2-Withdrawals,3-Tax Free Withdrawals,6-Hard Cider,24,489985,Wine,FALSE
8,2024,2-Withdrawals,3-Tax Free Withdrawals For Export,1-Bottled Exports,105,2519360,Wine,FALSE
8,2024,2-Withdrawals,3-Tax Free Withdrawals For Export,2-Bulk Exports,29,4536678,Wine,FALSE
8,2024,4-Stocks on Hand End-of-Period,4-Stocks on Hand End-of-Period,1-Low Alcohol %,1257,815664001,Wine,FALSE
8,2024,4-Stocks on Hand End-of-Period,4-Stocks on Hand End-of-Period,2-Medium Alcohol %,529,11717918,Wine,FALSE
8,2024,4-Stocks on Hand End-of-Period,4-Stocks on Hand End-of-Period,3-High Alcohol %,55,2277607,Wine,FALSE
8,2024,4-Stocks on Hand End-of-Period,4-Stocks on Hand End-of-Period,4-Artificially Carbonated Wine,122,1193856,Wine,FALSE
8,2024,4-Stocks on Hand End-of-Period,4-Stocks on Hand End-of-Period,5-Sparkling Wine,335,26128692,Wine,FALSE
8,2024,4-Stocks on Hand End-of-Period,4-Stocks on Hand End-of-Period,6-Hard Cider,126,4715368,Wine,FALSE
8,2024,4-Stocks on Hand End-of-Period,4-Stocks on Hand End-of-Period by Bulk vs Bottled,1-Bottled,950,187593020,Wine,FALSE
8,2024,4-Stocks on Hand End-of-Period,4-Stocks on Hand End-of-Period by Bulk vs Bottled,2-Bulk,1140,674104422,Wine,FALSE
9,2024,1-Production,0-Category Total,1-Production,1305,101072003,Wine,FALSE
9,2024,2-Withdrawals,0-Category Total,2-Taxable Withdrawals,2283,54212734,Wine,FALSE
9,2024,2-Withdrawals,0-Category Total,2-Taxable Withdrawals by Bulk vs Bottled,2283,54212734,Wine,FALSE
9,2024,2-Withdrawals,0-Category Total,3-Tax Free Withdrawals,781,13721514,Wine,FALSE
9,2024,2-Withdrawals,0-Category Total,3-Tax Free Withdrawals For Export,124,6898115,Wine,FALSE
9,2024,4-Stocks on Hand End-of-Period,0-Category Total,4-Stocks on Hand End-of-Period,3034,931607337,Wine,FALSE
9,2024,4-Stocks on Hand End-of-Period,0-Category Total,4-Stocks on Hand End-of-Period by Bulk vs Bottled,3034,931607337,Wine,FALSE
9,2024,01-Count of IMs,01-Count of IMs,Number of Industry Members,3656,3656,Wine,FALSE
9,2024,1-Production,1-Production,1-Low Alcohol %,1144,93678618,Wine,FALSE
9,2024,1-Production,1-Production,2-Medium and High Alcohol %,181,2615714,Wine,FALSE
9,2024,1-Production,1-Production,4-Artificially Carbonated Wine,61,144797,Wine,FALSE
9,2024,1-Production,1-Production,5-Sparkling Wine,79,2139388,Wine,FALSE
9,2024,1-Production,1-Production,6-Hard Cider,266,2493487,Wine,FALSE
9,2024,2-Withdrawals,2-Taxable Withdrawals,1-Low Alcohol %,2085,46643358,Wine,FALSE
9,2024,2-Withdrawals,2-Taxable Withdrawals,2-Medium and High Alcohol %,483,772100,Wine,FALSE
9,2024,2-Withdrawals,2-Taxable Withdrawals,4-Artificially Carbonated Wine,246,246044,Wine,FALSE
9,2024,2-Withdrawals,2-Taxable Withdrawals,5-Sparkling Wine,459,2234085,Wine,FALSE
9,2024,2-Withdrawals,2-Taxable Withdrawals,6-Hard Cider,415,4317146,Wine,FALSE
9,2024,2-Withdrawals,2-Taxable Withdrawals by Bulk vs Bottled,1-Bottled,2158,50452633,Wine,FALSE
9,2024,2-Withdrawals,2-Taxable Withdrawals by Bulk vs Bottled,2-Bulk,230,3760101,Wine,FALSE
9,2024,2-Withdrawals,3-Tax Free Withdrawals,1-Low Alcohol %,720,9164675,Wine,FALSE
9,2024,2-Withdrawals,3-Tax Free Withdrawals,2-Medium and High Alcohol %,145,3954423,Wine,FALSE
9,2024,2-Withdrawals,3-Tax Free Withdrawals,4-Artificially Carbonated/Sparkling Wine,196,105441,Wine,FALSE
9,2024,2-Withdrawals,3-Tax Free Withdrawals,6-Hard Cider,72,496975,Wine,FALSE
9,2024,2-Withdrawals,3-Tax Free Withdrawals For Export,1-Bottled Exports,113,2684637,Wine,FALSE
9,2024,2-Withdrawals,3-Tax Free Withdrawals For Export,2-Bulk Exports,21,4213477,Wine,FALSE
9,2024,4-Stocks on Hand End-of-Period,4-Stocks on Hand End-of-Period,1-Low Alcohol %,2860,876194670,Wine,FALSE
9,2024,4-Stocks on Hand End-of-Period,4-Stocks on Hand End-of-Period,2-Medium Alcohol %,981,12633300,Wine,FALSE
9,2024,4-Stocks on Hand End-of-Period,4-Stocks on Hand End-of-Period,3-High Alcohol %,90,1959243,Wine,FALSE
9,2024,4-Stocks on Hand End-of-Period,4-Stocks on Hand End-of-Period,4-Artificially Carbonated Wine,243,1276884,Wine,FALSE
9,2024,4-Stocks on Hand End-of-Period,4-Stocks on Hand End-of-Period,5-Sparkling Wine,625,33983926,Wine,FALSE
9,2024,4-Stocks on Hand End-of-Period,4-Stocks on Hand End-of-Period,6-Hard Cider,396,5559315,Wine,FALSE
9,2024,4-Stocks on Hand End-of-Period,4-Stocks on Hand End-of-Period by Bulk vs Bottled,1-Bottled,1903,200363983,Wine,FALSE
9,2024,4-Stocks on Hand End-of-Period,4-Stocks on Hand End-of-Period by Bulk vs Bottled,2-Bulk,2713,731243354,Wine,FALSE
10,2024,1-Production,0-Category Total,1-Production,593,126968174,Wine,FALSE
10,2024,2-Withdrawals,0-Category Total,2-Taxable Withdrawals,780,50403256,Wine,FALSE
10,2024,2-Withdrawals,0-Category Total,2-Taxable Withdrawals by Bulk vs Bottled,780,50403256,Wine,FALSE
10,2024,2-Withdrawals,0-Category Total,3-Tax Free Withdrawals,387,11765006,Wine,FALSE
10,2024,2-Withdrawals,0-Category Total,3-Tax Free Withdrawals For Export,119,5291962,Wine,FALSE
10,2024,4-Stocks on Hand End-of-Period,0-Category Total,4-Stocks on Hand End-of-Period,1279,954410606,Wine,FALSE
10,2024,4-Stocks on Hand End-of-Period,0-Category Total,4-Stocks on Hand End-of-Period by Bulk vs Bottled,1279,954410606,Wine,FALSE
10,2024,01-Count of IMs,01-Count of IMs,Number of Industry Members,1505,1505,Wine,FALSE
10,2024,1-Production,1-Production,1-Low Alcohol %,553,118107726,Wine,FALSE
10,2024,1-Production,1-Production,2-Medium and High Alcohol %,104,5535108,Wine,FALSE
10,2024,1-Production,1-Production,4-Artificially Carbonated Wine,16,111360,Wine,FALSE
10,2024,1-Production,1-Production,5-Sparkling Wine,30,1839114,Wine,FALSE
10,2024,1-Production,1-Production,6-Hard Cider,56,1374866,Wine,FALSE
10,2024,2-Withdrawals,2-Taxable Withdrawals,1-Low Alcohol %,730,43952894,Wine,FALSE
10,2024,2-Withdrawals,2-Taxable Withdrawals,2-Medium and High Alcohol %,248,877151,Wine,FALSE
10,2024,2-Withdrawals,2-Taxable Withdrawals,4-Artificially Carbonated Wine,99,383335,Wine,FALSE
10,2024,2-Withdrawals,2-Taxable Withdrawals,5-Sparkling Wine,230,2416487,Wine,FALSE
10,2024,2-Withdrawals,2-Taxable Withdrawals,6-Hard Cider,92,2773388,Wine,FALSE
10,2024,2-Withdrawals,2-Taxable Withdrawals by Bulk vs Bottled,1-Bottled,763,48448403,Wine,FALSE
10,2024,2-Withdrawals,2-Taxable Withdrawals by Bulk vs Bottled,2-Bulk,49,1954853,Wine,FALSE
10,2024,2-Withdrawals,3-Tax Free Withdrawals,1-Low Alcohol %,363,6836193,Wine,FALSE
10,2024,2-Withdrawals,3-Tax Free Withdrawals,2-Medium and High Alcohol %,79,4312640,Wine,FALSE
10,2024,2-Withdrawals,3-Tax Free Withdrawals,4-Artificially Carbonated/Sparkling Wine,99,88059,Wine,FALSE
10,2024,2-Withdrawals,3-Tax Free Withdrawals,6-Hard Cider,27,528115,Wine,FALSE
10,2024,2-Withdrawals,3-Tax Free Withdrawals For Export,1-Bottled Exports,103,2559976,Wine,FALSE
10,2024,2-Withdrawals,3-Tax Free Withdrawals For Export,2-Bulk Exports,27,2731986,Wine,FALSE
10,2024,4-Stocks on Hand End-of-Period,4-Stocks on Hand End-of-Period,1-Low Alcohol %,1235,910147500,Wine,FALSE
10,2024,4-Stocks on Hand End-of-Period,4-Stocks on Hand End-of-Period,2-Medium Alcohol %,526,12143042,Wine,FALSE
10,2024,4-Stocks on Hand End-of-Period,4-Stocks on Hand End-of-Period,3-High Alcohol %,54,2702230,Wine,FALSE
10,2024,4-Stocks on Hand End-of-Period,4-Stocks on Hand End-of-Period,4-Artificially Carbonated Wine,124,1061525,Wine,FALSE
10,2024,4-Stocks on Hand End-of-Period,4-Stocks on Hand End-of-Period,5-Sparkling Wine,333,25089840,Wine,FALSE
10,2024,4-Stocks on Hand End-of-Period,4-Stocks on Hand End-of-Period,6-Hard Cider,119,3266470,Wine,FALSE
10,2024,4-Stocks on Hand End-of-Period,4-Stocks on Hand End-of-Period by Bulk vs Bottled,1-Bottled,911,177754696,Wine,FALSE
10,2024,4-Stocks on Hand End-of-Period,4-Stocks on Hand End-of-Period by Bulk vs Bottled,2-Bulk,1120,776655910,Wine,FALSE
11,2024,1-Production,0-Category Total,1-Production,639,70761883,Wine,FALSE
11,2024,2-Withdrawals,0-Category Total,2-Taxable Withdrawals,797,44536859,Wine,FALSE
11,2024,2-Withdrawals,0-Category Total,2-Taxable Withdrawals by Bulk vs Bottled,797,44536859,Wine,FALSE
11,2024,2-Withdrawals,0-Category Total,3-Tax Free Withdrawals,388,10812702,Wine,FALSE
11,2024,2-Withdrawals,0-Category Total,3-Tax Free Withdrawals For Export,112,5299371,Wine,FALSE
11,2024,4-Stocks on Hand End-of-Period,0-Category Total,4-Stocks on Hand End-of-Period,1290,979865830,Wine,FALSE
11,2024,4-Stocks on Hand End-of-Period,0-Category Total,4-Stocks on Hand End-of-Period by Bulk vs Bottled,1290,979865830,Wine,FALSE
11,2024,01-Count of IMs,01-Count of IMs,Number of Industry Members,1516,1516,Wine,FALSE
11,2024,1-Production,1-Production,1-Low Alcohol %,601,62912295,Wine,FALSE
11,2024,1-Production,1-Production,2-Medium and High Alcohol %,102,4029129,Wine,FALSE
11,2024,1-Production,1-Production,4-Artificially Carbonated Wine,14,187951,Wine,FALSE
11,2024,1-Production,1-Production,5-Sparkling Wine,33,1921277,Wine,FALSE
11,2024,1-Production,1-Production,6-Hard Cider,56,1711230,Wine,FALSE
11,2024,2-Withdrawals,2-Taxable Withdrawals,1-Low Alcohol %,743,38915210,Wine,FALSE
11,2024,2-Withdrawals,2-Taxable Withdrawals,2-Medium and High Alcohol %,234,740635,Wine,FALSE
11,2024,2-Withdrawals,2-Taxable Withdrawals,4-Artificially Carbonated Wine,94,217107,Wine,FALSE
11,2024,2-Withdrawals,2-Taxable Withdrawals,5-Sparkling Wine,230,2213574,Wine,FALSE
11,2024,2-Withdrawals,2-Taxable Withdrawals,6-Hard Cider,92,2450331,Wine,FALSE
11,2024,2-Withdrawals,2-Taxable Withdrawals by Bulk vs Bottled,1-Bottled,773,43259305,Wine,FALSE
11,2024,2-Withdrawals,2-Taxable Withdrawals by Bulk vs Bottled,2-Bulk,49,1277553,Wine,FALSE
11,2024,2-Withdrawals,3-Tax Free Withdrawals,1-Low Alcohol %,356,6644162,Wine,FALSE
11,2024,2-Withdrawals,3-Tax Free Withdrawals,2-Medium and High Alcohol %,75,3632795,Wine,FALSE
11,2024,2-Withdrawals,3-Tax Free Withdrawals,4-Artificially Carbonated/Sparkling Wine,92,65730,Wine,FALSE
11,2024,2-Withdrawals,3-Tax Free Withdrawals,6-Hard Cider,29,470015,Wine,FALSE
11,2024,2-Withdrawals,3-Tax Free Withdrawals For Export,1-Bottled Exports,98,2485641,Wine,FALSE
11,2024,2-Withdrawals,3-Tax Free Withdrawals For Export,2-Bulk Exports,23,2813730,Wine,FALSE
11,2024,4-Stocks on Hand End-of-Period,4-Stocks on Hand End-of-Period,1-Low Alcohol %,1245,936912126,Wine,FALSE
11,2024,4-Stocks on Hand End-of-Period,4-Stocks on Hand End-of-Period,2-Medium Alcohol %,522,11046870,Wine,FALSE
11,2024,4-Stocks on Hand End-of-Period,4-Stocks on Hand End-of-Period,3-High Alcohol %,54,2035552,Wine,FALSE
11,2024,4-Stocks on Hand End-of-Period,4-Stocks on Hand End-of-Period,4-Artificially Carbonated Wine,120,1250873,Wine,FALSE
11,2024,4-Stocks on Hand End-of-Period,4-Stocks on Hand End-of-Period,5-Sparkling Wine,339,24632263,Wine,FALSE
11,2024,4-Stocks on Hand End-of-Period,4-Stocks on Hand End-of-Period,6-Hard Cider,122,3988146,Wine,FALSE
11,2024,4-Stocks on Hand End-of-Period,4-Stocks on Hand End-of-Period by Bulk vs Bottled,1-Bottled,910,177857824,Wine,FALSE
11,2024,4-Stocks on Hand End-of-Period,4-Stocks on Hand End-of-Period by Bulk vs Bottled,2-Bulk,1133,802008006,Wine,FALSE
12,2024,1-Production,0-Category Total,1-Production,5887,134375482,Wine,FALSE
12,2024,2-Withdrawals,0-Category Total,2-Taxable Withdrawals,5984,60846437,Wine,FALSE
12,2024,2-Withdrawals,0-Category Total,2-Taxable Withdrawals by Bulk vs Bottled,5984,60846437,Wine,FALSE
12,2024,2-Withdrawals,0-Category Total,3-Tax Free Withdrawals,2828,12774150,Wine,FALSE
12,2024,2-Withdrawals,0-Category Total,3-Tax Free Withdrawals For Export,182,5649142,Wine,FALSE
12,2024,4-Stocks on Hand End-of-Period,0-Category Total,4-Stocks on Hand End-of-Period,7168,1099819831,Wine,FALSE
12,2024,4-Stocks on Hand End-of-Period,0-Category Total,4-Stocks on Hand End-of-Period by Bulk vs Bottled,7168,1099819831,Wine,FALSE
12,2024,01-Count of IMs,01-Count of IMs,Number of Industry Members,9045,9045,Wine,FALSE
12,2024,1-Production,1-Production,1-Low Alcohol %,5498,125538955,Wine,FALSE
12,2024,1-Production,1-Production,2-Medium and High Alcohol %,688,3928868,Wine,FALSE
12,2024,1-Production,1-Production,4-Artificially Carbonated Wine,163,242508,Wine,FALSE
12,2024,1-Production,1-Production,5-Sparkling Wine,304,1101803,Wine,FALSE
12,2024,1-Production,1-Production,6-Hard Cider,767,3563349,Wine,FALSE
12,2024,2-Withdrawals,2-Taxable Withdrawals,1-Low Alcohol %,5572,53202278,Wine,FALSE
12,2024,2-Withdrawals,2-Taxable Withdrawals,2-Medium and High Alcohol %,1101,917159,Wine,FALSE
12,2024,2-Withdrawals,2-Taxable Withdrawals,4-Artificially Carbonated Wine,460,382578,Wine,FALSE
12,2024,2-Withdrawals,2-Taxable Withdrawals,5-Sparkling Wine,871,2322706,Wine,FALSE
12,2024,2-Withdrawals,2-Taxable Withdrawals,6-Hard Cider,936,4021717,Wine,FALSE
12,2024,2-Withdrawals,2-Taxable Withdrawals by Bulk vs Bottled,1-Bottled,5697,58439031,Wine,FALSE
12,2024,2-Withdrawals,2-Taxable Withdrawals by Bulk vs Bottled,2-Bulk,690,2407406,Wine,FALSE
12,2024,2-Withdrawals,3-Tax Free Withdrawals,1-Low Alcohol %,2625,8797309,Wine,FALSE
12,2024,2-Withdrawals,3-Tax Free Withdrawals,2-Medium and High Alcohol %,,,Wine,TRUE
12,2024,2-Withdrawals,3-Tax Free Withdrawals,4-Artificially Carbonated/Sparkling Wine,424,76306,Wine,FALSE
12,2024,2-Withdrawals,3-Tax Free Withdrawals,6-Hard Cider,292,405094,Wine,FALSE
12,2024,2-Withdrawals,3-Tax Free Withdrawals For Export,1-Bottled Exports,158,2182685,Wine,FALSE
12,2024,2-Withdrawals,3-Tax Free Withdrawals For Export,2-Bulk Exports,33,3466457,Wine,FALSE
12,2024,4-Stocks on Hand End-of-Period,4-Stocks on Hand End-of-Period,1-Low Alcohol %,6813,1052435761,Wine,FALSE
12,2024,4-Stocks on Hand End-of-Period,4-Stocks on Hand End-of-Period,2-Medium Alcohol %,1751,12895734,Wine,FALSE
12,2024,4-Stocks on Hand End-of-Period,4-Stocks on Hand End-of-Period,3-High Alcohol %,121,2392436,Wine,FALSE
12,2024,4-Stocks on Hand End-of-Period,4-Stocks on Hand End-of-Period,4-Artificially Carbonated Wine,394,1323906,Wine,FALSE
12,2024,4-Stocks on Hand End-of-Period,4-Stocks on Hand End-of-Period,5-Sparkling Wine,1008,24611770,Wine,FALSE
12,2024,4-Stocks on Hand End-of-Period,4-Stocks on Hand End-of-Period,6-Hard Cider,862,6160225,Wine,FALSE
12,2024,4-Stocks on Hand End-of-Period,4-Stocks on Hand End-of-Period by Bulk vs Bottled,1-Bottled,4399,183147823,Wine,FALSE
12,2024,4-Stocks on Hand End-of-Period,4-Stocks on Hand End-of-Period by Bulk vs Bottled,2-Bulk,6381,916672008,Wine,FALSE
1,2025,1-Production,0-Category Total,1-Production,528,45571753,Wine,FALSE
1,2025,2-Withdrawals,0-Category Total,2-Taxable Withdrawals,798,43961403,Wine,FALSE
1,2025,2-Withdrawals,0-Category Total,2-Taxable Withdrawals by Bulk vs Bottled,798,43961403,Wine,FALSE
1,2025,2-Withdrawals,0-Category Total,3-Tax Free Withdrawals,390,11086303,Wine,FALSE
1,2025,2-Withdrawals,0-Category Total,3-Tax Free Withdrawals For Export,118,5928213,Wine,FALSE
1,2025,4-Stocks on Hand End-of-Period,0-Category Total,4-Stocks on Hand End-of-Period,1264,1019522545,Wine,FALSE
1,2025,4-Stocks on Hand End-of-Period,0-Category Total,4-Stocks on Hand End-of-Period by Bulk vs Bottled,1264,1019522545,Wine,FALSE
1,2025,01-Count of IMs,01-Count of IMs,Number of Industry Members,1482,1482,Wine,FALSE
1,2025,1-Production,1-Production,1-Low Alcohol %,486,39691323,Wine,FALSE
1,2025,1-Production,1-Production,2-Medium and High Alcohol %,102,2457036,Wine,FALSE
1,2025,1-Production,1-Production,4-Artificially Carbonated Wine,14,66095,Wine,FALSE
1,2025,1-Production,1-Production,5-Sparkling Wine,28,2028361,Wine,FALSE
1,2025,1-Production,1-Production,6-Hard Cider,52,1328938,Wine,FALSE
1,2025,2-Withdrawals,2-Taxable Withdrawals,1-Low Alcohol %,753,38733322,Wine,FALSE
1,2025,2-Withdrawals,2-Taxable Withdrawals,2-Medium and High Alcohol %,215,755481,Wine,FALSE
1,2025,2-Withdrawals,2-Taxable Withdrawals,4-Artificially Carbonated Wine,85,221446,Wine,FALSE
1,2025,2-Withdrawals,2-Taxable Withdrawals,5-Sparkling Wine,207,1652555,Wine,FALSE
1,2025,2-Withdrawals,2-Taxable Withdrawals,6-Hard Cider,87,2598599,Wine,FALSE
1,2025,2-Withdrawals,2-Taxable Withdrawals by Bulk vs Bottled,1-Bottled,784,42393178,Wine,FALSE
1,2025,2-Withdrawals,2-Taxable Withdrawals by Bulk vs Bottled,2-Bulk,48,1568225,Wine,FALSE
1,2025,2-Withdrawals,3-Tax Free Withdrawals,1-Low Alcohol %,360,6708917,Wine,FALSE
1,2025,2-Withdrawals,3-Tax Free Withdrawals,2-Medium and High Alcohol %,63,4020644,Wine,FALSE
1,2025,2-Withdrawals,3-Tax Free Withdrawals,4-Artificially Carbonated/Sparkling Wine,90,28461,Wine,FALSE
1,2025,2-Withdrawals,3-Tax Free Withdrawals,6-Hard Cider,29,328280,Wine,FALSE
1,2025,2-Withdrawals,3-Tax Free Withdrawals For Export,1-Bottled Exports,103,2007165,Wine,FALSE
1,2025,2-Withdrawals,3-Tax Free Withdrawals For Export,2-Bulk Exports,28,3921048,Wine,FALSE
1,2025,4-Stocks on Hand End-of-Period,4-Stocks on Hand End-of-Period,1-Low Alcohol %,1219,977999427,Wine,FALSE
1,2025,4-Stocks on Hand End-of-Period,4-Stocks on Hand End-of-Period,2-Medium Alcohol %,518,10915236,Wine,FALSE
1,2025,4-Stocks on Hand End-of-Period,4-Stocks on Hand End-of-Period,3-High Alcohol %,58,2082700,Wine,FALSE
1,2025,4-Stocks on Hand End-of-Period,4-Stocks on Hand End-of-Period,4-Artificially Carbonated Wine,117,946631,Wine,FALSE
1,2025,4-Stocks on Hand End-of-Period,4-Stocks on Hand End-of-Period,5-Sparkling Wine,331,23621836,Wine,FALSE
1,2025,4-Stocks on Hand End-of-Period,4-Stocks on Hand End-of-Period,6-Hard Cider,121,3956714,Wine,FALSE
1,2025,4-Stocks on Hand End-of-Period,4-Stocks on Hand End-of-Period by Bulk vs Bottled,1-Bottled,876,166076142,Wine,FALSE
1,2025,4-Stocks on Hand End-of-Period,4-Stocks on Hand End-of-Period by Bulk vs Bottled,2-Bulk,1118,853446403,Wine,FALSE
2,2025,1-Production,0-Category Total,1-Production,452,31670886,Wine,FALSE
2,2025,2-Withdrawals,0-Category Total,2-Taxable Withdrawals,830,44516934,Wine,FALSE
2,2025,2-Withdrawals,0-Category Total,2-Taxable Withdrawals by Bulk vs Bottled,830,44516934,Wine,FALSE
2,2025,2-Withdrawals,0-Category Total,3-Tax Free Withdrawals,395,10402704,Wine,FALSE
2,2025,2-Withdrawals,0-Category Total,3-Tax Free Withdrawals For Export,112,5492950,Wine,FALSE
2,2025,4-Stocks on Hand End-of-Period,0-Category Total,4-Stocks on Hand End-of-Period,1249,1000692869,Wine,FALSE
2,2025,4-Stocks on Hand End-of-Period,0-Category Total,4-Stocks on Hand End-of-Period by Bulk vs Bottled,1249,1000692869,Wine,FALSE
2,2025,01-Count of IMs,01-Count of IMs,Number of Industry Members,1455,1455,Wine,FALSE
2,2025,1-Production,1-Production,1-Low Alcohol %,418,25275996,Wine,FALSE
2,2025,1-Production,1-Production,2-Medium and High Alcohol %,102,2599737,Wine,FALSE
2,2025,1-Production,1-Production,4-Artificially Carbonated Wine,17,128253,Wine,FALSE
2,2025,1-Production,1-Production,5-Sparkling Wine,32,2494943,Wine,FALSE
2,2025,1-Production,1-Production,6-Hard Cider,45,1171957,Wine,FALSE
2,2025,2-Withdrawals,2-Taxable Withdrawals,1-Low Alcohol %,781,39976091,Wine,FALSE
2,2025,2-Withdrawals,2-Taxable Withdrawals,2-Medium and High Alcohol %,220,700602,Wine,FALSE
2,2025,2-Withdrawals,2-Taxable Withdrawals,4-Artificially Carbonated Wine,100,187049,Wine,FALSE
2,2025,2-Withdrawals,2-Taxable Withdrawals,5-Sparkling Wine,203,1503133,Wine,FALSE
2,2025,2-Withdrawals,2-Taxable Withdrawals,6-Hard Cider,87,2150059,Wine,FALSE
2,2025,2-Withdrawals,2-Taxable Withdrawals by Bulk vs Bottled,1-Bottled,812,40655231,Wine,FALSE
2,2025,2-Withdrawals,2-Taxable Withdrawals by Bulk vs Bottled,2-Bulk,43,3861703,Wine,FALSE
2,2025,2-Withdrawals,3-Tax Free Withdrawals,1-Low Alcohol %,368,6292220,Wine,FALSE
2,2025,2-Withdrawals,3-Tax Free Withdrawals,2-Medium and High Alcohol %,65,3786663,Wine,FALSE
2,2025,2-Withdrawals,3-Tax Free Withdrawals,4-Artificially Carbonated/Sparkling Wine,90,38207,Wine,FALSE
2,2025,2-Withdrawals,3-Tax Free Withdrawals,6-Hard Cider,27,285615,Wine,FALSE
2,2025,2-Withdrawals,3-Tax Free Withdrawals For Export,1-Bottled Exports,97,1975651,Wine,FALSE
2,2025,2-Withdrawals,3-Tax Free Withdrawals For Export,2-Bulk Exports,28,3517300,Wine,FALSE
2,2025,4-Stocks on Hand End-of-Period,4-Stocks on Hand End-of-Period,1-Low Alcohol %,1206,958797638,Wine,FALSE
2,2025,4-Stocks on Hand End-of-Period,4-Stocks on Hand End-of-Period,2-Medium Alcohol %,511,10922031,Wine,FALSE
2,2025,4-Stocks on Hand End-of-Period,4-Stocks on Hand End-of-Period,3-High Alcohol %,55,1604873,Wine,FALSE
2,2025,4-Stocks on Hand End-of-Period,4-Stocks on Hand End-of-Period,4-Artificially Carbonated Wine,117,894361,Wine,FALSE
2,2025,4-Stocks on Hand End-of-Period,4-Stocks on Hand End-of-Period,5-Sparkling Wine,330,24497145,Wine,FALSE
2,2025,4-Stocks on Hand End-of-Period,4-Stocks on Hand End-of-Period,6-Hard Cider,116,3976822,Wine,FALSE
2,2025,4-Stocks on Hand End-of-Period,4-Stocks on Hand End-of-Period by Bulk vs Bottled,1-Bottled,885,168147058,Wine,FALSE
2,2025,4-Stocks on Hand End-of-Period,4-Stocks on Hand End-of-Period by Bulk vs Bottled,2-Bulk,1112,832545810,Wine,FALSE
3,2025,1-Production,0-Category Total,1-Production,1227,29182490,Wine,FALSE
3,2025,2-Withdrawals,0-Category Total,2-Taxable Withdrawals,2263,48769907,Wine,FALSE
3,2025,2-Withdrawals,0-Category Total,2-Taxable Withdrawals by Bulk vs Bottled,2263,48769907,Wine,FALSE
3,2025,2-Withdrawals,0-Category Total,3-Tax Free Withdrawals,791,12639438,Wine,FALSE
3,2025,2-Withdrawals,0-Category Total,3-Tax Free Withdrawals For Export,118,4974690,Wine,FALSE
3,2025,4-Stocks on Hand End-of-Period,0-Category Total,4-Stocks on Hand End-of-Period,3014,1011092355,Wine,FALSE
3,2025,4-Stocks on Hand End-of-Period,0-Category Total,4-Stocks on Hand End-of-Period by Bulk vs Bottled,3014,1011092355,Wine,FALSE
3,2025,01-Count of IMs,01-Count of IMs,Number of Industry Members,3623,3623,Wine,FALSE
3,2025,1-Production,1-Production,1-Low Alcohol %,1077,21132417,Wine,FALSE
3,2025,1-Production,1-Production,2-Medium and High Alcohol %,209,3871533,Wine,FALSE
3,2025,1-Production,1-Production,4-Artificially Carbonated Wine,66,159813,Wine,FALSE
3,2025,1-Production,1-Production,5-Sparkling Wine,95,1753068,Wine,FALSE
3,2025,1-Production,1-Production,6-Hard Cider,254,2265658,Wine,FALSE
3,2025,2-Withdrawals,2-Taxable Withdrawals,1-Low Alcohol %,2073,43122797,Wine,FALSE
3,2025,2-Withdrawals,2-Taxable Withdrawals,2-Medium and High Alcohol %,454,757674,Wine,FALSE
3,2025,2-Withdrawals,2-Taxable Withdrawals,4-Artificially Carbonated Wine,258,292702,Wine,FALSE
3,2025,2-Withdrawals,2-Taxable Withdrawals,5-Sparkling Wine,458,1805499,Wine,FALSE
3,2025,2-Withdrawals,2-Taxable Withdrawals,6-Hard Cider,378,2791235,Wine,FALSE
3,2025,2-Withdrawals,2-Taxable Withdrawals by Bulk vs Bottled,1-Bottled,2152,47660687,Wine,FALSE
3,2025,2-Withdrawals,2-Taxable Withdrawals by Bulk vs Bottled,2-Bulk,207,1109220,Wine,FALSE
3,2025,2-Withdrawals,3-Tax Free Withdrawals,1-Low Alcohol %,718,6842101,Wine,FALSE
3,2025,2-Withdrawals,3-Tax Free Withdrawals,2-Medium and High Alcohol %,146,5479994,Wine,FALSE
3,2025,2-Withdrawals,3-Tax Free Withdrawals,4-Artificially Carbonated/Sparkling Wine,190,28201,Wine,FALSE
3,2025,2-Withdrawals,3-Tax Free Withdrawals,6-Hard Cider,73,289142,Wine,FALSE
3,2025,2-Withdrawals,3-Tax Free Withdrawals For Export,1-Bottled Exports,104,1651061,Wine,FALSE
3,2025,2-Withdrawals,3-Tax Free Withdrawals For Export,2-Bulk Exports,24,3323629,Wine,FALSE
3,2025,4-Stocks on Hand End-of-Period,4-Stocks on Hand End-of-Period,1-Low Alcohol %,2854,967160203,Wine,FALSE
3,2025,4-Stocks on Hand End-of-Period,4-Stocks on Hand End-of-Period,2-Medium Alcohol %,983,11458169,Wine,FALSE
3,2025,4-Stocks on Hand End-of-Period,4-Stocks on Hand End-of-Period,3-High Alcohol %,91,1932782,Wine,FALSE
3,2025,4-Stocks on Hand End-of-Period,4-Stocks on Hand End-of-Period,4-Artificially Carbonated Wine,263,920557,Wine,FALSE
3,2025,4-Stocks on Hand End-of-Period,4-Stocks on Hand End-of-Period,5-Sparkling Wine,631,24828707,Wine,FALSE
3,2025,4-Stocks on Hand End-of-Period,4-Stocks on Hand End-of-Period,6-Hard Cider,391,4791938,Wine,FALSE
3,2025,4-Stocks on Hand End-of-Period,4-Stocks on Hand End-of-Period by Bulk vs Bottled,1-Bottled,1849,175287243,Wine,FALSE
3,2025,4-Stocks on Hand End-of-Period,4-Stocks on Hand End-of-Period by Bulk vs Bottled,2-Bulk,2722,835805112,Wine,FALSE
4,2025,1-Production,0-Category Total,1-Production,456,16215001,Wine,FALSE
4,2025,2-Withdrawals,0-Category Total,2-Taxable Withdrawals,855,43326589,Wine,FALSE
4,2025,2-Withdrawals,0-Category Total,2-Taxable Withdrawals by Bulk vs Bottled,855,43326589,Wine,FALSE
4,2025,2-Withdrawals,0-Category Total,3-Tax Free Withdrawals,382,8694995,Wine,FALSE
4,2025,2-Withdrawals,0-Category Total,3-Tax Free Withdrawals For Export,97,4009530,Wine,FALSE
4,2025,4-Stocks on Hand End-of-Period,0-Category Total,4-Stocks on Hand End-of-Period,1237,947829598,Wine,FALSE
4,2025,4-Stocks on Hand End-of-Period,0-Category Total,4-Stocks on Hand End-of-Period by Bulk vs Bottled,1237,947829598,Wine,FALSE
4,2025,01-Count of IMs,01-Count of IMs,Number of Industry Members,1450,1450,Wine,FALSE
4,2025,1-Production,1-Production,1-Low Alcohol %,424,9469125,Wine,FALSE
4,2025,1-Production,1-Production,2-Medium and High Alcohol %,112,3388118,Wine,FALSE
4,2025,1-Production,1-Production,4-Artificially Carbonated Wine,21,209360,Wine,FALSE
4,2025,1-Production,1-Production,5-Sparkling Wine,44,1944732,Wine,FALSE
4,2025,1-Production,1-Production,6-Hard Cider,47,1203666,Wine,FALSE
4,2025,2-Withdrawals,2-Taxable Withdrawals,1-Low Alcohol %,809,38601739,Wine,FALSE
4,2025,2-Withdrawals,2-Taxable Withdrawals,2-Medium and High Alcohol %,206,693863,Wine,FALSE
4,2025,2-Withdrawals,2-Taxable Withdrawals,4-Artificially Carbonated Wine,102,208831,Wine,FALSE
4,2025,2-Withdrawals,2-Taxable Withdrawals,5-Sparkling Wine,210,1540878,Wine,FALSE
4,2025,2-Withdrawals,2-Taxable Withdrawals,6-Hard Cider,85,2281278,Wine,FALSE
4,2025,2-Withdrawals,2-Taxable Withdrawals by Bulk vs Bottled,1-Bottled,837,42209421,Wine,FALSE
4,2025,2-Withdrawals,2-Taxable Withdrawals by Bulk vs Bottled,2-Bulk,51,1117168,Wine,FALSE
4,2025,2-Withdrawals,3-Tax Free Withdrawals,1-Low Alcohol %,357,5163579,Wine,FALSE
4,2025,2-Withdrawals,3-Tax Free Withdrawals,2-Medium and High Alcohol %,64,2933967,Wine,FALSE
4,2025,2-Withdrawals,3-Tax Free Withdrawals,4-Artificially Carbonated/Sparkling Wine,,,Wine,TRUE
4,2025,2-Withdrawals,3-Tax Free Withdrawals,6-Hard Cider,,,Wine,TRUE
4,2025,2-Withdrawals,3-Tax Free Withdrawals For Export,1-Bottled Exports,84,1559193,Wine,FALSE
4,2025,2-Withdrawals,3-Tax Free Withdrawals For Export,2-Bulk Exports,24,2450337,Wine,FALSE
4,2025,4-Stocks on Hand End-of-Period,4-Stocks on Hand End-of-Period,1-Low Alcohol %,1194,905890065,Wine,FALSE
4,2025,4-Stocks on Hand End-of-Period,4-Stocks on Hand End-of-Period,2-Medium Alcohol %,513,10510574,Wine,FALSE
4,2025,4-Stocks on Hand End-of-Period,4-Stocks on Hand End-of-Period,3-High Alcohol %,57,2764575,Wine,FALSE
4,2025,4-Stocks on Hand End-of-Period,4-Stocks on Hand End-of-Period,4-Artificially Carbonated Wine,120,1137340,Wine,FALSE
4,2025,4-Stocks on Hand End-of-Period,4-Stocks on Hand End-of-Period,5-Sparkling Wine,328,24480344,Wine,FALSE
4,2025,4-Stocks on Hand End-of-Period,4-Stocks on Hand End-of-Period,6-Hard Cider,120,3046701,Wine,FALSE
4,2025,4-Stocks on Hand End-of-Period,4-Stocks on Hand End-of-Period by Bulk vs Bottled,1-Bottled,872,176739528,Wine,FALSE
4,2025,4-Stocks on Hand End-of-Period,4-Stocks on Hand End-of-Period by Bulk vs Bottled,2-Bulk,1094,771090070,Wine,FALSE
5,2025,1-Production,0-Category Total,1-Production,451,8001465,Wine,FALSE
5,2025,2-Withdrawals,0-Category Total,2-Taxable Withdrawals,851,41840852,Wine,FALSE
5,2025,2-Withdrawals,0-Category Total,2-Taxable Withdrawals by Bulk vs Bottled,851,41840852,Wine,FALSE
5,2025,2-Withdrawals,0-Category Total,3-Tax Free Withdrawals,385,10386572,Wine,FALSE
5,2025,2-Withdrawals,0-Category Total,3-Tax Free Withdrawals For Export,100,4510181,Wine,FALSE
5,2025,4-Stocks on Hand End-of-Period,0-Category Total,4-Stocks on Hand End-of-Period,1228,907612142,Wine,FALSE
5,2025,4-Stocks on Hand End-of-Period,0-Category Total,4-Stocks on Hand End-of-Period by Bulk vs Bottled,1228,907612142,Wine,FALSE
5,2025,01-Count of IMs,01-Count of IMs,Number of Industry Members,1442,1442,Wine,FALSE
5,2025,1-Production,1-Production,1-Low Alcohol %,417,2307380,Wine,FALSE
5,2025,1-Production,1-Production,2-Medium and High Alcohol %,112,2521232,Wine,FALSE
5,2025,1-Production,1-Production,4-Artificially Carbonated Wine,18,248510,Wine,FALSE
5,2025,1-Production,1-Production,5-Sparkling Wine,42,1556912,Wine,FALSE
5,2025,1-Production,1-Production,6-Hard Cider,53,1367431,Wine,FALSE
5,2025,2-Withdrawals,2-Taxable Withdrawals,1-Low Alcohol %,811,36955944,Wine,FALSE
5,2025,2-Withdrawals,2-Taxable Withdrawals,2-Medium and High Alcohol %,232,667610,Wine,FALSE
5,2025,2-Withdrawals,2-Taxable Withdrawals,4-Artificially Carbonated Wine,100,208068,Wine,FALSE
5,2025,2-Withdrawals,2-Taxable Withdrawals,5-Sparkling Wine,222,1440190,Wine,FALSE
5,2025,2-Withdrawals,2-Taxable Withdrawals,6-Hard Cider,93,2569040,Wine,FALSE
5,2025,2-Withdrawals,2-Taxable Withdrawals by Bulk vs Bottled,1-Bottled,830,40442145,Wine,FALSE
5,2025,2-Withdrawals,2-Taxable Withdrawals by Bulk vs Bottled,2-Bulk,52,1398707,Wine,FALSE
5,2025,2-Withdrawals,3-Tax Free Withdrawals,1-Low Alcohol %,354,6058652,Wine,FALSE
5,2025,2-Withdrawals,3-Tax Free Withdrawals,2-Medium and High Alcohol %,,,Wine,TRUE
5,2025,2-Withdrawals,3-Tax Free Withdrawals,4-Artificially Carbonated/Sparkling Wine,86,49660,Wine,FALSE
5,2025,2-Withdrawals,3-Tax Free Withdrawals,6-Hard Cider,,,Wine,TRUE
5,2025,2-Withdrawals,3-Tax Free Withdrawals For Export,1-Bottled Exports,90,1365797,Wine,FALSE
5,2025,2-Withdrawals,3-Tax Free Withdrawals For Export,2-Bulk Exports,17,3144384,Wine,FALSE
5,2025,4-Stocks on Hand End-of-Period,4-Stocks on Hand End-of-Period,1-Low Alcohol %,1190,867493184,Wine,FALSE
5,2025,4-Stocks on Hand End-of-Period,4-Stocks on Hand End-of-Period,2-Medium Alcohol %,499,11115692,Wine,FALSE
5,2025,4-Stocks on Hand End-of-Period,4-Stocks on Hand End-of-Period,3-High Alcohol %,54,1968493,Wine,FALSE
5,2025,4-Stocks on Hand End-of-Period,4-Stocks on Hand End-of-Period,4-Artificially Carbonated Wine,120,1239337,Wine,FALSE
5,2025,4-Stocks on Hand End-of-Period,4-Stocks on Hand End-of-Period,5-Sparkling Wine,334,23075166,Wine,FALSE
5,2025,4-Stocks on Hand End-of-Period,4-Stocks on Hand End-of-Period,6-Hard Cider,119,2720270,Wine,FALSE
5,2025,4-Stocks on Hand End-of-Period,4-Stocks on Hand End-of-Period by Bulk vs Bottled,1-Bottled,875,178124913,Wine,FALSE
5,2025,4-Stocks on Hand End-of-Period,4-Stocks on Hand End-of-Period by Bulk vs Bottled,2-Bulk,1082,729487229,Wine,FALSE
6,2025,1-Production,0-Category Total,1-Production,1072,13835206,Wine,FALSE
6,2025,2-Withdrawals,0-Category Total,2-Taxable Withdrawals,2286,49896924,Wine,FALSE
6,2025,2-Withdrawals,0-Category Total,2-Taxable Withdrawals by Bulk vs Bottled,2286,49896924,Wine,FALSE
6,2025,2-Withdrawals,0-Category Total,3-Tax Free Withdrawals,765,10283760,Wine,FALSE
6,2025,2-Withdrawals,0-Category Total,3-Tax Free Withdrawals For Export,99,4391880,Wine,FALSE
6,2025,4-Stocks on Hand End-of-Period,0-Category Total,4-Stocks on Hand End-of-Period,2973,907161036,Wine,FALSE
6,2025,4-Stocks on Hand End-of-Period,0-Category Total,4-Stocks on Hand End-of-Period by Bulk vs Bottled,2973,907161036,Wine,FALSE
6,2025,01-Count of IMs,01-Count of IMs,Number of Industry Members,3599,3599,Wine,FALSE
6,2025,1-Production,1-Production,1-Low Alcohol %,906,7794682,Wine,FALSE
6,2025,1-Production,1-Production,2-Medium and High Alcohol %,193,2140759,Wine,FALSE
6,2025,1-Production,1-Production,4-Artificially Carbonated Wine,65,196114,Wine,FALSE
6,2025,1-Production,1-Production,5-Sparkling Wine,101,1822896,Wine,FALSE
6,2025,1-Production,1-Production,6-Hard Cider,254,1880754,Wine,FALSE
6,2025,2-Withdrawals,2-Taxable Withdrawals,1-Low Alcohol %,2094,44160876,Wine,FALSE
6,2025,2-Withdrawals,2-Taxable Withdrawals,2-Medium and High Alcohol %,471,670248,Wine,FALSE
6,2025,2-Withdrawals,2-Taxable Withdrawals,4-Artificially Carbonated Wine,260,392712,Wine,FALSE
6,2025,2-Withdrawals,2-Taxable Withdrawals,5-Sparkling Wine,465,1364269,Wine,FALSE
6,2025,2-Withdrawals,2-Taxable Withdrawals,6-Hard Cider,388,3308819,Wine,FALSE
6,2025,2-Withdrawals,2-Taxable Withdrawals by Bulk vs Bottled,1-Bottled,2172,48521583,Wine,FALSE
6,2025,2-Withdrawals,2-Taxable Withdrawals by Bulk vs Bottled,2-Bulk,208,1375341,Wine,FALSE
6,2025,2-Withdrawals,3-Tax Free Withdrawals,1-Low Alcohol %,692,6254455,Wine,FALSE
6,2025,2-Withdrawals,3-Tax Free Withdrawals,2-Medium and High Alcohol %,144,3793863,Wine,FALSE
6,2025,2-Withdrawals,3-Tax Free Withdrawals,4-Artificially Carbonated/Sparkling Wine,181,31096,Wine,FALSE
6,2025,2-Withdrawals,3-Tax Free Withdrawals,6-Hard Cider,74,204346,Wine,FALSE
6,2025,2-Withdrawals,3-Tax Free Withdrawals For Export,1-Bottled Exports,84,1249605,Wine,FALSE
6,2025,2-Withdrawals,3-Tax Free Withdrawals For Export,2-Bulk Exports,21,3142275,Wine,FALSE
6,2025,4-Stocks on Hand End-of-Period,4-Stocks on Hand End-of-Period,1-Low Alcohol %,2816,862906084,Wine,FALSE
6,2025,4-Stocks on Hand End-of-Period,4-Stocks on Hand End-of-Period,2-Medium Alcohol %,957,11913404,Wine,FALSE
6,2025,4-Stocks on Hand End-of-Period,4-Stocks on Hand End-of-Period,3-High Alcohol %,88,1661248,Wine,FALSE
6,2025,4-Stocks on Hand End-of-Period,4-Stocks on Hand End-of-Period,4-Artificially Carbonated Wine,264,1376717,Wine,FALSE
6,2025,4-Stocks on Hand End-of-Period,4-Stocks on Hand End-of-Period,5-Sparkling Wine,638,25518725,Wine,FALSE
6,2025,4-Stocks on Hand End-of-Period,4-Stocks on Hand End-of-Period,6-Hard Cider,380,3784858,Wine,FALSE
6,2025,4-Stocks on Hand End-of-Period,4-Stocks on Hand End-of-Period by Bulk vs Bottled,1-Bottled,1849,189987844,Wine,FALSE
6,2025,4-Stocks on Hand End-of-Period,4-Stocks on Hand End-of-Period by Bulk vs Bottled,2-Bulk,2682,717173192,Wine,FALSE
7,2025,1-Production,0-Category Total,1-Production,423,12532906,Wine,FALSE
7,2025,2-Withdrawals,0-Category Total,2-Taxable Withdrawals,856,43947988,Wine,FALSE
7,2025,2-Withdrawals,0-Category Total,2-Taxable Withdrawals by Bulk vs Bottled,856,43947988,Wine,FALSE
7,2025,2-Withdrawals,0-Category Total,3-Tax Free Withdrawals,384,10309888,Wine,FALSE
7,2025,2-Withdrawals,0-Category Total,3-Tax Free Withdrawals For Export,92,5278982,Wine,FALSE
7,2025,4-Stocks on Hand End-of-Period,0-Category Total,4-Stocks on Hand End-of-Period,1200,838220801,Wine,FALSE
7,2025,4-Stocks on Hand End-of-Period,0-Category Total,4-Stocks on Hand End-of-Period by Bulk vs Bottled,1200,838220801,Wine,FALSE
7,2025,01-Count of IMs,01-Count of IMs,Number of Industry Members,1414,1414,Wine,FALSE
7,2025,1-Production,1-Production,1-Low Alcohol %,390,6827086,Wine,FALSE
7,2025,1-Production,1-Production,2-Medium and High Alcohol %,113,1962705,Wine,FALSE
7,2025,1-Production,1-Production,4-Artificially Carbonated Wine,23,317347,Wine,FALSE
7,2025,1-Production,1-Production,5-Sparkling Wine,35,1872803,Wine,FALSE
7,2025,1-Production,1-Production,6-Hard Cider,50,1552964,Wine,FALSE
7,2025,2-Withdrawals,2-Taxable Withdrawals,1-Low Alcohol %,812,38590846,Wine,FALSE
7,2025,2-Withdrawals,2-Taxable Withdrawals,2-Medium and High Alcohol %,219,592829,Wine,FALSE
7,2025,2-Withdrawals,2-Taxable Withdrawals,4-Artificially Carbonated Wine,104,387862,Wine,FALSE
7,2025,2-Withdrawals,2-Taxable Withdrawals,5-Sparkling Wine,208,1883989,Wine,FALSE
7,2025,2-Withdrawals,2-Taxable Withdrawals,6-Hard Cider,92,2492461,Wine,FALSE
7,2025,2-Withdrawals,2-Taxable Withdrawals by Bulk vs Bottled,1-Bottled,838,42075116,Wine,FALSE
7,2025,2-Withdrawals,2-Taxable Withdrawals by Bulk vs Bottled,2-Bulk,53,1872872,Wine,FALSE
7,2025,2-Withdrawals,3-Tax Free Withdrawals,1-Low Alcohol %,362,6176753,Wine,FALSE
7,2025,2-Withdrawals,3-Tax Free Withdrawals,2-Medium and High Alcohol %,61,3578350,Wine,FALSE
7,2025,2-Withdrawals,3-Tax Free Withdrawals,4-Artificially Carbonated/Sparkling Wine,,,Wine,TRUE
7,2025,2-Withdrawals,3-Tax Free Withdrawals,6-Hard Cider,,,Wine,TRUE
7,2025,2-Withdrawals,3-Tax Free Withdrawals For Export,1-Bottled Exports,83,1262233,Wine,FALSE
7,2025,2-Withdrawals,3-Tax Free Withdrawals For Export,2-Bulk Exports,19,4016750,Wine,FALSE
7,2025,4-Stocks on Hand End-of-Period,4-Stocks on Hand End-of-Period,1-Low Alcohol %,1163,796309508,Wine,FALSE
7,2025,4-Stocks on Hand End-of-Period,4-Stocks on Hand End-of-Period,2-Medium Alcohol %,480,10863790,Wine,FALSE
7,2025,4-Stocks on Hand End-of-Period,4-Stocks on Hand End-of-Period,3-High Alcohol %,53,1757598,Wine,FALSE
7,2025,4-Stocks on Hand End-of-Period,4-Stocks on Hand End-of-Period,4-Artificially Carbonated Wine,121,1636257,Wine,FALSE
7,2025,4-Stocks on Hand End-of-Period,4-Stocks on Hand End-of-Period,5-Sparkling Wine,324,24533882,Wine,FALSE
7,2025,4-Stocks on Hand End-of-Period,4-Stocks on Hand End-of-Period,6-Hard Cider,113,3119765,Wine,FALSE
7,2025,4-Stocks on Hand End-of-Period,4-Stocks on Hand End-of-Period by Bulk vs Bottled,1-Bottled,867,185016913,Wine,FALSE
7,2025,4-Stocks on Hand End-of-Period,4-Stocks on Hand End-of-Period by Bulk vs Bottled,2-Bulk,1064,653203888,Wine,FALSE
8,2025,1-Production,0-Category Total,1-Production,406,18955015,Wine,FALSE
8,2025,2-Withdrawals,0-Category Total,2-Taxable Withdrawals,848,43058970,Wine,FALSE
8,2025,2-Withdrawals,0-Category Total,2-Taxable Withdrawals by Bulk vs Bottled,848,43058970,Wine,FALSE
8,2025,2-Withdrawals,0-Category Total,3-Tax Free Withdrawals,371,15433943,Wine,FALSE
8,2025,2-Withdrawals,0-Category Total,3-Tax Free Withdrawals For Export,90,4391252,Wine,FALSE
8,2025,4-Stocks on Hand End-of-Period,0-Category Total,4-Stocks on Hand End-of-Period,1197,803854165,Wine,FALSE
8,2025,4-Stocks on Hand End-of-Period,0-Category Total,4-Stocks on Hand End-of-Period by Bulk vs Bottled,1197,803854165,Wine,FALSE
8,2025,01-Count of IMs,01-Count of IMs,Number of Industry Members,1413,1413,Wine,FALSE
8,2025,1-Production,1-Production,1-Low Alcohol %,376,13062027,Wine,FALSE
8,2025,1-Production,1-Production,2-Medium and High Alcohol %,97,2808819,Wine,FALSE
8,2025,1-Production,1-Production,4-Artificially Carbonated Wine,17,88168,Wine,FALSE
8,2025,1-Production,1-Production,5-Sparkling Wine,26,1465019,Wine,FALSE
8,2025,1-Production,1-Production,6-Hard Cider,52,1530982,Wine,FALSE
8,2025,2-Withdrawals,2-Taxable Withdrawals,1-Low Alcohol %,804,37181306,Wine,FALSE
8,2025,2-Withdrawals,2-Taxable Withdrawals,2-Medium and High Alcohol %,216,615438,Wine,FALSE
8,2025,2-Withdrawals,2-Taxable Withdrawals,4-Artificially Carbonated Wine,106,414003,Wine,FALSE
8,2025,2-Withdrawals,2-Taxable Withdrawals,5-Sparkling Wine,211,1536494,Wine,FALSE
8,2025,2-Withdrawals,2-Taxable Withdrawals,6-Hard Cider,93,3311730,Wine,FALSE
8,2025,2-Withdrawals,2-Taxable Withdrawals by Bulk vs Bottled,1-Bottled,,,Wine,TRUE
8,2025,2-Withdrawals,2-Taxable Withdrawals by Bulk vs Bottled,2-Bulk,,,Wine,TRUE
8,2025,2-Withdrawals,3-Tax Free Withdrawals,1-Low Alcohol %,350,10941654,Wine,FALSE
8,2025,2-Withdrawals,3-Tax Free Withdrawals,2-Medium and High Alcohol %,,,Wine,TRUE
8,2025,2-Withdrawals,3-Tax Free Withdrawals,4-Artificially Carbonated/Sparkling Wine,88,34026,Wine,FALSE
8,2025,2-Withdrawals,3-Tax Free Withdrawals,6-Hard Cider,,,Wine,TRUE
8,2025,2-Withdrawals,3-Tax Free Withdrawals For Export,1-Bottled Exports,82,1011080,Wine,FALSE
8,2025,2-Withdrawals,3-Tax Free Withdrawals For Export,2-Bulk Exports,18,3380172,Wine,FALSE
8,2025,4-Stocks on Hand End-of-Period,4-Stocks on Hand End-of-Period,1-Low Alcohol %,1157,762513878,Wine,FALSE
8,2025,4-Stocks on Hand End-of-Period,4-Stocks on Hand End-of-Period,2-Medium Alcohol %,483,10407202,Wine,FALSE
8,2025,4-Stocks on Hand End-of-Period,4-Stocks on Hand End-of-Period,3-High Alcohol %,52,1807118,Wine,FALSE
8,2025,4-Stocks on Hand End-of-Period,4-Stocks on Hand End-of-Period,4-Artificially Carbonated Wine,124,1699363,Wine,FALSE
8,2025,4-Stocks on Hand End-of-Period,4-Stocks on Hand End-of-Period,5-Sparkling Wine,324,24443940,Wine,FALSE
8,2025,4-Stocks on Hand End-of-Period,4-Stocks on Hand End-of-Period,6-Hard Cider,116,2982664,Wine,FALSE
8,2025,4-Stocks on Hand End-of-Period,4-Stocks on Hand End-of-Period by Bulk vs Bottled,1-Bottled,875,187783858,Wine,FALSE
8,2025,4-Stocks on Hand End-of-Period,4-Stocks on Hand End-of-Period by Bulk vs Bottled,2-Bulk,1053,616070307,Wine,FALSE
9,2025,1-Production,0-Category Total,1-Production,1180,86603479,Wine,FALSE
9,2025,2-Withdrawals,0-Category Total,2-Taxable Withdrawals,2225,51847854,Wine,FALSE
9,2025,2-Withdrawals,0-Category Total,2-Taxable Withdrawals by Bulk vs Bottled,2225,51847854,Wine,FALSE
9,2025,2-Withdrawals,0-Category Total,3-Tax Free Withdrawals,718,11846719,Wine,FALSE
9,2025,2-Withdrawals,0-Category Total,3-Tax Free Withdrawals For Export,102,4862755,Wine,FALSE
9,2025,4-Stocks on Hand End-of-Period,0-Category Total,4-Stocks on Hand End-of-Period,2884,866575266,Wine,FALSE
9,2025,4-Stocks on Hand End-of-Period,0-Category Total,4-Stocks on Hand End-of-Period by Bulk vs Bottled,2884,866575266,Wine,FALSE
9,2025,01-Count of IMs,01-Count of IMs,Number of Industry Members,3511,3511,Wine,FALSE
9,2025,1-Production,1-Production,1-Low Alcohol %,1029,78537225,Wine,FALSE
9,2025,1-Production,1-Production,2-Medium and High Alcohol %,165,3442007,Wine,FALSE
9,2025,1-Production,1-Production,4-Artificially Carbonated Wine,63,339666,Wine,FALSE
9,2025,1-Production,1-Production,5-Sparkling Wine,81,1547126,Wine,FALSE
9,2025,1-Production,1-Production,6-Hard Cider,242,2737455,Wine,FALSE
9,2025,2-Withdrawals,2-Taxable Withdrawals,1-Low Alcohol %,2035,44771626,Wine,FALSE
9,2025,2-Withdrawals,2-Taxable Withdrawals,2-Medium and High Alcohol %,459,648337,Wine,FALSE
9,2025,2-Withdrawals,2-Taxable Withdrawals,4-Artificially Carbonated Wine,242,553822,Wine,FALSE
9,2025,2-Withdrawals,2-Taxable Withdrawals,5-Sparkling Wine,444,1713628,Wine,FALSE
9,2025,2-Withdrawals,2-Taxable Withdrawals,6-Hard Cider,378,4160442,Wine,FALSE
9,2025,2-Withdrawals,2-Taxable Withdrawals by Bulk vs Bottled,1-Bottled,,,Wine,TRUE
9,2025,2-Withdrawals,2-Taxable Withdrawals by Bulk vs Bottled,2-Bulk,,,Wine,TRUE
9,2025,2-Withdrawals,3-Tax Free Withdrawals,1-Low Alcohol %,660,7059202,Wine,FALSE
9,2025,2-Withdrawals,3-Tax Free Withdrawals,2-Medium and High Alcohol %,142,4637541,Wine,FALSE
9,2025,2-Withdrawals,3-Tax Free Withdrawals,4-Artificially Carbonated/Sparkling Wine,,,Wine,TRUE
9,2025,2-Withdrawals,3-Tax Free Withdrawals,6-Hard Cider,,,Wine,TRUE
9,2025,2-Withdrawals,3-Tax Free Withdrawals For Export,1-Bottled Exports,92,1387877,Wine,FALSE
9,2025,2-Withdrawals,3-Tax Free Withdrawals For Export,2-Bulk Exports,17,3474878,Wine,FALSE
9,2025,4-Stocks on Hand End-of-Period,4-Stocks on Hand End-of-Period,1-Low Alcohol %,2722,823325808,Wine,FALSE
9,2025,4-Stocks on Hand End-of-Period,4-Stocks on Hand End-of-Period,2-Medium Alcohol %,922,9998847,Wine,FALSE
9,2025,4-Stocks on Hand End-of-Period,4-Stocks on Hand End-of-Period,3-High Alcohol %,86,2848799,Wine,FALSE
9,2025,4-Stocks on Hand End-of-Period,4-Stocks on Hand End-of-Period,4-Artificially Carbonated Wine,254,1826929,Wine,FALSE
9,2025,4-Stocks on Hand End-of-Period,4-Stocks on Hand End-of-Period,5-Sparkling Wine,602,24776737,Wine,FALSE
9,2025,4-Stocks on Hand End-of-Period,4-Stocks on Hand End-of-Period,6-Hard Cider,361,3798146,Wine,FALSE
9,2025,4-Stocks on Hand End-of-Period,4-Stocks on Hand End-of-Period by Bulk vs Bottled,1-Bottled,1808,190415596,Wine,FALSE
9,2025,4-Stocks on Hand End-of-Period,4-Stocks on Hand End-of-Period by Bulk vs Bottled,2-Bulk,2609,676159669,Wine,FALSE
10,2025,1-Production,0-Category Total,1-Production,540,119065712,Wine,FALSE
10,2025,2-Withdrawals,0-Category Total,2-Taxable Withdrawals,747,48679533,Wine,FALSE
10,2025,2-Withdrawals,0-Category Total,2-Taxable Withdrawals by Bulk vs Bottled,747,48679533,Wine,FALSE
10,2025,2-Withdrawals,0-Category Total,3-Tax Free Withdrawals,343,9752546,Wine,FALSE
10,2025,2-Withdrawals,0-Category Total,3-Tax Free Withdrawals For Export,92,3745849,Wine,FALSE
10,2025,4-Stocks on Hand End-of-Period,0-Category Total,4-Stocks on Hand End-of-Period,1194,906527749,Wine,FALSE
10,2025,4-Stocks on Hand End-of-Period,0-Category Total,4-Stocks on Hand End-of-Period by Bulk vs Bottled,1194,906527749,Wine,FALSE
10,2025,01-Count of IMs,01-Count of IMs,Number of Industry Members,1395,1395,Wine,FALSE
10,2025,1-Production,1-Production,1-Low Alcohol %,509,109932445,Wine,FALSE
10,2025,1-Production,1-Production,2-Medium and High Alcohol %,87,5804479,Wine,FALSE
10,2025,1-Production,1-Production,4-Artificially Carbonated Wine,16,111660,Wine,FALSE
10,2025,1-Production,1-Production,5-Sparkling Wine,23,1402660,Wine,FALSE
10,2025,1-Production,1-Production,6-Hard Cider,51,1814467,Wine,FALSE
10,2025,2-Withdrawals,2-Taxable Withdrawals,1-Low Alcohol %,703,42836700,Wine,FALSE
10,2025,2-Withdrawals,2-Taxable Withdrawals,2-Medium and High Alcohol %,215,649300,Wine,FALSE
10,2025,2-Withdrawals,2-Taxable Withdrawals,4-Artificially Carbonated Wine,102,547328,Wine,FALSE
10,2025,2-Withdrawals,2-Taxable Withdrawals,5-Sparkling Wine,209,1976697,Wine,FALSE
10,2025,2-Withdrawals,2-Taxable Withdrawals,6-Hard Cider,92,2669509,Wine,FALSE
10,2025,2-Withdrawals,2-Taxable Withdrawals by Bulk vs Bottled,1-Bottled,,,Wine,TRUE
10,2025,2-Withdrawals,2-Taxable Withdrawals by Bulk vs Bottled,2-Bulk,,,Wine,TRUE
10,2025,2-Withdrawals,3-Tax Free Withdrawals,1-Low Alcohol %,319,5505586,Wine,FALSE
10,2025,2-Withdrawals,3-Tax Free Withdrawals,2-Medium and High Alcohol %,,,Wine,TRUE
10,2025,2-Withdrawals,3-Tax Free Withdrawals,4-Artificially Carbonated/Sparkling Wine,85,47127,Wine,FALSE
10,2025,2-Withdrawals,3-Tax Free Withdrawals,6-Hard Cider,,,Wine,TRUE
10,2025,2-Withdrawals,3-Tax Free Withdrawals For Export,1-Bottled Exports,82,1498568,Wine,FALSE
10,2025,2-Withdrawals,3-Tax Free Withdrawals For Export,2-Bulk Exports,17,2247281,Wine,FALSE
10,2025,4-Stocks on Hand End-of-Period,4-Stocks on Hand End-of-Period,1-Low Alcohol %,1151,865321863,Wine,FALSE
10,2025,4-Stocks on Hand End-of-Period,4-Stocks on Hand End-of-Period,2-Medium Alcohol %,480,10101876,Wine,FALSE
10,2025,4-Stocks on Hand End-of-Period,4-Stocks on Hand End-of-Period,3-High Alcohol %,52,3931189,Wine,FALSE
10,2025,4-Stocks on Hand End-of-Period,4-Stocks on Hand End-of-Period,4-Artificially Carbonated Wine,120,1512537,Wine,FALSE
10,2025,4-Stocks on Hand End-of-Period,4-Stocks on Hand End-of-Period,5-Sparkling Wine,321,22617101,Wine,FALSE
10,2025,4-Stocks on Hand End-of-Period,4-Stocks on Hand End-of-Period,6-Hard Cider,113,3043182,Wine,FALSE
10,2025,4-Stocks on Hand End-of-Period,4-Stocks on Hand End-of-Period by Bulk vs Bottled,1-Bottled,849,179331930,Wine,FALSE
10,2025,4-Stocks on Hand End-of-Period,4-Stocks on Hand End-of-Period by Bulk vs Bottled,2-Bulk,1058,727195819,Wine,FALSE
11,2025,1-Production,0-Category Total,1-Production,564,67819682,Wine,FALSE
11,2025,2-Withdrawals,0-Category Total,2-Taxable Withdrawals,714,40096773,Wine,FALSE
11,2025,2-Withdrawals,0-Category Total,2-Taxable Withdrawals by Bulk vs Bottled,714,40096773,Wine,FALSE
11,2025,2-Withdrawals,0-Category Total,3-Tax Free Withdrawals,331,8158054,Wine,FALSE
11,2025,2-Withdrawals,0-Category Total,3-Tax Free Withdrawals For Export,93,3343341,Wine,FALSE
11,2025,4-Stocks on Hand End-of-Period,0-Category Total,4-Stocks on Hand End-of-Period,1183,928039255,Wine,FALSE
11,2025,4-Stocks on Hand End-of-Period,0-Category Total,4-Stocks on Hand End-of-Period by Bulk vs Bottled,1183,928039255,Wine,FALSE
11,2025,01-Count of IMs,01-Count of IMs,Number of Industry Members,1380,1380,Wine,FALSE
11,2025,1-Production,1-Production,1-Low Alcohol %,529,62883671,Wine,FALSE
11,2025,1-Production,1-Production,2-Medium and High Alcohol %,91,2011030,Wine,FALSE
11,2025,1-Production,1-Production,4-Artificially Carbonated Wine,16,235380,Wine,FALSE
11,2025,1-Production,1-Production,5-Sparkling Wine,20,1013947,Wine,FALSE
11,2025,1-Production,1-Production,6-Hard Cider,49,1675654,Wine,FALSE
11,2025,2-Withdrawals,2-Taxable Withdrawals,1-Low Alcohol %,672,34485863,Wine,FALSE
11,2025,2-Withdrawals,2-Taxable Withdrawals,2-Medium and High Alcohol %,224,577883,Wine,FALSE
11,2025,2-Withdrawals,2-Taxable Withdrawals,4-Artificially Carbonated Wine,104,421819,Wine,FALSE
11,2025,2-Withdrawals,2-Taxable Withdrawals,5-Sparkling Wine,210,1788223,Wine,FALSE
11,2025,2-Withdrawals,2-Taxable Withdrawals,6-Hard Cider,83,2822985,Wine,FALSE
11,2025,2-Withdrawals,2-Taxable Withdrawals by Bulk vs Bottled,1-Bottled,,,Wine,TRUE
11,2025,2-Withdrawals,2-Taxable Withdrawals by Bulk vs Bottled,2-Bulk,,,Wine,TRUE
11,2025,2-Withdrawals,3-Tax Free Withdrawals,1-Low Alcohol %,312,5100457,Wine,FALSE
11,2025,2-Withdrawals,3-Tax Free Withdrawals,2-Medium and High Alcohol %,53,2588678,Wine,FALSE
11,2025,2-Withdrawals,3-Tax Free Withdrawals,4-Artificially Carbonated/Sparkling Wine,,,Wine,TRUE
11,2025,2-Withdrawals,3-Tax Free Withdrawals,6-Hard Cider,,,Wine,TRUE
11,2025,2-Withdrawals,3-Tax Free Withdrawals For Export,1-Bottled Exports,83,1133207,Wine,FALSE
11,2025,2-Withdrawals,3-Tax Free Withdrawals For Export,2-Bulk Exports,17,2210135,Wine,FALSE
11,2025,4-Stocks on Hand End-of-Period,4-Stocks on Hand End-of-Period,1-Low Alcohol %,1145,889487342,Wine,FALSE
11,2025,4-Stocks on Hand End-of-Period,4-Stocks on Hand End-of-Period,2-Medium Alcohol %,479,9439741,Wine,FALSE
11,2025,4-Stocks on Hand End-of-Period,4-Stocks on Hand End-of-Period,3-High Alcohol %,52,3216996,Wine,FALSE
11,2025,4-Stocks on Hand End-of-Period,4-Stocks on Hand End-of-Period,4-Artificially Carbonated Wine,125,1757872,Wine,FALSE
11,2025,4-Stocks on Hand End-of-Period,4-Stocks on Hand End-of-Period,5-Sparkling Wine,320,21139687,Wine,FALSE
11,2025,4-Stocks on Hand End-of-Period,4-Stocks on Hand End-of-Period,6-Hard Cider,109,2997617,Wine,FALSE
11,2025,4-Stocks on Hand End-of-Period,4-Stocks on Hand End-of-Period by Bulk vs Bottled,1-Bottled,840,170722491,Wine,FALSE
11,2025,4-Stocks on Hand End-of-Period,4-Stocks on Hand End-of-Period by Bulk vs Bottled,2-Bulk,1051,757316764,Wine,FALSE
12,2025,1-Production,0-Category Total,1-Production,5411,109232836,Wine,FALSE
12,2025,2-Withdrawals,0-Category Total,2-Taxable Withdrawals,5526,54485058,Wine,FALSE
12,2025,2-Withdrawals,0-Category Total,2-Taxable Withdrawals by Bulk vs Bottled,5526,54485058,Wine,FALSE
12,2025,2-Withdrawals,0-Category Total,3-Tax Free Withdrawals,2564,11168966,Wine,FALSE
12,2025,2-Withdrawals,0-Category Total,3-Tax Free Withdrawals For Export,134,3304521,Wine,FALSE
12,2025,4-Stocks on Hand End-of-Period,0-Category Total,4-Stocks on Hand End-of-Period,6634,1036947297,Wine,FALSE
12,2025,4-Stocks on Hand End-of-Period,0-Category Total,4-Stocks on Hand End-of-Period by Bulk vs Bottled,6634,1036947297,Wine,FALSE
12,2025,01-Count of IMs,01-Count of IMs,Number of Industry Members,8328,8328,Wine,FALSE
12,2025,1-Production,1-Production,1-Low Alcohol %,5040,102292393,Wine,FALSE
12,2025,1-Production,1-Production,2-Medium and High Alcohol %,557,2464720,Wine,FALSE
12,2025,1-Production,1-Production,4-Artificially Carbonated Wine,168,288822,Wine,FALSE
12,2025,1-Production,1-Production,5-Sparkling Wine,255,1001833,Wine,FALSE
12,2025,1-Production,1-Production,6-Hard Cider,715,3185068,Wine,FALSE
12,2025,2-Withdrawals,2-Taxable Withdrawals,1-Low Alcohol %,5098,47741137,Wine,FALSE
12,2025,2-Withdrawals,2-Taxable Withdrawals,2-Medium and High Alcohol %,1027,886726,Wine,FALSE
12,2025,2-Withdrawals,2-Taxable Withdrawals,4-Artificially Carbonated Wine,447,649595,Wine,FALSE
12,2025,2-Withdrawals,2-Taxable Withdrawals,5-Sparkling Wine,864,1599350,Wine,FALSE
12,2025,2-Withdrawals,2-Taxable Withdrawals,6-Hard Cider,875,3608251,Wine,FALSE
12,2025,2-Withdrawals,2-Taxable Withdrawals by Bulk vs Bottled,1-Bottled,5242,52812364,Wine,FALSE
12,2025,2-Withdrawals,2-Taxable Withdrawals by Bulk vs Bottled,2-Bulk,681,1672694,Wine,FALSE
12,2025,2-Withdrawals,3-Tax Free Withdrawals,1-Low Alcohol %,2382,6816553,Wine,FALSE
12,2025,2-Withdrawals,3-Tax Free Withdrawals,2-Medium and High Alcohol %,355,4148294,Wine,FALSE
12,2025,2-Withdrawals,3-Tax Free Withdrawals,4-Artificially Carbonated/Sparkling Wine,406,42657,Wine,FALSE
12,2025,2-Withdrawals,3-Tax Free Withdrawals,6-Hard Cider,269,161462,Wine,FALSE
12,2025,2-Withdrawals,3-Tax Free Withdrawals For Export,1-Bottled Exports,121,1466484,Wine,FALSE
12,2025,2-Withdrawals,3-Tax Free Withdrawals For Export,2-Bulk Exports,20,1838037,Wine,FALSE
12,2025,4-Stocks on Hand End-of-Period,4-Stocks on Hand End-of-Period,1-Low Alcohol %,6303,979570683,Wine,FALSE
12,2025,4-Stocks on Hand End-of-Period,4-Stocks on Hand End-of-Period,2-Medium Alcohol %,1574,10430560,Wine,FALSE
12,2025,4-Stocks on Hand End-of-Period,4-Stocks on Hand End-of-Period,3-High Alcohol %,107,3707442,Wine,FALSE
12,2025,4-Stocks on Hand End-of-Period,4-Stocks on Hand End-of-Period,4-Artificially Carbonated Wine,403,1943889,Wine,FALSE
12,2025,4-Stocks on Hand End-of-Period,4-Stocks on Hand End-of-Period,5-Sparkling Wine,972,36469043,Wine,FALSE
12,2025,4-Stocks on Hand End-of-Period,4-Stocks on Hand End-of-Period,6-Hard Cider,798,4825680,Wine,FALSE
12,2025,4-Stocks on Hand End-of-Period,4-Stocks on Hand End-of-Period by Bulk vs Bottled,1-Bottled,4068,175742278,Wine,FALSE
12,2025,4-Stocks on Hand End-of-Period,4-Stocks on Hand End-of-Period by Bulk vs Bottled,2-Bulk,5901,861205019,Wine,FALSE
1,2026,1-Production,0-Category Total,1-Production,483,38217134,Wine,FALSE
1,2026,2-Withdrawals,0-Category Total,2-Taxable Withdrawals,711,38213363,Wine,FALSE
1,2026,2-Withdrawals,0-Category Total,2-Taxable Withdrawals by Bulk vs Bottled,711,38213363,Wine,FALSE
1,2026,2-Withdrawals,0-Category Total,3-Tax Free Withdrawals,330,7922713,Wine,FALSE
1,2026,2-Withdrawals,0-Category Total,3-Tax Free Withdrawals For Export,93,4283144,Wine,FALSE
1,2026,4-Stocks on Hand End-of-Period,0-Category Total,4-Stocks on Hand End-of-Period,1130,949263835,Wine,FALSE
1,2026,4-Stocks on Hand End-of-Period,0-Category Total,4-Stocks on Hand End-of-Period by Bulk vs Bottled,1130,949263835,Wine,FALSE
1,2026,01-Count of IMs,01-Count of IMs,Number of Industry Members,1332,1332,Wine,FALSE
1,2026,1-Production,1-Production,1-Low Alcohol %,449,32443810,Wine,FALSE
1,2026,1-Production,1-Production,2-Medium and High Alcohol %,91,2708952,Wine,FALSE
1,2026,1-Production,1-Production,4-Artificially Carbonated Wine,15,75578,Wine,FALSE
1,2026,1-Production,1-Production,5-Sparkling Wine,29,1660031,Wine,FALSE
1,2026,1-Production,1-Production,6-Hard Cider,44,1328763,Wine,FALSE
1,2026,2-Withdrawals,2-Taxable Withdrawals,1-Low Alcohol %,675,34191756,Wine,FALSE
1,2026,2-Withdrawals,2-Taxable Withdrawals,2-Medium and High Alcohol %,189,597264,Wine,FALSE
1,2026,2-Withdrawals,2-Taxable Withdrawals,4-Artificially Carbonated Wine,89,384293,Wine,FALSE
1,2026,2-Withdrawals,2-Taxable Withdrawals,5-Sparkling Wine,183,866539,Wine,FALSE
1,2026,2-Withdrawals,2-Taxable Withdrawals,6-Hard Cider,70,2173512,Wine,FALSE
1,2026,2-Withdrawals,2-Taxable Withdrawals by Bulk vs Bottled,1-Bottled,697,36466795,Wine,FALSE
1,2026,2-Withdrawals,2-Taxable Withdrawals by Bulk vs Bottled,2-Bulk,42,1746568,Wine,FALSE
1,2026,2-Withdrawals,3-Tax Free Withdrawals,1-Low Alcohol %,310,5252076,Wine,FALSE
1,2026,2-Withdrawals,3-Tax Free Withdrawals,2-Medium and High Alcohol %,,,Wine,TRUE
1,2026,2-Withdrawals,3-Tax Free Withdrawals,4-Artificially Carbonated/Sparkling Wine,73,20735,Wine,FALSE
1,2026,2-Withdrawals,3-Tax Free Withdrawals,6-Hard Cider,,,Wine,TRUE
1,2026,2-Withdrawals,3-Tax Free Withdrawals For Export,1-Bottled Exports,83,1139101,Wine,FALSE
1,2026,2-Withdrawals,3-Tax Free Withdrawals For Export,2-Bulk Exports,16,3144043,Wine,FALSE
1,2026,4-Stocks on Hand End-of-Period,4-Stocks on Hand End-of-Period,1-Low Alcohol %,1090,911045612,Wine,FALSE
1,2026,4-Stocks on Hand End-of-Period,4-Stocks on Hand End-of-Period,2-Medium Alcohol %,462,9604058,Wine,FALSE
1,2026,4-Stocks on Hand End-of-Period,4-Stocks on Hand End-of-Period,3-High Alcohol %,52,3756130,Wine,FALSE
1,2026,4-Stocks on Hand End-of-Period,4-Stocks on Hand End-of-Period,4-Artificially Carbonated Wine,121,1693663,Wine,FALSE
1,2026,4-Stocks on Hand End-of-Period,4-Stocks on Hand End-of-Period,5-Sparkling Wine,306,20047069,Wine,FALSE
1,2026,4-Stocks on Hand End-of-Period,4-Stocks on Hand End-of-Period,6-Hard Cider,104,3117303,Wine,FALSE
1,2026,4-Stocks on Hand End-of-Period,4-Stocks on Hand End-of-Period by Bulk vs Bottled,1-Bottled,787,154254441,Wine,FALSE
1,2026,4-Stocks on Hand End-of-Period,4-Stocks on Hand End-of-Period by Bulk vs Bottled,2-Bulk,1001,795009394,Wine,FALSE
2,2026,1-Production,0-Category Total,1-Production,411,21679546,Wine,FALSE
2,2026,2-Withdrawals,0-Category Total,2-Taxable Withdrawals,759,40864786,Wine,FALSE
2,2026,2-Withdrawals,0-Category Total,2-Taxable Withdrawals by Bulk vs Bottled,759,40864786,Wine,FALSE
2,2026,2-Withdrawals,0-Category Total,3-Tax Free Withdrawals,344,7824831,Wine,FALSE
2,2026,2-Withdrawals,0-Category Total,3-Tax Free Withdrawals For Export,101,4306220,Wine,FALSE
2,2026,4-Stocks on Hand End-of-Period,0-Category Total,4-Stocks on Hand End-of-Period,1126,927458526,Wine,FALSE
2,2026,4-Stocks on Hand End-of-Period,0-Category Total,4-Stocks on Hand End-of-Period by Bulk vs Bottled,1126,927458526,Wine,FALSE
2,2026,01-Count of IMs,01-Count of IMs,Number of Industry Members,1320,1320,Wine,FALSE
2,2026,1-Production,1-Production,1-Low Alcohol %,383,16727860,Wine,FALSE
2,2026,1-Production,1-Production,2-Medium and High Alcohol %,93,1850582,Wine,FALSE
2,2026,1-Production,1-Production,4-Artificially Carbonated Wine,15,223685,Wine,FALSE
2,2026,1-Production,1-Production,5-Sparkling Wine,27,1638428,Wine,FALSE
2,2026,1-Production,1-Production,6-Hard Cider,42,1238991,Wine,FALSE
2,2026,2-Withdrawals,2-Taxable Withdrawals,1-Low Alcohol %,724,36827819,Wine,FALSE
2,2026,2-Withdrawals,2-Taxable Withdrawals,2-Medium and High Alcohol %,187,649875,Wine,FALSE
2,2026,2-Withdrawals,2-Taxable Withdrawals,4-Artificially Carbonated Wine,89,517698,Wine,FALSE
2,2026,2-Withdrawals,2-Taxable Withdrawals,5-Sparkling Wine,186,775430,Wine,FALSE
2,2026,2-Withdrawals,2-Taxable Withdrawals,6-Hard Cider,70,2093964,Wine,FALSE
2,2026,2-Withdrawals,2-Taxable Withdrawals by Bulk vs Bottled,1-Bottled,745,38985182,Wine,FALSE
2,2026,2-Withdrawals,2-Taxable Withdrawals by Bulk vs Bottled,2-Bulk,43,1879605,Wine,FALSE
2,2026,2-Withdrawals,3-Tax Free Withdrawals,1-Low Alcohol %,316,5003984,Wine,FALSE
2,2026,2-Withdrawals,3-Tax Free Withdrawals,2-Medium and High Alcohol %,50,2604511,Wine,FALSE
2,2026,2-Withdrawals,3-Tax Free Withdrawals,4-Artificially Carbonated/Sparkling Wine,,,Wine,TRUE
2,2026,2-Withdrawals,3-Tax Free Withdrawals,6-Hard Cider,,,Wine,TRUE
2,2026,2-Withdrawals,3-Tax Free Withdrawals For Export,1-Bottled Exports,90,1467814,Wine,FALSE
2,2026,2-Withdrawals,3-Tax Free Withdrawals For Export,2-Bulk Exports,21,2838406,Wine,FALSE
2,2026,4-Stocks on Hand End-of-Period,4-Stocks on Hand End-of-Period,1-Low Alcohol %,1085,888070814,Wine,FALSE
2,2026,4-Stocks on Hand End-of-Period,4-Stocks on Hand End-of-Period,2-Medium Alcohol %,459,9409562,Wine,FALSE
2,2026,4-Stocks on Hand End-of-Period,4-Stocks on Hand End-of-Period,3-High Alcohol %,49,3761419,Wine,FALSE
2,2026,4-Stocks on Hand End-of-Period,4-Stocks on Hand End-of-Period,4-Artificially Carbonated Wine,122,1701745,Wine,FALSE
2,2026,4-Stocks on Hand End-of-Period,4-Stocks on Hand End-of-Period,5-Sparkling Wine,306,21349282,Wine,FALSE
2,2026,4-Stocks on Hand End-of-Period,4-Stocks on Hand End-of-Period,6-Hard Cider,104,3165705,Wine,FALSE
2,2026,4-Stocks on Hand End-of-Period,4-Stocks on Hand End-of-Period by Bulk vs Bottled,1-Bottled,784,159399741,Wine,FALSE
2,2026,4-Stocks on Hand End-of-Period,4-Stocks on Hand End-of-Period by Bulk vs Bottled,2-Bulk,998,768058785,Wine,FALSE
3,2026,1-Production,0-Category Total,1-Production,1092,25391081,Wine,FALSE
3,2026,2-Withdrawals,0-Category Total,2-Taxable Withdrawals,2019,49189169,Wine,FALSE
3,2026,2-Withdrawals,0-Category Total,2-Taxable Withdrawals by Bulk vs Bottled,2019,49189169,Wine,FALSE
3,2026,2-Withdrawals,0-Category Total,3-Tax Free Withdrawals,702,9308851,Wine,FALSE
3,2026,2-Withdrawals,0-Category Total,3-Tax Free Withdrawals For Export,113,5044278,Wine,FALSE
3,2026,4-Stocks on Hand End-of-Period,0-Category Total,4-Stocks on Hand End-of-Period,2660,930957089,Wine,FALSE
3,2026,4-Stocks on Hand End-of-Period,0-Category Total,4-Stocks on Hand End-of-Period by Bulk vs Bottled,2660,930957089,Wine,FALSE
3,2026,01-Count of IMs,01-Count of IMs,Number of Industry Members,3191,3191,Wine,FALSE
3,2026,1-Production,1-Production,1-Low Alcohol %,955,19857496,Wine,FALSE
3,2026,1-Production,1-Production,2-Medium and High Alcohol %,166,1467030,Wine,FALSE
3,2026,1-Production,1-Production,4-Artificially Carbonated Wine,52,314158,Wine,FALSE
3,2026,1-Production,1-Production,5-Sparkling Wine,80,1891743,Wine,FALSE
3,2026,1-Production,1-Production,6-Hard Cider,230,1860655,Wine,FALSE
3,2026,2-Withdrawals,2-Taxable Withdrawals,1-Low Alcohol %,1855,44002637,Wine,FALSE
3,2026,2-Withdrawals,2-Taxable Withdrawals,2-Medium and High Alcohol %,405,640291,Wine,FALSE
3,2026,2-Withdrawals,2-Taxable Withdrawals,4-Artificially Carbonated Wine,228,601949,Wine,FALSE
3,2026,2-Withdrawals,2-Taxable Withdrawals,5-Sparkling Wine,430,921889,Wine,FALSE
3,2026,2-Withdrawals,2-Taxable Withdrawals,6-Hard Cider,324,3022403,Wine,FALSE
3,2026,2-Withdrawals,2-Taxable Withdrawals by Bulk vs Bottled,1-Bottled,1914,48046962,Wine,FALSE
3,2026,2-Withdrawals,2-Taxable Withdrawals by Bulk vs Bottled,2-Bulk,187,1142208,Wine,FALSE
3,2026,2-Withdrawals,3-Tax Free Withdrawals,1-Low Alcohol %,637,6433530,Wine,FALSE
3,2026,2-Withdrawals,3-Tax Free Withdrawals,2-Medium and High Alcohol %,116,2567862,Wine,FALSE
3,2026,2-Withdrawals,3-Tax Free Withdrawals,4-Artificially Carbonated/Sparkling Wine,,,Wine,TRUE
3,2026,2-Withdrawals,3-Tax Free Withdrawals,6-Hard Cider,,,Wine,TRUE
3,2026,2-Withdrawals,3-Tax Free Withdrawals For Export,1-Bottled Exports,99,1371957,Wine,FALSE
3,2026,2-Withdrawals,3-Tax Free Withdrawals For Export,2-Bulk Exports,24,3672321,Wine,FALSE
3,2026,4-Stocks on Hand End-of-Period,4-Stocks on Hand End-of-Period,1-Low Alcohol %,2509,889045659,Wine,FALSE
3,2026,4-Stocks on Hand End-of-Period,4-Stocks on Hand End-of-Period,2-Medium Alcohol %,856,10252521,Wine,FALSE
3,2026,4-Stocks on Hand End-of-Period,4-Stocks on Hand End-of-Period,3-High Alcohol %,75,3416001,Wine,FALSE
3,2026,4-Stocks on Hand End-of-Period,4-Stocks on Hand End-of-Period,4-Artificially Carbonated Wine,233,1732453,Wine,FALSE
3,2026,4-Stocks on Hand End-of-Period,4-Stocks on Hand End-of-Period,5-Sparkling Wine,556,22576368,Wine,FALSE
3,2026,4-Stocks on Hand End-of-Period,4-Stocks on Hand End-of-Period,6-Hard Cider,343,3934088,Wine,FALSE
3,2026,4-Stocks on Hand End-of-Period,4-Stocks on Hand End-of-Period by Bulk vs Bottled,1-Bottled,1625,162554218,Wine,FALSE
3,2026,4-Stocks on Hand End-of-Period,4-Stocks on Hand End-of-Period by Bulk vs Bottled,2-Bulk,2398,768402872,Wine,FALSE
