district,grape_type_code,grape_type_name,variety_code,variety_name,wt_price,brix_code,tons,row_type_code,row_type_name
1,7,Wine Grapes (White),7062,Albarino *,2600,100,1.4,2,data_row
1,7,Wine Grapes (White),7062,Albarino *,2600,,1.4,3,summary_row
1,7,Wine Grapes (White),7054,Arneis,1800,100,2.8,2,data_row
1,7,Wine Grapes (White),7054,Arneis,2100,100,3.8,2,data_row
1,7,Wine Grapes (White),7054,Arneis,2200,100,12.4,2,data_row
1,7,Wine Grapes (White),7054,Arneis,3500,100,8.4,2,data_row
1,7,Wine Grapes (White),7054,Arneis,2543.8,,27.4,3,summary_row
1,7,Wine Grapes (White),7085,Assyrtiko,3800,100,0.2,2,data_row
1,7,Wine Grapes (White),7085,Assyrtiko,3800,,0.2,3,summary_row
1,7,Wine Grapes (White),7004,Chardonnay *,200,100,13.8,2,data_row
1,7,Wine Grapes (White),7004,Chardonnay *,200,13400,32.4,2,data_row
1,7,Wine Grapes (White),7004,Chardonnay *,200,24500,507.3,2,data_row
1,7,Wine Grapes (White),7004,Chardonnay *,300,100,250.1,2,data_row
1,7,Wine Grapes (White),7004,Chardonnay *,500,100,50.5,2,data_row
1,7,Wine Grapes (White),7004,Chardonnay *,631.3,100,23.2,2,data_row
1,7,Wine Grapes (White),7004,Chardonnay *,700,100,43.2,2,data_row
1,7,Wine Grapes (White),7004,Chardonnay *,800,100,264.2,2,data_row
1,7,Wine Grapes (White),7004,Chardonnay *,800,21200,92.6,2,data_row
1,7,Wine Grapes (White),7004,Chardonnay *,800,24500,164.7,2,data_row
1,7,Wine Grapes (White),7004,Chardonnay *,900,100,165.5,2,data_row
1,7,Wine Grapes (White),7004,Chardonnay *,900,24500,78.2,2,data_row
1,7,Wine Grapes (White),7004,Chardonnay *,938.82,100,7.9,2,data_row
1,7,Wine Grapes (White),7004,Chardonnay *,1000,100,183.5,2,data_row
1,7,Wine Grapes (White),7004,Chardonnay *,1063.71,100,90.7,2,data_row
1,7,Wine Grapes (White),7004,Chardonnay *,1078.31,100,18.1,2,data_row
1,7,Wine Grapes (White),7004,Chardonnay *,1083.28,100,22,2,data_row
1,7,Wine Grapes (White),7004,Chardonnay *,1085.31,24500,22.8,2,data_row
1,7,Wine Grapes (White),7004,Chardonnay *,1121.78,100,25.7,2,data_row
1,7,Wine Grapes (White),7004,Chardonnay *,1150,100,207,2,data_row
1,7,Wine Grapes (White),7004,Chardonnay *,1200,100,2729.9,2,data_row
1,7,Wine Grapes (White),7004,Chardonnay *,1200,11100,2,2,data_row
1,7,Wine Grapes (White),7004,Chardonnay *,1200,20800,76.1,2,data_row
1,7,Wine Grapes (White),7004,Chardonnay *,1200,24500,2213.4,2,data_row
1,7,Wine Grapes (White),7004,Chardonnay *,1225,100,159.3,2,data_row
1,7,Wine Grapes (White),7004,Chardonnay *,1250,100,579.4,2,data_row
1,7,Wine Grapes (White),7004,Chardonnay *,1250,24500,223,2,data_row
1,7,Wine Grapes (White),7004,Chardonnay *,1269.72,100,63.7,2,data_row
1,7,Wine Grapes (White),7004,Chardonnay *,1298.52,100,158.7,2,data_row
1,7,Wine Grapes (White),7004,Chardonnay *,1300,100,39.9,2,data_row
1,7,Wine Grapes (White),7004,Chardonnay *,1300,13400,40.1,2,data_row
1,7,Wine Grapes (White),7004,Chardonnay *,1300,17200,48.5,2,data_row
1,7,Wine Grapes (White),7004,Chardonnay *,1300,24500,128.3,2,data_row
1,7,Wine Grapes (White),7004,Chardonnay *,1302.19,100,309.4,2,data_row
1,7,Wine Grapes (White),7004,Chardonnay *,1317,8100,9.7,2,data_row
1,7,Wine Grapes (White),7004,Chardonnay *,1340.44,24500,490.7,2,data_row
1,7,Wine Grapes (White),7004,Chardonnay *,1350,100,50.6,2,data_row
1,7,Wine Grapes (White),7004,Chardonnay *,1352.79,22900,103.6,2,data_row
1,7,Wine Grapes (White),7004,Chardonnay *,1375,24500,304,2,data_row
1,7,Wine Grapes (White),7004,Chardonnay *,1389.84,100,23.8,2,data_row
1,7,Wine Grapes (White),7004,Chardonnay *,1400,100,146.9,2,data_row
1,7,Wine Grapes (White),7004,Chardonnay *,1415.51,22900,121,2,data_row
1,7,Wine Grapes (White),7004,Chardonnay *,1416.93,100,154.2,2,data_row
1,7,Wine Grapes (White),7004,Chardonnay *,1425,100,151.1,2,data_row
1,7,Wine Grapes (White),7004,Chardonnay *,1425,21200,71.9,2,data_row
1,7,Wine Grapes (White),7004,Chardonnay *,1450,100,159.1,2,data_row
1,7,Wine Grapes (White),7004,Chardonnay *,1500,100,104.3,2,data_row
1,7,Wine Grapes (White),7004,Chardonnay *,1500,11100,4.1,2,data_row
1,7,Wine Grapes (White),7004,Chardonnay *,1561,100,35,2,data_row
1,7,Wine Grapes (White),7004,Chardonnay *,1600,100,285,2,data_row
1,7,Wine Grapes (White),7004,Chardonnay *,1600,20800,158.3,2,data_row
1,7,Wine Grapes (White),7004,Chardonnay *,1611.33,100,90.5,2,data_row
1,7,Wine Grapes (White),7004,Chardonnay *,1694.54,100,30.5,2,data_row
1,7,Wine Grapes (White),7004,Chardonnay *,1700,9530,5.6,2,data_row
1,7,Wine Grapes (White),7004,Chardonnay *,1750,100,211,2,data_row
1,7,Wine Grapes (White),7004,Chardonnay *,1755.73,100,1151.1,2,data_row
1,7,Wine Grapes (White),7004,Chardonnay *,1800,100,114.5,2,data_row
1,7,Wine Grapes (White),7004,Chardonnay *,1800,7500,37.4,2,data_row
1,7,Wine Grapes (White),7004,Chardonnay *,1800,13400,143,2,data_row
1,7,Wine Grapes (White),7004,Chardonnay *,1850,100,97.2,2,data_row
1,7,Wine Grapes (White),7004,Chardonnay *,1900,100,12.6,2,data_row
1,7,Wine Grapes (White),7004,Chardonnay *,1900,7600,15.3,2,data_row
1,7,Wine Grapes (White),7004,Chardonnay *,1920,100,53.5,2,data_row
1,7,Wine Grapes (White),7004,Chardonnay *,2000,13400,0.8,2,data_row
1,7,Wine Grapes (White),7004,Chardonnay *,2100,9300,5.4,2,data_row
1,7,Wine Grapes (White),7004,Chardonnay *,2100,10700,2.2,2,data_row
1,7,Wine Grapes (White),7004,Chardonnay *,2100,10900,3.6,2,data_row
1,7,Wine Grapes (White),7004,Chardonnay *,2300,100,0.5,2,data_row
1,7,Wine Grapes (White),7004,Chardonnay *,2361.09,100,226.2,2,data_row
1,7,Wine Grapes (White),7004,Chardonnay *,2400,100,12.5,2,data_row
1,7,Wine Grapes (White),7004,Chardonnay *,2500,100,63.9,2,data_row
1,7,Wine Grapes (White),7004,Chardonnay *,2600,17200,2.5,2,data_row
1,7,Wine Grapes (White),7004,Chardonnay *,2700,100,11.7,2,data_row
1,7,Wine Grapes (White),7004,Chardonnay *,2800,100,7.2,2,data_row
1,7,Wine Grapes (White),7004,Chardonnay *,3000,100,44.3,2,data_row
1,7,Wine Grapes (White),7004,Chardonnay *,3000,13100,1,2,data_row
1,7,Wine Grapes (White),7004,Chardonnay *,3100,100,2.1,2,data_row
1,7,Wine Grapes (White),7004,Chardonnay *,3200,100,2.1,2,data_row
1,7,Wine Grapes (White),7004,Chardonnay *,3500,100,19.7,2,data_row
1,7,Wine Grapes (White),7004,Chardonnay *,3700,100,4,2,data_row
1,7,Wine Grapes (White),7004,Chardonnay *,3800,100,27.8,2,data_row
1,7,Wine Grapes (White),7004,Chardonnay *,3900,100,2.1,2,data_row
1,7,Wine Grapes (White),7004,Chardonnay *,4000,100,3.4,2,data_row
1,7,Wine Grapes (White),7004,Chardonnay *,4100,100,2,2,data_row
1,7,Wine Grapes (White),7004,Chardonnay *,4500,100,4,2,data_row
1,7,Wine Grapes (White),7004,Chardonnay *,4500,1800,2.9,2,data_row
1,7,Wine Grapes (White),7004,Chardonnay *,4500,10110,2.1,2,data_row
1,7,Wine Grapes (White),7004,Chardonnay *,4550,100,3,2,data_row
1,7,Wine Grapes (White),7004,Chardonnay *,5000,100,4.9,2,data_row
1,7,Wine Grapes (White),7004,Chardonnay *,5865,100,2.8,2,data_row
1,7,Wine Grapes (White),7004,Chardonnay *,6000,100,4,2,data_row
1,7,Wine Grapes (White),7004,Chardonnay *,1295.03,,13839.3,3,summary_row
1,7,Wine Grapes (White),7006,Chenin Blanc,100,100,2.4,2,data_row
1,7,Wine Grapes (White),7006,Chenin Blanc,1400,100,5.6,2,data_row
1,7,Wine Grapes (White),7006,Chenin Blanc,1407.39,13100,26.2,2,data_row
1,7,Wine Grapes (White),7006,Chenin Blanc,1550,100,24.2,2,data_row
1,7,Wine Grapes (White),7006,Chenin Blanc,1600,100,14.8,2,data_row
1,7,Wine Grapes (White),7006,Chenin Blanc,1624.25,13100,12.6,2,data_row
1,7,Wine Grapes (White),7006,Chenin Blanc,1800,100,1,2,data_row
1,7,Wine Grapes (White),7006,Chenin Blanc,1800,21200,2,2,data_row
1,7,Wine Grapes (White),7006,Chenin Blanc,1850,10700,11.6,2,data_row
1,7,Wine Grapes (White),7006,Chenin Blanc,1920,100,1.3,2,data_row
1,7,Wine Grapes (White),7006,Chenin Blanc,2000,7600,9.7,2,data_row
1,7,Wine Grapes (White),7006,Chenin Blanc,2000,13400,3.1,2,data_row
1,7,Wine Grapes (White),7006,Chenin Blanc,2100,100,2.4,2,data_row
1,7,Wine Grapes (White),7006,Chenin Blanc,2500,100,16,2,data_row
1,7,Wine Grapes (White),7006,Chenin Blanc,2500,10700,2.2,2,data_row
1,7,Wine Grapes (White),7006,Chenin Blanc,2500,13100,3.2,2,data_row
1,7,Wine Grapes (White),7006,Chenin Blanc,2500,13600,4.8,2,data_row
1,7,Wine Grapes (White),7006,Chenin Blanc,2960,100,1.1,2,data_row
1,7,Wine Grapes (White),7006,Chenin Blanc,3400,100,2.1,2,data_row
1,7,Wine Grapes (White),7006,Chenin Blanc,3600,100,5.4,2,data_row
1,7,Wine Grapes (White),7006,Chenin Blanc,3600,10700,1.8,2,data_row
1,7,Wine Grapes (White),7006,Chenin Blanc,3650,7900,1.7,2,data_row
1,7,Wine Grapes (White),7006,Chenin Blanc,3900,100,3.3,2,data_row
1,7,Wine Grapes (White),7006,Chenin Blanc,1940.04,,158.5,3,summary_row
1,7,Wine Grapes (White),7047,Cortese,2200,100,5.4,2,data_row
1,7,Wine Grapes (White),7047,Cortese,2200,,5.4,3,summary_row
1,7,Wine Grapes (White),7068,Falaghina Greco,2000,100,0.7,2,data_row
1,7,Wine Grapes (White),7068,Falaghina Greco,3850,100,5.2,2,data_row
1,7,Wine Grapes (White),7068,Falaghina Greco,3900,100,2,2,data_row
1,7,Wine Grapes (White),7068,Falaghina Greco,3698.73,,7.9,3,summary_row
1,7,Wine Grapes (White),7010,French Colombard,750,13100,24.4,2,data_row
1,7,Wine Grapes (White),7010,French Colombard,1150,100,17,2,data_row
1,7,Wine Grapes (White),7010,French Colombard,1200,100,5.2,2,data_row
1,7,Wine Grapes (White),7010,French Colombard,1228,100,1.1,2,data_row
1,7,Wine Grapes (White),7010,French Colombard,1500,100,8,2,data_row
1,7,Wine Grapes (White),7010,French Colombard,1600,100,3.8,2,data_row
1,7,Wine Grapes (White),7010,French Colombard,1067.58,,59.5,3,summary_row
1,7,Wine Grapes (White),7011,Gewurztraminer,1100,100,5.3,2,data_row
1,7,Wine Grapes (White),7011,Gewurztraminer,1799.11,100,40.5,2,data_row
1,7,Wine Grapes (White),7011,Gewurztraminer,1800,100,31.4,2,data_row
1,7,Wine Grapes (White),7011,Gewurztraminer,1900,100,4.5,2,data_row
1,7,Wine Grapes (White),7011,Gewurztraminer,1950,100,4.2,2,data_row
1,7,Wine Grapes (White),7011,Gewurztraminer,2052.84,100,31.2,2,data_row
1,7,Wine Grapes (White),7011,Gewurztraminer,2250,100,1.5,2,data_row
1,7,Wine Grapes (White),7011,Gewurztraminer,2300,100,2.2,2,data_row
1,7,Wine Grapes (White),7011,Gewurztraminer,2400,100,22.3,2,data_row
1,7,Wine Grapes (White),7011,Gewurztraminer,2500,100,23.8,2,data_row
1,7,Wine Grapes (White),7011,Gewurztraminer,2600,100,2,2,data_row
1,7,Wine Grapes (White),7011,Gewurztraminer,2028.76,,168.9,3,summary_row
1,7,Wine Grapes (White),7055,Grenache Blanc *,3900,100,2.3,2,data_row
1,7,Wine Grapes (White),7055,Grenache Blanc *,3900,,2.3,3,summary_row
1,7,Wine Grapes (White),7063,Gruner Veltliner,2400,100,16.1,2,data_row
1,7,Wine Grapes (White),7063,Gruner Veltliner,2400,17200,0.5,2,data_row
1,7,Wine Grapes (White),7063,Gruner Veltliner,2500,100,1,2,data_row
1,7,Wine Grapes (White),7063,Gruner Veltliner,2405.68,,17.6,3,summary_row
1,7,Wine Grapes (White),7045,Marsanne,1900,100,0.5,2,data_row
1,7,Wine Grapes (White),7045,Marsanne,2000,100,3.4,2,data_row
1,7,Wine Grapes (White),7045,Marsanne,3900,100,0.5,2,data_row
1,7,Wine Grapes (White),7045,Marsanne,2204.55,,4.4,3,summary_row
1,7,Wine Grapes (White),7022,Muscat Blanc *,200,21500,14.3,2,data_row
1,7,Wine Grapes (White),7022,Muscat Blanc *,350,100,2.6,2,data_row
1,7,Wine Grapes (White),7022,Muscat Blanc *,800,21500,6.1,2,data_row
1,7,Wine Grapes (White),7022,Muscat Blanc *,850,100,20.4,2,data_row
1,7,Wine Grapes (White),7022,Muscat Blanc *,1000,100,11.1,2,data_row
1,7,Wine Grapes (White),7022,Muscat Blanc *,1600,100,6.5,2,data_row
1,7,Wine Grapes (White),7022,Muscat Blanc *,1900,9000,2.4,2,data_row
1,7,Wine Grapes (White),7022,Muscat Blanc *,2000,100,6,2,data_row
1,7,Wine Grapes (White),7022,Muscat Blanc *,3500,100,3.7,2,data_row
1,7,Wine Grapes (White),7022,Muscat Blanc *,1053.35,,73.1,3,summary_row
1,7,Wine Grapes (White),7065,Picpoul Blanc,4300,100,0.5,2,data_row
1,7,Wine Grapes (White),7065,Picpoul Blanc,4350,7900,1,2,data_row
1,7,Wine Grapes (White),7065,Picpoul Blanc,4504.65,100,2,2,data_row
1,7,Wine Grapes (White),7065,Picpoul Blanc,4431.23,,3.5,3,summary_row
1,7,Wine Grapes (White),7029,Pinot Blanc,1000,100,53.9,2,data_row
1,7,Wine Grapes (White),7029,Pinot Blanc,1306,17600,6.2,2,data_row
1,7,Wine Grapes (White),7029,Pinot Blanc,1350,10900,10.8,2,data_row
1,7,Wine Grapes (White),7029,Pinot Blanc,1775,100,6.9,2,data_row
1,7,Wine Grapes (White),7029,Pinot Blanc,2500,13100,3.1,2,data_row
1,7,Wine Grapes (White),7029,Pinot Blanc,1193.75,,80.9,3,summary_row
1,7,Wine Grapes (White),7044,Pinot Gris *,1650,100,10.2,2,data_row
1,7,Wine Grapes (White),7044,Pinot Gris *,1800,100,2,2,data_row
1,7,Wine Grapes (White),7044,Pinot Gris *,1850,100,8.4,2,data_row
1,7,Wine Grapes (White),7044,Pinot Gris *,1950,100,3.2,2,data_row
1,7,Wine Grapes (White),7044,Pinot Gris *,2000,100,3.5,2,data_row
1,7,Wine Grapes (White),7044,Pinot Gris *,2200,100,32.9,2,data_row
1,7,Wine Grapes (White),7044,Pinot Gris *,2200,24300,1.9,2,data_row
1,7,Wine Grapes (White),7044,Pinot Gris *,2300,100,13.6,2,data_row
1,7,Wine Grapes (White),7044,Pinot Gris *,2400,100,3.1,2,data_row
1,7,Wine Grapes (White),7044,Pinot Gris *,2400,17200,1,2,data_row
1,7,Wine Grapes (White),7044,Pinot Gris *,2600,100,3.5,2,data_row
1,7,Wine Grapes (White),7044,Pinot Gris *,3000,100,9.2,2,data_row
1,7,Wine Grapes (White),7044,Pinot Gris *,3200,100,2,2,data_row
1,7,Wine Grapes (White),7044,Pinot Gris *,2222.12,,94.5,3,summary_row
1,7,Wine Grapes (White),7056,Ribolla Gialla *,2817,8100,4.1,2,data_row
1,7,Wine Grapes (White),7056,Ribolla Gialla *,2817,,4.1,3,summary_row
1,7,Wine Grapes (White),7042,Roussanne,1900,19100,1,2,data_row
1,7,Wine Grapes (White),7042,Roussanne,2000,100,3.4,2,data_row
1,7,Wine Grapes (White),7042,Roussanne,4739,19000,5.9,2,data_row
1,7,Wine Grapes (White),7042,Roussanne,4842.5,100,2,2,data_row
1,7,Wine Grapes (White),7042,Roussanne,3767.89,,12.3,3,summary_row
1,7,Wine Grapes (White),7033,Sauvignon Blanc *,200,100,16.4,2,data_row
1,7,Wine Grapes (White),7033,Sauvignon Blanc *,400,17200,96.6,2,data_row
1,7,Wine Grapes (White),7033,Sauvignon Blanc *,500,100,47.7,2,data_row
1,7,Wine Grapes (White),7033,Sauvignon Blanc *,500,17200,230.7,2,data_row
1,7,Wine Grapes (White),7033,Sauvignon Blanc *,700,100,279.8,2,data_row
1,7,Wine Grapes (White),7033,Sauvignon Blanc *,825,100,1.5,2,data_row
1,7,Wine Grapes (White),7033,Sauvignon Blanc *,900,13100,57.9,2,data_row
1,7,Wine Grapes (White),7033,Sauvignon Blanc *,927.67,100,20.4,2,data_row
1,7,Wine Grapes (White),7033,Sauvignon Blanc *,1000,100,49.7,2,data_row
1,7,Wine Grapes (White),7033,Sauvignon Blanc *,1100,100,272.5,2,data_row
1,7,Wine Grapes (White),7033,Sauvignon Blanc *,1117,11100,48.8,2,data_row
1,7,Wine Grapes (White),7033,Sauvignon Blanc *,1200,100,656,2,data_row
1,7,Wine Grapes (White),7033,Sauvignon Blanc *,1219.61,100,39.5,2,data_row
1,7,Wine Grapes (White),7033,Sauvignon Blanc *,1250,100,47.6,2,data_row
1,7,Wine Grapes (White),7033,Sauvignon Blanc *,1300,100,219.2,2,data_row
1,7,Wine Grapes (White),7033,Sauvignon Blanc *,1300,13400,10.2,2,data_row
1,7,Wine Grapes (White),7033,Sauvignon Blanc *,1300,24800,54.6,2,data_row
1,7,Wine Grapes (White),7033,Sauvignon Blanc *,1313.43,100,41.7,2,data_row
1,7,Wine Grapes (White),7033,Sauvignon Blanc *,1391.2,15700,93,2,data_row
1,7,Wine Grapes (White),7033,Sauvignon Blanc *,1400,100,143.6,2,data_row
1,7,Wine Grapes (White),7033,Sauvignon Blanc *,1400,17600,23.5,2,data_row
1,7,Wine Grapes (White),7033,Sauvignon Blanc *,1441.35,100,11.2,2,data_row
1,7,Wine Grapes (White),7033,Sauvignon Blanc *,1500,100,70.3,2,data_row
1,7,Wine Grapes (White),7033,Sauvignon Blanc *,1500,13400,119.9,2,data_row
1,7,Wine Grapes (White),7033,Sauvignon Blanc *,1600,100,79.7,2,data_row
1,7,Wine Grapes (White),7033,Sauvignon Blanc *,1600,13400,61.6,2,data_row
1,7,Wine Grapes (White),7033,Sauvignon Blanc *,1600,15500,49.2,2,data_row
1,7,Wine Grapes (White),7033,Sauvignon Blanc *,1635.63,100,47.7,2,data_row
1,7,Wine Grapes (White),7033,Sauvignon Blanc *,1650,100,6,2,data_row
1,7,Wine Grapes (White),7033,Sauvignon Blanc *,1689.46,100,70,2,data_row
1,7,Wine Grapes (White),7033,Sauvignon Blanc *,1700,100,126.4,2,data_row
1,7,Wine Grapes (White),7033,Sauvignon Blanc *,1700,9530,3,2,data_row
1,7,Wine Grapes (White),7033,Sauvignon Blanc *,1750,100,103.4,2,data_row
1,7,Wine Grapes (White),7033,Sauvignon Blanc *,1800,100,234.5,2,data_row
1,7,Wine Grapes (White),7033,Sauvignon Blanc *,1800.43,100,84.3,2,data_row
1,7,Wine Grapes (White),7033,Sauvignon Blanc *,1920,100,1.7,2,data_row
1,7,Wine Grapes (White),7033,Sauvignon Blanc *,2000,100,38.9,2,data_row
1,7,Wine Grapes (White),7033,Sauvignon Blanc *,2000,10900,24.1,2,data_row
1,7,Wine Grapes (White),7033,Sauvignon Blanc *,2000,11300,1.7,2,data_row
1,7,Wine Grapes (White),7033,Sauvignon Blanc *,2100,8100,3.1,2,data_row
1,7,Wine Grapes (White),7033,Sauvignon Blanc *,2224,100,15,2,data_row
1,7,Wine Grapes (White),7033,Sauvignon Blanc *,2250,100,7.6,2,data_row
1,7,Wine Grapes (White),7033,Sauvignon Blanc *,2300,100,4.1,2,data_row
1,7,Wine Grapes (White),7033,Sauvignon Blanc *,2500,100,13.8,2,data_row
1,7,Wine Grapes (White),7033,Sauvignon Blanc *,2600,100,7.7,2,data_row
1,7,Wine Grapes (White),7033,Sauvignon Blanc *,2700,100,12.4,2,data_row
1,7,Wine Grapes (White),7033,Sauvignon Blanc *,2700,10600,4.4,2,data_row
1,7,Wine Grapes (White),7033,Sauvignon Blanc *,2700,10900,3.2,2,data_row
1,7,Wine Grapes (White),7033,Sauvignon Blanc *,2800,9100,5.2,2,data_row
1,7,Wine Grapes (White),7033,Sauvignon Blanc *,2800,10900,2.2,2,data_row
1,7,Wine Grapes (White),7033,Sauvignon Blanc *,3649.59,100,16,2,data_row
1,7,Wine Grapes (White),7033,Sauvignon Blanc *,1279.98,,3679.2,3,summary_row
1,7,Wine Grapes (White),7036,Semillon,600,100,23.6,2,data_row
1,7,Wine Grapes (White),7036,Semillon,1600,100,2.6,2,data_row
1,7,Wine Grapes (White),7036,Semillon,1800,100,3.3,2,data_row
1,7,Wine Grapes (White),7036,Semillon,2500,100,0.5,2,data_row
1,7,Wine Grapes (White),7036,Semillon,2700,10900,0.8,2,data_row
1,7,Wine Grapes (White),7036,Semillon,3600,100,1.1,2,data_row
1,7,Wine Grapes (White),7036,Semillon,4065.62,100,3.1,2,data_row
1,7,Wine Grapes (White),7036,Semillon,1263.81,,35,3,summary_row
1,7,Wine Grapes (White),7032,St. Emilion *,2200,100,4.9,2,data_row
1,7,Wine Grapes (White),7032,St. Emilion *,2200,,4.9,3,summary_row
1,7,Wine Grapes (White),7051,Tocai Friulano,1000,13400,0.5,2,data_row
1,7,Wine Grapes (White),7051,Tocai Friulano,1850,100,11,2,data_row
1,7,Wine Grapes (White),7051,Tocai Friulano,2000,100,2.2,2,data_row
1,7,Wine Grapes (White),7051,Tocai Friulano,2200,100,1.8,2,data_row
1,7,Wine Grapes (White),7051,Tocai Friulano,2817,8100,10.4,2,data_row
1,7,Wine Grapes (White),7051,Tocai Friulano,2258.95,,25.9,3,summary_row
1,7,Wine Grapes (White),7064,Vermentino *,1550,100,15,2,data_row
1,7,Wine Grapes (White),7064,Vermentino *,1600,100,24.7,2,data_row
1,7,Wine Grapes (White),7064,Vermentino *,2050,100,1.7,2,data_row
1,7,Wine Grapes (White),7064,Vermentino *,2200,100,13.9,2,data_row
1,7,Wine Grapes (White),7064,Vermentino *,2200,9400,2,2,data_row
1,7,Wine Grapes (White),7064,Vermentino *,3808,100,2.9,2,data_row
1,7,Wine Grapes (White),7064,Vermentino *,4161.6,100,2.1,2,data_row
1,7,Wine Grapes (White),7064,Vermentino *,1942.5,,62.3,3,summary_row
1,7,Wine Grapes (White),7043,Viognier,700,100,138.9,2,data_row
1,7,Wine Grapes (White),7043,Viognier,982.25,100,12.3,2,data_row
1,7,Wine Grapes (White),7043,Viognier,1800,100,4.1,2,data_row
1,7,Wine Grapes (White),7043,Viognier,1850,21000,42.8,2,data_row
1,7,Wine Grapes (White),7043,Viognier,1900,19100,4.8,2,data_row
1,7,Wine Grapes (White),7043,Viognier,1900,24800,5,2,data_row
1,7,Wine Grapes (White),7043,Viognier,2000,100,1.5,2,data_row
1,7,Wine Grapes (White),7043,Viognier,2100,17400,4.9,2,data_row
1,7,Wine Grapes (White),7043,Viognier,2400,13400,1.3,2,data_row
1,7,Wine Grapes (White),7043,Viognier,2600,100,1.4,2,data_row
1,7,Wine Grapes (White),7043,Viognier,3900,100,0.5,2,data_row
1,7,Wine Grapes (White),7043,Viognier,4842.5,100,1,2,data_row
1,7,Wine Grapes (White),7043,Viognier,1104.5,,218.5,3,summary_row
1,7,Wine Grapes (White),7038,White Riesling *,1000,100,1,2,data_row
1,7,Wine Grapes (White),7038,White Riesling *,2400,17000,1,2,data_row
1,7,Wine Grapes (White),7038,White Riesling *,2500,100,8.4,2,data_row
1,7,Wine Grapes (White),7038,White Riesling *,2600,100,25.7,2,data_row
1,7,Wine Grapes (White),7038,White Riesling *,2800,100,5,2,data_row
1,7,Wine Grapes (White),7038,White Riesling *,2800,13100,1.1,2,data_row
1,7,Wine Grapes (White),7038,White Riesling *,2800,20600,1,2,data_row
1,7,Wine Grapes (White),7038,White Riesling *,2900,100,5.8,2,data_row
1,7,Wine Grapes (White),7038,White Riesling *,3000,100,3.1,2,data_row
1,7,Wine Grapes (White),7038,White Riesling *,3000,9300,3.2,2,data_row
1,7,Wine Grapes (White),7038,White Riesling *,3063,10900,3,2,data_row
1,7,Wine Grapes (White),7038,White Riesling *,3300,100,8.8,2,data_row
1,7,Wine Grapes (White),7038,White Riesling *,3500,100,2.5,2,data_row
1,7,Wine Grapes (White),7038,White Riesling *,4000,100,1.9,2,data_row
1,7,Wine Grapes (White),7038,White Riesling *,5000,100,3.6,2,data_row
1,7,Wine Grapes (White),7038,White Riesling *,2921.42,,75.1,3,summary_row
1,7,Wine Grapes (White),7001,Other White Wine 2/,1700,100,10.4,2,data_row
1,7,Wine Grapes (White),7001,Other White Wine 2/,1800,100,1,2,data_row
1,7,Wine Grapes (White),7001,Other White Wine 2/,2000,100,0.5,2,data_row
1,7,Wine Grapes (White),7001,Other White Wine 2/,2200,100,4.3,2,data_row
1,7,Wine Grapes (White),7001,Other White Wine 2/,3000,100,2,2,data_row
1,7,Wine Grapes (White),7001,Other White Wine 2/,3900,100,3,2,data_row
1,7,Wine Grapes (White),7001,Other White Wine 2/,2247.17,,21.2,3,summary_row
1,6,Wine Grapes (Red),6013,Barbera,1500,100,1.2,2,data_row
1,6,Wine Grapes (Red),6013,Barbera,1700,100,5.4,2,data_row
1,6,Wine Grapes (Red),6013,Barbera,2000,100,10.3,2,data_row
1,6,Wine Grapes (Red),6013,Barbera,2100,100,6.1,2,data_row
1,6,Wine Grapes (Red),6013,Barbera,2200,100,12.5,2,data_row
1,6,Wine Grapes (Red),6013,Barbera,2800,100,2,2,data_row
1,6,Wine Grapes (Red),6013,Barbera,2066.4,,37.5,3,summary_row
1,6,Wine Grapes (Red),6023,Cabernet Franc,1200,100,7.4,2,data_row
1,6,Wine Grapes (Red),6023,Cabernet Franc,3500,100,2,2,data_row
1,6,Wine Grapes (Red),6023,Cabernet Franc,4300,100,2.6,2,data_row
1,6,Wine Grapes (Red),6023,Cabernet Franc,4739,20800,5.6,2,data_row
1,6,Wine Grapes (Red),6023,Cabernet Franc,4800,100,0.9,2,data_row
1,6,Wine Grapes (Red),6023,Cabernet Franc,4800,17600,1.9,2,data_row
1,6,Wine Grapes (Red),6023,Cabernet Franc,3286.2,,20.4,3,summary_row
1,6,Wine Grapes (Red),6024,Cabernet Sauvignon,450,100,156.4,2,data_row
1,6,Wine Grapes (Red),6024,Cabernet Sauvignon,500,100,107,2,data_row
1,6,Wine Grapes (Red),6024,Cabernet Sauvignon,850,100,316.9,2,data_row
1,6,Wine Grapes (Red),6024,Cabernet Sauvignon,1000,100,276.5,2,data_row
1,6,Wine Grapes (Red),6024,Cabernet Sauvignon,1250,24500,43.6,2,data_row
1,6,Wine Grapes (Red),6024,Cabernet Sauvignon,1300,100,14.9,2,data_row
1,6,Wine Grapes (Red),6024,Cabernet Sauvignon,1400,9530,5.5,2,data_row
1,6,Wine Grapes (Red),6024,Cabernet Sauvignon,1500,100,2.1,2,data_row
1,6,Wine Grapes (Red),6024,Cabernet Sauvignon,1550,27800,94.8,2,data_row
1,6,Wine Grapes (Red),6024,Cabernet Sauvignon,1600,100,54.3,2,data_row
1,6,Wine Grapes (Red),6024,Cabernet Sauvignon,1700,100,46.9,2,data_row
1,6,Wine Grapes (Red),6024,Cabernet Sauvignon,1700,24800,676.1,2,data_row
1,6,Wine Grapes (Red),6024,Cabernet Sauvignon,1800,100,207.3,2,data_row
1,6,Wine Grapes (Red),6024,Cabernet Sauvignon,1850,100,20,2,data_row
1,6,Wine Grapes (Red),6024,Cabernet Sauvignon,1900,100,76.7,2,data_row
1,6,Wine Grapes (Red),6024,Cabernet Sauvignon,1972.86,100,33.8,2,data_row
1,6,Wine Grapes (Red),6024,Cabernet Sauvignon,1988.9,100,90.6,2,data_row
1,6,Wine Grapes (Red),6024,Cabernet Sauvignon,2000,100,372.6,2,data_row
1,6,Wine Grapes (Red),6024,Cabernet Sauvignon,2000,24800,131,2,data_row
1,6,Wine Grapes (Red),6024,Cabernet Sauvignon,2065.37,100,73.9,2,data_row
1,6,Wine Grapes (Red),6024,Cabernet Sauvignon,2065.37,24500,35.9,2,data_row
1,6,Wine Grapes (Red),6024,Cabernet Sauvignon,2100,24500,0.9,2,data_row
1,6,Wine Grapes (Red),6024,Cabernet Sauvignon,2100,24800,79.3,2,data_row
1,6,Wine Grapes (Red),6024,Cabernet Sauvignon,2200,100,101.4,2,data_row
1,6,Wine Grapes (Red),6024,Cabernet Sauvignon,2244.48,25100,17.6,2,data_row
1,6,Wine Grapes (Red),6024,Cabernet Sauvignon,2300,100,16.1,2,data_row
1,6,Wine Grapes (Red),6024,Cabernet Sauvignon,2385.26,100,100,2,data_row
1,6,Wine Grapes (Red),6024,Cabernet Sauvignon,2474.01,1900,36.9,2,data_row
1,6,Wine Grapes (Red),6024,Cabernet Sauvignon,2488.64,2200,66.4,2,data_row
1,6,Wine Grapes (Red),6024,Cabernet Sauvignon,2500,100,1.6,2,data_row
1,6,Wine Grapes (Red),6024,Cabernet Sauvignon,2500,21200,16.6,2,data_row
1,6,Wine Grapes (Red),6024,Cabernet Sauvignon,2581.73,2200,12.1,2,data_row
1,6,Wine Grapes (Red),6024,Cabernet Sauvignon,2649.15,24800,31,2,data_row
1,6,Wine Grapes (Red),6024,Cabernet Sauvignon,2850,100,1.9,2,data_row
1,6,Wine Grapes (Red),6024,Cabernet Sauvignon,2876.02,24500,21.8,2,data_row
1,6,Wine Grapes (Red),6024,Cabernet Sauvignon,2900,24500,478.4,2,data_row
1,6,Wine Grapes (Red),6024,Cabernet Sauvignon,3300,100,1,2,data_row
1,6,Wine Grapes (Red),6024,Cabernet Sauvignon,3796.92,100,53.4,2,data_row
1,6,Wine Grapes (Red),6024,Cabernet Sauvignon,4750,100,3.3,2,data_row
1,6,Wine Grapes (Red),6024,Cabernet Sauvignon,1819.49,,3876.5,3,summary_row
1,6,Wine Grapes (Red),6026,Carignane,100,100,2.4,2,data_row
1,6,Wine Grapes (Red),6026,Carignane,200,17400,6.7,2,data_row
1,6,Wine Grapes (Red),6026,Carignane,800,100,7.3,2,data_row
1,6,Wine Grapes (Red),6026,Carignane,800,17400,5,2,data_row
1,6,Wine Grapes (Red),6026,Carignane,1300,100,3.1,2,data_row
1,6,Wine Grapes (Red),6026,Carignane,1400,100,3.9,2,data_row
1,6,Wine Grapes (Red),6026,Carignane,1450,100,13.2,2,data_row
1,6,Wine Grapes (Red),6026,Carignane,1500,100,49.7,2,data_row
1,6,Wine Grapes (Red),6026,Carignane,1600,100,60,2,data_row
1,6,Wine Grapes (Red),6026,Carignane,1650,100,13.9,2,data_row
1,6,Wine Grapes (Red),6026,Carignane,1700,100,7.6,2,data_row
1,6,Wine Grapes (Red),6026,Carignane,1794,100,0.5,2,data_row
1,6,Wine Grapes (Red),6026,Carignane,1794.12,100,1.3,2,data_row
1,6,Wine Grapes (Red),6026,Carignane,1800,100,7.7,2,data_row
1,6,Wine Grapes (Red),6026,Carignane,1800,13100,1,2,data_row
1,6,Wine Grapes (Red),6026,Carignane,1900,100,45.8,2,data_row
1,6,Wine Grapes (Red),6026,Carignane,1973.53,100,21.7,2,data_row
1,6,Wine Grapes (Red),6026,Carignane,2000,100,3,2,data_row
1,6,Wine Grapes (Red),6026,Carignane,2000,18900,4,2,data_row
1,6,Wine Grapes (Red),6026,Carignane,2100,9300,4.9,2,data_row
1,6,Wine Grapes (Red),6026,Carignane,2100,11300,1.9,2,data_row
1,6,Wine Grapes (Red),6026,Carignane,2200,100,3.8,2,data_row
1,6,Wine Grapes (Red),6026,Carignane,2500,100,2.4,2,data_row
1,6,Wine Grapes (Red),6026,Carignane,2800,100,3.4,2,data_row
1,6,Wine Grapes (Red),6026,Carignane,2850,100,12.4,2,data_row
1,6,Wine Grapes (Red),6026,Carignane,3500,100,0.5,2,data_row
1,6,Wine Grapes (Red),6026,Carignane,1687.36,,287.1,3,summary_row
1,6,Wine Grapes (Red),6028,Charbono,800,13400,7,2,data_row
1,6,Wine Grapes (Red),6028,Charbono,1900,100,3.3,2,data_row
1,6,Wine Grapes (Red),6028,Charbono,2500,100,7.1,2,data_row
1,6,Wine Grapes (Red),6028,Charbono,1702.3,,17.4,3,summary_row
1,6,Wine Grapes (Red),6171,Cinsaut *,300,100,2.4,2,data_row
1,6,Wine Grapes (Red),6171,Cinsaut *,2500,100,2.1,2,data_row
1,6,Wine Grapes (Red),6171,Cinsaut *,1326.67,,4.5,3,summary_row
1,6,Wine Grapes (Red),6185,Counoise,300,100,2.8,2,data_row
1,6,Wine Grapes (Red),6185,Counoise,2500,100,1.2,2,data_row
1,6,Wine Grapes (Red),6185,Counoise,4300,100,2.3,2,data_row
1,6,Wine Grapes (Red),6185,Counoise,4692,20700,4.1,2,data_row
1,6,Wine Grapes (Red),6185,Counoise,3169.92,,10.4,3,summary_row
1,6,Wine Grapes (Red),6173,Dolcetto,2200,100,18.8,2,data_row
1,6,Wine Grapes (Red),6173,Dolcetto,2800,100,4.3,2,data_row
1,6,Wine Grapes (Red),6173,Dolcetto,3500,100,6.6,2,data_row
1,6,Wine Grapes (Red),6173,Dolcetto,2575.76,,29.7,3,summary_row
1,6,Wine Grapes (Red),6196,Graciano,3300,100,1,2,data_row
1,6,Wine Grapes (Red),6196,Graciano,3300,,1,3,summary_row
1,6,Wine Grapes (Red),6058,Grenache *,1300,100,0.3,2,data_row
1,6,Wine Grapes (Red),6058,Grenache *,1339,10900,10,2,data_row
1,6,Wine Grapes (Red),6058,Grenache *,1400,100,4.9,2,data_row
1,6,Wine Grapes (Red),6058,Grenache *,1450,100,3.2,2,data_row
1,6,Wine Grapes (Red),6058,Grenache *,1500,100,17,2,data_row
1,6,Wine Grapes (Red),6058,Grenache *,1700,100,10.1,2,data_row
1,6,Wine Grapes (Red),6058,Grenache *,1750,100,4.3,2,data_row
1,6,Wine Grapes (Red),6058,Grenache *,1800,100,14.3,2,data_row
1,6,Wine Grapes (Red),6058,Grenache *,1900,100,4.8,2,data_row
1,6,Wine Grapes (Red),6058,Grenache *,2000,100,12.7,2,data_row
1,6,Wine Grapes (Red),6058,Grenache *,2000,13600,1,2,data_row
1,6,Wine Grapes (Red),6058,Grenache *,2020,100,2.7,2,data_row
1,6,Wine Grapes (Red),6058,Grenache *,2050,100,2.4,2,data_row
1,6,Wine Grapes (Red),6058,Grenache *,2200,100,3.1,2,data_row
1,6,Wine Grapes (Red),6058,Grenache *,2297.9,100,43.9,2,data_row
1,6,Wine Grapes (Red),6058,Grenache *,2550,100,6.2,2,data_row
1,6,Wine Grapes (Red),6058,Grenache *,2600,100,45.7,2,data_row
1,6,Wine Grapes (Red),6058,Grenache *,2750,3200,51.9,2,data_row
1,6,Wine Grapes (Red),6058,Grenache *,2800,100,0.7,2,data_row
1,6,Wine Grapes (Red),6058,Grenache *,3000,12900,0.8,2,data_row
1,6,Wine Grapes (Red),6058,Grenache *,3200,17600,0.9,2,data_row
1,6,Wine Grapes (Red),6058,Grenache *,3500,100,2,2,data_row
1,6,Wine Grapes (Red),6058,Grenache *,3500,10700,6.7,2,data_row
1,6,Wine Grapes (Red),6058,Grenache *,3843,100,3.4,2,data_row
1,6,Wine Grapes (Red),6058,Grenache *,3900,100,2,2,data_row
1,6,Wine Grapes (Red),6058,Grenache *,4000,100,2,2,data_row
1,6,Wine Grapes (Red),6058,Grenache *,4250,24800,0.8,2,data_row
1,6,Wine Grapes (Red),6058,Grenache *,4300,100,6,2,data_row
1,6,Wine Grapes (Red),6058,Grenache *,4739,20800,5.9,2,data_row
1,6,Wine Grapes (Red),6058,Grenache *,5000,100,0.9,2,data_row
1,6,Wine Grapes (Red),6058,Grenache *,2444.12,,270.6,3,summary_row
1,6,Wine Grapes (Red),6059,Grignolino,2200,100,5.2,2,data_row
1,6,Wine Grapes (Red),6059,Grignolino,2200,,5.2,3,summary_row
1,6,Wine Grapes (Red),6076,Malbec,500,100,7.5,2,data_row
1,6,Wine Grapes (Red),6076,Malbec,1000,100,1.5,2,data_row
1,6,Wine Grapes (Red),6076,Malbec,1200,100,7.8,2,data_row
1,6,Wine Grapes (Red),6076,Malbec,1700,24800,42.3,2,data_row
1,6,Wine Grapes (Red),6076,Malbec,2000,100,1,2,data_row
1,6,Wine Grapes (Red),6076,Malbec,2272.7,100,0.6,2,data_row
1,6,Wine Grapes (Red),6076,Malbec,4739,20800,6.5,2,data_row
1,6,Wine Grapes (Red),6076,Malbec,1795.94,,67.2,3,summary_row
1,6,Wine Grapes (Red),6200,Mencia,4300,100,3.3,2,data_row
1,6,Wine Grapes (Red),6200,Mencia,5000,100,1,2,data_row
1,6,Wine Grapes (Red),6200,Mencia,4462.79,,4.3,3,summary_row
1,6,Wine Grapes (Red),6084,Merlot,500,100,102.9,2,data_row
1,6,Wine Grapes (Red),6084,Merlot,1000,100,54.5,2,data_row
1,6,Wine Grapes (Red),6084,Merlot,1200,100,47.9,2,data_row
1,6,Wine Grapes (Red),6084,Merlot,1250,100,15.3,2,data_row
1,6,Wine Grapes (Red),6084,Merlot,1300,100,157.3,2,data_row
1,6,Wine Grapes (Red),6084,Merlot,1300,24800,190.8,2,data_row
1,6,Wine Grapes (Red),6084,Merlot,1400,100,234.4,2,data_row
1,6,Wine Grapes (Red),6084,Merlot,1400,24800,249.1,2,data_row
1,6,Wine Grapes (Red),6084,Merlot,1439.83,100,52.5,2,data_row
1,6,Wine Grapes (Red),6084,Merlot,1550,100,64.5,2,data_row
1,6,Wine Grapes (Red),6084,Merlot,1600,100,10,2,data_row
1,6,Wine Grapes (Red),6084,Merlot,1600,24800,83.5,2,data_row
1,6,Wine Grapes (Red),6084,Merlot,1850,21000,1,2,data_row
1,6,Wine Grapes (Red),6084,Merlot,1900,100,3.1,2,data_row
1,6,Wine Grapes (Red),6084,Merlot,1900,13100,2.4,2,data_row
1,6,Wine Grapes (Red),6084,Merlot,2050,100,0.5,2,data_row
1,6,Wine Grapes (Red),6084,Merlot,2100,100,11,2,data_row
1,6,Wine Grapes (Red),6084,Merlot,2400,100,19.7,2,data_row
1,6,Wine Grapes (Red),6084,Merlot,1323.33,,1300.4,3,summary_row
1,6,Wine Grapes (Red),6085,Meunier *,2000,100,1.6,2,data_row
1,6,Wine Grapes (Red),6085,Meunier *,2500,100,6.1,2,data_row
1,6,Wine Grapes (Red),6085,Meunier *,3000,100,0.6,2,data_row
1,6,Wine Grapes (Red),6085,Meunier *,3950,13400,1,2,data_row
1,6,Wine Grapes (Red),6085,Meunier *,4100,100,1.5,2,data_row
1,6,Wine Grapes (Red),6085,Meunier *,2810.19,,10.8,3,summary_row
1,6,Wine Grapes (Red),6189,Montepulciano,2200,100,16.4,2,data_row
1,6,Wine Grapes (Red),6189,Montepulciano,2800,100,0.9,2,data_row
1,6,Wine Grapes (Red),6189,Montepulciano,2231.21,,17.3,3,summary_row
1,6,Wine Grapes (Red),6081,Mourvedre *,2550,100,1.2,2,data_row
1,6,Wine Grapes (Red),6081,Mourvedre *,3524.35,100,2.3,2,data_row
1,6,Wine Grapes (Red),6081,Mourvedre *,4300,100,0.8,2,data_row
1,6,Wine Grapes (Red),6081,Mourvedre *,4739,22700,5.3,2,data_row
1,6,Wine Grapes (Red),6081,Mourvedre *,4137.78,,9.6,3,summary_row
1,6,Wine Grapes (Red),6095,Nebbiolo,2200,100,8,2,data_row
1,6,Wine Grapes (Red),6095,Nebbiolo,2800,100,4.1,2,data_row
1,6,Wine Grapes (Red),6095,Nebbiolo,2403.31,,12.1,3,summary_row
1,6,Wine Grapes (Red),6192,Negroamaro,800,17000,5.2,2,data_row
1,6,Wine Grapes (Red),6192,Negroamaro,2200,100,6.3,2,data_row
1,6,Wine Grapes (Red),6192,Negroamaro,2322,100,1.2,2,data_row
1,6,Wine Grapes (Red),6192,Negroamaro,1638.3,,12.7,3,summary_row
1,6,Wine Grapes (Red),6199,Nero D'avola *,800,100,5.9,2,data_row
1,6,Wine Grapes (Red),6199,Nero D'avola *,2000,100,5,2,data_row
1,6,Wine Grapes (Red),6199,Nero D'avola *,2200,100,10.9,2,data_row
1,6,Wine Grapes (Red),6199,Nero D'avola *,2322,100,5.4,2,data_row
1,6,Wine Grapes (Red),6199,Nero D'avola *,4064,100,4.3,2,data_row
1,6,Wine Grapes (Red),6199,Nero D'avola *,2181.4,,31.5,3,summary_row
1,6,Wine Grapes (Red),6107,Petit Verdot,1200,100,7,2,data_row
1,6,Wine Grapes (Red),6107,Petit Verdot,1918.03,100,1.5,2,data_row
1,6,Wine Grapes (Red),6107,Petit Verdot,2750,24500,1.1,2,data_row
1,6,Wine Grapes (Red),6107,Petit Verdot,1489.8,,9.6,3,summary_row
1,6,Wine Grapes (Red),6106,Petite Sirah,800,100,1,2,data_row
1,6,Wine Grapes (Red),6106,Petite Sirah,850,100,55,2,data_row
1,6,Wine Grapes (Red),6106,Petite Sirah,1500,100,4.5,2,data_row
1,6,Wine Grapes (Red),6106,Petite Sirah,1600,24800,55.9,2,data_row
1,6,Wine Grapes (Red),6106,Petite Sirah,1850,24800,30.4,2,data_row
1,6,Wine Grapes (Red),6106,Petite Sirah,1991.21,100,3.4,2,data_row
1,6,Wine Grapes (Red),6106,Petite Sirah,2000,100,23.4,2,data_row
1,6,Wine Grapes (Red),6106,Petite Sirah,2000,19500,1.4,2,data_row
1,6,Wine Grapes (Red),6106,Petite Sirah,2000,21000,0.2,2,data_row
1,6,Wine Grapes (Red),6106,Petite Sirah,2100,100,15.7,2,data_row
1,6,Wine Grapes (Red),6106,Petite Sirah,2200,100,1.5,2,data_row
1,6,Wine Grapes (Red),6106,Petite Sirah,2250,100,8.8,2,data_row
1,6,Wine Grapes (Red),6106,Petite Sirah,2266,100,10.1,2,data_row
1,6,Wine Grapes (Red),6106,Petite Sirah,2322,100,1.7,2,data_row
1,6,Wine Grapes (Red),6106,Petite Sirah,2479.93,100,8.3,2,data_row
1,6,Wine Grapes (Red),6106,Petite Sirah,2850,100,6.5,2,data_row
1,6,Wine Grapes (Red),6106,Petite Sirah,2950,3200,24.8,2,data_row
1,6,Wine Grapes (Red),6106,Petite Sirah,3300,100,1,2,data_row
1,6,Wine Grapes (Red),6106,Petite Sirah,3500,100,1.9,2,data_row
1,6,Wine Grapes (Red),6106,Petite Sirah,4500,100,0.9,2,data_row
1,6,Wine Grapes (Red),6106,Petite Sirah,1817.17,,256.4,3,summary_row
1,6,Wine Grapes (Red),6112,Pinot Noir *,662.5,17000,10.2,2,data_row
1,6,Wine Grapes (Red),6112,Pinot Noir *,1000,100,100.1,2,data_row
1,6,Wine Grapes (Red),6112,Pinot Noir *,1000,24500,8.6,2,data_row
1,6,Wine Grapes (Red),6112,Pinot Noir *,1300,100,6.5,2,data_row
1,6,Wine Grapes (Red),6112,Pinot Noir *,1400,100,9.2,2,data_row
1,6,Wine Grapes (Red),6112,Pinot Noir *,1500,100,24.5,2,data_row
1,6,Wine Grapes (Red),6112,Pinot Noir *,1700,21000,80.7,2,data_row
1,6,Wine Grapes (Red),6112,Pinot Noir *,1750,21000,27.7,2,data_row
1,6,Wine Grapes (Red),6112,Pinot Noir *,1850,100,1.7,2,data_row
1,6,Wine Grapes (Red),6112,Pinot Noir *,1859.49,100,11,2,data_row
1,6,Wine Grapes (Red),6112,Pinot Noir *,2000,100,131.4,2,data_row
1,6,Wine Grapes (Red),6112,Pinot Noir *,2000,21000,0.3,2,data_row
1,6,Wine Grapes (Red),6112,Pinot Noir *,2000,21200,2,2,data_row
1,6,Wine Grapes (Red),6112,Pinot Noir *,2080,100,99.3,2,data_row
1,6,Wine Grapes (Red),6112,Pinot Noir *,2100,9300,6.1,2,data_row
1,6,Wine Grapes (Red),6112,Pinot Noir *,2200,100,5.1,2,data_row
1,6,Wine Grapes (Red),6112,Pinot Noir *,2200,13800,3.9,2,data_row
1,6,Wine Grapes (Red),6112,Pinot Noir *,2200,24500,7.2,2,data_row
1,6,Wine Grapes (Red),6112,Pinot Noir *,2250,100,5.1,2,data_row
1,6,Wine Grapes (Red),6112,Pinot Noir *,2300,100,58.8,2,data_row
1,6,Wine Grapes (Red),6112,Pinot Noir *,2300,13100,2.1,2,data_row
1,6,Wine Grapes (Red),6112,Pinot Noir *,2500,100,276.1,2,data_row
1,6,Wine Grapes (Red),6112,Pinot Noir *,2500,9000,5,2,data_row
1,6,Wine Grapes (Red),6112,Pinot Noir *,2517.95,100,1146.1,2,data_row
1,6,Wine Grapes (Red),6112,Pinot Noir *,2650,100,33.9,2,data_row
1,6,Wine Grapes (Red),6112,Pinot Noir *,2650,17000,14.1,2,data_row
1,6,Wine Grapes (Red),6112,Pinot Noir *,2700,8650,5.9,2,data_row
1,6,Wine Grapes (Red),6112,Pinot Noir *,2750,24500,90.9,2,data_row
1,6,Wine Grapes (Red),6112,Pinot Noir *,2800,100,15.4,2,data_row
1,6,Wine Grapes (Red),6112,Pinot Noir *,2880.86,100,12.1,2,data_row
1,6,Wine Grapes (Red),6112,Pinot Noir *,3000,100,7.2,2,data_row
1,6,Wine Grapes (Red),6112,Pinot Noir *,3000,20800,3.8,2,data_row
1,6,Wine Grapes (Red),6112,Pinot Noir *,3002.05,11400,4.9,2,data_row
1,6,Wine Grapes (Red),6112,Pinot Noir *,3200,100,5.6,2,data_row
1,6,Wine Grapes (Red),6112,Pinot Noir *,3245.19,100,124.1,2,data_row
1,6,Wine Grapes (Red),6112,Pinot Noir *,3300,100,34.9,2,data_row
1,6,Wine Grapes (Red),6112,Pinot Noir *,3500,100,18.3,2,data_row
1,6,Wine Grapes (Red),6112,Pinot Noir *,3568.35,24500,4.5,2,data_row
1,6,Wine Grapes (Red),6112,Pinot Noir *,3670,17400,48.7,2,data_row
1,6,Wine Grapes (Red),6112,Pinot Noir *,3704.59,100,3.1,2,data_row
1,6,Wine Grapes (Red),6112,Pinot Noir *,3750,100,12.2,2,data_row
1,6,Wine Grapes (Red),6112,Pinot Noir *,3800,100,4.4,2,data_row
1,6,Wine Grapes (Red),6112,Pinot Noir *,3893.02,100,7.8,2,data_row
1,6,Wine Grapes (Red),6112,Pinot Noir *,3900,100,51.5,2,data_row
1,6,Wine Grapes (Red),6112,Pinot Noir *,3934.43,100,6.1,2,data_row
1,6,Wine Grapes (Red),6112,Pinot Noir *,3978.39,100,5.1,2,data_row
1,6,Wine Grapes (Red),6112,Pinot Noir *,4000,100,41.1,2,data_row
1,6,Wine Grapes (Red),6112,Pinot Noir *,4000,17200,3.6,2,data_row
1,6,Wine Grapes (Red),6112,Pinot Noir *,4100,100,2.5,2,data_row
1,6,Wine Grapes (Red),6112,Pinot Noir *,4200,100,104.7,2,data_row
1,6,Wine Grapes (Red),6112,Pinot Noir *,4200,21000,22.1,2,data_row
1,6,Wine Grapes (Red),6112,Pinot Noir *,4300,21000,9,2,data_row
1,6,Wine Grapes (Red),6112,Pinot Noir *,4354.87,100,6.3,2,data_row
1,6,Wine Grapes (Red),6112,Pinot Noir *,4400,100,11.8,2,data_row
1,6,Wine Grapes (Red),6112,Pinot Noir *,4500,100,12.8,2,data_row
1,6,Wine Grapes (Red),6112,Pinot Noir *,4500,12900,2.1,2,data_row
1,6,Wine Grapes (Red),6112,Pinot Noir *,4500,21800,0.6,2,data_row
1,6,Wine Grapes (Red),6112,Pinot Noir *,4550,100,4.3,2,data_row
1,6,Wine Grapes (Red),6112,Pinot Noir *,4600,100,2.9,2,data_row
1,6,Wine Grapes (Red),6112,Pinot Noir *,4750,100,15.8,2,data_row
1,6,Wine Grapes (Red),6112,Pinot Noir *,4800,100,30.2,2,data_row
1,6,Wine Grapes (Red),6112,Pinot Noir *,4800,13400,1.8,2,data_row
1,6,Wine Grapes (Red),6112,Pinot Noir *,5000,100,47.1,2,data_row
1,6,Wine Grapes (Red),6112,Pinot Noir *,5000,13100,2.1,2,data_row
1,6,Wine Grapes (Red),6112,Pinot Noir *,5000,17400,19.3,2,data_row
1,6,Wine Grapes (Red),6112,Pinot Noir *,5000,19600,4.6,2,data_row
1,6,Wine Grapes (Red),6112,Pinot Noir *,5000,20800,3,2,data_row
1,6,Wine Grapes (Red),6112,Pinot Noir *,5063.95,100,5.2,2,data_row
1,6,Wine Grapes (Red),6112,Pinot Noir *,5100,100,5.6,2,data_row
1,6,Wine Grapes (Red),6112,Pinot Noir *,5100,13400,1.6,2,data_row
1,6,Wine Grapes (Red),6112,Pinot Noir *,5129,100,8.5,2,data_row
1,6,Wine Grapes (Red),6112,Pinot Noir *,5200,100,1.5,2,data_row
1,6,Wine Grapes (Red),6112,Pinot Noir *,5200,20800,1.9,2,data_row
1,6,Wine Grapes (Red),6112,Pinot Noir *,5300,100,2.2,2,data_row
1,6,Wine Grapes (Red),6112,Pinot Noir *,5399,100,6.1,2,data_row
1,6,Wine Grapes (Red),6112,Pinot Noir *,5436,100,7.8,2,data_row
1,6,Wine Grapes (Red),6112,Pinot Noir *,5500,100,22,2,data_row
1,6,Wine Grapes (Red),6112,Pinot Noir *,5500,17200,2.1,2,data_row
1,6,Wine Grapes (Red),6112,Pinot Noir *,5500,21000,3.9,2,data_row
1,6,Wine Grapes (Red),6112,Pinot Noir *,5677.66,100,230.3,2,data_row
1,6,Wine Grapes (Red),6112,Pinot Noir *,6000,100,25.3,2,data_row
1,6,Wine Grapes (Red),6112,Pinot Noir *,6100,100,4.8,2,data_row
1,6,Wine Grapes (Red),6112,Pinot Noir *,6500,100,6.4,2,data_row
1,6,Wine Grapes (Red),6112,Pinot Noir *,6500,17200,2.1,2,data_row
1,6,Wine Grapes (Red),6112,Pinot Noir *,6500,17400,11.7,2,data_row
1,6,Wine Grapes (Red),6112,Pinot Noir *,6800,100,2.4,2,data_row
1,6,Wine Grapes (Red),6112,Pinot Noir *,6939,100,7.4,2,data_row
1,6,Wine Grapes (Red),6112,Pinot Noir *,7000,100,31.6,2,data_row
1,6,Wine Grapes (Red),6112,Pinot Noir *,7000,17400,6.8,2,data_row
1,6,Wine Grapes (Red),6112,Pinot Noir *,7200,100,32.3,2,data_row
1,6,Wine Grapes (Red),6112,Pinot Noir *,7200,17400,23.6,2,data_row
1,6,Wine Grapes (Red),6112,Pinot Noir *,7327.56,100,23.8,2,data_row
1,6,Wine Grapes (Red),6112,Pinot Noir *,7500,100,20.4,2,data_row
1,6,Wine Grapes (Red),6112,Pinot Noir *,7500,17400,17.6,2,data_row
1,6,Wine Grapes (Red),6112,Pinot Noir *,7600,17400,16.1,2,data_row
1,6,Wine Grapes (Red),6112,Pinot Noir *,7750,100,10,2,data_row
1,6,Wine Grapes (Red),6112,Pinot Noir *,8000,100,21.1,2,data_row
1,6,Wine Grapes (Red),6112,Pinot Noir *,8099.67,100,4.8,2,data_row
1,6,Wine Grapes (Red),6112,Pinot Noir *,8347,100,11.3,2,data_row
1,6,Wine Grapes (Red),6112,Pinot Noir *,9000,17000,6.3,2,data_row
1,6,Wine Grapes (Red),6112,Pinot Noir *,3338.28,,3475.4,3,summary_row
1,6,Wine Grapes (Red),6021,Primitivo,2000,100,1,2,data_row
1,6,Wine Grapes (Red),6021,Primitivo,2000,,1,3,summary_row
1,6,Wine Grapes (Red),6127,Sangiovese *,1000,100,4.8,2,data_row
1,6,Wine Grapes (Red),6127,Sangiovese *,1700,100,2.6,2,data_row
1,6,Wine Grapes (Red),6127,Sangiovese *,1750,100,4.7,2,data_row
1,6,Wine Grapes (Red),6127,Sangiovese *,2000,100,1.5,2,data_row
1,6,Wine Grapes (Red),6127,Sangiovese *,2000,17400,1.5,2,data_row
1,6,Wine Grapes (Red),6127,Sangiovese *,2200,100,17.6,2,data_row
1,6,Wine Grapes (Red),6127,Sangiovese *,2350,100,13,2,data_row
1,6,Wine Grapes (Red),6127,Sangiovese *,2400,13400,3.3,2,data_row
1,6,Wine Grapes (Red),6127,Sangiovese *,2800,100,3.3,2,data_row
1,6,Wine Grapes (Red),6127,Sangiovese *,2929.3,100,16.7,2,data_row
1,6,Wine Grapes (Red),6127,Sangiovese *,3200,100,8.4,2,data_row
1,6,Wine Grapes (Red),6127,Sangiovese *,3500,100,21.9,2,data_row
1,6,Wine Grapes (Red),6127,Sangiovese *,2641.74,,99.3,3,summary_row
1,6,Wine Grapes (Red),6133,Souzao,2200,100,4,2,data_row
1,6,Wine Grapes (Red),6133,Souzao,2200,,4,3,summary_row
1,6,Wine Grapes (Red),6163,Syrah *,300,17200,14.5,2,data_row
1,6,Wine Grapes (Red),6163,Syrah *,500,13100,0.4,2,data_row
1,6,Wine Grapes (Red),6163,Syrah *,500,17200,24.4,2,data_row
1,6,Wine Grapes (Red),6163,Syrah *,850,100,51.7,2,data_row
1,6,Wine Grapes (Red),6163,Syrah *,1100,17200,2.6,2,data_row
1,6,Wine Grapes (Red),6163,Syrah *,1400,100,27.2,2,data_row
1,6,Wine Grapes (Red),6163,Syrah *,1400,13800,45,2,data_row
1,6,Wine Grapes (Red),6163,Syrah *,1400,16100,79.4,2,data_row
1,6,Wine Grapes (Red),6163,Syrah *,1450,100,164.7,2,data_row
1,6,Wine Grapes (Red),6163,Syrah *,1600,100,37.2,2,data_row
1,6,Wine Grapes (Red),6163,Syrah *,1769,100,15,2,data_row
1,6,Wine Grapes (Red),6163,Syrah *,1900,100,6,2,data_row
1,6,Wine Grapes (Red),6163,Syrah *,2000,100,18.4,2,data_row
1,6,Wine Grapes (Red),6163,Syrah *,2300,100,6.2,2,data_row
1,6,Wine Grapes (Red),6163,Syrah *,2800,11100,3.2,2,data_row
1,6,Wine Grapes (Red),6163,Syrah *,3000,100,3.6,2,data_row
1,6,Wine Grapes (Red),6163,Syrah *,3200,100,3.9,2,data_row
1,6,Wine Grapes (Red),6163,Syrah *,3250,100,1,2,data_row
1,6,Wine Grapes (Red),6163,Syrah *,3500,13100,1.4,2,data_row
1,6,Wine Grapes (Red),6163,Syrah *,3600,100,3.6,2,data_row
1,6,Wine Grapes (Red),6163,Syrah *,3800,100,1,2,data_row
1,6,Wine Grapes (Red),6163,Syrah *,3852.36,100,6.2,2,data_row
1,6,Wine Grapes (Red),6163,Syrah *,4300,100,4.2,2,data_row
1,6,Wine Grapes (Red),6163,Syrah *,4739,20800,4.2,2,data_row
1,6,Wine Grapes (Red),6163,Syrah *,5800,100,0.5,2,data_row
1,6,Wine Grapes (Red),6163,Syrah *,1493.86,,525.5,3,summary_row
1,6,Wine Grapes (Red),6136,Tannat,1800,21000,0.5,2,data_row
1,6,Wine Grapes (Red),6136,Tannat,1800,,0.5,3,summary_row
1,6,Wine Grapes (Red),6176,Tempranillo *,1300,100,1,2,data_row
1,6,Wine Grapes (Red),6176,Tempranillo *,3800,100,1,2,data_row
1,6,Wine Grapes (Red),6176,Tempranillo *,2550,,2,3,summary_row
1,6,Wine Grapes (Red),6008,Touriga Nacional *,2200,100,3.1,2,data_row
1,6,Wine Grapes (Red),6008,Touriga Nacional *,2200,,3.1,3,summary_row
1,6,Wine Grapes (Red),6186,Trousseau *,2200,100,1.9,2,data_row
1,6,Wine Grapes (Red),6186,Trousseau *,2400,13400,6.2,2,data_row
1,6,Wine Grapes (Red),6186,Trousseau *,3000,100,1.6,2,data_row
1,6,Wine Grapes (Red),6186,Trousseau *,3500,100,1.5,2,data_row
1,6,Wine Grapes (Red),6186,Trousseau *,2599.11,,11.2,3,summary_row
1,6,Wine Grapes (Red),6052,Valdiguie *,1900,100,9.3,2,data_row
1,6,Wine Grapes (Red),6052,Valdiguie *,2000,100,2.6,2,data_row
1,6,Wine Grapes (Red),6052,Valdiguie *,2200,100,2.2,2,data_row
1,6,Wine Grapes (Red),6052,Valdiguie *,2200,7900,1.7,2,data_row
1,6,Wine Grapes (Red),6052,Valdiguie *,2500,100,3.6,2,data_row
1,6,Wine Grapes (Red),6052,Valdiguie *,2085.05,,19.4,3,summary_row
1,6,Wine Grapes (Red),6154,Zinfandel,800,100,8.9,2,data_row
1,6,Wine Grapes (Red),6154,Zinfandel,900,100,0.6,2,data_row
1,6,Wine Grapes (Red),6154,Zinfandel,1000,100,27.7,2,data_row
1,6,Wine Grapes (Red),6154,Zinfandel,1300,100,67.9,2,data_row
1,6,Wine Grapes (Red),6154,Zinfandel,1600,100,29.6,2,data_row
1,6,Wine Grapes (Red),6154,Zinfandel,1620,100,41.9,2,data_row
1,6,Wine Grapes (Red),6154,Zinfandel,1650,100,121.8,2,data_row
1,6,Wine Grapes (Red),6154,Zinfandel,1650,21000,1,2,data_row
1,6,Wine Grapes (Red),6154,Zinfandel,1700,100,14.6,2,data_row
1,6,Wine Grapes (Red),6154,Zinfandel,1750,24800,30.4,2,data_row
1,6,Wine Grapes (Red),6154,Zinfandel,1800,100,27.3,2,data_row
1,6,Wine Grapes (Red),6154,Zinfandel,1800,25100,5,2,data_row
1,6,Wine Grapes (Red),6154,Zinfandel,1850,100,50.3,2,data_row
1,6,Wine Grapes (Red),6154,Zinfandel,1899.46,100,35.8,2,data_row
1,6,Wine Grapes (Red),6154,Zinfandel,1900,100,27.2,2,data_row
1,6,Wine Grapes (Red),6154,Zinfandel,2000,100,24.4,2,data_row
1,6,Wine Grapes (Red),6154,Zinfandel,2000,18900,4.4,2,data_row
1,6,Wine Grapes (Red),6154,Zinfandel,2050,100,6,2,data_row
1,6,Wine Grapes (Red),6154,Zinfandel,2076.18,100,22.1,2,data_row
1,6,Wine Grapes (Red),6154,Zinfandel,2093.26,100,20.7,2,data_row
1,6,Wine Grapes (Red),6154,Zinfandel,2125,100,35.9,2,data_row
1,6,Wine Grapes (Red),6154,Zinfandel,2140.73,100,25.4,2,data_row
1,6,Wine Grapes (Red),6154,Zinfandel,2250,100,55.1,2,data_row
1,6,Wine Grapes (Red),6154,Zinfandel,2500,13600,1.7,2,data_row
1,6,Wine Grapes (Red),6154,Zinfandel,2750,3200,35.1,2,data_row
1,6,Wine Grapes (Red),6154,Zinfandel,2800,100,4.3,2,data_row
1,6,Wine Grapes (Red),6154,Zinfandel,3000,100,5,2,data_row
1,6,Wine Grapes (Red),6154,Zinfandel,3500,100,3.2,2,data_row
1,6,Wine Grapes (Red),6154,Zinfandel,3900,100,9.4,2,data_row
1,6,Wine Grapes (Red),6154,Zinfandel,4200,100,41.2,2,data_row
1,6,Wine Grapes (Red),6154,Zinfandel,5000,100,6.8,2,data_row
1,6,Wine Grapes (Red),6154,Zinfandel,2006.89,,790.7,3,summary_row
1,6,Wine Grapes (Red),6001,Other Red Wine 2/,1669,100,2.1,2,data_row
1,6,Wine Grapes (Red),6001,Other Red Wine 2/,2100,100,2,2,data_row
1,6,Wine Grapes (Red),6001,Other Red Wine 2/,2200,100,3.4,2,data_row
1,6,Wine Grapes (Red),6001,Other Red Wine 2/,2800,100,4.1,2,data_row
1,6,Wine Grapes (Red),6001,Other Red Wine 2/,2800,7900,1.2,2,data_row
1,6,Wine Grapes (Red),6001,Other Red Wine 2/,2345.7,,12.8,3,summary_row
2,7,Wine Grapes (White),7062,Albarino *,2057,13600,1.2,2,data_row
2,7,Wine Grapes (White),7062,Albarino *,2057,,1.2,3,summary_row
2,7,Wine Grapes (White),7004,Chardonnay *,100,100,90.5,2,data_row
2,7,Wine Grapes (White),7004,Chardonnay *,110,100,117.3,2,data_row
2,7,Wine Grapes (White),7004,Chardonnay *,200,100,298.4,2,data_row
2,7,Wine Grapes (White),7004,Chardonnay *,1241.12,100,50.8,2,data_row
2,7,Wine Grapes (White),7004,Chardonnay *,1500,100,10.7,2,data_row
2,7,Wine Grapes (White),7004,Chardonnay *,2000,100,1.5,2,data_row
2,7,Wine Grapes (White),7004,Chardonnay *,287.65,,569.2,3,summary_row
2,7,Wine Grapes (White),7006,Chenin Blanc,2000,100,26.6,2,data_row
2,7,Wine Grapes (White),7006,Chenin Blanc,2500,100,4.3,2,data_row
2,7,Wine Grapes (White),7006,Chenin Blanc,2069.58,,30.9,3,summary_row
2,7,Wine Grapes (White),7011,Gewurztraminer,1950,100,38.1,2,data_row
2,7,Wine Grapes (White),7011,Gewurztraminer,1950,,38.1,3,summary_row
2,7,Wine Grapes (White),7055,Grenache Blanc *,1200,13800,6.3,2,data_row
2,7,Wine Grapes (White),7055,Grenache Blanc *,2600,13600,2,2,data_row
2,7,Wine Grapes (White),7055,Grenache Blanc *,1537.35,,8.3,3,summary_row
2,7,Wine Grapes (White),7045,Marsanne,1500,100,2.7,2,data_row
2,7,Wine Grapes (White),7045,Marsanne,1548.18,100,4.7,2,data_row
2,7,Wine Grapes (White),7045,Marsanne,1530.6,,7.4,3,summary_row
2,7,Wine Grapes (White),7022,Muscat Blanc *,1300,100,6.4,2,data_row
2,7,Wine Grapes (White),7022,Muscat Blanc *,1300,24800,4.2,2,data_row
2,7,Wine Grapes (White),7022,Muscat Blanc *,1400,100,4.3,2,data_row
2,7,Wine Grapes (White),7022,Muscat Blanc *,1500,100,2.4,2,data_row
2,7,Wine Grapes (White),7022,Muscat Blanc *,1750,100,16.6,2,data_row
2,7,Wine Grapes (White),7022,Muscat Blanc *,1800,100,8.9,2,data_row
2,7,Wine Grapes (White),7022,Muscat Blanc *,1599.77,,42.8,3,summary_row
2,7,Wine Grapes (White),7044,Pinot Gris *,1300,100,58.8,2,data_row
2,7,Wine Grapes (White),7044,Pinot Gris *,1600,100,5.3,2,data_row
2,7,Wine Grapes (White),7044,Pinot Gris *,1700,15500,67.5,2,data_row
2,7,Wine Grapes (White),7044,Pinot Gris *,1800,17000,38,2,data_row
2,7,Wine Grapes (White),7044,Pinot Gris *,1580.6,,169.6,3,summary_row
2,7,Wine Grapes (White),7042,Roussanne,1500,100,22.2,2,data_row
2,7,Wine Grapes (White),7042,Roussanne,1500,,22.2,3,summary_row
2,7,Wine Grapes (White),7033,Sauvignon Blanc *,200,100,124.4,2,data_row
2,7,Wine Grapes (White),7033,Sauvignon Blanc *,450,100,87.4,2,data_row
2,7,Wine Grapes (White),7033,Sauvignon Blanc *,500,100,2299.3,2,data_row
2,7,Wine Grapes (White),7033,Sauvignon Blanc *,600,100,90.9,2,data_row
2,7,Wine Grapes (White),7033,Sauvignon Blanc *,650,100,26.3,2,data_row
2,7,Wine Grapes (White),7033,Sauvignon Blanc *,700,100,364.3,2,data_row
2,7,Wine Grapes (White),7033,Sauvignon Blanc *,800,100,4.5,2,data_row
2,7,Wine Grapes (White),7033,Sauvignon Blanc *,818.66,100,29.1,2,data_row
2,7,Wine Grapes (White),7033,Sauvignon Blanc *,863.66,100,300.5,2,data_row
2,7,Wine Grapes (White),7033,Sauvignon Blanc *,877.5,100,269.9,2,data_row
2,7,Wine Grapes (White),7033,Sauvignon Blanc *,900,100,695.2,2,data_row
2,7,Wine Grapes (White),7033,Sauvignon Blanc *,900,13100,235.7,2,data_row
2,7,Wine Grapes (White),7033,Sauvignon Blanc *,1000,16800,1,2,data_row
2,7,Wine Grapes (White),7033,Sauvignon Blanc *,1067,11100,76.2,2,data_row
2,7,Wine Grapes (White),7033,Sauvignon Blanc *,1100,100,710,2,data_row
2,7,Wine Grapes (White),7033,Sauvignon Blanc *,1150,100,494.8,2,data_row
2,7,Wine Grapes (White),7033,Sauvignon Blanc *,1161.5,100,63.8,2,data_row
2,7,Wine Grapes (White),7033,Sauvignon Blanc *,1167,13600,23.6,2,data_row
2,7,Wine Grapes (White),7033,Sauvignon Blanc *,1200,100,980.8,2,data_row
2,7,Wine Grapes (White),7033,Sauvignon Blanc *,1200,1900,24.8,2,data_row
2,7,Wine Grapes (White),7033,Sauvignon Blanc *,1208.2,100,32.2,2,data_row
2,7,Wine Grapes (White),7033,Sauvignon Blanc *,1225,100,551.9,2,data_row
2,7,Wine Grapes (White),7033,Sauvignon Blanc *,1225,20800,329.6,2,data_row
2,7,Wine Grapes (White),7033,Sauvignon Blanc *,1250,100,45.9,2,data_row
2,7,Wine Grapes (White),7033,Sauvignon Blanc *,1300,100,720.7,2,data_row
2,7,Wine Grapes (White),7033,Sauvignon Blanc *,1313,21200,1,2,data_row
2,7,Wine Grapes (White),7033,Sauvignon Blanc *,1313.75,100,731.9,2,data_row
2,7,Wine Grapes (White),7033,Sauvignon Blanc *,1325,100,151.7,2,data_row
2,7,Wine Grapes (White),7033,Sauvignon Blanc *,1375,100,245.5,2,data_row
2,7,Wine Grapes (White),7033,Sauvignon Blanc *,1400,100,1003,2,data_row
2,7,Wine Grapes (White),7033,Sauvignon Blanc *,1435,100,15.3,2,data_row
2,7,Wine Grapes (White),7033,Sauvignon Blanc *,1440,100,40,2,data_row
2,7,Wine Grapes (White),7033,Sauvignon Blanc *,1456.42,1900,135.4,2,data_row
2,7,Wine Grapes (White),7033,Sauvignon Blanc *,1500,100,341.8,2,data_row
2,7,Wine Grapes (White),7033,Sauvignon Blanc *,1500,14000,91.6,2,data_row
2,7,Wine Grapes (White),7033,Sauvignon Blanc *,1530,100,421.8,2,data_row
2,7,Wine Grapes (White),7033,Sauvignon Blanc *,1530,17200,87.9,2,data_row
2,7,Wine Grapes (White),7033,Sauvignon Blanc *,1550,100,101.2,2,data_row
2,7,Wine Grapes (White),7033,Sauvignon Blanc *,1550,13400,23.8,2,data_row
2,7,Wine Grapes (White),7033,Sauvignon Blanc *,1575,100,109.1,2,data_row
2,7,Wine Grapes (White),7033,Sauvignon Blanc *,1600,100,75.8,2,data_row
2,7,Wine Grapes (White),7033,Sauvignon Blanc *,1600,11100,9,2,data_row
2,7,Wine Grapes (White),7033,Sauvignon Blanc *,1600,17000,140.4,2,data_row
2,7,Wine Grapes (White),7033,Sauvignon Blanc *,1650,100,695.9,2,data_row
2,7,Wine Grapes (White),7033,Sauvignon Blanc *,1700,100,18,2,data_row
2,7,Wine Grapes (White),7033,Sauvignon Blanc *,1700,15500,164.2,2,data_row
2,7,Wine Grapes (White),7033,Sauvignon Blanc *,1700,17000,194.6,2,data_row
2,7,Wine Grapes (White),7033,Sauvignon Blanc *,1755.49,100,23.2,2,data_row
2,7,Wine Grapes (White),7033,Sauvignon Blanc *,1799.43,100,94.4,2,data_row
2,7,Wine Grapes (White),7033,Sauvignon Blanc *,1799.72,100,130.7,2,data_row
2,7,Wine Grapes (White),7033,Sauvignon Blanc *,1800,100,224.9,2,data_row
2,7,Wine Grapes (White),7033,Sauvignon Blanc *,1800,13400,274,2,data_row
2,7,Wine Grapes (White),7033,Sauvignon Blanc *,1801.56,100,23.1,2,data_row
2,7,Wine Grapes (White),7033,Sauvignon Blanc *,1850,15300,54.9,2,data_row
2,7,Wine Grapes (White),7033,Sauvignon Blanc *,1850,17000,175.2,2,data_row
2,7,Wine Grapes (White),7033,Sauvignon Blanc *,1900,100,34.5,2,data_row
2,7,Wine Grapes (White),7033,Sauvignon Blanc *,1900,17000,98.6,2,data_row
2,7,Wine Grapes (White),7033,Sauvignon Blanc *,1935,100,215.5,2,data_row
2,7,Wine Grapes (White),7033,Sauvignon Blanc *,2000,100,87.4,2,data_row
2,7,Wine Grapes (White),7033,Sauvignon Blanc *,2000,11300,3,2,data_row
2,7,Wine Grapes (White),7033,Sauvignon Blanc *,2000,13600,3.2,2,data_row
2,7,Wine Grapes (White),7033,Sauvignon Blanc *,2000,17400,7.9,2,data_row
2,7,Wine Grapes (White),7033,Sauvignon Blanc *,2020,13100,12,2,data_row
2,7,Wine Grapes (White),7033,Sauvignon Blanc *,2050,18900,14.8,2,data_row
2,7,Wine Grapes (White),7033,Sauvignon Blanc *,2186.53,2200,30.5,2,data_row
2,7,Wine Grapes (White),7033,Sauvignon Blanc *,2200,100,1.7,2,data_row
2,7,Wine Grapes (White),7033,Sauvignon Blanc *,2200,11100,3.3,2,data_row
2,7,Wine Grapes (White),7033,Sauvignon Blanc *,2405.16,2200,21.5,2,data_row
2,7,Wine Grapes (White),7033,Sauvignon Blanc *,2500,13600,64.9,2,data_row
2,7,Wine Grapes (White),7033,Sauvignon Blanc *,1195.73,,14980.9,3,summary_row
2,7,Wine Grapes (White),7036,Semillon,1800,9100,2.8,2,data_row
2,7,Wine Grapes (White),7036,Semillon,1800,,2.8,3,summary_row
2,7,Wine Grapes (White),7043,Viognier,1500,100,3.2,2,data_row
2,7,Wine Grapes (White),7043,Viognier,1600,100,8.1,2,data_row
2,7,Wine Grapes (White),7043,Viognier,2300,100,1.5,2,data_row
2,7,Wine Grapes (White),7043,Viognier,1657.03,,12.8,3,summary_row
2,7,Wine Grapes (White),7038,White Riesling *,1000,100,19.6,2,data_row
2,7,Wine Grapes (White),7038,White Riesling *,1300,100,2.1,2,data_row
2,7,Wine Grapes (White),7038,White Riesling *,1800,100,22.9,2,data_row
2,7,Wine Grapes (White),7038,White Riesling *,1424.89,,44.6,3,summary_row
2,6,Wine Grapes (Red),6006,Alicante Bouschet *,2500,100,2.4,2,data_row
2,6,Wine Grapes (Red),6006,Alicante Bouschet *,2700,100,2.6,2,data_row
2,6,Wine Grapes (Red),6006,Alicante Bouschet *,2604,,5,3,summary_row
2,6,Wine Grapes (Red),6013,Barbera,1700,100,10.9,2,data_row
2,6,Wine Grapes (Red),6013,Barbera,1800,13600,5,2,data_row
2,6,Wine Grapes (Red),6013,Barbera,2000,24500,10.2,2,data_row
2,6,Wine Grapes (Red),6013,Barbera,1836.4,,26.1,3,summary_row
2,6,Wine Grapes (Red),6023,Cabernet Franc,200,100,7.7,2,data_row
2,6,Wine Grapes (Red),6023,Cabernet Franc,500,100,5,2,data_row
2,6,Wine Grapes (Red),6023,Cabernet Franc,2217,100,35.6,2,data_row
2,6,Wine Grapes (Red),6023,Cabernet Franc,3250,100,3,2,data_row
2,6,Wine Grapes (Red),6023,Cabernet Franc,1807.31,,51.3,3,summary_row
2,6,Wine Grapes (Red),6024,Cabernet Sauvignon,100,100,425.9,2,data_row
2,6,Wine Grapes (Red),6024,Cabernet Sauvignon,200,100,1617.4,2,data_row
2,6,Wine Grapes (Red),6024,Cabernet Sauvignon,400,100,1024.3,2,data_row
2,6,Wine Grapes (Red),6024,Cabernet Sauvignon,400,20800,192.8,2,data_row
2,6,Wine Grapes (Red),6024,Cabernet Sauvignon,450,100,605.8,2,data_row
2,6,Wine Grapes (Red),6024,Cabernet Sauvignon,500,100,401.7,2,data_row
2,6,Wine Grapes (Red),6024,Cabernet Sauvignon,550,100,340.1,2,data_row
2,6,Wine Grapes (Red),6024,Cabernet Sauvignon,600,100,338.9,2,data_row
2,6,Wine Grapes (Red),6024,Cabernet Sauvignon,700,21500,29.9,2,data_row
2,6,Wine Grapes (Red),6024,Cabernet Sauvignon,900,100,91.9,2,data_row
2,6,Wine Grapes (Red),6024,Cabernet Sauvignon,950,100,305.8,2,data_row
2,6,Wine Grapes (Red),6024,Cabernet Sauvignon,1200,100,366.9,2,data_row
2,6,Wine Grapes (Red),6024,Cabernet Sauvignon,1500,24500,9.7,2,data_row
2,6,Wine Grapes (Red),6024,Cabernet Sauvignon,1600,100,240.4,2,data_row
2,6,Wine Grapes (Red),6024,Cabernet Sauvignon,1642,28000,1.1,2,data_row
2,6,Wine Grapes (Red),6024,Cabernet Sauvignon,1644.21,24500,20,2,data_row
2,6,Wine Grapes (Red),6024,Cabernet Sauvignon,1646.51,100,124.6,2,data_row
2,6,Wine Grapes (Red),6024,Cabernet Sauvignon,1720,100,124.6,2,data_row
2,6,Wine Grapes (Red),6024,Cabernet Sauvignon,1800,100,27.6,2,data_row
2,6,Wine Grapes (Red),6024,Cabernet Sauvignon,1800,24500,26.6,2,data_row
2,6,Wine Grapes (Red),6024,Cabernet Sauvignon,1897.25,2300,69.8,2,data_row
2,6,Wine Grapes (Red),6024,Cabernet Sauvignon,1900,100,30,2,data_row
2,6,Wine Grapes (Red),6024,Cabernet Sauvignon,1925,100,62,2,data_row
2,6,Wine Grapes (Red),6024,Cabernet Sauvignon,2000,100,75.8,2,data_row
2,6,Wine Grapes (Red),6024,Cabernet Sauvignon,2001.99,100,79.4,2,data_row
2,6,Wine Grapes (Red),6024,Cabernet Sauvignon,2100,100,335.7,2,data_row
2,6,Wine Grapes (Red),6024,Cabernet Sauvignon,2175,100,331.7,2,data_row
2,6,Wine Grapes (Red),6024,Cabernet Sauvignon,2200,100,188.6,2,data_row
2,6,Wine Grapes (Red),6024,Cabernet Sauvignon,2276,100,140.7,2,data_row
2,6,Wine Grapes (Red),6024,Cabernet Sauvignon,2295,100,16,2,data_row
2,6,Wine Grapes (Red),6024,Cabernet Sauvignon,2340,100,13.9,2,data_row
2,6,Wine Grapes (Red),6024,Cabernet Sauvignon,2500,100,48.1,2,data_row
2,6,Wine Grapes (Red),6024,Cabernet Sauvignon,2589,100,20.3,2,data_row
2,6,Wine Grapes (Red),6024,Cabernet Sauvignon,2867.64,100,150.5,2,data_row
2,6,Wine Grapes (Red),6024,Cabernet Sauvignon,2898,1900,240.6,2,data_row
2,6,Wine Grapes (Red),6024,Cabernet Sauvignon,2984.31,25100,283.4,2,data_row
2,6,Wine Grapes (Red),6024,Cabernet Sauvignon,3000,100,1.5,2,data_row
2,6,Wine Grapes (Red),6024,Cabernet Sauvignon,3025,100,141.5,2,data_row
2,6,Wine Grapes (Red),6024,Cabernet Sauvignon,3200,100,13.1,2,data_row
2,6,Wine Grapes (Red),6024,Cabernet Sauvignon,3250,100,118,2,data_row
2,6,Wine Grapes (Red),6024,Cabernet Sauvignon,3259,100,101.1,2,data_row
2,6,Wine Grapes (Red),6024,Cabernet Sauvignon,3276,100,238.2,2,data_row
2,6,Wine Grapes (Red),6024,Cabernet Sauvignon,3500,100,10.2,2,data_row
2,6,Wine Grapes (Red),6024,Cabernet Sauvignon,4100,22900,16.2,2,data_row
2,6,Wine Grapes (Red),6024,Cabernet Sauvignon,4135,100,7.2,2,data_row
2,6,Wine Grapes (Red),6024,Cabernet Sauvignon,1171.26,,9049.5,3,summary_row
2,6,Wine Grapes (Red),6026,Carignane,200,100,30,2,data_row
2,6,Wine Grapes (Red),6026,Carignane,200,,30,3,summary_row
2,6,Wine Grapes (Red),6028,Charbono,1800,13600,6.4,2,data_row
2,6,Wine Grapes (Red),6028,Charbono,1800,,6.4,3,summary_row
2,6,Wine Grapes (Red),6171,Cinsaut *,1500,100,5.9,2,data_row
2,6,Wine Grapes (Red),6171,Cinsaut *,1500,,5.9,3,summary_row
2,6,Wine Grapes (Red),6185,Counoise,1500,100,1,2,data_row
2,6,Wine Grapes (Red),6185,Counoise,1500,,1,3,summary_row
2,6,Wine Grapes (Red),6173,Dolcetto,1600,100,1,2,data_row
2,6,Wine Grapes (Red),6173,Dolcetto,1600,,1,3,summary_row
2,6,Wine Grapes (Red),6058,Grenache *,500,100,2,2,data_row
2,6,Wine Grapes (Red),6058,Grenache *,1700,21000,4.5,2,data_row
2,6,Wine Grapes (Red),6058,Grenache *,1754,17400,1.1,2,data_row
2,6,Wine Grapes (Red),6058,Grenache *,1800,100,22.3,2,data_row
2,6,Wine Grapes (Red),6058,Grenache *,2250,100,8.1,2,data_row
2,6,Wine Grapes (Red),6058,Grenache *,3100,100,2.1,2,data_row
2,6,Wine Grapes (Red),6058,Grenache *,3500,100,2,2,data_row
2,6,Wine Grapes (Red),6058,Grenache *,1958.54,,42.1,3,summary_row
2,6,Wine Grapes (Red),6076,Malbec,100,100,85.7,2,data_row
2,6,Wine Grapes (Red),6076,Malbec,200,100,68.8,2,data_row
2,6,Wine Grapes (Red),6076,Malbec,900,100,120,2,data_row
2,6,Wine Grapes (Red),6076,Malbec,2025,100,13.6,2,data_row
2,6,Wine Grapes (Red),6076,Malbec,2500,24500,5.3,2,data_row
2,6,Wine Grapes (Red),6076,Malbec,3250,100,9,2,data_row
2,6,Wine Grapes (Red),6076,Malbec,4135,100,3,2,data_row
2,6,Wine Grapes (Red),6076,Malbec,696.71,,305.4,3,summary_row
2,6,Wine Grapes (Red),6084,Merlot,200,100,9.2,2,data_row
2,6,Wine Grapes (Red),6084,Merlot,1467,3200,10.4,2,data_row
2,6,Wine Grapes (Red),6084,Merlot,1500,24800,15.8,2,data_row
2,6,Wine Grapes (Red),6084,Merlot,1855,100,15.9,2,data_row
2,6,Wine Grapes (Red),6084,Merlot,3250,100,3,2,data_row
2,6,Wine Grapes (Red),6084,Merlot,1474.06,,54.3,3,summary_row
2,6,Wine Grapes (Red),6081,Mourvedre *,200,100,79.2,2,data_row
2,6,Wine Grapes (Red),6081,Mourvedre *,3000,100,2.1,2,data_row
2,6,Wine Grapes (Red),6081,Mourvedre *,3000,13600,4.5,2,data_row
2,6,Wine Grapes (Red),6081,Mourvedre *,415.38,,85.8,3,summary_row
2,6,Wine Grapes (Red),6192,Negroamaro,1600,100,1.7,2,data_row
2,6,Wine Grapes (Red),6192,Negroamaro,1600,,1.7,3,summary_row
2,6,Wine Grapes (Red),6199,Nero D'avola *,2500,100,13.9,2,data_row
2,6,Wine Grapes (Red),6199,Nero D'avola *,2500,,13.9,3,summary_row
2,6,Wine Grapes (Red),6107,Petit Verdot,200,100,38.8,2,data_row
2,6,Wine Grapes (Red),6107,Petit Verdot,3250,100,9,2,data_row
2,6,Wine Grapes (Red),6107,Petit Verdot,774.27,,47.8,3,summary_row
2,6,Wine Grapes (Red),6106,Petite Sirah,100,100,109.4,2,data_row
2,6,Wine Grapes (Red),6106,Petite Sirah,200,100,300.9,2,data_row
2,6,Wine Grapes (Red),6106,Petite Sirah,700,21500,13.7,2,data_row
2,6,Wine Grapes (Red),6106,Petite Sirah,1300,13600,1.1,2,data_row
2,6,Wine Grapes (Red),6106,Petite Sirah,1500,100,105.3,2,data_row
2,6,Wine Grapes (Red),6106,Petite Sirah,1800,25100,2.7,2,data_row
2,6,Wine Grapes (Red),6106,Petite Sirah,2000,100,2.2,2,data_row
2,6,Wine Grapes (Red),6106,Petite Sirah,2067,2600,33.7,2,data_row
2,6,Wine Grapes (Red),6106,Petite Sirah,2135,100,43.2,2,data_row
2,6,Wine Grapes (Red),6106,Petite Sirah,2200,100,24.1,2,data_row
2,6,Wine Grapes (Red),6106,Petite Sirah,2200,25100,2.9,2,data_row
2,6,Wine Grapes (Red),6106,Petite Sirah,2400,100,24,2,data_row
2,6,Wine Grapes (Red),6106,Petite Sirah,3250,100,5.1,2,data_row
2,6,Wine Grapes (Red),6106,Petite Sirah,4000,100,3.6,2,data_row
2,6,Wine Grapes (Red),6106,Petite Sirah,832.29,,671.9,3,summary_row
2,6,Wine Grapes (Red),6112,Pinot Noir *,100,100,93,2,data_row
2,6,Wine Grapes (Red),6112,Pinot Noir *,750,100,125.1,2,data_row
2,6,Wine Grapes (Red),6112,Pinot Noir *,1667,21200,76,2,data_row
2,6,Wine Grapes (Red),6112,Pinot Noir *,1800,100,162.2,2,data_row
2,6,Wine Grapes (Red),6112,Pinot Noir *,3000,100,8.6,2,data_row
2,6,Wine Grapes (Red),6112,Pinot Noir *,3500,100,1.9,2,data_row
2,6,Wine Grapes (Red),6112,Pinot Noir *,1187.29,,466.8,3,summary_row
2,6,Wine Grapes (Red),6127,Sangiovese *,1600,100,1,2,data_row
2,6,Wine Grapes (Red),6127,Sangiovese *,2200,24800,26.8,2,data_row
2,6,Wine Grapes (Red),6127,Sangiovese *,2178.42,,27.8,3,summary_row
2,6,Wine Grapes (Red),6163,Syrah *,200,100,112,2,data_row
2,6,Wine Grapes (Red),6163,Syrah *,1850,24500,11.5,2,data_row
2,6,Wine Grapes (Red),6163,Syrah *,2000,27600,5.3,2,data_row
2,6,Wine Grapes (Red),6163,Syrah *,2600,100,4.2,2,data_row
2,6,Wine Grapes (Red),6163,Syrah *,8000,100,2.9,2,data_row
2,6,Wine Grapes (Red),6163,Syrah *,650.44,,135.9,3,summary_row
2,6,Wine Grapes (Red),6136,Tannat,3800,100,2,2,data_row
2,6,Wine Grapes (Red),6136,Tannat,3800,,2,3,summary_row
2,6,Wine Grapes (Red),6176,Tempranillo *,1000,13800,5.3,2,data_row
2,6,Wine Grapes (Red),6176,Tempranillo *,1298.5,100,22,2,data_row
2,6,Wine Grapes (Red),6176,Tempranillo *,2000,24800,1.6,2,data_row
2,6,Wine Grapes (Red),6176,Tempranillo *,2200,100,1.8,2,data_row
2,6,Wine Grapes (Red),6176,Tempranillo *,2751.25,100,10.9,2,data_row
2,6,Wine Grapes (Red),6176,Tempranillo *,1707.11,,41.6,3,summary_row
2,6,Wine Grapes (Red),6008,Touriga Nacional *,2000,100,0.7,2,data_row
2,6,Wine Grapes (Red),6008,Touriga Nacional *,2000,9100,24.3,2,data_row
2,6,Wine Grapes (Red),6008,Touriga Nacional *,2700,100,2.7,2,data_row
2,6,Wine Grapes (Red),6008,Touriga Nacional *,2068.23,,27.7,3,summary_row
2,6,Wine Grapes (Red),6186,Trousseau *,1800,100,2.2,2,data_row
2,6,Wine Grapes (Red),6186,Trousseau *,2000,11300,12.5,2,data_row
2,6,Wine Grapes (Red),6186,Trousseau *,1970.07,,14.7,3,summary_row
2,6,Wine Grapes (Red),6154,Zinfandel,200,100,74.8,2,data_row
2,6,Wine Grapes (Red),6154,Zinfandel,1500,100,36.9,2,data_row
2,6,Wine Grapes (Red),6154,Zinfandel,1500,25100,24.2,2,data_row
2,6,Wine Grapes (Red),6154,Zinfandel,1800,100,11.6,2,data_row
2,6,Wine Grapes (Red),6154,Zinfandel,1800,25100,4.4,2,data_row
2,6,Wine Grapes (Red),6154,Zinfandel,2000,100,13.2,2,data_row
2,6,Wine Grapes (Red),6154,Zinfandel,2067,2600,81.2,2,data_row
2,6,Wine Grapes (Red),6154,Zinfandel,2200,100,22.7,2,data_row
2,6,Wine Grapes (Red),6154,Zinfandel,2500,100,4.9,2,data_row
2,6,Wine Grapes (Red),6154,Zinfandel,2589,100,1,2,data_row
2,6,Wine Grapes (Red),6154,Zinfandel,1434.81,,274.9,3,summary_row
2,6,Wine Grapes (Red),6001,Other Red Wine 2/,1200,22500,5.9,2,data_row
2,6,Wine Grapes (Red),6001,Other Red Wine 2/,1200,,5.9,3,summary_row
3,7,Wine Grapes (White),7062,Albarino *,1900,13100,2,2,data_row
3,7,Wine Grapes (White),7062,Albarino *,2500,100,4.1,2,data_row
3,7,Wine Grapes (White),7062,Albarino *,2750,100,4.8,2,data_row
3,7,Wine Grapes (White),7062,Albarino *,2900,17600,10.7,2,data_row
3,7,Wine Grapes (White),7062,Albarino *,3000,100,0.7,2,data_row
3,7,Wine Grapes (White),7062,Albarino *,3017.6,100,2.2,2,data_row
3,7,Wine Grapes (White),7062,Albarino *,3017.6,10900,2.1,2,data_row
3,7,Wine Grapes (White),7062,Albarino *,3200,100,1.4,2,data_row
3,7,Wine Grapes (White),7062,Albarino *,3500,100,8.9,2,data_row
3,7,Wine Grapes (White),7062,Albarino *,3500,17000,6,2,data_row
3,7,Wine Grapes (White),7062,Albarino *,3589,11100,1,2,data_row
3,7,Wine Grapes (White),7062,Albarino *,3042.7,,43.9,3,summary_row
3,7,Wine Grapes (White),7054,Arneis,4000,100,3.1,2,data_row
3,7,Wine Grapes (White),7054,Arneis,4000,,3.1,3,summary_row
3,7,Wine Grapes (White),7085,Assyrtiko,3971,100,1.2,2,data_row
3,7,Wine Grapes (White),7085,Assyrtiko,3971,,1.2,3,summary_row
3,7,Wine Grapes (White),7004,Chardonnay *,100,100,32.3,2,data_row
3,7,Wine Grapes (White),7004,Chardonnay *,150,100,629.1,2,data_row
3,7,Wine Grapes (White),7004,Chardonnay *,200,100,42,2,data_row
3,7,Wine Grapes (White),7004,Chardonnay *,250,100,49.2,2,data_row
3,7,Wine Grapes (White),7004,Chardonnay *,385,100,22.8,2,data_row
3,7,Wine Grapes (White),7004,Chardonnay *,400,100,1132.9,2,data_row
3,7,Wine Grapes (White),7004,Chardonnay *,400,17200,188.6,2,data_row
3,7,Wine Grapes (White),7004,Chardonnay *,450,100,40.6,2,data_row
3,7,Wine Grapes (White),7004,Chardonnay *,490,100,30.5,2,data_row
3,7,Wine Grapes (White),7004,Chardonnay *,500,100,710.4,2,data_row
3,7,Wine Grapes (White),7004,Chardonnay *,500,13100,0.8,2,data_row
3,7,Wine Grapes (White),7004,Chardonnay *,500,13400,2,2,data_row
3,7,Wine Grapes (White),7004,Chardonnay *,500,13800,29.9,2,data_row
3,7,Wine Grapes (White),7004,Chardonnay *,500,20800,2,2,data_row
3,7,Wine Grapes (White),7004,Chardonnay *,550,100,1317.7,2,data_row
3,7,Wine Grapes (White),7004,Chardonnay *,575,100,29.5,2,data_row
3,7,Wine Grapes (White),7004,Chardonnay *,590,100,24.3,2,data_row
3,7,Wine Grapes (White),7004,Chardonnay *,600,100,22.6,2,data_row
3,7,Wine Grapes (White),7004,Chardonnay *,650,100,5,2,data_row
3,7,Wine Grapes (White),7004,Chardonnay *,680,100,39.3,2,data_row
3,7,Wine Grapes (White),7004,Chardonnay *,700,100,104.9,2,data_row
3,7,Wine Grapes (White),7004,Chardonnay *,750,100,128.6,2,data_row
3,7,Wine Grapes (White),7004,Chardonnay *,800,100,12.3,2,data_row
3,7,Wine Grapes (White),7004,Chardonnay *,800,17200,34.6,2,data_row
3,7,Wine Grapes (White),7004,Chardonnay *,1000,100,30.5,2,data_row
3,7,Wine Grapes (White),7004,Chardonnay *,1000,7600,74.5,2,data_row
3,7,Wine Grapes (White),7004,Chardonnay *,1000,10650,15,2,data_row
3,7,Wine Grapes (White),7004,Chardonnay *,1000,17200,21.7,2,data_row
3,7,Wine Grapes (White),7004,Chardonnay *,1000,20800,12,2,data_row
3,7,Wine Grapes (White),7004,Chardonnay *,1017,20800,97.2,2,data_row
3,7,Wine Grapes (White),7004,Chardonnay *,1050,100,3.5,2,data_row
3,7,Wine Grapes (White),7004,Chardonnay *,1138,11300,7.9,2,data_row
3,7,Wine Grapes (White),7004,Chardonnay *,1200,100,152.3,2,data_row
3,7,Wine Grapes (White),7004,Chardonnay *,1200,13800,11,2,data_row
3,7,Wine Grapes (White),7004,Chardonnay *,1200,22700,2.8,2,data_row
3,7,Wine Grapes (White),7004,Chardonnay *,1300,100,118.1,2,data_row
3,7,Wine Grapes (White),7004,Chardonnay *,1300,13400,21.4,2,data_row
3,7,Wine Grapes (White),7004,Chardonnay *,1300,14000,5.1,2,data_row
3,7,Wine Grapes (White),7004,Chardonnay *,1375,100,13,2,data_row
3,7,Wine Grapes (White),7004,Chardonnay *,1400,100,2.6,2,data_row
3,7,Wine Grapes (White),7004,Chardonnay *,1400,17000,1.5,2,data_row
3,7,Wine Grapes (White),7004,Chardonnay *,1450,100,7.3,2,data_row
3,7,Wine Grapes (White),7004,Chardonnay *,1500,100,818.5,2,data_row
3,7,Wine Grapes (White),7004,Chardonnay *,1500,9300,2.9,2,data_row
3,7,Wine Grapes (White),7004,Chardonnay *,1500,17200,3.7,2,data_row
3,7,Wine Grapes (White),7004,Chardonnay *,1500,17300,12.7,2,data_row
3,7,Wine Grapes (White),7004,Chardonnay *,1500,21200,57.5,2,data_row
3,7,Wine Grapes (White),7004,Chardonnay *,1525,100,1086.1,2,data_row
3,7,Wine Grapes (White),7004,Chardonnay *,1550,100,146.1,2,data_row
3,7,Wine Grapes (White),7004,Chardonnay *,1575,100,448.2,2,data_row
3,7,Wine Grapes (White),7004,Chardonnay *,1600,100,508.3,2,data_row
3,7,Wine Grapes (White),7004,Chardonnay *,1625,100,120,2,data_row
3,7,Wine Grapes (White),7004,Chardonnay *,1641.45,100,153.2,2,data_row
3,7,Wine Grapes (White),7004,Chardonnay *,1650,100,607.7,2,data_row
3,7,Wine Grapes (White),7004,Chardonnay *,1700,100,727.9,2,data_row
3,7,Wine Grapes (White),7004,Chardonnay *,1750,100,133.6,2,data_row
3,7,Wine Grapes (White),7004,Chardonnay *,1750,17200,136.3,2,data_row
3,7,Wine Grapes (White),7004,Chardonnay *,1750,20800,201,2,data_row
3,7,Wine Grapes (White),7004,Chardonnay *,1800,100,1011.8,2,data_row
3,7,Wine Grapes (White),7004,Chardonnay *,1800,13800,20.1,2,data_row
3,7,Wine Grapes (White),7004,Chardonnay *,1850,100,155.8,2,data_row
3,7,Wine Grapes (White),7004,Chardonnay *,1875,100,9.4,2,data_row
3,7,Wine Grapes (White),7004,Chardonnay *,1900,100,319.2,2,data_row
3,7,Wine Grapes (White),7004,Chardonnay *,1900,21200,85.3,2,data_row
3,7,Wine Grapes (White),7004,Chardonnay *,1930.7,7800,3.7,2,data_row
3,7,Wine Grapes (White),7004,Chardonnay *,1946.14,100,23.6,2,data_row
3,7,Wine Grapes (White),7004,Chardonnay *,1950,100,174.8,2,data_row
3,7,Wine Grapes (White),7004,Chardonnay *,2000,100,244.2,2,data_row
3,7,Wine Grapes (White),7004,Chardonnay *,2000,11400,10.1,2,data_row
3,7,Wine Grapes (White),7004,Chardonnay *,2000,13600,2.1,2,data_row
3,7,Wine Grapes (White),7004,Chardonnay *,2000,17200,228.8,2,data_row
3,7,Wine Grapes (White),7004,Chardonnay *,2017,7600,5.1,2,data_row
3,7,Wine Grapes (White),7004,Chardonnay *,2020,100,12.7,2,data_row
3,7,Wine Grapes (White),7004,Chardonnay *,2034.21,100,279.1,2,data_row
3,7,Wine Grapes (White),7004,Chardonnay *,2050,100,97.7,2,data_row
3,7,Wine Grapes (White),7004,Chardonnay *,2100,100,496.3,2,data_row
3,7,Wine Grapes (White),7004,Chardonnay *,2100,17200,44.4,2,data_row
3,7,Wine Grapes (White),7004,Chardonnay *,2100,17600,38,2,data_row
3,7,Wine Grapes (White),7004,Chardonnay *,2100,20800,130.8,2,data_row
3,7,Wine Grapes (White),7004,Chardonnay *,2100,21200,47.2,2,data_row
3,7,Wine Grapes (White),7004,Chardonnay *,2114.87,100,10.7,2,data_row
3,7,Wine Grapes (White),7004,Chardonnay *,2150,100,153.4,2,data_row
3,7,Wine Grapes (White),7004,Chardonnay *,2150,20800,48.1,2,data_row
3,7,Wine Grapes (White),7004,Chardonnay *,2150,24500,33.7,2,data_row
3,7,Wine Grapes (White),7004,Chardonnay *,2200,100,93.5,2,data_row
3,7,Wine Grapes (White),7004,Chardonnay *,2200,17200,368.5,2,data_row
3,7,Wine Grapes (White),7004,Chardonnay *,2250,100,314.5,2,data_row
3,7,Wine Grapes (White),7004,Chardonnay *,2250,11300,3.3,2,data_row
3,7,Wine Grapes (White),7004,Chardonnay *,2250,24500,94.4,2,data_row
3,7,Wine Grapes (White),7004,Chardonnay *,2264.22,100,1587.7,2,data_row
3,7,Wine Grapes (White),7004,Chardonnay *,2264.22,24500,104.2,2,data_row
3,7,Wine Grapes (White),7004,Chardonnay *,2300,100,280.7,2,data_row
3,7,Wine Grapes (White),7004,Chardonnay *,2300,7600,3.1,2,data_row
3,7,Wine Grapes (White),7004,Chardonnay *,2316.88,100,166.5,2,data_row
3,7,Wine Grapes (White),7004,Chardonnay *,2317.89,100,5,2,data_row
3,7,Wine Grapes (White),7004,Chardonnay *,2330.41,100,90.3,2,data_row
3,7,Wine Grapes (White),7004,Chardonnay *,2331,100,63.6,2,data_row
3,7,Wine Grapes (White),7004,Chardonnay *,2350,100,60.8,2,data_row
3,7,Wine Grapes (White),7004,Chardonnay *,2354.91,17200,53.1,2,data_row
3,7,Wine Grapes (White),7004,Chardonnay *,2400,100,639.1,2,data_row
3,7,Wine Grapes (White),7004,Chardonnay *,2400,17200,168.3,2,data_row
3,7,Wine Grapes (White),7004,Chardonnay *,2418.13,17200,44.2,2,data_row
3,7,Wine Grapes (White),7004,Chardonnay *,2418.13,20800,87.1,2,data_row
3,7,Wine Grapes (White),7004,Chardonnay *,2418.56,17200,50.1,2,data_row
3,7,Wine Grapes (White),7004,Chardonnay *,2435.9,100,126.6,2,data_row
3,7,Wine Grapes (White),7004,Chardonnay *,2445.59,100,61.6,2,data_row
3,7,Wine Grapes (White),7004,Chardonnay *,2449.25,100,84.8,2,data_row
3,7,Wine Grapes (White),7004,Chardonnay *,2450,100,3.4,2,data_row
3,7,Wine Grapes (White),7004,Chardonnay *,2475,100,50.4,2,data_row
3,7,Wine Grapes (White),7004,Chardonnay *,2483.45,100,15.1,2,data_row
3,7,Wine Grapes (White),7004,Chardonnay *,2498.7,100,21.1,2,data_row
3,7,Wine Grapes (White),7004,Chardonnay *,2498.99,100,89.1,2,data_row
3,7,Wine Grapes (White),7004,Chardonnay *,2500,100,473.5,2,data_row
3,7,Wine Grapes (White),7004,Chardonnay *,2500,10800,4.3,2,data_row
3,7,Wine Grapes (White),7004,Chardonnay *,2500,11100,1.5,2,data_row
3,7,Wine Grapes (White),7004,Chardonnay *,2500,11300,2.7,2,data_row
3,7,Wine Grapes (White),7004,Chardonnay *,2500,13400,7.7,2,data_row
3,7,Wine Grapes (White),7004,Chardonnay *,2500,17200,397.1,2,data_row
3,7,Wine Grapes (White),7004,Chardonnay *,2500,20700,0.2,2,data_row
3,7,Wine Grapes (White),7004,Chardonnay *,2510.57,20800,41.9,2,data_row
3,7,Wine Grapes (White),7004,Chardonnay *,2517.34,100,14.1,2,data_row
3,7,Wine Grapes (White),7004,Chardonnay *,2519.65,100,98.1,2,data_row
3,7,Wine Grapes (White),7004,Chardonnay *,2530.81,17200,165.4,2,data_row
3,7,Wine Grapes (White),7004,Chardonnay *,2533.05,100,120.9,2,data_row
3,7,Wine Grapes (White),7004,Chardonnay *,2533.05,17200,118.6,2,data_row
3,7,Wine Grapes (White),7004,Chardonnay *,2534.52,100,2.1,2,data_row
3,7,Wine Grapes (White),7004,Chardonnay *,2534.86,17200,89.2,2,data_row
3,7,Wine Grapes (White),7004,Chardonnay *,2546.63,17200,68.3,2,data_row
3,7,Wine Grapes (White),7004,Chardonnay *,2550,100,69.6,2,data_row
3,7,Wine Grapes (White),7004,Chardonnay *,2551.46,100,172.9,2,data_row
3,7,Wine Grapes (White),7004,Chardonnay *,2558,100,16.4,2,data_row
3,7,Wine Grapes (White),7004,Chardonnay *,2558.07,100,150.9,2,data_row
3,7,Wine Grapes (White),7004,Chardonnay *,2561.47,100,8,2,data_row
3,7,Wine Grapes (White),7004,Chardonnay *,2563.45,17200,161,2,data_row
3,7,Wine Grapes (White),7004,Chardonnay *,2563.78,100,37,2,data_row
3,7,Wine Grapes (White),7004,Chardonnay *,2564,100,71.9,2,data_row
3,7,Wine Grapes (White),7004,Chardonnay *,2574.31,100,596.9,2,data_row
3,7,Wine Grapes (White),7004,Chardonnay *,2574.31,24500,54.8,2,data_row
3,7,Wine Grapes (White),7004,Chardonnay *,2574.34,100,77.1,2,data_row
3,7,Wine Grapes (White),7004,Chardonnay *,2574.34,17000,38.8,2,data_row
3,7,Wine Grapes (White),7004,Chardonnay *,2574.41,100,24.2,2,data_row
3,7,Wine Grapes (White),7004,Chardonnay *,2580,100,109.5,2,data_row
3,7,Wine Grapes (White),7004,Chardonnay *,2583.26,100,168.3,2,data_row
3,7,Wine Grapes (White),7004,Chardonnay *,2587.5,100,24.8,2,data_row
3,7,Wine Grapes (White),7004,Chardonnay *,2590.41,100,5.1,2,data_row
3,7,Wine Grapes (White),7004,Chardonnay *,2590.52,100,3523.5,2,data_row
3,7,Wine Grapes (White),7004,Chardonnay *,2593.15,100,12.8,2,data_row
3,7,Wine Grapes (White),7004,Chardonnay *,2600,100,643.1,2,data_row
3,7,Wine Grapes (White),7004,Chardonnay *,2600,1900,60.1,2,data_row
3,7,Wine Grapes (White),7004,Chardonnay *,2600,17200,48.5,2,data_row
3,7,Wine Grapes (White),7004,Chardonnay *,2600,17600,90,2,data_row
3,7,Wine Grapes (White),7004,Chardonnay *,2600.07,100,300.5,2,data_row
3,7,Wine Grapes (White),7004,Chardonnay *,2603.08,17200,92.9,2,data_row
3,7,Wine Grapes (White),7004,Chardonnay *,2613,100,97.3,2,data_row
3,7,Wine Grapes (White),7004,Chardonnay *,2634.37,17200,973.7,2,data_row
3,7,Wine Grapes (White),7004,Chardonnay *,2636.26,100,77.1,2,data_row
3,7,Wine Grapes (White),7004,Chardonnay *,2636.26,17200,199,2,data_row
3,7,Wine Grapes (White),7004,Chardonnay *,2645.32,100,37.9,2,data_row
3,7,Wine Grapes (White),7004,Chardonnay *,2645.69,100,120.3,2,data_row
3,7,Wine Grapes (White),7004,Chardonnay *,2645.76,100,150.2,2,data_row
3,7,Wine Grapes (White),7004,Chardonnay *,2650,100,528.5,2,data_row
3,7,Wine Grapes (White),7004,Chardonnay *,2650,1900,98.4,2,data_row
3,7,Wine Grapes (White),7004,Chardonnay *,2660.17,17200,157.8,2,data_row
3,7,Wine Grapes (White),7004,Chardonnay *,2685,100,2.9,2,data_row
3,7,Wine Grapes (White),7004,Chardonnay *,2686.96,17200,72.5,2,data_row
3,7,Wine Grapes (White),7004,Chardonnay *,2687.31,17400,123.5,2,data_row
3,7,Wine Grapes (White),7004,Chardonnay *,2688.99,17200,216.8,2,data_row
3,7,Wine Grapes (White),7004,Chardonnay *,2700,100,131.8,2,data_row
3,7,Wine Grapes (White),7004,Chardonnay *,2700,2200,116,2,data_row
3,7,Wine Grapes (White),7004,Chardonnay *,2700,17000,41,2,data_row
3,7,Wine Grapes (White),7004,Chardonnay *,2700,17200,308,2,data_row
3,7,Wine Grapes (White),7004,Chardonnay *,2701.05,100,17.8,2,data_row
3,7,Wine Grapes (White),7004,Chardonnay *,2703.03,100,330.3,2,data_row
3,7,Wine Grapes (White),7004,Chardonnay *,2727.18,100,45.5,2,data_row
3,7,Wine Grapes (White),7004,Chardonnay *,2733.27,17200,137.5,2,data_row
3,7,Wine Grapes (White),7004,Chardonnay *,2735.7,17200,68.2,2,data_row
3,7,Wine Grapes (White),7004,Chardonnay *,2737.65,17200,98.8,2,data_row
3,7,Wine Grapes (White),7004,Chardonnay *,2741.71,17200,396.9,2,data_row
3,7,Wine Grapes (White),7004,Chardonnay *,2743.8,100,49.6,2,data_row
3,7,Wine Grapes (White),7004,Chardonnay *,2750,100,8,2,data_row
3,7,Wine Grapes (White),7004,Chardonnay *,2750,17200,88.4,2,data_row
3,7,Wine Grapes (White),7004,Chardonnay *,2751.55,100,44.4,2,data_row
3,7,Wine Grapes (White),7004,Chardonnay *,2751.62,17200,103.9,2,data_row
3,7,Wine Grapes (White),7004,Chardonnay *,2752.52,100,34.9,2,data_row
3,7,Wine Grapes (White),7004,Chardonnay *,2768.08,17200,89.3,2,data_row
3,7,Wine Grapes (White),7004,Chardonnay *,2769.08,100,25.1,2,data_row
3,7,Wine Grapes (White),7004,Chardonnay *,2775,100,21.8,2,data_row
3,7,Wine Grapes (White),7004,Chardonnay *,2777.97,100,196.2,2,data_row
3,7,Wine Grapes (White),7004,Chardonnay *,2778.21,100,144.4,2,data_row
3,7,Wine Grapes (White),7004,Chardonnay *,2791.89,100,109.5,2,data_row
3,7,Wine Grapes (White),7004,Chardonnay *,2794.05,100,12.7,2,data_row
3,7,Wine Grapes (White),7004,Chardonnay *,2800,100,388.5,2,data_row
3,7,Wine Grapes (White),7004,Chardonnay *,2800,17000,1.8,2,data_row
3,7,Wine Grapes (White),7004,Chardonnay *,2800,17400,74.1,2,data_row
3,7,Wine Grapes (White),7004,Chardonnay *,2800,21000,43.9,2,data_row
3,7,Wine Grapes (White),7004,Chardonnay *,2831.77,100,25.4,2,data_row
3,7,Wine Grapes (White),7004,Chardonnay *,2831.79,100,6.4,2,data_row
3,7,Wine Grapes (White),7004,Chardonnay *,2839.05,17200,285.7,2,data_row
3,7,Wine Grapes (White),7004,Chardonnay *,2847.16,17200,158.7,2,data_row
3,7,Wine Grapes (White),7004,Chardonnay *,2848.2,100,31.8,2,data_row
3,7,Wine Grapes (White),7004,Chardonnay *,2849.45,100,41.6,2,data_row
3,7,Wine Grapes (White),7004,Chardonnay *,2850,2200,115,2,data_row
3,7,Wine Grapes (White),7004,Chardonnay *,2856.67,100,74.2,2,data_row
3,7,Wine Grapes (White),7004,Chardonnay *,2857.16,100,24.4,2,data_row
3,7,Wine Grapes (White),7004,Chardonnay *,2862.34,100,86.3,2,data_row
3,7,Wine Grapes (White),7004,Chardonnay *,2862.83,17200,46,2,data_row
3,7,Wine Grapes (White),7004,Chardonnay *,2875,100,200.8,2,data_row
3,7,Wine Grapes (White),7004,Chardonnay *,2895.72,17600,163.2,2,data_row
3,7,Wine Grapes (White),7004,Chardonnay *,2900,100,69.4,2,data_row
3,7,Wine Grapes (White),7004,Chardonnay *,2900,1900,185.7,2,data_row
3,7,Wine Grapes (White),7004,Chardonnay *,2900,2000,75.2,2,data_row
3,7,Wine Grapes (White),7004,Chardonnay *,2900,7600,136,2,data_row
3,7,Wine Grapes (White),7004,Chardonnay *,2900,13100,32.2,2,data_row
3,7,Wine Grapes (White),7004,Chardonnay *,2900,17200,160,2,data_row
3,7,Wine Grapes (White),7004,Chardonnay *,2900,20700,14.2,2,data_row
3,7,Wine Grapes (White),7004,Chardonnay *,2900,21000,40.8,2,data_row
3,7,Wine Grapes (White),7004,Chardonnay *,2925,2000,1737.2,2,data_row
3,7,Wine Grapes (White),7004,Chardonnay *,2938.01,100,18.4,2,data_row
3,7,Wine Grapes (White),7004,Chardonnay *,2941.2,100,15.3,2,data_row
3,7,Wine Grapes (White),7004,Chardonnay *,2941.75,100,91.7,2,data_row
3,7,Wine Grapes (White),7004,Chardonnay *,2950,2200,288.5,2,data_row
3,7,Wine Grapes (White),7004,Chardonnay *,2952.62,100,200.9,2,data_row
3,7,Wine Grapes (White),7004,Chardonnay *,2952.62,17200,152.1,2,data_row
3,7,Wine Grapes (White),7004,Chardonnay *,2962.78,100,45.4,2,data_row
3,7,Wine Grapes (White),7004,Chardonnay *,2999.45,100,260.8,2,data_row
3,7,Wine Grapes (White),7004,Chardonnay *,3000,100,446.6,2,data_row
3,7,Wine Grapes (White),7004,Chardonnay *,3000,10900,9.7,2,data_row
3,7,Wine Grapes (White),7004,Chardonnay *,3000,11300,2.2,2,data_row
3,7,Wine Grapes (White),7004,Chardonnay *,3000,13100,5.5,2,data_row
3,7,Wine Grapes (White),7004,Chardonnay *,3000,13600,2.2,2,data_row
3,7,Wine Grapes (White),7004,Chardonnay *,3000,15700,31.7,2,data_row
3,7,Wine Grapes (White),7004,Chardonnay *,3000,17200,0.9,2,data_row
3,7,Wine Grapes (White),7004,Chardonnay *,3000,17500,17.4,2,data_row
3,7,Wine Grapes (White),7004,Chardonnay *,3000,24300,20.9,2,data_row
3,7,Wine Grapes (White),7004,Chardonnay *,3002.97,17600,119.8,2,data_row
3,7,Wine Grapes (White),7004,Chardonnay *,3009.79,17400,40.2,2,data_row
3,7,Wine Grapes (White),7004,Chardonnay *,3024.83,100,63.4,2,data_row
3,7,Wine Grapes (White),7004,Chardonnay *,3029.5,100,20.3,2,data_row
3,7,Wine Grapes (White),7004,Chardonnay *,3050,1900,231.8,2,data_row
3,7,Wine Grapes (White),7004,Chardonnay *,3050,2200,131.7,2,data_row
3,7,Wine Grapes (White),7004,Chardonnay *,3054.42,17200,24.8,2,data_row
3,7,Wine Grapes (White),7004,Chardonnay *,3058.06,17200,45.2,2,data_row
3,7,Wine Grapes (White),7004,Chardonnay *,3061.47,17200,331.3,2,data_row
3,7,Wine Grapes (White),7004,Chardonnay *,3064,100,3.6,2,data_row
3,7,Wine Grapes (White),7004,Chardonnay *,3072.65,100,3.8,2,data_row
3,7,Wine Grapes (White),7004,Chardonnay *,3100,100,70.9,2,data_row
3,7,Wine Grapes (White),7004,Chardonnay *,3100,17600,80.6,2,data_row
3,7,Wine Grapes (White),7004,Chardonnay *,3100,24500,8.2,2,data_row
3,7,Wine Grapes (White),7004,Chardonnay *,3108.49,100,56,2,data_row
3,7,Wine Grapes (White),7004,Chardonnay *,3160,100,15.3,2,data_row
3,7,Wine Grapes (White),7004,Chardonnay *,3161,15700,7.3,2,data_row
3,7,Wine Grapes (White),7004,Chardonnay *,3177.21,17200,54.8,2,data_row
3,7,Wine Grapes (White),7004,Chardonnay *,3196.09,100,18,2,data_row
3,7,Wine Grapes (White),7004,Chardonnay *,3200,100,189.6,2,data_row
3,7,Wine Grapes (White),7004,Chardonnay *,3200,10900,3.2,2,data_row
3,7,Wine Grapes (White),7004,Chardonnay *,3200,13100,2.6,2,data_row
3,7,Wine Grapes (White),7004,Chardonnay *,3200,17400,128.4,2,data_row
3,7,Wine Grapes (White),7004,Chardonnay *,3200,22700,8.2,2,data_row
3,7,Wine Grapes (White),7004,Chardonnay *,3200.36,100,6.9,2,data_row
3,7,Wine Grapes (White),7004,Chardonnay *,3222.45,100,49,2,data_row
3,7,Wine Grapes (White),7004,Chardonnay *,3225.55,17200,133.4,2,data_row
3,7,Wine Grapes (White),7004,Chardonnay *,3238.01,100,40.8,2,data_row
3,7,Wine Grapes (White),7004,Chardonnay *,3238.15,100,53.4,2,data_row
3,7,Wine Grapes (White),7004,Chardonnay *,3244.2,100,12.3,2,data_row
3,7,Wine Grapes (White),7004,Chardonnay *,3244.63,17200,13.4,2,data_row
3,7,Wine Grapes (White),7004,Chardonnay *,3250,100,85.4,2,data_row
3,7,Wine Grapes (White),7004,Chardonnay *,3258.49,100,25.5,2,data_row
3,7,Wine Grapes (White),7004,Chardonnay *,3264,100,65.1,2,data_row
3,7,Wine Grapes (White),7004,Chardonnay *,3264.83,100,31.1,2,data_row
3,7,Wine Grapes (White),7004,Chardonnay *,3271.07,100,25.4,2,data_row
3,7,Wine Grapes (White),7004,Chardonnay *,3272.6,17200,38.2,2,data_row
3,7,Wine Grapes (White),7004,Chardonnay *,3278.18,100,40.5,2,data_row
3,7,Wine Grapes (White),7004,Chardonnay *,3278.18,19500,16.5,2,data_row
3,7,Wine Grapes (White),7004,Chardonnay *,3300,100,100.6,2,data_row
3,7,Wine Grapes (White),7004,Chardonnay *,3300,4250,3.2,2,data_row
3,7,Wine Grapes (White),7004,Chardonnay *,3300,9525,4.2,2,data_row
3,7,Wine Grapes (White),7004,Chardonnay *,3300,17200,6.3,2,data_row
3,7,Wine Grapes (White),7004,Chardonnay *,3300,20700,41.9,2,data_row
3,7,Wine Grapes (White),7004,Chardonnay *,3350,100,36.4,2,data_row
3,7,Wine Grapes (White),7004,Chardonnay *,3350,13100,13.4,2,data_row
3,7,Wine Grapes (White),7004,Chardonnay *,3379.01,100,8.1,2,data_row
3,7,Wine Grapes (White),7004,Chardonnay *,3400,100,97.8,2,data_row
3,7,Wine Grapes (White),7004,Chardonnay *,3400,16100,2,2,data_row
3,7,Wine Grapes (White),7004,Chardonnay *,3400,17400,44,2,data_row
3,7,Wine Grapes (White),7004,Chardonnay *,3449.88,100,11.3,2,data_row
3,7,Wine Grapes (White),7004,Chardonnay *,3450,100,1.9,2,data_row
3,7,Wine Grapes (White),7004,Chardonnay *,3451.23,100,2.8,2,data_row
3,7,Wine Grapes (White),7004,Chardonnay *,3455.1,100,57.8,2,data_row
3,7,Wine Grapes (White),7004,Chardonnay *,3456.36,17400,46.7,2,data_row
3,7,Wine Grapes (White),7004,Chardonnay *,3479.86,100,6.2,2,data_row
3,7,Wine Grapes (White),7004,Chardonnay *,3492.38,100,10.1,2,data_row
3,7,Wine Grapes (White),7004,Chardonnay *,3500,100,194,2,data_row
3,7,Wine Grapes (White),7004,Chardonnay *,3500,11300,2.9,2,data_row
3,7,Wine Grapes (White),7004,Chardonnay *,3500,17000,1,2,data_row
3,7,Wine Grapes (White),7004,Chardonnay *,3500,20800,7.1,2,data_row
3,7,Wine Grapes (White),7004,Chardonnay *,3550.23,100,81.8,2,data_row
3,7,Wine Grapes (White),7004,Chardonnay *,3551.36,19500,8,2,data_row
3,7,Wine Grapes (White),7004,Chardonnay *,3561.57,100,4.1,2,data_row
3,7,Wine Grapes (White),7004,Chardonnay *,3600,100,39.3,2,data_row
3,7,Wine Grapes (White),7004,Chardonnay *,3600,14000,9.4,2,data_row
3,7,Wine Grapes (White),7004,Chardonnay *,3608.96,100,14.3,2,data_row
3,7,Wine Grapes (White),7004,Chardonnay *,3613.88,100,14.9,2,data_row
3,7,Wine Grapes (White),7004,Chardonnay *,3634,19200,24.4,2,data_row
3,7,Wine Grapes (White),7004,Chardonnay *,3650,100,5.8,2,data_row
3,7,Wine Grapes (White),7004,Chardonnay *,3690.76,100,10.1,2,data_row
3,7,Wine Grapes (White),7004,Chardonnay *,3700,100,40.7,2,data_row
3,7,Wine Grapes (White),7004,Chardonnay *,3715.27,100,25.1,2,data_row
3,7,Wine Grapes (White),7004,Chardonnay *,3750,100,12.8,2,data_row
3,7,Wine Grapes (White),7004,Chardonnay *,3790.54,100,20.3,2,data_row
3,7,Wine Grapes (White),7004,Chardonnay *,3800,100,40.5,2,data_row
3,7,Wine Grapes (White),7004,Chardonnay *,3800,6300,1.7,2,data_row
3,7,Wine Grapes (White),7004,Chardonnay *,3815.73,100,6.5,2,data_row
3,7,Wine Grapes (White),7004,Chardonnay *,3824.54,19500,16.1,2,data_row
3,7,Wine Grapes (White),7004,Chardonnay *,3850,20800,7.4,2,data_row
3,7,Wine Grapes (White),7004,Chardonnay *,3900,100,12.1,2,data_row
3,7,Wine Grapes (White),7004,Chardonnay *,3900,9000,1.9,2,data_row
3,7,Wine Grapes (White),7004,Chardonnay *,3900,19600,4,2,data_row
3,7,Wine Grapes (White),7004,Chardonnay *,3925,2000,180,2,data_row
3,7,Wine Grapes (White),7004,Chardonnay *,3941.76,13100,11.8,2,data_row
3,7,Wine Grapes (White),7004,Chardonnay *,3985.96,100,11.4,2,data_row
3,7,Wine Grapes (White),7004,Chardonnay *,4000,100,150.2,2,data_row
3,7,Wine Grapes (White),7004,Chardonnay *,4000,11100,0.9,2,data_row
3,7,Wine Grapes (White),7004,Chardonnay *,4000,13400,3.9,2,data_row
3,7,Wine Grapes (White),7004,Chardonnay *,4000,15700,7.8,2,data_row
3,7,Wine Grapes (White),7004,Chardonnay *,4000,17200,9.5,2,data_row
3,7,Wine Grapes (White),7004,Chardonnay *,4164,100,62.5,2,data_row
3,7,Wine Grapes (White),7004,Chardonnay *,4166,100,1.2,2,data_row
3,7,Wine Grapes (White),7004,Chardonnay *,4200,100,28.5,2,data_row
3,7,Wine Grapes (White),7004,Chardonnay *,4200,13100,2.4,2,data_row
3,7,Wine Grapes (White),7004,Chardonnay *,4200,17200,8.8,2,data_row
3,7,Wine Grapes (White),7004,Chardonnay *,4200,21000,2,2,data_row
3,7,Wine Grapes (White),7004,Chardonnay *,4218.02,100,16.6,2,data_row
3,7,Wine Grapes (White),7004,Chardonnay *,4235,100,1.2,2,data_row
3,7,Wine Grapes (White),7004,Chardonnay *,4250,100,87.6,2,data_row
3,7,Wine Grapes (White),7004,Chardonnay *,4250,9300,8.1,2,data_row
3,7,Wine Grapes (White),7004,Chardonnay *,4250,15700,4.1,2,data_row
3,7,Wine Grapes (White),7004,Chardonnay *,4250.81,100,64.2,2,data_row
3,7,Wine Grapes (White),7004,Chardonnay *,4252.9,100,4,2,data_row
3,7,Wine Grapes (White),7004,Chardonnay *,4268.89,100,5.8,2,data_row
3,7,Wine Grapes (White),7004,Chardonnay *,4275,100,3.9,2,data_row
3,7,Wine Grapes (White),7004,Chardonnay *,4296,100,30.1,2,data_row
3,7,Wine Grapes (White),7004,Chardonnay *,4300,100,6,2,data_row
3,7,Wine Grapes (White),7004,Chardonnay *,4300,17400,5.5,2,data_row
3,7,Wine Grapes (White),7004,Chardonnay *,4358.07,100,17.5,2,data_row
3,7,Wine Grapes (White),7004,Chardonnay *,4382.1,100,9,2,data_row
3,7,Wine Grapes (White),7004,Chardonnay *,4400,100,8.3,2,data_row
3,7,Wine Grapes (White),7004,Chardonnay *,4425,21200,15,2,data_row
3,7,Wine Grapes (White),7004,Chardonnay *,4431.02,100,9.7,2,data_row
3,7,Wine Grapes (White),7004,Chardonnay *,4461.61,100,15,2,data_row
3,7,Wine Grapes (White),7004,Chardonnay *,4500,100,143.3,2,data_row
3,7,Wine Grapes (White),7004,Chardonnay *,4500,9000,9.1,2,data_row
3,7,Wine Grapes (White),7004,Chardonnay *,4500,10110,2,2,data_row
3,7,Wine Grapes (White),7004,Chardonnay *,4500,10650,1.8,2,data_row
3,7,Wine Grapes (White),7004,Chardonnay *,4500,13100,18.4,2,data_row
3,7,Wine Grapes (White),7004,Chardonnay *,4500,14000,1.6,2,data_row
3,7,Wine Grapes (White),7004,Chardonnay *,4500,16800,4,2,data_row
3,7,Wine Grapes (White),7004,Chardonnay *,4500,17000,2.5,2,data_row
3,7,Wine Grapes (White),7004,Chardonnay *,4500,17400,4.3,2,data_row
3,7,Wine Grapes (White),7004,Chardonnay *,4500,17600,29.1,2,data_row
3,7,Wine Grapes (White),7004,Chardonnay *,4540,19200,8.7,2,data_row
3,7,Wine Grapes (White),7004,Chardonnay *,4600,100,5.1,2,data_row
3,7,Wine Grapes (White),7004,Chardonnay *,4600,13100,9.5,2,data_row
3,7,Wine Grapes (White),7004,Chardonnay *,4602,100,4.8,2,data_row
3,7,Wine Grapes (White),7004,Chardonnay *,4650,100,7.2,2,data_row
3,7,Wine Grapes (White),7004,Chardonnay *,4650,13100,6,2,data_row
3,7,Wine Grapes (White),7004,Chardonnay *,4676,15700,13.3,2,data_row
3,7,Wine Grapes (White),7004,Chardonnay *,4700,100,5.4,2,data_row
3,7,Wine Grapes (White),7004,Chardonnay *,4728.24,100,97.9,2,data_row
3,7,Wine Grapes (White),7004,Chardonnay *,4745.27,100,16.2,2,data_row
3,7,Wine Grapes (White),7004,Chardonnay *,4750,100,2.8,2,data_row
3,7,Wine Grapes (White),7004,Chardonnay *,4800,100,83.6,2,data_row
3,7,Wine Grapes (White),7004,Chardonnay *,4800,15700,22.2,2,data_row
3,7,Wine Grapes (White),7004,Chardonnay *,4800,17200,74.5,2,data_row
3,7,Wine Grapes (White),7004,Chardonnay *,4869,100,12.6,2,data_row
3,7,Wine Grapes (White),7004,Chardonnay *,4900,100,3.5,2,data_row
3,7,Wine Grapes (White),7004,Chardonnay *,4900,13400,2.7,2,data_row
3,7,Wine Grapes (White),7004,Chardonnay *,4940,100,2.2,2,data_row
3,7,Wine Grapes (White),7004,Chardonnay *,4990,19200,1.7,2,data_row
3,7,Wine Grapes (White),7004,Chardonnay *,5000,100,112.9,2,data_row
3,7,Wine Grapes (White),7004,Chardonnay *,5000,13100,4.2,2,data_row
3,7,Wine Grapes (White),7004,Chardonnay *,5000,13600,5,2,data_row
3,7,Wine Grapes (White),7004,Chardonnay *,5000,17200,1.1,2,data_row
3,7,Wine Grapes (White),7004,Chardonnay *,5000,19400,4.1,2,data_row
3,7,Wine Grapes (White),7004,Chardonnay *,5093.63,100,26.7,2,data_row
3,7,Wine Grapes (White),7004,Chardonnay *,5100,100,6.3,2,data_row
3,7,Wine Grapes (White),7004,Chardonnay *,5125,100,52.3,2,data_row
3,7,Wine Grapes (White),7004,Chardonnay *,5138.6,100,5.5,2,data_row
3,7,Wine Grapes (White),7004,Chardonnay *,5200,100,46.4,2,data_row
3,7,Wine Grapes (White),7004,Chardonnay *,5200,15700,7.1,2,data_row
3,7,Wine Grapes (White),7004,Chardonnay *,5218,100,8.7,2,data_row
3,7,Wine Grapes (White),7004,Chardonnay *,5250,100,4.7,2,data_row
3,7,Wine Grapes (White),7004,Chardonnay *,5267,100,15.9,2,data_row
3,7,Wine Grapes (White),7004,Chardonnay *,5300,100,30.4,2,data_row
3,7,Wine Grapes (White),7004,Chardonnay *,5339,21500,7.1,2,data_row
3,7,Wine Grapes (White),7004,Chardonnay *,5400,100,16.6,2,data_row
3,7,Wine Grapes (White),7004,Chardonnay *,5464,13100,15.3,2,data_row
3,7,Wine Grapes (White),7004,Chardonnay *,5491.44,100,104.5,2,data_row
3,7,Wine Grapes (White),7004,Chardonnay *,5500,100,128.2,2,data_row
3,7,Wine Grapes (White),7004,Chardonnay *,5500,11300,2.3,2,data_row
3,7,Wine Grapes (White),7004,Chardonnay *,5500,13100,11.3,2,data_row
3,7,Wine Grapes (White),7004,Chardonnay *,5500,13600,1.5,2,data_row
3,7,Wine Grapes (White),7004,Chardonnay *,5500,17200,3.4,2,data_row
3,7,Wine Grapes (White),7004,Chardonnay *,5600,100,15.5,2,data_row
3,7,Wine Grapes (White),7004,Chardonnay *,5610,100,2,2,data_row
3,7,Wine Grapes (White),7004,Chardonnay *,5665,100,18.8,2,data_row
3,7,Wine Grapes (White),7004,Chardonnay *,5700,100,20.2,2,data_row
3,7,Wine Grapes (White),7004,Chardonnay *,5800,100,31.8,2,data_row
3,7,Wine Grapes (White),7004,Chardonnay *,5800,17200,4.9,2,data_row
3,7,Wine Grapes (White),7004,Chardonnay *,5830,100,3.3,2,data_row
3,7,Wine Grapes (White),7004,Chardonnay *,5840,100,9.4,2,data_row
3,7,Wine Grapes (White),7004,Chardonnay *,5850,100,5.2,2,data_row
3,7,Wine Grapes (White),7004,Chardonnay *,5900,100,7.9,2,data_row
3,7,Wine Grapes (White),7004,Chardonnay *,5989,100,10.2,2,data_row
3,7,Wine Grapes (White),7004,Chardonnay *,6000,100,83.5,2,data_row
3,7,Wine Grapes (White),7004,Chardonnay *,6000,9100,1.1,2,data_row
3,7,Wine Grapes (White),7004,Chardonnay *,6027.45,13100,12.5,2,data_row
3,7,Wine Grapes (White),7004,Chardonnay *,6071.76,100,21.7,2,data_row
3,7,Wine Grapes (White),7004,Chardonnay *,6100,100,10.5,2,data_row
3,7,Wine Grapes (White),7004,Chardonnay *,6100,15700,6,2,data_row
3,7,Wine Grapes (White),7004,Chardonnay *,6150,100,15.2,2,data_row
3,7,Wine Grapes (White),7004,Chardonnay *,6200,100,11.1,2,data_row
3,7,Wine Grapes (White),7004,Chardonnay *,6275,100,152.4,2,data_row
3,7,Wine Grapes (White),7004,Chardonnay *,6400,100,26.3,2,data_row
3,7,Wine Grapes (White),7004,Chardonnay *,6400,17000,7.6,2,data_row
3,7,Wine Grapes (White),7004,Chardonnay *,6500,100,51.5,2,data_row
3,7,Wine Grapes (White),7004,Chardonnay *,6500,13100,9.7,2,data_row
3,7,Wine Grapes (White),7004,Chardonnay *,6500,17200,10,2,data_row
3,7,Wine Grapes (White),7004,Chardonnay *,6600,17200,16.1,2,data_row
3,7,Wine Grapes (White),7004,Chardonnay *,6653,100,5.6,2,data_row
3,7,Wine Grapes (White),7004,Chardonnay *,6750,4210,2,2,data_row
3,7,Wine Grapes (White),7004,Chardonnay *,6761.12,100,3,2,data_row
3,7,Wine Grapes (White),7004,Chardonnay *,6800,100,7.9,2,data_row
3,7,Wine Grapes (White),7004,Chardonnay *,6800,17200,3.3,2,data_row
3,7,Wine Grapes (White),7004,Chardonnay *,6857,100,1.9,2,data_row
3,7,Wine Grapes (White),7004,Chardonnay *,7000,100,5.9,2,data_row
3,7,Wine Grapes (White),7004,Chardonnay *,7062.71,100,11.7,2,data_row
3,7,Wine Grapes (White),7004,Chardonnay *,7100,100,4.9,2,data_row
3,7,Wine Grapes (White),7004,Chardonnay *,7200,100,4,2,data_row
3,7,Wine Grapes (White),7004,Chardonnay *,7250,100,4.9,2,data_row
3,7,Wine Grapes (White),7004,Chardonnay *,7500,100,25.7,2,data_row
3,7,Wine Grapes (White),7004,Chardonnay *,7500,17400,4,2,data_row
3,7,Wine Grapes (White),7004,Chardonnay *,7800,100,3.2,2,data_row
3,7,Wine Grapes (White),7004,Chardonnay *,7875,100,1.9,2,data_row
3,7,Wine Grapes (White),7004,Chardonnay *,8000,100,46.5,2,data_row
3,7,Wine Grapes (White),7004,Chardonnay *,8077,100,43.1,2,data_row
3,7,Wine Grapes (White),7004,Chardonnay *,8127.44,100,1.7,2,data_row
3,7,Wine Grapes (White),7004,Chardonnay *,8500,100,16.1,2,data_row
3,7,Wine Grapes (White),7004,Chardonnay *,8568.2,100,21.2,2,data_row
3,7,Wine Grapes (White),7004,Chardonnay *,8700,100,7,2,data_row
3,7,Wine Grapes (White),7004,Chardonnay *,8954.87,100,28.6,2,data_row
3,7,Wine Grapes (White),7004,Chardonnay *,9000,100,23.1,2,data_row
3,7,Wine Grapes (White),7004,Chardonnay *,9000,9530,4.5,2,data_row
3,7,Wine Grapes (White),7004,Chardonnay *,9500,100,1.5,2,data_row
3,7,Wine Grapes (White),7004,Chardonnay *,9500,17200,10.4,2,data_row
3,7,Wine Grapes (White),7004,Chardonnay *,9500,17400,17.6,2,data_row
3,7,Wine Grapes (White),7004,Chardonnay *,10000,100,5,2,data_row
3,7,Wine Grapes (White),7004,Chardonnay *,10578.13,100,5.2,2,data_row
3,7,Wine Grapes (White),7004,Chardonnay *,11000,100,3.5,2,data_row
3,7,Wine Grapes (White),7004,Chardonnay *,12869,100,5,2,data_row
3,7,Wine Grapes (White),7004,Chardonnay *,2433.24,,44579.1,3,summary_row
3,7,Wine Grapes (White),7006,Chenin Blanc,1000,100,1.5,2,data_row
3,7,Wine Grapes (White),7006,Chenin Blanc,1100,10650,21.7,2,data_row
3,7,Wine Grapes (White),7006,Chenin Blanc,1500,100,2.7,2,data_row
3,7,Wine Grapes (White),7006,Chenin Blanc,2200,11100,3,2,data_row
3,7,Wine Grapes (White),7006,Chenin Blanc,3500,17000,16,2,data_row
3,7,Wine Grapes (White),7006,Chenin Blanc,4000,100,0.5,2,data_row
3,7,Wine Grapes (White),7006,Chenin Blanc,2070.93,,45.4,3,summary_row
3,7,Wine Grapes (White),7069,Clairette Blanche,3694,100,0.8,2,data_row
3,7,Wine Grapes (White),7069,Clairette Blanche,3694,,0.8,3,summary_row
3,7,Wine Grapes (White),7047,Cortese,4000,100,3.5,2,data_row
3,7,Wine Grapes (White),7047,Cortese,4000,,3.5,3,summary_row
3,7,Wine Grapes (White),7068,Falaghina Greco,2500,100,0.9,2,data_row
3,7,Wine Grapes (White),7068,Falaghina Greco,3000,100,2.4,2,data_row
3,7,Wine Grapes (White),7068,Falaghina Greco,3500,9100,2.7,2,data_row
3,7,Wine Grapes (White),7068,Falaghina Greco,3150,,6,3,summary_row
3,7,Wine Grapes (White),7066,Fiano,2000,13400,1,2,data_row
3,7,Wine Grapes (White),7066,Fiano,2600,100,1.5,2,data_row
3,7,Wine Grapes (White),7066,Fiano,2775,8100,5,2,data_row
3,7,Wine Grapes (White),7066,Fiano,2800,100,1.9,2,data_row
3,7,Wine Grapes (White),7066,Fiano,2900,100,9.5,2,data_row
3,7,Wine Grapes (White),7066,Fiano,3000,100,5.7,2,data_row
3,7,Wine Grapes (White),7066,Fiano,3698.19,100,1.6,2,data_row
3,7,Wine Grapes (White),7066,Fiano,4000,100,2.6,2,data_row
3,7,Wine Grapes (White),7066,Fiano,4000,13100,2.2,2,data_row
3,7,Wine Grapes (White),7066,Fiano,3060.07,,31,3,summary_row
3,7,Wine Grapes (White),7010,French Colombard,1500,8100,3.3,2,data_row
3,7,Wine Grapes (White),7010,French Colombard,1500,10700,4.9,2,data_row
3,7,Wine Grapes (White),7010,French Colombard,2560.99,100,25.3,2,data_row
3,7,Wine Grapes (White),7010,French Colombard,2800,100,3.4,2,data_row
3,7,Wine Grapes (White),7010,French Colombard,2347.24,,36.9,3,summary_row
3,7,Wine Grapes (White),7011,Gewurztraminer,450,100,3.9,2,data_row
3,7,Wine Grapes (White),7011,Gewurztraminer,1500,100,0.4,2,data_row
3,7,Wine Grapes (White),7011,Gewurztraminer,1800,100,7.7,2,data_row
3,7,Wine Grapes (White),7011,Gewurztraminer,1900,100,6.3,2,data_row
3,7,Wine Grapes (White),7011,Gewurztraminer,2000,100,1.1,2,data_row
3,7,Wine Grapes (White),7011,Gewurztraminer,2156,100,0.9,2,data_row
3,7,Wine Grapes (White),7011,Gewurztraminer,2200,100,2.8,2,data_row
3,7,Wine Grapes (White),7011,Gewurztraminer,2250,100,1.6,2,data_row
3,7,Wine Grapes (White),7011,Gewurztraminer,2400,100,7.4,2,data_row
3,7,Wine Grapes (White),7011,Gewurztraminer,2400,17000,1.1,2,data_row
3,7,Wine Grapes (White),7011,Gewurztraminer,2440,100,11.2,2,data_row
3,7,Wine Grapes (White),7011,Gewurztraminer,2600,11100,1,2,data_row
3,7,Wine Grapes (White),7011,Gewurztraminer,2650,100,7.2,2,data_row
3,7,Wine Grapes (White),7011,Gewurztraminer,3882,100,1,2,data_row
3,7,Wine Grapes (White),7011,Gewurztraminer,4899.76,100,2.5,2,data_row
3,7,Wine Grapes (White),7011,Gewurztraminer,2274.95,,56.1,3,summary_row
3,7,Wine Grapes (White),7012,Gray Riesling *,900,24500,11.9,2,data_row
3,7,Wine Grapes (White),7012,Gray Riesling *,2800,100,19.9,2,data_row
3,7,Wine Grapes (White),7012,Gray Riesling *,3000,100,1.1,2,data_row
3,7,Wine Grapes (White),7012,Gray Riesling *,3100,100,4,2,data_row
3,7,Wine Grapes (White),7012,Gray Riesling *,3200,100,2.3,2,data_row
3,7,Wine Grapes (White),7012,Gray Riesling *,3214.53,100,4.3,2,data_row
3,7,Wine Grapes (White),7012,Gray Riesling *,2375,,43.5,3,summary_row
3,7,Wine Grapes (White),7055,Grenache Blanc *,250,100,2.5,2,data_row
3,7,Wine Grapes (White),7055,Grenache Blanc *,500,20800,1,2,data_row
3,7,Wine Grapes (White),7055,Grenache Blanc *,1200,100,2.3,2,data_row
3,7,Wine Grapes (White),7055,Grenache Blanc *,1300,100,1.4,2,data_row
3,7,Wine Grapes (White),7055,Grenache Blanc *,1500,100,2,2,data_row
3,7,Wine Grapes (White),7055,Grenache Blanc *,1800,11100,1.4,2,data_row
3,7,Wine Grapes (White),7055,Grenache Blanc *,1800,17400,3.9,2,data_row
3,7,Wine Grapes (White),7055,Grenache Blanc *,2000,100,3.1,2,data_row
3,7,Wine Grapes (White),7055,Grenache Blanc *,2100,13800,2.5,2,data_row
3,7,Wine Grapes (White),7055,Grenache Blanc *,2400,100,3.2,2,data_row
3,7,Wine Grapes (White),7055,Grenache Blanc *,2500,100,1.5,2,data_row
3,7,Wine Grapes (White),7055,Grenache Blanc *,2600,100,2,2,data_row
3,7,Wine Grapes (White),7055,Grenache Blanc *,2600,17200,1.4,2,data_row
3,7,Wine Grapes (White),7055,Grenache Blanc *,2675,100,3,2,data_row
3,7,Wine Grapes (White),7055,Grenache Blanc *,2800,100,1,2,data_row
3,7,Wine Grapes (White),7055,Grenache Blanc *,2900,100,17.2,2,data_row
3,7,Wine Grapes (White),7055,Grenache Blanc *,3000,100,4.5,2,data_row
3,7,Wine Grapes (White),7055,Grenache Blanc *,3000,9400,1.2,2,data_row
3,7,Wine Grapes (White),7055,Grenache Blanc *,3100,100,5.6,2,data_row
3,7,Wine Grapes (White),7055,Grenache Blanc *,3400,100,1,2,data_row
3,7,Wine Grapes (White),7055,Grenache Blanc *,3500,17000,4.2,2,data_row
3,7,Wine Grapes (White),7055,Grenache Blanc *,3901.59,13400,6.2,2,data_row
3,7,Wine Grapes (White),7055,Grenache Blanc *,2599.44,,72.1,3,summary_row
3,7,Wine Grapes (White),7082,Grenache Gris *,1800,13400,1.6,2,data_row
3,7,Wine Grapes (White),7082,Grenache Gris *,1800,,1.6,3,summary_row
3,7,Wine Grapes (White),7063,Gruner Veltliner,2500,100,2.6,2,data_row
3,7,Wine Grapes (White),7063,Gruner Veltliner,3000,19000,1.9,2,data_row
3,7,Wine Grapes (White),7063,Gruner Veltliner,4000,100,2.8,2,data_row
3,7,Wine Grapes (White),7063,Gruner Veltliner,3205.48,,7.3,3,summary_row
3,7,Wine Grapes (White),7019,Malvasia Bianca,2000,100,7.9,2,data_row
3,7,Wine Grapes (White),7019,Malvasia Bianca,2000,,7.9,3,summary_row
3,7,Wine Grapes (White),7045,Marsanne,250,100,3.4,2,data_row
3,7,Wine Grapes (White),7045,Marsanne,1200,100,2.1,2,data_row
3,7,Wine Grapes (White),7045,Marsanne,1800,17400,1.5,2,data_row
3,7,Wine Grapes (White),7045,Marsanne,2300,100,5.2,2,data_row
3,7,Wine Grapes (White),7045,Marsanne,3000,9400,0.2,2,data_row
3,7,Wine Grapes (White),7045,Marsanne,3200,100,3.7,2,data_row
3,7,Wine Grapes (White),7045,Marsanne,3775.66,100,4.5,2,data_row
3,7,Wine Grapes (White),7045,Marsanne,4500,100,0.9,2,data_row
3,7,Wine Grapes (White),7045,Marsanne,2395.84,,21.5,3,summary_row
3,7,Wine Grapes (White),7020,Melon,2400,100,2.8,2,data_row
3,7,Wine Grapes (White),7020,Melon,2402.16,100,3.3,2,data_row
3,7,Wine Grapes (White),7020,Melon,3000,17500,1.9,2,data_row
3,7,Wine Grapes (White),7020,Melon,2543.39,,8,3,summary_row
3,7,Wine Grapes (White),7021,Moscato Gaillo *,2303.17,100,5.1,2,data_row
3,7,Wine Grapes (White),7021,Moscato Gaillo *,2303.17,,5.1,3,summary_row
3,7,Wine Grapes (White),7022,Muscat Blanc *,1800,100,3.6,2,data_row
3,7,Wine Grapes (White),7022,Muscat Blanc *,2000,100,1.9,2,data_row
3,7,Wine Grapes (White),7022,Muscat Blanc *,2177.33,100,2.2,2,data_row
3,7,Wine Grapes (White),7022,Muscat Blanc *,2303.71,100,36.9,2,data_row
3,7,Wine Grapes (White),7022,Muscat Blanc *,2338,100,3.9,2,data_row
3,7,Wine Grapes (White),7022,Muscat Blanc *,4674.11,100,1.9,2,data_row
3,7,Wine Grapes (White),7022,Muscat Blanc *,2342.78,,50.4,3,summary_row
3,7,Wine Grapes (White),7049,Muscat Of Alexandria,6300,100,1.5,2,data_row
3,7,Wine Grapes (White),7049,Muscat Of Alexandria,6300,,1.5,3,summary_row
3,7,Wine Grapes (White),7026,Palomino *,9500,17400,3.8,2,data_row
3,7,Wine Grapes (White),7026,Palomino *,9500,,3.8,3,summary_row
3,7,Wine Grapes (White),7065,Picpoul Blanc,2000,9300,1.6,2,data_row
3,7,Wine Grapes (White),7065,Picpoul Blanc,2800,100,2.4,2,data_row
3,7,Wine Grapes (White),7065,Picpoul Blanc,2900,100,2.3,2,data_row
3,7,Wine Grapes (White),7065,Picpoul Blanc,3000,100,2.4,2,data_row
3,7,Wine Grapes (White),7065,Picpoul Blanc,2734.48,,8.7,3,summary_row
3,7,Wine Grapes (White),7029,Pinot Blanc,1437.5,100,92.7,2,data_row
3,7,Wine Grapes (White),7029,Pinot Blanc,1600,100,45.4,2,data_row
3,7,Wine Grapes (White),7029,Pinot Blanc,1900,20800,11.8,2,data_row
3,7,Wine Grapes (White),7029,Pinot Blanc,2000,24300,2.7,2,data_row
3,7,Wine Grapes (White),7029,Pinot Blanc,2500,100,3.5,2,data_row
3,7,Wine Grapes (White),7029,Pinot Blanc,2500,19600,3.4,2,data_row
3,7,Wine Grapes (White),7029,Pinot Blanc,2700,100,5.4,2,data_row
3,7,Wine Grapes (White),7029,Pinot Blanc,2800,100,0.5,2,data_row
3,7,Wine Grapes (White),7029,Pinot Blanc,3000,17500,2.4,2,data_row
3,7,Wine Grapes (White),7029,Pinot Blanc,4000,100,0.6,2,data_row
3,7,Wine Grapes (White),7029,Pinot Blanc,4975,100,4.2,2,data_row
3,7,Wine Grapes (White),7029,Pinot Blanc,1723.3,,172.6,3,summary_row
3,7,Wine Grapes (White),7044,Pinot Gris *,500,100,12.3,2,data_row
3,7,Wine Grapes (White),7044,Pinot Gris *,1500,100,40.4,2,data_row
3,7,Wine Grapes (White),7044,Pinot Gris *,1600,100,22.3,2,data_row
3,7,Wine Grapes (White),7044,Pinot Gris *,1750,100,7.9,2,data_row
3,7,Wine Grapes (White),7044,Pinot Gris *,1757,100,15.1,2,data_row
3,7,Wine Grapes (White),7044,Pinot Gris *,1800,8200,70.3,2,data_row
3,7,Wine Grapes (White),7044,Pinot Gris *,1850,7900,35.1,2,data_row
3,7,Wine Grapes (White),7044,Pinot Gris *,1900,100,6.1,2,data_row
3,7,Wine Grapes (White),7044,Pinot Gris *,1900,8200,44,2,data_row
3,7,Wine Grapes (White),7044,Pinot Gris *,1952.36,100,91.5,2,data_row
3,7,Wine Grapes (White),7044,Pinot Gris *,2000,100,11,2,data_row
3,7,Wine Grapes (White),7044,Pinot Gris *,2000,9400,6.1,2,data_row
3,7,Wine Grapes (White),7044,Pinot Gris *,2000,13400,2.3,2,data_row
3,7,Wine Grapes (White),7044,Pinot Gris *,2000,17200,30.4,2,data_row
3,7,Wine Grapes (White),7044,Pinot Gris *,2100,100,13.3,2,data_row
3,7,Wine Grapes (White),7044,Pinot Gris *,2143.99,17000,29.9,2,data_row
3,7,Wine Grapes (White),7044,Pinot Gris *,2200,100,42.5,2,data_row
3,7,Wine Grapes (White),7044,Pinot Gris *,2500,100,4.1,2,data_row
3,7,Wine Grapes (White),7044,Pinot Gris *,3200,100,2,2,data_row
3,7,Wine Grapes (White),7044,Pinot Gris *,4000,100,1.9,2,data_row
3,7,Wine Grapes (White),7044,Pinot Gris *,1878.15,,488.5,3,summary_row
3,7,Wine Grapes (White),7056,Ribolla Gialla *,2000,12900,2.1,2,data_row
3,7,Wine Grapes (White),7056,Ribolla Gialla *,2500,20800,4.7,2,data_row
3,7,Wine Grapes (White),7056,Ribolla Gialla *,2800,10900,1.3,2,data_row
3,7,Wine Grapes (White),7056,Ribolla Gialla *,2965,15700,1.1,2,data_row
3,7,Wine Grapes (White),7056,Ribolla Gialla *,3275,2000,10.5,2,data_row
3,7,Wine Grapes (White),7056,Ribolla Gialla *,4000,100,4.9,2,data_row
3,7,Wine Grapes (White),7056,Ribolla Gialla *,3123.54,,24.6,3,summary_row
3,7,Wine Grapes (White),7042,Roussanne,250,100,3.2,2,data_row
3,7,Wine Grapes (White),7042,Roussanne,500,25100,1.1,2,data_row
3,7,Wine Grapes (White),7042,Roussanne,1800,17400,1.7,2,data_row
3,7,Wine Grapes (White),7042,Roussanne,2000,17600,2.9,2,data_row
3,7,Wine Grapes (White),7042,Roussanne,2000,24300,1.6,2,data_row
3,7,Wine Grapes (White),7042,Roussanne,2500,13600,0.6,2,data_row
3,7,Wine Grapes (White),7042,Roussanne,3000,100,0.8,2,data_row
3,7,Wine Grapes (White),7042,Roussanne,3000,9400,0.2,2,data_row
3,7,Wine Grapes (White),7042,Roussanne,3516,43690,7.2,2,data_row
3,7,Wine Grapes (White),7042,Roussanne,3800,100,1,2,data_row
3,7,Wine Grapes (White),7042,Roussanne,3870.99,100,5.1,2,data_row
3,7,Wine Grapes (White),7042,Roussanne,4000,100,2.5,2,data_row
3,7,Wine Grapes (White),7042,Roussanne,4500,100,1.8,2,data_row
3,7,Wine Grapes (White),7042,Roussanne,11270.32,13400,1.4,2,data_row
3,7,Wine Grapes (White),7042,Roussanne,3236.2,,31.1,3,summary_row
3,7,Wine Grapes (White),7033,Sauvignon Blanc *,200,100,36.6,2,data_row
3,7,Wine Grapes (White),7033,Sauvignon Blanc *,400,17200,27.2,2,data_row
3,7,Wine Grapes (White),7033,Sauvignon Blanc *,450,100,50,2,data_row
3,7,Wine Grapes (White),7033,Sauvignon Blanc *,500,100,98.9,2,data_row
3,7,Wine Grapes (White),7033,Sauvignon Blanc *,502.84,100,13.2,2,data_row
3,7,Wine Grapes (White),7033,Sauvignon Blanc *,600,100,3.2,2,data_row
3,7,Wine Grapes (White),7033,Sauvignon Blanc *,650,100,9,2,data_row
3,7,Wine Grapes (White),7033,Sauvignon Blanc *,650,14000,53,2,data_row
3,7,Wine Grapes (White),7033,Sauvignon Blanc *,800,100,159.9,2,data_row
3,7,Wine Grapes (White),7033,Sauvignon Blanc *,800,14000,74.9,2,data_row
3,7,Wine Grapes (White),7033,Sauvignon Blanc *,900,13100,152.7,2,data_row
3,7,Wine Grapes (White),7033,Sauvignon Blanc *,900,14000,83.4,2,data_row
3,7,Wine Grapes (White),7033,Sauvignon Blanc *,1000,100,75.9,2,data_row
3,7,Wine Grapes (White),7033,Sauvignon Blanc *,1100,100,2.2,2,data_row
3,7,Wine Grapes (White),7033,Sauvignon Blanc *,1100,14000,3.9,2,data_row
3,7,Wine Grapes (White),7033,Sauvignon Blanc *,1200,100,159.7,2,data_row
3,7,Wine Grapes (White),7033,Sauvignon Blanc *,1200,13400,93.7,2,data_row
3,7,Wine Grapes (White),7033,Sauvignon Blanc *,1250,13100,2.1,2,data_row
3,7,Wine Grapes (White),7033,Sauvignon Blanc *,1297.29,100,19.7,2,data_row
3,7,Wine Grapes (White),7033,Sauvignon Blanc *,1300,100,2.2,2,data_row
3,7,Wine Grapes (White),7033,Sauvignon Blanc *,1300,11300,4.4,2,data_row
3,7,Wine Grapes (White),7033,Sauvignon Blanc *,1319.69,100,198.6,2,data_row
3,7,Wine Grapes (White),7033,Sauvignon Blanc *,1400,100,197.3,2,data_row
3,7,Wine Grapes (White),7033,Sauvignon Blanc *,1400,17200,29.5,2,data_row
3,7,Wine Grapes (White),7033,Sauvignon Blanc *,1400,21200,20.4,2,data_row
3,7,Wine Grapes (White),7033,Sauvignon Blanc *,1484.16,100,21.4,2,data_row
3,7,Wine Grapes (White),7033,Sauvignon Blanc *,1500,100,205.8,2,data_row
3,7,Wine Grapes (White),7033,Sauvignon Blanc *,1500,11100,1.9,2,data_row
3,7,Wine Grapes (White),7033,Sauvignon Blanc *,1500,17000,10.5,2,data_row
3,7,Wine Grapes (White),7033,Sauvignon Blanc *,1500,20800,27,2,data_row
3,7,Wine Grapes (White),7033,Sauvignon Blanc *,1550,100,30,2,data_row
3,7,Wine Grapes (White),7033,Sauvignon Blanc *,1591.51,17200,90.5,2,data_row
3,7,Wine Grapes (White),7033,Sauvignon Blanc *,1600,100,132.2,2,data_row
3,7,Wine Grapes (White),7033,Sauvignon Blanc *,1600,17000,51.1,2,data_row
3,7,Wine Grapes (White),7033,Sauvignon Blanc *,1600,17200,278.4,2,data_row
3,7,Wine Grapes (White),7033,Sauvignon Blanc *,1650,100,298.4,2,data_row
3,7,Wine Grapes (White),7033,Sauvignon Blanc *,1700,100,157.6,2,data_row
3,7,Wine Grapes (White),7033,Sauvignon Blanc *,1700,13400,273,2,data_row
3,7,Wine Grapes (White),7033,Sauvignon Blanc *,1700,17000,89.2,2,data_row
3,7,Wine Grapes (White),7033,Sauvignon Blanc *,1750,100,24.1,2,data_row
3,7,Wine Grapes (White),7033,Sauvignon Blanc *,1750,13100,4.6,2,data_row
3,7,Wine Grapes (White),7033,Sauvignon Blanc *,1750,13400,23.7,2,data_row
3,7,Wine Grapes (White),7033,Sauvignon Blanc *,1775,100,91.6,2,data_row
3,7,Wine Grapes (White),7033,Sauvignon Blanc *,1778.38,100,68.3,2,data_row
3,7,Wine Grapes (White),7033,Sauvignon Blanc *,1793.97,100,32.4,2,data_row
3,7,Wine Grapes (White),7033,Sauvignon Blanc *,1798.94,100,68,2,data_row
3,7,Wine Grapes (White),7033,Sauvignon Blanc *,1800,100,336,2,data_row
3,7,Wine Grapes (White),7033,Sauvignon Blanc *,1800,13400,627.4,2,data_row
3,7,Wine Grapes (White),7033,Sauvignon Blanc *,1800,13800,12.7,2,data_row
3,7,Wine Grapes (White),7033,Sauvignon Blanc *,1800,17000,353.6,2,data_row
3,7,Wine Grapes (White),7033,Sauvignon Blanc *,1822.09,100,134.3,2,data_row
3,7,Wine Grapes (White),7033,Sauvignon Blanc *,1850,100,43.2,2,data_row
3,7,Wine Grapes (White),7033,Sauvignon Blanc *,1850,13400,235.9,2,data_row
3,7,Wine Grapes (White),7033,Sauvignon Blanc *,1850.87,17200,13.3,2,data_row
3,7,Wine Grapes (White),7033,Sauvignon Blanc *,1875,100,11.1,2,data_row
3,7,Wine Grapes (White),7033,Sauvignon Blanc *,1887.63,100,43.2,2,data_row
3,7,Wine Grapes (White),7033,Sauvignon Blanc *,1889.01,17000,75,2,data_row
3,7,Wine Grapes (White),7033,Sauvignon Blanc *,1900,100,375.3,2,data_row
3,7,Wine Grapes (White),7033,Sauvignon Blanc *,1900,13400,141,2,data_row
3,7,Wine Grapes (White),7033,Sauvignon Blanc *,1900,17000,146.7,2,data_row
3,7,Wine Grapes (White),7033,Sauvignon Blanc *,1910.8,100,147.6,2,data_row
3,7,Wine Grapes (White),7033,Sauvignon Blanc *,1913.19,100,38.6,2,data_row
3,7,Wine Grapes (White),7033,Sauvignon Blanc *,1919.12,100,140.3,2,data_row
3,7,Wine Grapes (White),7033,Sauvignon Blanc *,1920.41,17000,141,2,data_row
3,7,Wine Grapes (White),7033,Sauvignon Blanc *,1950,100,20.4,2,data_row
3,7,Wine Grapes (White),7033,Sauvignon Blanc *,1950,13500,231.6,2,data_row
3,7,Wine Grapes (White),7033,Sauvignon Blanc *,1950,17000,25.1,2,data_row
3,7,Wine Grapes (White),7033,Sauvignon Blanc *,1960,100,10,2,data_row
3,7,Wine Grapes (White),7033,Sauvignon Blanc *,1994.17,100,22.6,2,data_row
3,7,Wine Grapes (White),7033,Sauvignon Blanc *,2000,100,345.5,2,data_row
3,7,Wine Grapes (White),7033,Sauvignon Blanc *,2000,9400,2.1,2,data_row
3,7,Wine Grapes (White),7033,Sauvignon Blanc *,2000,9500,2.9,2,data_row
3,7,Wine Grapes (White),7033,Sauvignon Blanc *,2000,11300,1.6,2,data_row
3,7,Wine Grapes (White),7033,Sauvignon Blanc *,2000,13400,3.9,2,data_row
3,7,Wine Grapes (White),7033,Sauvignon Blanc *,2000,13500,140.3,2,data_row
3,7,Wine Grapes (White),7033,Sauvignon Blanc *,2000,17000,67.6,2,data_row
3,7,Wine Grapes (White),7033,Sauvignon Blanc *,2000,17200,207.7,2,data_row
3,7,Wine Grapes (White),7033,Sauvignon Blanc *,2008.59,100,23.5,2,data_row
3,7,Wine Grapes (White),7033,Sauvignon Blanc *,2009.22,100,195.8,2,data_row
3,7,Wine Grapes (White),7033,Sauvignon Blanc *,2009.22,17000,281.9,2,data_row
3,7,Wine Grapes (White),7033,Sauvignon Blanc *,2010.28,100,6.7,2,data_row
3,7,Wine Grapes (White),7033,Sauvignon Blanc *,2011.37,100,170,2,data_row
3,7,Wine Grapes (White),7033,Sauvignon Blanc *,2024.54,100,1996.7,2,data_row
3,7,Wine Grapes (White),7033,Sauvignon Blanc *,2050,1800,62.8,2,data_row
3,7,Wine Grapes (White),7033,Sauvignon Blanc *,2050,17000,24.1,2,data_row
3,7,Wine Grapes (White),7033,Sauvignon Blanc *,2054,100,12.9,2,data_row
3,7,Wine Grapes (White),7033,Sauvignon Blanc *,2058.55,17200,289.1,2,data_row
3,7,Wine Grapes (White),7033,Sauvignon Blanc *,2090,100,24.5,2,data_row
3,7,Wine Grapes (White),7033,Sauvignon Blanc *,2094,100,3.2,2,data_row
3,7,Wine Grapes (White),7033,Sauvignon Blanc *,2100,100,142.5,2,data_row
3,7,Wine Grapes (White),7033,Sauvignon Blanc *,2100,17200,1.8,2,data_row
3,7,Wine Grapes (White),7033,Sauvignon Blanc *,2100,18900,4.5,2,data_row
3,7,Wine Grapes (White),7033,Sauvignon Blanc *,2125.77,100,50.4,2,data_row
3,7,Wine Grapes (White),7033,Sauvignon Blanc *,2150,100,26.3,2,data_row
3,7,Wine Grapes (White),7033,Sauvignon Blanc *,2150,8100,35.8,2,data_row
3,7,Wine Grapes (White),7033,Sauvignon Blanc *,2150,13600,141.6,2,data_row
3,7,Wine Grapes (White),7033,Sauvignon Blanc *,2156.61,100,30.6,2,data_row
3,7,Wine Grapes (White),7033,Sauvignon Blanc *,2172,100,80.5,2,data_row
3,7,Wine Grapes (White),7033,Sauvignon Blanc *,2200,100,270.3,2,data_row
3,7,Wine Grapes (White),7033,Sauvignon Blanc *,2200,13400,42.8,2,data_row
3,7,Wine Grapes (White),7033,Sauvignon Blanc *,2200,22800,3.5,2,data_row
3,7,Wine Grapes (White),7033,Sauvignon Blanc *,2211.08,13600,20.9,2,data_row
3,7,Wine Grapes (White),7033,Sauvignon Blanc *,2211.31,100,117.7,2,data_row
3,7,Wine Grapes (White),7033,Sauvignon Blanc *,2250,100,30.5,2,data_row
3,7,Wine Grapes (White),7033,Sauvignon Blanc *,2300,100,62.8,2,data_row
3,7,Wine Grapes (White),7033,Sauvignon Blanc *,2300,1900,197.8,2,data_row
3,7,Wine Grapes (White),7033,Sauvignon Blanc *,2300,2200,28.3,2,data_row
3,7,Wine Grapes (White),7033,Sauvignon Blanc *,2300,17000,25.4,2,data_row
3,7,Wine Grapes (White),7033,Sauvignon Blanc *,2350,100,23.1,2,data_row
3,7,Wine Grapes (White),7033,Sauvignon Blanc *,2364.1,100,52.6,2,data_row
3,7,Wine Grapes (White),7033,Sauvignon Blanc *,2375,100,14.4,2,data_row
3,7,Wine Grapes (White),7033,Sauvignon Blanc *,2390.85,100,199.6,2,data_row
3,7,Wine Grapes (White),7033,Sauvignon Blanc *,2400,100,11.2,2,data_row
3,7,Wine Grapes (White),7033,Sauvignon Blanc *,2400,1800,192.4,2,data_row
3,7,Wine Grapes (White),7033,Sauvignon Blanc *,2400,11100,11.1,2,data_row
3,7,Wine Grapes (White),7033,Sauvignon Blanc *,2400,14000,15.4,2,data_row
3,7,Wine Grapes (White),7033,Sauvignon Blanc *,2400,17200,4.8,2,data_row
3,7,Wine Grapes (White),7033,Sauvignon Blanc *,2400,17400,2.2,2,data_row
3,7,Wine Grapes (White),7033,Sauvignon Blanc *,2500,100,91.6,2,data_row
3,7,Wine Grapes (White),7033,Sauvignon Blanc *,2500,11300,3,2,data_row
3,7,Wine Grapes (White),7033,Sauvignon Blanc *,2500,13800,4.2,2,data_row
3,7,Wine Grapes (White),7033,Sauvignon Blanc *,2500,17200,3.4,2,data_row
3,7,Wine Grapes (White),7033,Sauvignon Blanc *,2500,21200,10,2,data_row
3,7,Wine Grapes (White),7033,Sauvignon Blanc *,2530.68,100,60.3,2,data_row
3,7,Wine Grapes (White),7033,Sauvignon Blanc *,2550,100,19.4,2,data_row
3,7,Wine Grapes (White),7033,Sauvignon Blanc *,2550,17600,9.9,2,data_row
3,7,Wine Grapes (White),7033,Sauvignon Blanc *,2600,100,26.8,2,data_row
3,7,Wine Grapes (White),7033,Sauvignon Blanc *,2625,100,2.4,2,data_row
3,7,Wine Grapes (White),7033,Sauvignon Blanc *,2650,100,92.8,2,data_row
3,7,Wine Grapes (White),7033,Sauvignon Blanc *,2675,100,7.6,2,data_row
3,7,Wine Grapes (White),7033,Sauvignon Blanc *,2700,100,29.5,2,data_row
3,7,Wine Grapes (White),7033,Sauvignon Blanc *,2750,100,39,2,data_row
3,7,Wine Grapes (White),7033,Sauvignon Blanc *,2800,100,15.9,2,data_row
3,7,Wine Grapes (White),7033,Sauvignon Blanc *,2800,17200,24.9,2,data_row
3,7,Wine Grapes (White),7033,Sauvignon Blanc *,2864,100,7.8,2,data_row
3,7,Wine Grapes (White),7033,Sauvignon Blanc *,2865,13600,1.5,2,data_row
3,7,Wine Grapes (White),7033,Sauvignon Blanc *,2900,13000,3.8,2,data_row
3,7,Wine Grapes (White),7033,Sauvignon Blanc *,2912,21200,3,2,data_row
3,7,Wine Grapes (White),7033,Sauvignon Blanc *,2950,100,20.8,2,data_row
3,7,Wine Grapes (White),7033,Sauvignon Blanc *,3000,100,44.2,2,data_row
3,7,Wine Grapes (White),7033,Sauvignon Blanc *,3000,13600,6.8,2,data_row
3,7,Wine Grapes (White),7033,Sauvignon Blanc *,3000,17500,3.5,2,data_row
3,7,Wine Grapes (White),7033,Sauvignon Blanc *,3050,100,36.4,2,data_row
3,7,Wine Grapes (White),7033,Sauvignon Blanc *,3050,20800,16.3,2,data_row
3,7,Wine Grapes (White),7033,Sauvignon Blanc *,3090,100,6.4,2,data_row
3,7,Wine Grapes (White),7033,Sauvignon Blanc *,3090,13600,2.2,2,data_row
3,7,Wine Grapes (White),7033,Sauvignon Blanc *,3100,100,9.5,2,data_row
3,7,Wine Grapes (White),7033,Sauvignon Blanc *,3100,15700,3.4,2,data_row
3,7,Wine Grapes (White),7033,Sauvignon Blanc *,3100,17000,41.8,2,data_row
3,7,Wine Grapes (White),7033,Sauvignon Blanc *,3150,100,11.1,2,data_row
3,7,Wine Grapes (White),7033,Sauvignon Blanc *,3150,13400,29.2,2,data_row
3,7,Wine Grapes (White),7033,Sauvignon Blanc *,3200,100,7,2,data_row
3,7,Wine Grapes (White),7033,Sauvignon Blanc *,3250,100,12.9,2,data_row
3,7,Wine Grapes (White),7033,Sauvignon Blanc *,3250,17200,6.1,2,data_row
3,7,Wine Grapes (White),7033,Sauvignon Blanc *,3265.64,17000,16.9,2,data_row
3,7,Wine Grapes (White),7033,Sauvignon Blanc *,3275,100,2.3,2,data_row
3,7,Wine Grapes (White),7033,Sauvignon Blanc *,3277,100,24.6,2,data_row
3,7,Wine Grapes (White),7033,Sauvignon Blanc *,3300,13200,3,2,data_row
3,7,Wine Grapes (White),7033,Sauvignon Blanc *,3400,100,8.1,2,data_row
3,7,Wine Grapes (White),7033,Sauvignon Blanc *,3500,100,114.4,2,data_row
3,7,Wine Grapes (White),7033,Sauvignon Blanc *,3500,17000,6.1,2,data_row
3,7,Wine Grapes (White),7033,Sauvignon Blanc *,3542.94,100,4.9,2,data_row
3,7,Wine Grapes (White),7033,Sauvignon Blanc *,3669.82,13400,17.1,2,data_row
3,7,Wine Grapes (White),7033,Sauvignon Blanc *,3800,100,1,2,data_row
3,7,Wine Grapes (White),7033,Sauvignon Blanc *,3955.84,100,8.3,2,data_row
3,7,Wine Grapes (White),7033,Sauvignon Blanc *,4000,100,15.3,2,data_row
3,7,Wine Grapes (White),7033,Sauvignon Blanc *,4500,100,10,2,data_row
3,7,Wine Grapes (White),7033,Sauvignon Blanc *,5896.68,100,1.8,2,data_row
3,7,Wine Grapes (White),7033,Sauvignon Blanc *,6000,100,2.1,2,data_row
3,7,Wine Grapes (White),7033,Sauvignon Blanc *,8954.87,100,2.1,2,data_row
3,7,Wine Grapes (White),7033,Sauvignon Blanc *,1908.74,,13533.2,3,summary_row
3,7,Wine Grapes (White),7077,Sauvignon Gris,2240.16,100,42.2,2,data_row
3,7,Wine Grapes (White),7077,Sauvignon Gris,2600,100,2,2,data_row
3,7,Wine Grapes (White),7077,Sauvignon Gris,2650,100,8.2,2,data_row
3,7,Wine Grapes (White),7077,Sauvignon Gris,3000,100,8.1,2,data_row
3,7,Wine Grapes (White),7077,Sauvignon Gris,2409.33,,60.5,3,summary_row
3,7,Wine Grapes (White),7036,Semillon,200,100,2.3,2,data_row
3,7,Wine Grapes (White),7036,Semillon,1500,100,2.4,2,data_row
3,7,Wine Grapes (White),7036,Semillon,2300,100,3,2,data_row
3,7,Wine Grapes (White),7036,Semillon,2500,100,26.8,2,data_row
3,7,Wine Grapes (White),7036,Semillon,2550,100,6.5,2,data_row
3,7,Wine Grapes (White),7036,Semillon,2650,100,2.2,2,data_row
3,7,Wine Grapes (White),7036,Semillon,2800,100,17.6,2,data_row
3,7,Wine Grapes (White),7036,Semillon,2800,17200,1.4,2,data_row
3,7,Wine Grapes (White),7036,Semillon,2823,100,1.7,2,data_row
3,7,Wine Grapes (White),7036,Semillon,2827.75,8100,61.5,2,data_row
3,7,Wine Grapes (White),7036,Semillon,2828.18,100,0.6,2,data_row
3,7,Wine Grapes (White),7036,Semillon,2841.41,100,28.6,2,data_row
3,7,Wine Grapes (White),7036,Semillon,2900,100,3.1,2,data_row
3,7,Wine Grapes (White),7036,Semillon,3000,100,23.9,2,data_row
3,7,Wine Grapes (White),7036,Semillon,3000,13400,5.2,2,data_row
3,7,Wine Grapes (White),7036,Semillon,3000,17500,0.6,2,data_row
3,7,Wine Grapes (White),7036,Semillon,3111,100,10.3,2,data_row
3,7,Wine Grapes (White),7036,Semillon,3117,100,5,2,data_row
3,7,Wine Grapes (White),7036,Semillon,3250,100,4,2,data_row
3,7,Wine Grapes (White),7036,Semillon,4000,100,6.6,2,data_row
3,7,Wine Grapes (White),7036,Semillon,4964.58,100,4.8,2,data_row
3,7,Wine Grapes (White),7036,Semillon,5400,100,1.3,2,data_row
3,7,Wine Grapes (White),7036,Semillon,5400,10700,1,2,data_row
3,7,Wine Grapes (White),7036,Semillon,8954.87,100,8.8,2,data_row
3,7,Wine Grapes (White),7036,Semillon,3121.3,,229.2,3,summary_row
3,7,Wine Grapes (White),7041,Symphony,1500,100,0.1,2,data_row
3,7,Wine Grapes (White),7041,Symphony,1500,,0.1,3,summary_row
3,7,Wine Grapes (White),7051,Tocai Friulano,3275,2000,4.8,2,data_row
3,7,Wine Grapes (White),7051,Tocai Friulano,3275,,4.8,3,summary_row
3,7,Wine Grapes (White),7147,Verdelho,2000,13800,1.6,2,data_row
3,7,Wine Grapes (White),7147,Verdelho,2000,,1.6,3,summary_row
3,7,Wine Grapes (White),7064,Vermentino *,1800,100,17,2,data_row
3,7,Wine Grapes (White),7064,Vermentino *,1800,24300,1.8,2,data_row
3,7,Wine Grapes (White),7064,Vermentino *,2000,100,12.4,2,data_row
3,7,Wine Grapes (White),7064,Vermentino *,2000,13800,1.6,2,data_row
3,7,Wine Grapes (White),7064,Vermentino *,2000,14000,5.7,2,data_row
3,7,Wine Grapes (White),7064,Vermentino *,2475,100,4.5,2,data_row
3,7,Wine Grapes (White),7064,Vermentino *,2500,100,4.9,2,data_row
3,7,Wine Grapes (White),7064,Vermentino *,2600,100,2,2,data_row
3,7,Wine Grapes (White),7064,Vermentino *,2622,100,42.1,2,data_row
3,7,Wine Grapes (White),7064,Vermentino *,2622.54,100,3.3,2,data_row
3,7,Wine Grapes (White),7064,Vermentino *,2678,100,5.1,2,data_row
3,7,Wine Grapes (White),7064,Vermentino *,2678.06,100,2,2,data_row
3,7,Wine Grapes (White),7064,Vermentino *,2678.06,10700,2.2,2,data_row
3,7,Wine Grapes (White),7064,Vermentino *,2704,100,2.2,2,data_row
3,7,Wine Grapes (White),7064,Vermentino *,2828,100,8.1,2,data_row
3,7,Wine Grapes (White),7064,Vermentino *,3000,100,22.1,2,data_row
3,7,Wine Grapes (White),7064,Vermentino *,3971,100,2.3,2,data_row
3,7,Wine Grapes (White),7064,Vermentino *,4000,100,8.4,2,data_row
3,7,Wine Grapes (White),7064,Vermentino *,2597.58,,147.7,3,summary_row
3,7,Wine Grapes (White),7043,Viognier,500,13100,2.4,2,data_row
3,7,Wine Grapes (White),7043,Viognier,750,11100,1.5,2,data_row
3,7,Wine Grapes (White),7043,Viognier,1500,11100,1,2,data_row
3,7,Wine Grapes (White),7043,Viognier,1500,13800,9,2,data_row
3,7,Wine Grapes (White),7043,Viognier,1800,11100,1.4,2,data_row
3,7,Wine Grapes (White),7043,Viognier,1800,21000,2.1,2,data_row
3,7,Wine Grapes (White),7043,Viognier,2000,100,0.2,2,data_row
3,7,Wine Grapes (White),7043,Viognier,2250,11300,2,2,data_row
3,7,Wine Grapes (White),7043,Viognier,2400,100,1.1,2,data_row
3,7,Wine Grapes (White),7043,Viognier,2458,100,6.5,2,data_row
3,7,Wine Grapes (White),7043,Viognier,2500,100,18,2,data_row
3,7,Wine Grapes (White),7043,Viognier,2525,100,2.9,2,data_row
3,7,Wine Grapes (White),7043,Viognier,2550,100,2.2,2,data_row
3,7,Wine Grapes (White),7043,Viognier,2800,13600,3.2,2,data_row
3,7,Wine Grapes (White),7043,Viognier,2814,100,1.1,2,data_row
3,7,Wine Grapes (White),7043,Viognier,2850,100,4.2,2,data_row
3,7,Wine Grapes (White),7043,Viognier,2906,100,14.7,2,data_row
3,7,Wine Grapes (White),7043,Viognier,2986,100,18.8,2,data_row
3,7,Wine Grapes (White),7043,Viognier,3000,100,11.2,2,data_row
3,7,Wine Grapes (White),7043,Viognier,3000,16100,5.2,2,data_row
3,7,Wine Grapes (White),7043,Viognier,3000,17500,2,2,data_row
3,7,Wine Grapes (White),7043,Viognier,3100,100,5.4,2,data_row
3,7,Wine Grapes (White),7043,Viognier,3150,17600,18.6,2,data_row
3,7,Wine Grapes (White),7043,Viognier,3173.35,100,12.8,2,data_row
3,7,Wine Grapes (White),7043,Viognier,3183,100,20.1,2,data_row
3,7,Wine Grapes (White),7043,Viognier,3200,100,8,2,data_row
3,7,Wine Grapes (White),7043,Viognier,3230,100,4.2,2,data_row
3,7,Wine Grapes (White),7043,Viognier,3235.68,100,18.4,2,data_row
3,7,Wine Grapes (White),7043,Viognier,3250,100,4.9,2,data_row
3,7,Wine Grapes (White),7043,Viognier,3300,100,1.8,2,data_row
3,7,Wine Grapes (White),7043,Viognier,3400,100,13.8,2,data_row
3,7,Wine Grapes (White),7043,Viognier,3493.59,100,6,2,data_row
3,7,Wine Grapes (White),7043,Viognier,3500,100,54.1,2,data_row
3,7,Wine Grapes (White),7043,Viognier,3500,17000,3,2,data_row
3,7,Wine Grapes (White),7043,Viognier,3750,100,6.4,2,data_row
3,7,Wine Grapes (White),7043,Viognier,3757.28,100,49.6,2,data_row
3,7,Wine Grapes (White),7043,Viognier,3800,20800,2.7,2,data_row
3,7,Wine Grapes (White),7043,Viognier,3893,13600,2.7,2,data_row
3,7,Wine Grapes (White),7043,Viognier,3914,17400,3.1,2,data_row
3,7,Wine Grapes (White),7043,Viognier,4000,100,0.3,2,data_row
3,7,Wine Grapes (White),7043,Viognier,4017,100,4.5,2,data_row
3,7,Wine Grapes (White),7043,Viognier,4044.6,100,10.1,2,data_row
3,7,Wine Grapes (White),7043,Viognier,4500,43690,1.4,2,data_row
3,7,Wine Grapes (White),7043,Viognier,4600,100,0.3,2,data_row
3,7,Wine Grapes (White),7043,Viognier,5651.05,100,2.3,2,data_row
3,7,Wine Grapes (White),7043,Viognier,5714,100,2.2,2,data_row
3,7,Wine Grapes (White),7043,Viognier,10780.41,13400,3,2,data_row
3,7,Wine Grapes (White),7043,Viognier,3294.72,,370.4,3,summary_row
3,7,Wine Grapes (White),7038,White Riesling *,350,13400,1.6,2,data_row
3,7,Wine Grapes (White),7038,White Riesling *,450,100,7.2,2,data_row
3,7,Wine Grapes (White),7038,White Riesling *,2300,100,4.8,2,data_row
3,7,Wine Grapes (White),7038,White Riesling *,2622.5,100,2.8,2,data_row
3,7,Wine Grapes (White),7038,White Riesling *,2800,100,8.8,2,data_row
3,7,Wine Grapes (White),7038,White Riesling *,2900,100,2,2,data_row
3,7,Wine Grapes (White),7038,White Riesling *,3026,100,16.1,2,data_row
3,7,Wine Grapes (White),7038,White Riesling *,3200,11100,3.5,2,data_row
3,7,Wine Grapes (White),7038,White Riesling *,4000,100,16.8,2,data_row
3,7,Wine Grapes (White),7038,White Riesling *,4000,9530,2,2,data_row
3,7,Wine Grapes (White),7038,White Riesling *,4693.87,100,1.4,2,data_row
3,7,Wine Grapes (White),7038,White Riesling *,5000,100,2.4,2,data_row
3,7,Wine Grapes (White),7038,White Riesling *,2972.81,,69.4,3,summary_row
3,7,Wine Grapes (White),7001,Other White Wine 2/,1800,100,5.4,2,data_row
3,7,Wine Grapes (White),7001,Other White Wine 2/,2000,13800,1.6,2,data_row
3,7,Wine Grapes (White),7001,Other White Wine 2/,2011.37,100,7.1,2,data_row
3,7,Wine Grapes (White),7001,Other White Wine 2/,2200,15500,0.8,2,data_row
3,7,Wine Grapes (White),7001,Other White Wine 2/,2550,100,8.4,2,data_row
3,7,Wine Grapes (White),7001,Other White Wine 2/,2600,100,1.7,2,data_row
3,7,Wine Grapes (White),7001,Other White Wine 2/,3000,11100,3.1,2,data_row
3,7,Wine Grapes (White),7001,Other White Wine 2/,3025,2000,3,2,data_row
3,7,Wine Grapes (White),7001,Other White Wine 2/,3200,100,1.3,2,data_row
3,7,Wine Grapes (White),7001,Other White Wine 2/,3250,100,7.6,2,data_row
3,7,Wine Grapes (White),7001,Other White Wine 2/,3500,100,4.8,2,data_row
3,7,Wine Grapes (White),7001,Other White Wine 2/,4000,100,18.9,2,data_row
3,7,Wine Grapes (White),7001,Other White Wine 2/,4500,100,3.5,2,data_row
3,7,Wine Grapes (White),7001,Other White Wine 2/,6000,100,1.8,2,data_row
3,7,Wine Grapes (White),7001,Other White Wine 2/,8126,100,2,2,data_row
3,7,Wine Grapes (White),7001,Other White Wine 2/,3341.38,,71,3,summary_row
3,6,Wine Grapes (Red),6177,Aglianico,1940.74,100,1.3,2,data_row
3,6,Wine Grapes (Red),6177,Aglianico,2000,24500,0.9,2,data_row
3,6,Wine Grapes (Red),6177,Aglianico,3000,100,2.3,2,data_row
3,6,Wine Grapes (Red),6177,Aglianico,4000,100,2.6,2,data_row
3,6,Wine Grapes (Red),6177,Aglianico,3045.49,,7.1,3,summary_row
3,6,Wine Grapes (Red),6005,Aleatico,2900,23100,12.8,2,data_row
3,6,Wine Grapes (Red),6005,Aleatico,2900,,12.8,3,summary_row
3,6,Wine Grapes (Red),6006,Alicante Bouschet *,400,100,0.7,2,data_row
3,6,Wine Grapes (Red),6006,Alicante Bouschet *,700,100,0.1,2,data_row
3,6,Wine Grapes (Red),6006,Alicante Bouschet *,850,100,39.8,2,data_row
3,6,Wine Grapes (Red),6006,Alicante Bouschet *,1200,100,1,2,data_row
3,6,Wine Grapes (Red),6006,Alicante Bouschet *,2500,100,3.3,2,data_row
3,6,Wine Grapes (Red),6006,Alicante Bouschet *,2750,100,2.1,2,data_row
3,6,Wine Grapes (Red),6006,Alicante Bouschet *,3000,100,0.9,2,data_row
3,6,Wine Grapes (Red),6006,Alicante Bouschet *,3000,21600,1.5,2,data_row
3,6,Wine Grapes (Red),6006,Alicante Bouschet *,3400,100,8.7,2,data_row
3,6,Wine Grapes (Red),6006,Alicante Bouschet *,3700,100,6.4,2,data_row
3,6,Wine Grapes (Red),6006,Alicante Bouschet *,3850,100,28.8,2,data_row
3,6,Wine Grapes (Red),6006,Alicante Bouschet *,4000,100,0.2,2,data_row
3,6,Wine Grapes (Red),6006,Alicante Bouschet *,6500,100,0.4,2,data_row
3,6,Wine Grapes (Red),6006,Alicante Bouschet *,9500,17600,1.1,2,data_row
3,6,Wine Grapes (Red),6006,Alicante Bouschet *,2469.42,,95,3,summary_row
3,6,Wine Grapes (Red),6013,Barbera,2000,24500,1.8,2,data_row
3,6,Wine Grapes (Red),6013,Barbera,2500,100,2.5,2,data_row
3,6,Wine Grapes (Red),6013,Barbera,3000,100,3.9,2,data_row
3,6,Wine Grapes (Red),6013,Barbera,3000,17200,3.1,2,data_row
3,6,Wine Grapes (Red),6013,Barbera,3000,23100,7.8,2,data_row
3,6,Wine Grapes (Red),6013,Barbera,3297,100,1.9,2,data_row
3,6,Wine Grapes (Red),6013,Barbera,3324.39,100,3.7,2,data_row
3,6,Wine Grapes (Red),6013,Barbera,3500,100,8.7,2,data_row
3,6,Wine Grapes (Red),6013,Barbera,3750,23100,5.6,2,data_row
3,6,Wine Grapes (Red),6013,Barbera,3862.79,100,10.7,2,data_row
3,6,Wine Grapes (Red),6013,Barbera,4000,100,12.2,2,data_row
3,6,Wine Grapes (Red),6013,Barbera,5164.25,100,3,2,data_row
3,6,Wine Grapes (Red),6013,Barbera,5200,100,9.8,2,data_row
3,6,Wine Grapes (Red),6013,Barbera,3759.69,,74.7,3,summary_row
3,6,Wine Grapes (Red),6023,Cabernet Franc,750,11100,1.6,2,data_row
3,6,Wine Grapes (Red),6023,Cabernet Franc,800,100,2.7,2,data_row
3,6,Wine Grapes (Red),6023,Cabernet Franc,1000,100,4,2,data_row
3,6,Wine Grapes (Red),6023,Cabernet Franc,1000,24500,1.9,2,data_row
3,6,Wine Grapes (Red),6023,Cabernet Franc,1200,100,0.6,2,data_row
3,6,Wine Grapes (Red),6023,Cabernet Franc,1250,100,0.8,2,data_row
3,6,Wine Grapes (Red),6023,Cabernet Franc,1500,100,6.3,2,data_row
3,6,Wine Grapes (Red),6023,Cabernet Franc,1500,13800,4.9,2,data_row
3,6,Wine Grapes (Red),6023,Cabernet Franc,1600,100,3.5,2,data_row
3,6,Wine Grapes (Red),6023,Cabernet Franc,1900,17400,0.3,2,data_row
3,6,Wine Grapes (Red),6023,Cabernet Franc,1980,100,12,2,data_row
3,6,Wine Grapes (Red),6023,Cabernet Franc,2000,100,18.2,2,data_row
3,6,Wine Grapes (Red),6023,Cabernet Franc,2000,24800,1.8,2,data_row
3,6,Wine Grapes (Red),6023,Cabernet Franc,2200,20800,2.1,2,data_row
3,6,Wine Grapes (Red),6023,Cabernet Franc,2250,100,6.3,2,data_row
3,6,Wine Grapes (Red),6023,Cabernet Franc,2400,100,18,2,data_row
3,6,Wine Grapes (Red),6023,Cabernet Franc,2400,13400,1.5,2,data_row
3,6,Wine Grapes (Red),6023,Cabernet Franc,2425,100,1,2,data_row
3,6,Wine Grapes (Red),6023,Cabernet Franc,2500,100,4.9,2,data_row
3,6,Wine Grapes (Red),6023,Cabernet Franc,2500,20900,1.8,2,data_row
3,6,Wine Grapes (Red),6023,Cabernet Franc,2700,100,1.4,2,data_row
3,6,Wine Grapes (Red),6023,Cabernet Franc,2750,100,5.3,2,data_row
3,6,Wine Grapes (Red),6023,Cabernet Franc,3000,100,20,2,data_row
3,6,Wine Grapes (Red),6023,Cabernet Franc,3000,13800,1.9,2,data_row
3,6,Wine Grapes (Red),6023,Cabernet Franc,3000,21200,2.6,2,data_row
3,6,Wine Grapes (Red),6023,Cabernet Franc,3000,23100,2.3,2,data_row
3,6,Wine Grapes (Red),6023,Cabernet Franc,3150,100,2,2,data_row
3,6,Wine Grapes (Red),6023,Cabernet Franc,3200,100,5.3,2,data_row
3,6,Wine Grapes (Red),6023,Cabernet Franc,3200,13800,1.5,2,data_row
3,6,Wine Grapes (Red),6023,Cabernet Franc,3400.63,100,3.3,2,data_row
3,6,Wine Grapes (Red),6023,Cabernet Franc,3500,100,4.3,2,data_row
3,6,Wine Grapes (Red),6023,Cabernet Franc,3500,20800,2.5,2,data_row
3,6,Wine Grapes (Red),6023,Cabernet Franc,3600,100,6,2,data_row
3,6,Wine Grapes (Red),6023,Cabernet Franc,3610,100,81.3,2,data_row
3,6,Wine Grapes (Red),6023,Cabernet Franc,3660,100,7.5,2,data_row
3,6,Wine Grapes (Red),6023,Cabernet Franc,3700,100,9.5,2,data_row
3,6,Wine Grapes (Red),6023,Cabernet Franc,3750,100,2.1,2,data_row
3,6,Wine Grapes (Red),6023,Cabernet Franc,3800,100,3.7,2,data_row
3,6,Wine Grapes (Red),6023,Cabernet Franc,3808.26,25100,8.3,2,data_row
3,6,Wine Grapes (Red),6023,Cabernet Franc,4000,100,47.7,2,data_row
3,6,Wine Grapes (Red),6023,Cabernet Franc,4000,17500,6.6,2,data_row
3,6,Wine Grapes (Red),6023,Cabernet Franc,4100,100,3.2,2,data_row
3,6,Wine Grapes (Red),6023,Cabernet Franc,4250,100,2.4,2,data_row
3,6,Wine Grapes (Red),6023,Cabernet Franc,4360,100,1.6,2,data_row
3,6,Wine Grapes (Red),6023,Cabernet Franc,4404.7,100,15.8,2,data_row
3,6,Wine Grapes (Red),6023,Cabernet Franc,4500,100,13.8,2,data_row
3,6,Wine Grapes (Red),6023,Cabernet Franc,4580.7,100,16.9,2,data_row
3,6,Wine Grapes (Red),6023,Cabernet Franc,4845.17,100,9.3,2,data_row
3,6,Wine Grapes (Red),6023,Cabernet Franc,5000,100,23,2,data_row
3,6,Wine Grapes (Red),6023,Cabernet Franc,5131.99,100,20,2,data_row
3,6,Wine Grapes (Red),6023,Cabernet Franc,5500,100,5.4,2,data_row
3,6,Wine Grapes (Red),6023,Cabernet Franc,5500,17200,2.9,2,data_row
3,6,Wine Grapes (Red),6023,Cabernet Franc,6500,100,4.5,2,data_row
3,6,Wine Grapes (Red),6023,Cabernet Franc,6510,21000,6.4,2,data_row
3,6,Wine Grapes (Red),6023,Cabernet Franc,6796.34,100,1.4,2,data_row
3,6,Wine Grapes (Red),6023,Cabernet Franc,6871.05,100,13.6,2,data_row
3,6,Wine Grapes (Red),6023,Cabernet Franc,7000,100,4.6,2,data_row
3,6,Wine Grapes (Red),6023,Cabernet Franc,8954.87,100,22.3,2,data_row
3,6,Wine Grapes (Red),6023,Cabernet Franc,10000,100,9.7,2,data_row
3,6,Wine Grapes (Red),6023,Cabernet Franc,10000,25100,0.7,2,data_row
3,6,Wine Grapes (Red),6023,Cabernet Franc,10500,2600,9.6,2,data_row
3,6,Wine Grapes (Red),6023,Cabernet Franc,12000,100,1.8,2,data_row
3,6,Wine Grapes (Red),6023,Cabernet Franc,12005.75,21000,25.3,2,data_row
3,6,Wine Grapes (Red),6023,Cabernet Franc,22863.35,100,1,2,data_row
3,6,Wine Grapes (Red),6023,Cabernet Franc,4675.93,,534.5,3,summary_row
3,6,Wine Grapes (Red),6024,Cabernet Sauvignon,200,100,6.1,2,data_row
3,6,Wine Grapes (Red),6024,Cabernet Sauvignon,315,24500,3.5,2,data_row
3,6,Wine Grapes (Red),6024,Cabernet Sauvignon,400,100,10,2,data_row
3,6,Wine Grapes (Red),6024,Cabernet Sauvignon,450,100,66.7,2,data_row
3,6,Wine Grapes (Red),6024,Cabernet Sauvignon,500,100,105.6,2,data_row
3,6,Wine Grapes (Red),6024,Cabernet Sauvignon,500,20800,8.5,2,data_row
3,6,Wine Grapes (Red),6024,Cabernet Sauvignon,550,100,1239.8,2,data_row
3,6,Wine Grapes (Red),6024,Cabernet Sauvignon,600,100,63.8,2,data_row
3,6,Wine Grapes (Red),6024,Cabernet Sauvignon,606.3,3100,3.1,2,data_row
3,6,Wine Grapes (Red),6024,Cabernet Sauvignon,622.34,100,6.9,2,data_row
3,6,Wine Grapes (Red),6024,Cabernet Sauvignon,650,100,48.5,2,data_row
3,6,Wine Grapes (Red),6024,Cabernet Sauvignon,700,100,10.4,2,data_row
3,6,Wine Grapes (Red),6024,Cabernet Sauvignon,750,100,118.8,2,data_row
3,6,Wine Grapes (Red),6024,Cabernet Sauvignon,750,11100,2.3,2,data_row
3,6,Wine Grapes (Red),6024,Cabernet Sauvignon,800,100,117.6,2,data_row
3,6,Wine Grapes (Red),6024,Cabernet Sauvignon,800,20800,91.2,2,data_row
3,6,Wine Grapes (Red),6024,Cabernet Sauvignon,850,100,53.9,2,data_row
3,6,Wine Grapes (Red),6024,Cabernet Sauvignon,900,100,43.6,2,data_row
3,6,Wine Grapes (Red),6024,Cabernet Sauvignon,1000,100,1593.2,2,data_row
3,6,Wine Grapes (Red),6024,Cabernet Sauvignon,1000,13800,18,2,data_row
3,6,Wine Grapes (Red),6024,Cabernet Sauvignon,1000,21000,3.3,2,data_row
3,6,Wine Grapes (Red),6024,Cabernet Sauvignon,1080,100,3.7,2,data_row
3,6,Wine Grapes (Red),6024,Cabernet Sauvignon,1200,100,288.1,2,data_row
3,6,Wine Grapes (Red),6024,Cabernet Sauvignon,1200,13800,4.6,2,data_row
3,6,Wine Grapes (Red),6024,Cabernet Sauvignon,1250,100,60.5,2,data_row
3,6,Wine Grapes (Red),6024,Cabernet Sauvignon,1300,100,229.1,2,data_row
3,6,Wine Grapes (Red),6024,Cabernet Sauvignon,1500,100,55.5,2,data_row
3,6,Wine Grapes (Red),6024,Cabernet Sauvignon,1500,19100,5.2,2,data_row
3,6,Wine Grapes (Red),6024,Cabernet Sauvignon,1600,100,121,2,data_row
3,6,Wine Grapes (Red),6024,Cabernet Sauvignon,1750,25100,8.6,2,data_row
3,6,Wine Grapes (Red),6024,Cabernet Sauvignon,1778.95,100,2.2,2,data_row
3,6,Wine Grapes (Red),6024,Cabernet Sauvignon,1800,100,36.2,2,data_row
3,6,Wine Grapes (Red),6024,Cabernet Sauvignon,1800,25100,142.2,2,data_row
3,6,Wine Grapes (Red),6024,Cabernet Sauvignon,1900,100,49.9,2,data_row
3,6,Wine Grapes (Red),6024,Cabernet Sauvignon,1996.75,100,4,2,data_row
3,6,Wine Grapes (Red),6024,Cabernet Sauvignon,2000,100,452.2,2,data_row
3,6,Wine Grapes (Red),6024,Cabernet Sauvignon,2000,13800,2.8,2,data_row
3,6,Wine Grapes (Red),6024,Cabernet Sauvignon,2000,17600,2.1,2,data_row
3,6,Wine Grapes (Red),6024,Cabernet Sauvignon,2000,21000,6.2,2,data_row
3,6,Wine Grapes (Red),6024,Cabernet Sauvignon,2000,24600,1.3,2,data_row
3,6,Wine Grapes (Red),6024,Cabernet Sauvignon,2000,24800,8.3,2,data_row
3,6,Wine Grapes (Red),6024,Cabernet Sauvignon,2100,100,143.5,2,data_row
3,6,Wine Grapes (Red),6024,Cabernet Sauvignon,2100,24800,537.3,2,data_row
3,6,Wine Grapes (Red),6024,Cabernet Sauvignon,2124.54,100,1080.4,2,data_row
3,6,Wine Grapes (Red),6024,Cabernet Sauvignon,2200,100,514.7,2,data_row
3,6,Wine Grapes (Red),6024,Cabernet Sauvignon,2200,24800,260.4,2,data_row
3,6,Wine Grapes (Red),6024,Cabernet Sauvignon,2250,100,86.6,2,data_row
3,6,Wine Grapes (Red),6024,Cabernet Sauvignon,2250,11300,0.6,2,data_row
3,6,Wine Grapes (Red),6024,Cabernet Sauvignon,2258,100,17.2,2,data_row
3,6,Wine Grapes (Red),6024,Cabernet Sauvignon,2298.06,100,35.5,2,data_row
3,6,Wine Grapes (Red),6024,Cabernet Sauvignon,2300,100,82.1,2,data_row
3,6,Wine Grapes (Red),6024,Cabernet Sauvignon,2300,24800,157.4,2,data_row
3,6,Wine Grapes (Red),6024,Cabernet Sauvignon,2303.26,100,14.1,2,data_row
3,6,Wine Grapes (Red),6024,Cabernet Sauvignon,2328,100,515.3,2,data_row
3,6,Wine Grapes (Red),6024,Cabernet Sauvignon,2350,100,3,2,data_row
3,6,Wine Grapes (Red),6024,Cabernet Sauvignon,2400,100,309.8,2,data_row
3,6,Wine Grapes (Red),6024,Cabernet Sauvignon,2485.91,100,18.1,2,data_row
3,6,Wine Grapes (Red),6024,Cabernet Sauvignon,2500,100,421.7,2,data_row
3,6,Wine Grapes (Red),6024,Cabernet Sauvignon,2500,17400,4.2,2,data_row
3,6,Wine Grapes (Red),6024,Cabernet Sauvignon,2500,21200,30.9,2,data_row
3,6,Wine Grapes (Red),6024,Cabernet Sauvignon,2553.61,100,6.5,2,data_row
3,6,Wine Grapes (Red),6024,Cabernet Sauvignon,2590,13800,9.8,2,data_row
3,6,Wine Grapes (Red),6024,Cabernet Sauvignon,2600,100,316.4,2,data_row
3,6,Wine Grapes (Red),6024,Cabernet Sauvignon,2600,23000,4.2,2,data_row
3,6,Wine Grapes (Red),6024,Cabernet Sauvignon,2625,100,23.1,2,data_row
3,6,Wine Grapes (Red),6024,Cabernet Sauvignon,2628.64,100,30,2,data_row
3,6,Wine Grapes (Red),6024,Cabernet Sauvignon,2675,100,8.1,2,data_row
3,6,Wine Grapes (Red),6024,Cabernet Sauvignon,2684.34,100,30,2,data_row
3,6,Wine Grapes (Red),6024,Cabernet Sauvignon,2686.64,100,120.2,2,data_row
3,6,Wine Grapes (Red),6024,Cabernet Sauvignon,2687.39,100,42.2,2,data_row
3,6,Wine Grapes (Red),6024,Cabernet Sauvignon,2719.56,100,26.9,2,data_row
3,6,Wine Grapes (Red),6024,Cabernet Sauvignon,2769.86,100,48.2,2,data_row
3,6,Wine Grapes (Red),6024,Cabernet Sauvignon,2774.67,100,18.6,2,data_row
3,6,Wine Grapes (Red),6024,Cabernet Sauvignon,2800,100,372,2,data_row
3,6,Wine Grapes (Red),6024,Cabernet Sauvignon,2800,22800,9.8,2,data_row
3,6,Wine Grapes (Red),6024,Cabernet Sauvignon,2805.4,100,24.3,2,data_row
3,6,Wine Grapes (Red),6024,Cabernet Sauvignon,2828.04,100,68.7,2,data_row
3,6,Wine Grapes (Red),6024,Cabernet Sauvignon,2828.83,100,405.9,2,data_row
3,6,Wine Grapes (Red),6024,Cabernet Sauvignon,2850,100,31.8,2,data_row
3,6,Wine Grapes (Red),6024,Cabernet Sauvignon,2850.69,100,45,2,data_row
3,6,Wine Grapes (Red),6024,Cabernet Sauvignon,2865.61,66325,96.7,2,data_row
3,6,Wine Grapes (Red),6024,Cabernet Sauvignon,2900,100,156.2,2,data_row
3,6,Wine Grapes (Red),6024,Cabernet Sauvignon,2916.61,100,21.1,2,data_row
3,6,Wine Grapes (Red),6024,Cabernet Sauvignon,2916.65,100,1322.5,2,data_row
3,6,Wine Grapes (Red),6024,Cabernet Sauvignon,2920,100,7.7,2,data_row
3,6,Wine Grapes (Red),6024,Cabernet Sauvignon,2920.71,100,45.1,2,data_row
3,6,Wine Grapes (Red),6024,Cabernet Sauvignon,2950,100,95.6,2,data_row
3,6,Wine Grapes (Red),6024,Cabernet Sauvignon,2970.1,100,22.8,2,data_row
3,6,Wine Grapes (Red),6024,Cabernet Sauvignon,2970.27,100,95.9,2,data_row
3,6,Wine Grapes (Red),6024,Cabernet Sauvignon,2973.37,100,40.5,2,data_row
3,6,Wine Grapes (Red),6024,Cabernet Sauvignon,3000,100,710.1,2,data_row
3,6,Wine Grapes (Red),6024,Cabernet Sauvignon,3000,17800,3.2,2,data_row
3,6,Wine Grapes (Red),6024,Cabernet Sauvignon,3000,21000,1.2,2,data_row
3,6,Wine Grapes (Red),6024,Cabernet Sauvignon,3000,21200,8.2,2,data_row
3,6,Wine Grapes (Red),6024,Cabernet Sauvignon,3061,100,18,2,data_row
3,6,Wine Grapes (Red),6024,Cabernet Sauvignon,3063,100,2.8,2,data_row
3,6,Wine Grapes (Red),6024,Cabernet Sauvignon,3100,100,2,2,data_row
3,6,Wine Grapes (Red),6024,Cabernet Sauvignon,3100,20900,0.5,2,data_row
3,6,Wine Grapes (Red),6024,Cabernet Sauvignon,3108.74,100,63.9,2,data_row
3,6,Wine Grapes (Red),6024,Cabernet Sauvignon,3110.71,100,266.1,2,data_row
3,6,Wine Grapes (Red),6024,Cabernet Sauvignon,3110.84,100,180.2,2,data_row
3,6,Wine Grapes (Red),6024,Cabernet Sauvignon,3119.95,100,84.9,2,data_row
3,6,Wine Grapes (Red),6024,Cabernet Sauvignon,3125,24800,54.6,2,data_row
3,6,Wine Grapes (Red),6024,Cabernet Sauvignon,3150,100,63.7,2,data_row
3,6,Wine Grapes (Red),6024,Cabernet Sauvignon,3180,100,144.5,2,data_row
3,6,Wine Grapes (Red),6024,Cabernet Sauvignon,3194.69,17900,139.3,2,data_row
3,6,Wine Grapes (Red),6024,Cabernet Sauvignon,3195.77,100,44.8,2,data_row
3,6,Wine Grapes (Red),6024,Cabernet Sauvignon,3200,100,22,2,data_row
3,6,Wine Grapes (Red),6024,Cabernet Sauvignon,3200,13800,5.6,2,data_row
3,6,Wine Grapes (Red),6024,Cabernet Sauvignon,3200,62408,5.2,2,data_row
3,6,Wine Grapes (Red),6024,Cabernet Sauvignon,3212.78,100,81.2,2,data_row
3,6,Wine Grapes (Red),6024,Cabernet Sauvignon,3214.35,100,24.9,2,data_row
3,6,Wine Grapes (Red),6024,Cabernet Sauvignon,3248,100,25,2,data_row
3,6,Wine Grapes (Red),6024,Cabernet Sauvignon,3300,100,169.7,2,data_row
3,6,Wine Grapes (Red),6024,Cabernet Sauvignon,3300,13800,2.2,2,data_row
3,6,Wine Grapes (Red),6024,Cabernet Sauvignon,3325.29,100,24.9,2,data_row
3,6,Wine Grapes (Red),6024,Cabernet Sauvignon,3340,100,39,2,data_row
3,6,Wine Grapes (Red),6024,Cabernet Sauvignon,3359.88,100,59.9,2,data_row
3,6,Wine Grapes (Red),6024,Cabernet Sauvignon,3394.6,100,46.6,2,data_row
3,6,Wine Grapes (Red),6024,Cabernet Sauvignon,3400,20800,188,2,data_row
3,6,Wine Grapes (Red),6024,Cabernet Sauvignon,3408,100,26.6,2,data_row
3,6,Wine Grapes (Red),6024,Cabernet Sauvignon,3450,100,85.6,2,data_row
3,6,Wine Grapes (Red),6024,Cabernet Sauvignon,3494.19,17900,25.8,2,data_row
3,6,Wine Grapes (Red),6024,Cabernet Sauvignon,3494.65,100,22.9,2,data_row
3,6,Wine Grapes (Red),6024,Cabernet Sauvignon,3500,100,181,2,data_row
3,6,Wine Grapes (Red),6024,Cabernet Sauvignon,3500,13600,30.7,2,data_row
3,6,Wine Grapes (Red),6024,Cabernet Sauvignon,3500,20900,0.6,2,data_row
3,6,Wine Grapes (Red),6024,Cabernet Sauvignon,3502.4,100,43.7,2,data_row
3,6,Wine Grapes (Red),6024,Cabernet Sauvignon,3504.85,100,186.9,2,data_row
3,6,Wine Grapes (Red),6024,Cabernet Sauvignon,3517.5,100,347.9,2,data_row
3,6,Wine Grapes (Red),6024,Cabernet Sauvignon,3568.57,100,6.2,2,data_row
3,6,Wine Grapes (Red),6024,Cabernet Sauvignon,3637.03,100,22.1,2,data_row
3,6,Wine Grapes (Red),6024,Cabernet Sauvignon,3650.89,100,20.1,2,data_row
3,6,Wine Grapes (Red),6024,Cabernet Sauvignon,3672,100,9.7,2,data_row
3,6,Wine Grapes (Red),6024,Cabernet Sauvignon,3681.07,21500,13.3,2,data_row
3,6,Wine Grapes (Red),6024,Cabernet Sauvignon,3693.86,17900,65.8,2,data_row
3,6,Wine Grapes (Red),6024,Cabernet Sauvignon,3787,100,14,2,data_row
3,6,Wine Grapes (Red),6024,Cabernet Sauvignon,3800,100,27.1,2,data_row
3,6,Wine Grapes (Red),6024,Cabernet Sauvignon,3818.92,100,145.1,2,data_row
3,6,Wine Grapes (Red),6024,Cabernet Sauvignon,3834.22,100,12.2,2,data_row
3,6,Wine Grapes (Red),6024,Cabernet Sauvignon,3860,100,3.1,2,data_row
3,6,Wine Grapes (Red),6024,Cabernet Sauvignon,3899.35,25100,87.7,2,data_row
3,6,Wine Grapes (Red),6024,Cabernet Sauvignon,3942.96,100,474.1,2,data_row
3,6,Wine Grapes (Red),6024,Cabernet Sauvignon,3997.86,100,42.9,2,data_row
3,6,Wine Grapes (Red),6024,Cabernet Sauvignon,4000,100,196.9,2,data_row
3,6,Wine Grapes (Red),6024,Cabernet Sauvignon,4000,17400,5.1,2,data_row
3,6,Wine Grapes (Red),6024,Cabernet Sauvignon,4000,17500,27.3,2,data_row
3,6,Wine Grapes (Red),6024,Cabernet Sauvignon,4000,20800,10.9,2,data_row
3,6,Wine Grapes (Red),6024,Cabernet Sauvignon,4050,100,8.2,2,data_row
3,6,Wine Grapes (Red),6024,Cabernet Sauvignon,4050,25100,25.5,2,data_row
3,6,Wine Grapes (Red),6024,Cabernet Sauvignon,4078.37,100,8.1,2,data_row
3,6,Wine Grapes (Red),6024,Cabernet Sauvignon,4100,100,86.5,2,data_row
3,6,Wine Grapes (Red),6024,Cabernet Sauvignon,4200,100,14.1,2,data_row
3,6,Wine Grapes (Red),6024,Cabernet Sauvignon,4200,11300,3,2,data_row
3,6,Wine Grapes (Red),6024,Cabernet Sauvignon,4200,24500,6.4,2,data_row
3,6,Wine Grapes (Red),6024,Cabernet Sauvignon,4243.6,100,4,2,data_row
3,6,Wine Grapes (Red),6024,Cabernet Sauvignon,4250,100,10.9,2,data_row
3,6,Wine Grapes (Red),6024,Cabernet Sauvignon,4324.54,100,12.6,2,data_row
3,6,Wine Grapes (Red),6024,Cabernet Sauvignon,4350,100,15,2,data_row
3,6,Wine Grapes (Red),6024,Cabernet Sauvignon,4374.98,100,60.6,2,data_row
3,6,Wine Grapes (Red),6024,Cabernet Sauvignon,4410,100,3.3,2,data_row
3,6,Wine Grapes (Red),6024,Cabernet Sauvignon,4410,13600,1.8,2,data_row
3,6,Wine Grapes (Red),6024,Cabernet Sauvignon,4439,21500,5.2,2,data_row
3,6,Wine Grapes (Red),6024,Cabernet Sauvignon,4500,100,105,2,data_row
3,6,Wine Grapes (Red),6024,Cabernet Sauvignon,4635,100,88.9,2,data_row
3,6,Wine Grapes (Red),6024,Cabernet Sauvignon,4950.45,100,86,2,data_row
3,6,Wine Grapes (Red),6024,Cabernet Sauvignon,5000,100,163.6,2,data_row
3,6,Wine Grapes (Red),6024,Cabernet Sauvignon,5000,3100,8,2,data_row
3,6,Wine Grapes (Red),6024,Cabernet Sauvignon,5003.1,100,28.2,2,data_row
3,6,Wine Grapes (Red),6024,Cabernet Sauvignon,5098.99,100,20.2,2,data_row
3,6,Wine Grapes (Red),6024,Cabernet Sauvignon,5130.49,2300,5.7,2,data_row
3,6,Wine Grapes (Red),6024,Cabernet Sauvignon,5250,100,39.3,2,data_row
3,6,Wine Grapes (Red),6024,Cabernet Sauvignon,5357,25100,40.1,2,data_row
3,6,Wine Grapes (Red),6024,Cabernet Sauvignon,5400,100,4.8,2,data_row
3,6,Wine Grapes (Red),6024,Cabernet Sauvignon,5500,100,30.7,2,data_row
3,6,Wine Grapes (Red),6024,Cabernet Sauvignon,5500,11300,3.7,2,data_row
3,6,Wine Grapes (Red),6024,Cabernet Sauvignon,5500,19100,2.1,2,data_row
3,6,Wine Grapes (Red),6024,Cabernet Sauvignon,5883.25,100,17.5,2,data_row
3,6,Wine Grapes (Red),6024,Cabernet Sauvignon,5885.14,100,22.3,2,data_row
3,6,Wine Grapes (Red),6024,Cabernet Sauvignon,6000,100,81.2,2,data_row
3,6,Wine Grapes (Red),6024,Cabernet Sauvignon,6000,11300,3.5,2,data_row
3,6,Wine Grapes (Red),6024,Cabernet Sauvignon,6000,25000,6.1,2,data_row
3,6,Wine Grapes (Red),6024,Cabernet Sauvignon,6100,100,575.9,2,data_row
3,6,Wine Grapes (Red),6024,Cabernet Sauvignon,6140.57,100,10.4,2,data_row
3,6,Wine Grapes (Red),6024,Cabernet Sauvignon,6172.83,100,3.2,2,data_row
3,6,Wine Grapes (Red),6024,Cabernet Sauvignon,6180,100,15,2,data_row
3,6,Wine Grapes (Red),6024,Cabernet Sauvignon,6200,100,4.2,2,data_row
3,6,Wine Grapes (Red),6024,Cabernet Sauvignon,6500,100,16.7,2,data_row
3,6,Wine Grapes (Red),6024,Cabernet Sauvignon,6500,13600,2,2,data_row
3,6,Wine Grapes (Red),6024,Cabernet Sauvignon,6556,100,30.4,2,data_row
3,6,Wine Grapes (Red),6024,Cabernet Sauvignon,6650,25100,10.1,2,data_row
3,6,Wine Grapes (Red),6024,Cabernet Sauvignon,6700,20600,5.4,2,data_row
3,6,Wine Grapes (Red),6024,Cabernet Sauvignon,6750,100,4.1,2,data_row
3,6,Wine Grapes (Red),6024,Cabernet Sauvignon,6930,100,2.1,2,data_row
3,6,Wine Grapes (Red),6024,Cabernet Sauvignon,7000,100,32.3,2,data_row
3,6,Wine Grapes (Red),6024,Cabernet Sauvignon,7000,17900,26.2,2,data_row
3,6,Wine Grapes (Red),6024,Cabernet Sauvignon,7000,21000,26.7,2,data_row
3,6,Wine Grapes (Red),6024,Cabernet Sauvignon,7100,100,3.1,2,data_row
3,6,Wine Grapes (Red),6024,Cabernet Sauvignon,7333.33,100,2,2,data_row
3,6,Wine Grapes (Red),6024,Cabernet Sauvignon,7500,100,45,2,data_row
3,6,Wine Grapes (Red),6024,Cabernet Sauvignon,7500,24800,3.6,2,data_row
3,6,Wine Grapes (Red),6024,Cabernet Sauvignon,7700,100,5,2,data_row
3,6,Wine Grapes (Red),6024,Cabernet Sauvignon,7700,25100,5.1,2,data_row
3,6,Wine Grapes (Red),6024,Cabernet Sauvignon,7759.59,100,3.9,2,data_row
3,6,Wine Grapes (Red),6024,Cabernet Sauvignon,8000,100,49.6,2,data_row
3,6,Wine Grapes (Red),6024,Cabernet Sauvignon,8500,100,8.1,2,data_row
3,6,Wine Grapes (Red),6024,Cabernet Sauvignon,8500,11300,3,2,data_row
3,6,Wine Grapes (Red),6024,Cabernet Sauvignon,8600,25100,8,2,data_row
3,6,Wine Grapes (Red),6024,Cabernet Sauvignon,8700,100,1.8,2,data_row
3,6,Wine Grapes (Red),6024,Cabernet Sauvignon,9100,100,4,2,data_row
3,6,Wine Grapes (Red),6024,Cabernet Sauvignon,9500,100,4.1,2,data_row
3,6,Wine Grapes (Red),6024,Cabernet Sauvignon,9785,100,6.1,2,data_row
3,6,Wine Grapes (Red),6024,Cabernet Sauvignon,10000,100,131.6,2,data_row
3,6,Wine Grapes (Red),6024,Cabernet Sauvignon,10000,17000,5.1,2,data_row
3,6,Wine Grapes (Red),6024,Cabernet Sauvignon,10000,25100,3,2,data_row
3,6,Wine Grapes (Red),6024,Cabernet Sauvignon,10052.04,21000,76.9,2,data_row
3,6,Wine Grapes (Red),6024,Cabernet Sauvignon,10500,2600,16.9,2,data_row
3,6,Wine Grapes (Red),6024,Cabernet Sauvignon,10500,25100,21.2,2,data_row
3,6,Wine Grapes (Red),6024,Cabernet Sauvignon,13000,100,5.2,2,data_row
3,6,Wine Grapes (Red),6024,Cabernet Sauvignon,15000,100,5,2,data_row
3,6,Wine Grapes (Red),6024,Cabernet Sauvignon,22863.35,100,4,2,data_row
3,6,Wine Grapes (Red),6024,Cabernet Sauvignon,2756.2,,19702.7,3,summary_row
3,6,Wine Grapes (Red),6026,Carignane,500,100,0.1,2,data_row
3,6,Wine Grapes (Red),6026,Carignane,1600,13100,8,2,data_row
3,6,Wine Grapes (Red),6026,Carignane,1800,100,14.5,2,data_row
3,6,Wine Grapes (Red),6026,Carignane,1900,100,14.2,2,data_row
3,6,Wine Grapes (Red),6026,Carignane,2000,100,4.8,2,data_row
3,6,Wine Grapes (Red),6026,Carignane,2200,24500,4.2,2,data_row
3,6,Wine Grapes (Red),6026,Carignane,2272.22,100,12.3,2,data_row
3,6,Wine Grapes (Red),6026,Carignane,2400,100,3.3,2,data_row
3,6,Wine Grapes (Red),6026,Carignane,2500,100,14.7,2,data_row
3,6,Wine Grapes (Red),6026,Carignane,2700,100,20.2,2,data_row
3,6,Wine Grapes (Red),6026,Carignane,2750,100,2.1,2,data_row
3,6,Wine Grapes (Red),6026,Carignane,2800,100,10.9,2,data_row
3,6,Wine Grapes (Red),6026,Carignane,2800,13800,1.5,2,data_row
3,6,Wine Grapes (Red),6026,Carignane,2889.42,100,2.8,2,data_row
3,6,Wine Grapes (Red),6026,Carignane,3150,100,15.1,2,data_row
3,6,Wine Grapes (Red),6026,Carignane,3510,100,3,2,data_row
3,6,Wine Grapes (Red),6026,Carignane,3900,100,7.1,2,data_row
3,6,Wine Grapes (Red),6026,Carignane,4000,100,0.2,2,data_row
3,6,Wine Grapes (Red),6026,Carignane,4100,100,1.1,2,data_row
3,6,Wine Grapes (Red),6026,Carignane,5000,100,4,2,data_row
3,6,Wine Grapes (Red),6026,Carignane,9500,17600,7.2,2,data_row
3,6,Wine Grapes (Red),6026,Carignane,2908.19,,151.3,3,summary_row
3,6,Wine Grapes (Red),6002,Carmenere,2891.08,100,4.7,2,data_row
3,6,Wine Grapes (Red),6002,Carmenere,3500,100,1.9,2,data_row
3,6,Wine Grapes (Red),6002,Carmenere,3066.38,,6.6,3,summary_row
3,6,Wine Grapes (Red),6171,Cinsaut *,2200,24800,4,2,data_row
3,6,Wine Grapes (Red),6171,Cinsaut *,2800,100,1.1,2,data_row
3,6,Wine Grapes (Red),6171,Cinsaut *,3514.56,100,1.9,2,data_row
3,6,Wine Grapes (Red),6171,Cinsaut *,3587.39,100,0.5,2,data_row
3,6,Wine Grapes (Red),6171,Cinsaut *,2713.51,,7.5,3,summary_row
3,6,Wine Grapes (Red),6185,Counoise,1800,24500,0.9,2,data_row
3,6,Wine Grapes (Red),6185,Counoise,2848.21,100,0.6,2,data_row
3,6,Wine Grapes (Red),6185,Counoise,2219.28,,1.5,3,summary_row
3,6,Wine Grapes (Red),6173,Dolcetto,2500,100,2.6,2,data_row
3,6,Wine Grapes (Red),6173,Dolcetto,2600,100,2.9,2,data_row
3,6,Wine Grapes (Red),6173,Dolcetto,2832,100,4.7,2,data_row
3,6,Wine Grapes (Red),6173,Dolcetto,3800,100,1.5,2,data_row
3,6,Wine Grapes (Red),6173,Dolcetto,4000,100,4.3,2,data_row
3,6,Wine Grapes (Red),6173,Dolcetto,3140.65,,16,3,summary_row
3,6,Wine Grapes (Red),6034,Gamay Noir Au Jus Blanc,3000,100,2.6,2,data_row
3,6,Wine Grapes (Red),6034,Gamay Noir Au Jus Blanc,3000,,2.6,3,summary_row
3,6,Wine Grapes (Red),6058,Grenache *,250,100,2.8,2,data_row
3,6,Wine Grapes (Red),6058,Grenache *,500,100,22,2,data_row
3,6,Wine Grapes (Red),6058,Grenache *,600,100,1.1,2,data_row
3,6,Wine Grapes (Red),6058,Grenache *,800,100,1.5,2,data_row
3,6,Wine Grapes (Red),6058,Grenache *,1000,100,5.9,2,data_row
3,6,Wine Grapes (Red),6058,Grenache *,1200,100,1.1,2,data_row
3,6,Wine Grapes (Red),6058,Grenache *,1550,100,3.8,2,data_row
3,6,Wine Grapes (Red),6058,Grenache *,1600,11300,0.9,2,data_row
3,6,Wine Grapes (Red),6058,Grenache *,1750,100,3,2,data_row
3,6,Wine Grapes (Red),6058,Grenache *,1800,100,56.9,2,data_row
3,6,Wine Grapes (Red),6058,Grenache *,1800,24800,7.4,2,data_row
3,6,Wine Grapes (Red),6058,Grenache *,1970.72,100,5.3,2,data_row
3,6,Wine Grapes (Red),6058,Grenache *,2000,100,8.3,2,data_row
3,6,Wine Grapes (Red),6058,Grenache *,2000,20800,8,2,data_row
3,6,Wine Grapes (Red),6058,Grenache *,2184.49,100,26.1,2,data_row
3,6,Wine Grapes (Red),6058,Grenache *,2200,9100,1,2,data_row
3,6,Wine Grapes (Red),6058,Grenache *,2200,17000,5.2,2,data_row
3,6,Wine Grapes (Red),6058,Grenache *,2250,100,21.4,2,data_row
3,6,Wine Grapes (Red),6058,Grenache *,2297.95,100,44.9,2,data_row
3,6,Wine Grapes (Red),6058,Grenache *,2400,100,0.4,2,data_row
3,6,Wine Grapes (Red),6058,Grenache *,2500,100,7.6,2,data_row
3,6,Wine Grapes (Red),6058,Grenache *,2500,13600,0.5,2,data_row
3,6,Wine Grapes (Red),6058,Grenache *,2500,17000,2.6,2,data_row
3,6,Wine Grapes (Red),6058,Grenache *,2500,17200,3,2,data_row
3,6,Wine Grapes (Red),6058,Grenache *,2600,100,3.8,2,data_row
3,6,Wine Grapes (Red),6058,Grenache *,2685,100,9,2,data_row
3,6,Wine Grapes (Red),6058,Grenache *,2700,23100,10,2,data_row
3,6,Wine Grapes (Red),6058,Grenache *,2800,100,3.7,2,data_row
3,6,Wine Grapes (Red),6058,Grenache *,2800,13800,2.8,2,data_row
3,6,Wine Grapes (Red),6058,Grenache *,2900,24500,3.1,2,data_row
3,6,Wine Grapes (Red),6058,Grenache *,2950,17600,1.2,2,data_row
3,6,Wine Grapes (Red),6058,Grenache *,2950.2,100,1.8,2,data_row
3,6,Wine Grapes (Red),6058,Grenache *,3000,100,14.5,2,data_row
3,6,Wine Grapes (Red),6058,Grenache *,3000,11600,2.1,2,data_row
3,6,Wine Grapes (Red),6058,Grenache *,3000,13400,6.8,2,data_row
3,6,Wine Grapes (Red),6058,Grenache *,3000,21200,2.6,2,data_row
3,6,Wine Grapes (Red),6058,Grenache *,3000,24800,4,2,data_row
3,6,Wine Grapes (Red),6058,Grenache *,3149.41,100,5.7,2,data_row
3,6,Wine Grapes (Red),6058,Grenache *,3167,100,6.7,2,data_row
3,6,Wine Grapes (Red),6058,Grenache *,3200,100,64.7,2,data_row
3,6,Wine Grapes (Red),6058,Grenache *,3250,100,19.5,2,data_row
3,6,Wine Grapes (Red),6058,Grenache *,3250,22700,3.9,2,data_row
3,6,Wine Grapes (Red),6058,Grenache *,3264.51,100,7.3,2,data_row
3,6,Wine Grapes (Red),6058,Grenache *,3279,100,9,2,data_row
3,6,Wine Grapes (Red),6058,Grenache *,3279.28,100,14.3,2,data_row
3,6,Wine Grapes (Red),6058,Grenache *,3464,100,9.8,2,data_row
3,6,Wine Grapes (Red),6058,Grenache *,3500,100,22.4,2,data_row
3,6,Wine Grapes (Red),6058,Grenache *,3500,17600,1.8,2,data_row
3,6,Wine Grapes (Red),6058,Grenache *,3500,21000,3.2,2,data_row
3,6,Wine Grapes (Red),6058,Grenache *,3600,100,3.4,2,data_row
3,6,Wine Grapes (Red),6058,Grenache *,3750,100,12.6,2,data_row
3,6,Wine Grapes (Red),6058,Grenache *,3800,21000,5.4,2,data_row
3,6,Wine Grapes (Red),6058,Grenache *,4000,100,4.1,2,data_row
3,6,Wine Grapes (Red),6058,Grenache *,4000,17600,2.3,2,data_row
3,6,Wine Grapes (Red),6058,Grenache *,4000,24800,2.7,2,data_row
3,6,Wine Grapes (Red),6058,Grenache *,4199.43,25100,12.1,2,data_row
3,6,Wine Grapes (Red),6058,Grenache *,4200,100,21.6,2,data_row
3,6,Wine Grapes (Red),6058,Grenache *,4245,19500,3.6,2,data_row
3,6,Wine Grapes (Red),6058,Grenache *,4500,100,6.3,2,data_row
3,6,Wine Grapes (Red),6058,Grenache *,4600,100,18.7,2,data_row
3,6,Wine Grapes (Red),6058,Grenache *,4650,100,3.2,2,data_row
3,6,Wine Grapes (Red),6058,Grenache *,4750,100,0.6,2,data_row
3,6,Wine Grapes (Red),6058,Grenache *,5000,100,1.7,2,data_row
3,6,Wine Grapes (Red),6058,Grenache *,5300,100,21.3,2,data_row
3,6,Wine Grapes (Red),6058,Grenache *,5500,100,1.5,2,data_row
3,6,Wine Grapes (Red),6058,Grenache *,6000,100,1,2,data_row
3,6,Wine Grapes (Red),6058,Grenache *,6087.75,100,3.2,2,data_row
3,6,Wine Grapes (Red),6058,Grenache *,7872.27,21000,12.5,2,data_row
3,6,Wine Grapes (Red),6058,Grenache *,3017.99,,612.2,3,summary_row
3,6,Wine Grapes (Red),6076,Malbec,450,100,0.4,2,data_row
3,6,Wine Grapes (Red),6076,Malbec,500,100,19.4,2,data_row
3,6,Wine Grapes (Red),6076,Malbec,800,100,76.1,2,data_row
3,6,Wine Grapes (Red),6076,Malbec,1250,100,1.9,2,data_row
3,6,Wine Grapes (Red),6076,Malbec,1500,100,10.8,2,data_row
3,6,Wine Grapes (Red),6076,Malbec,1500,25100,1.4,2,data_row
3,6,Wine Grapes (Red),6076,Malbec,1600,100,5.5,2,data_row
3,6,Wine Grapes (Red),6076,Malbec,1800,27600,2.4,2,data_row
3,6,Wine Grapes (Red),6076,Malbec,1982,100,2.1,2,data_row
3,6,Wine Grapes (Red),6076,Malbec,2000,100,26.6,2,data_row
3,6,Wine Grapes (Red),6076,Malbec,2000,13800,4.4,2,data_row
3,6,Wine Grapes (Red),6076,Malbec,2000,14000,2.3,2,data_row
3,6,Wine Grapes (Red),6076,Malbec,2000,17600,2.1,2,data_row
3,6,Wine Grapes (Red),6076,Malbec,2100,24500,2.1,2,data_row
3,6,Wine Grapes (Red),6076,Malbec,2200,100,4.9,2,data_row
3,6,Wine Grapes (Red),6076,Malbec,2250,100,7.4,2,data_row
3,6,Wine Grapes (Red),6076,Malbec,2256.88,100,1.6,2,data_row
3,6,Wine Grapes (Red),6076,Malbec,2400,100,19.6,2,data_row
3,6,Wine Grapes (Red),6076,Malbec,2500,100,45.6,2,data_row
3,6,Wine Grapes (Red),6076,Malbec,2600,100,1.3,2,data_row
3,6,Wine Grapes (Red),6076,Malbec,2600,22800,5.8,2,data_row
3,6,Wine Grapes (Red),6076,Malbec,2700,100,2.3,2,data_row
3,6,Wine Grapes (Red),6076,Malbec,2800,100,24,2,data_row
3,6,Wine Grapes (Red),6076,Malbec,2850,100,21.4,2,data_row
3,6,Wine Grapes (Red),6076,Malbec,3000,100,60.9,2,data_row
3,6,Wine Grapes (Red),6076,Malbec,3000,13800,1.6,2,data_row
3,6,Wine Grapes (Red),6076,Malbec,3090.94,21000,3.6,2,data_row
3,6,Wine Grapes (Red),6076,Malbec,3100,100,11.4,2,data_row
3,6,Wine Grapes (Red),6076,Malbec,3147.3,100,10.6,2,data_row
3,6,Wine Grapes (Red),6076,Malbec,3187,100,4.4,2,data_row
3,6,Wine Grapes (Red),6076,Malbec,3187.54,100,4.3,2,data_row
3,6,Wine Grapes (Red),6076,Malbec,3200,100,13.4,2,data_row
3,6,Wine Grapes (Red),6076,Malbec,3234.11,100,1.7,2,data_row
3,6,Wine Grapes (Red),6076,Malbec,3343,100,1,2,data_row
3,6,Wine Grapes (Red),6076,Malbec,3380,100,5.9,2,data_row
3,6,Wine Grapes (Red),6076,Malbec,3380.55,100,146.6,2,data_row
3,6,Wine Grapes (Red),6076,Malbec,3400,3200,5.2,2,data_row
3,6,Wine Grapes (Red),6076,Malbec,3500,100,6.5,2,data_row
3,6,Wine Grapes (Red),6076,Malbec,3600,100,2.2,2,data_row
3,6,Wine Grapes (Red),6076,Malbec,3610.93,100,15.8,2,data_row
3,6,Wine Grapes (Red),6076,Malbec,3694.14,100,41.1,2,data_row
3,6,Wine Grapes (Red),6076,Malbec,3739,100,0.9,2,data_row
3,6,Wine Grapes (Red),6076,Malbec,3788.44,25100,20.2,2,data_row
3,6,Wine Grapes (Red),6076,Malbec,3800,100,9.1,2,data_row
3,6,Wine Grapes (Red),6076,Malbec,4000,100,31.4,2,data_row
3,6,Wine Grapes (Red),6076,Malbec,4000,17500,10.8,2,data_row
3,6,Wine Grapes (Red),6076,Malbec,4050,100,2.5,2,data_row
3,6,Wine Grapes (Red),6076,Malbec,4224,100,11,2,data_row
3,6,Wine Grapes (Red),6076,Malbec,4225.69,100,9.3,2,data_row
3,6,Wine Grapes (Red),6076,Malbec,4500,100,3.3,2,data_row
3,6,Wine Grapes (Red),6076,Malbec,4600,100,2.1,2,data_row
3,6,Wine Grapes (Red),6076,Malbec,4800,100,3.4,2,data_row
3,6,Wine Grapes (Red),6076,Malbec,5000,100,5.2,2,data_row
3,6,Wine Grapes (Red),6076,Malbec,5400,100,5.6,2,data_row
3,6,Wine Grapes (Red),6076,Malbec,7000,100,2.7,2,data_row
3,6,Wine Grapes (Red),6076,Malbec,9900,25100,2.7,2,data_row
3,6,Wine Grapes (Red),6076,Malbec,10000,100,16.8,2,data_row
3,6,Wine Grapes (Red),6076,Malbec,3058.16,,764.6,3,summary_row
3,6,Wine Grapes (Red),6084,Merlot,400,25100,0.9,2,data_row
3,6,Wine Grapes (Red),6084,Merlot,450,100,13.5,2,data_row
3,6,Wine Grapes (Red),6084,Merlot,500,100,14.6,2,data_row
3,6,Wine Grapes (Red),6084,Merlot,500,17200,1,2,data_row
3,6,Wine Grapes (Red),6084,Merlot,550,100,45,2,data_row
3,6,Wine Grapes (Red),6084,Merlot,710,100,1.6,2,data_row
3,6,Wine Grapes (Red),6084,Merlot,750,11100,2.1,2,data_row
3,6,Wine Grapes (Red),6084,Merlot,800,100,3.5,2,data_row
3,6,Wine Grapes (Red),6084,Merlot,1000,100,214.7,2,data_row
3,6,Wine Grapes (Red),6084,Merlot,1000,13800,13.9,2,data_row
3,6,Wine Grapes (Red),6084,Merlot,1036.8,100,14.5,2,data_row
3,6,Wine Grapes (Red),6084,Merlot,1200,100,16.3,2,data_row
3,6,Wine Grapes (Red),6084,Merlot,1250,100,20,2,data_row
3,6,Wine Grapes (Red),6084,Merlot,1400,100,16.4,2,data_row
3,6,Wine Grapes (Red),6084,Merlot,1500,100,13.4,2,data_row
3,6,Wine Grapes (Red),6084,Merlot,1550,100,55.9,2,data_row
3,6,Wine Grapes (Red),6084,Merlot,1700,25100,103.4,2,data_row
3,6,Wine Grapes (Red),6084,Merlot,1800,100,38.8,2,data_row
3,6,Wine Grapes (Red),6084,Merlot,1800,24800,46.4,2,data_row
3,6,Wine Grapes (Red),6084,Merlot,1845.74,100,2.8,2,data_row
3,6,Wine Grapes (Red),6084,Merlot,1890,100,20.8,2,data_row
3,6,Wine Grapes (Red),6084,Merlot,1900,100,249.6,2,data_row
3,6,Wine Grapes (Red),6084,Merlot,1900,17400,1.1,2,data_row
3,6,Wine Grapes (Red),6084,Merlot,1900,24800,148,2,data_row
3,6,Wine Grapes (Red),6084,Merlot,1900,25100,7.8,2,data_row
3,6,Wine Grapes (Red),6084,Merlot,1950,100,156.2,2,data_row
3,6,Wine Grapes (Red),6084,Merlot,2000,100,144.1,2,data_row
3,6,Wine Grapes (Red),6084,Merlot,2000,20800,1.6,2,data_row
3,6,Wine Grapes (Red),6084,Merlot,2000,24500,1,2,data_row
3,6,Wine Grapes (Red),6084,Merlot,2000,24800,69.3,2,data_row
3,6,Wine Grapes (Red),6084,Merlot,2050,100,60.7,2,data_row
3,6,Wine Grapes (Red),6084,Merlot,2091.19,100,2.2,2,data_row
3,6,Wine Grapes (Red),6084,Merlot,2094.75,100,10.1,2,data_row
3,6,Wine Grapes (Red),6084,Merlot,2100,100,435.4,2,data_row
3,6,Wine Grapes (Red),6084,Merlot,2100,24800,75.4,2,data_row
3,6,Wine Grapes (Red),6084,Merlot,2124.04,66325,75.3,2,data_row
3,6,Wine Grapes (Red),6084,Merlot,2135.89,100,73,2,data_row
3,6,Wine Grapes (Red),6084,Merlot,2142.23,24800,138.6,2,data_row
3,6,Wine Grapes (Red),6084,Merlot,2150,24800,68.8,2,data_row
3,6,Wine Grapes (Red),6084,Merlot,2188,100,29,2,data_row
3,6,Wine Grapes (Red),6084,Merlot,2190.12,100,131.8,2,data_row
3,6,Wine Grapes (Red),6084,Merlot,2195.88,100,224.2,2,data_row
3,6,Wine Grapes (Red),6084,Merlot,2195.88,24800,178.5,2,data_row
3,6,Wine Grapes (Red),6084,Merlot,2199.34,24800,70,2,data_row
3,6,Wine Grapes (Red),6084,Merlot,2200,100,171.4,2,data_row
3,6,Wine Grapes (Red),6084,Merlot,2200,24500,3.8,2,data_row
3,6,Wine Grapes (Red),6084,Merlot,2200,24800,385.7,2,data_row
3,6,Wine Grapes (Red),6084,Merlot,2250,100,28.9,2,data_row
3,6,Wine Grapes (Red),6084,Merlot,2300,100,2.2,2,data_row
3,6,Wine Grapes (Red),6084,Merlot,2300,3200,44.3,2,data_row
3,6,Wine Grapes (Red),6084,Merlot,2300,17400,3.8,2,data_row
3,6,Wine Grapes (Red),6084,Merlot,2300,21000,10.7,2,data_row
3,6,Wine Grapes (Red),6084,Merlot,2304.08,24800,177.3,2,data_row
3,6,Wine Grapes (Red),6084,Merlot,2400,100,93.6,2,data_row
3,6,Wine Grapes (Red),6084,Merlot,2400,13400,1.8,2,data_row
3,6,Wine Grapes (Red),6084,Merlot,2404,100,2.3,2,data_row
3,6,Wine Grapes (Red),6084,Merlot,2458.64,100,49.7,2,data_row
3,6,Wine Grapes (Red),6084,Merlot,2482.84,100,5.1,2,data_row
3,6,Wine Grapes (Red),6084,Merlot,2500,100,26,2,data_row
3,6,Wine Grapes (Red),6084,Merlot,2550,100,1.7,2,data_row
3,6,Wine Grapes (Red),6084,Merlot,2635,100,18.8,2,data_row
3,6,Wine Grapes (Red),6084,Merlot,2650,100,15.1,2,data_row
3,6,Wine Grapes (Red),6084,Merlot,2706,100,12,2,data_row
3,6,Wine Grapes (Red),6084,Merlot,2725,25100,98.6,2,data_row
3,6,Wine Grapes (Red),6084,Merlot,2800,100,3.3,2,data_row
3,6,Wine Grapes (Red),6084,Merlot,2863.37,100,30.7,2,data_row
3,6,Wine Grapes (Red),6084,Merlot,2900,3200,5.6,2,data_row
3,6,Wine Grapes (Red),6084,Merlot,3000,100,7.9,2,data_row
3,6,Wine Grapes (Red),6084,Merlot,3000,13600,0.4,2,data_row
3,6,Wine Grapes (Red),6084,Merlot,3000,13800,3.6,2,data_row
3,6,Wine Grapes (Red),6084,Merlot,3044.81,100,11.7,2,data_row
3,6,Wine Grapes (Red),6084,Merlot,3083.63,100,24,2,data_row
3,6,Wine Grapes (Red),6084,Merlot,3100,3200,15.1,2,data_row
3,6,Wine Grapes (Red),6084,Merlot,3200,17200,3,2,data_row
3,6,Wine Grapes (Red),6084,Merlot,3293.82,100,3.9,2,data_row
3,6,Wine Grapes (Red),6084,Merlot,3303.31,100,0.3,2,data_row
3,6,Wine Grapes (Red),6084,Merlot,3303.89,100,22.7,2,data_row
3,6,Wine Grapes (Red),6084,Merlot,3348,100,2,2,data_row
3,6,Wine Grapes (Red),6084,Merlot,3492,100,15.7,2,data_row
3,6,Wine Grapes (Red),6084,Merlot,3650,100,3.3,2,data_row
3,6,Wine Grapes (Red),6084,Merlot,3800,100,13.5,2,data_row
3,6,Wine Grapes (Red),6084,Merlot,3826,100,8.4,2,data_row
3,6,Wine Grapes (Red),6084,Merlot,4000,100,14.4,2,data_row
3,6,Wine Grapes (Red),6084,Merlot,4000,17500,10.1,2,data_row
3,6,Wine Grapes (Red),6084,Merlot,4764,100,4.2,2,data_row
3,6,Wine Grapes (Red),6084,Merlot,5000,100,13.5,2,data_row
3,6,Wine Grapes (Red),6084,Merlot,6000,100,4.3,2,data_row
3,6,Wine Grapes (Red),6084,Merlot,6450,25100,3.4,2,data_row
3,6,Wine Grapes (Red),6084,Merlot,6600,100,2,2,data_row
3,6,Wine Grapes (Red),6084,Merlot,7000,100,1.5,2,data_row
3,6,Wine Grapes (Red),6084,Merlot,10000,100,7.4,2,data_row
3,6,Wine Grapes (Red),6084,Merlot,11580.25,21000,9,2,data_row
3,6,Wine Grapes (Red),6084,Merlot,22863.35,100,3.3,2,data_row
3,6,Wine Grapes (Red),6084,Merlot,2145.79,,4412.2,3,summary_row
3,6,Wine Grapes (Red),6085,Meunier *,1600,100,1,2,data_row
3,6,Wine Grapes (Red),6085,Meunier *,2172,100,50.3,2,data_row
3,6,Wine Grapes (Red),6085,Meunier *,2222,100,9.9,2,data_row
3,6,Wine Grapes (Red),6085,Meunier *,2400,7600,17.4,2,data_row
3,6,Wine Grapes (Red),6085,Meunier *,2500,100,10.3,2,data_row
3,6,Wine Grapes (Red),6085,Meunier *,2700,100,0.8,2,data_row
3,6,Wine Grapes (Red),6085,Meunier *,3200,17000,2.8,2,data_row
3,6,Wine Grapes (Red),6085,Meunier *,4000,100,1.5,2,data_row
3,6,Wine Grapes (Red),6085,Meunier *,5000,100,2.7,2,data_row
3,6,Wine Grapes (Red),6085,Meunier *,5600,11100,2.7,2,data_row
3,6,Wine Grapes (Red),6085,Meunier *,2475.85,,99.4,3,summary_row
3,6,Wine Grapes (Red),6189,Montepulciano,2000,21000,2.4,2,data_row
3,6,Wine Grapes (Red),6189,Montepulciano,2460,100,7.4,2,data_row
3,6,Wine Grapes (Red),6189,Montepulciano,4800,100,7.4,2,data_row
3,6,Wine Grapes (Red),6189,Montepulciano,3402.56,,17.2,3,summary_row
3,6,Wine Grapes (Red),6081,Mourvedre *,600,100,2,2,data_row
3,6,Wine Grapes (Red),6081,Mourvedre *,1000,100,0.6,2,data_row
3,6,Wine Grapes (Red),6081,Mourvedre *,1500,100,0.9,2,data_row
3,6,Wine Grapes (Red),6081,Mourvedre *,1700,11300,1.4,2,data_row
3,6,Wine Grapes (Red),6081,Mourvedre *,1800,24800,0.9,2,data_row
3,6,Wine Grapes (Red),6081,Mourvedre *,2000,100,0.8,2,data_row
3,6,Wine Grapes (Red),6081,Mourvedre *,2400,100,0.3,2,data_row
3,6,Wine Grapes (Red),6081,Mourvedre *,2500,100,7.7,2,data_row
3,6,Wine Grapes (Red),6081,Mourvedre *,2600,100,9.7,2,data_row
3,6,Wine Grapes (Red),6081,Mourvedre *,2700,100,4.2,2,data_row
3,6,Wine Grapes (Red),6081,Mourvedre *,3000,100,4.2,2,data_row
3,6,Wine Grapes (Red),6081,Mourvedre *,3250,100,16.2,2,data_row
3,6,Wine Grapes (Red),6081,Mourvedre *,3308,100,7.5,2,data_row
3,6,Wine Grapes (Red),6081,Mourvedre *,3500,100,12.4,2,data_row
3,6,Wine Grapes (Red),6081,Mourvedre *,3500,43690,2.6,2,data_row
3,6,Wine Grapes (Red),6081,Mourvedre *,3593,100,1.2,2,data_row
3,6,Wine Grapes (Red),6081,Mourvedre *,3593.12,100,1.6,2,data_row
3,6,Wine Grapes (Red),6081,Mourvedre *,3600,100,3.1,2,data_row
3,6,Wine Grapes (Red),6081,Mourvedre *,3750,43690,3.1,2,data_row
3,6,Wine Grapes (Red),6081,Mourvedre *,3952.43,100,6.1,2,data_row
3,6,Wine Grapes (Red),6081,Mourvedre *,4000,100,1.2,2,data_row
3,6,Wine Grapes (Red),6081,Mourvedre *,4500,100,1.8,2,data_row
3,6,Wine Grapes (Red),6081,Mourvedre *,4600,100,2,2,data_row
3,6,Wine Grapes (Red),6081,Mourvedre *,4700,100,5.9,2,data_row
3,6,Wine Grapes (Red),6081,Mourvedre *,5000,100,4.7,2,data_row
3,6,Wine Grapes (Red),6081,Mourvedre *,5300,100,3.8,2,data_row
3,6,Wine Grapes (Red),6081,Mourvedre *,5300,43690,2.7,2,data_row
3,6,Wine Grapes (Red),6081,Mourvedre *,9082.55,21000,3.4,2,data_row
3,6,Wine Grapes (Red),6081,Mourvedre *,3602.29,,112,3,summary_row
3,6,Wine Grapes (Red),6094,Muscat Hamburg *,2690.9,100,6,2,data_row
3,6,Wine Grapes (Red),6094,Muscat Hamburg *,2690.9,,6,3,summary_row
3,6,Wine Grapes (Red),6095,Nebbiolo,1000,100,0.3,2,data_row
3,6,Wine Grapes (Red),6095,Nebbiolo,2000,21000,1.8,2,data_row
3,6,Wine Grapes (Red),6095,Nebbiolo,2200,100,2.1,2,data_row
3,6,Wine Grapes (Red),6095,Nebbiolo,2500,100,1.4,2,data_row
3,6,Wine Grapes (Red),6095,Nebbiolo,2529,100,3.6,2,data_row
3,6,Wine Grapes (Red),6095,Nebbiolo,3000,13600,0.7,2,data_row
3,6,Wine Grapes (Red),6095,Nebbiolo,4452.75,100,2.7,2,data_row
3,6,Wine Grapes (Red),6095,Nebbiolo,5100,100,1.9,2,data_row
3,6,Wine Grapes (Red),6095,Nebbiolo,6000,100,2.1,2,data_row
3,6,Wine Grapes (Red),6095,Nebbiolo,3466.07,,16.6,3,summary_row
3,6,Wine Grapes (Red),6192,Negroamaro,2404.41,100,1.5,2,data_row
3,6,Wine Grapes (Red),6192,Negroamaro,3750,100,1.8,2,data_row
3,6,Wine Grapes (Red),6192,Negroamaro,3138.37,,3.3,3,summary_row
3,6,Wine Grapes (Red),6199,Nero D'avola *,2500,100,1.1,2,data_row
3,6,Wine Grapes (Red),6199,Nero D'avola *,2910,100,9.9,2,data_row
3,6,Wine Grapes (Red),6199,Nero D'avola *,3500,100,4.2,2,data_row
3,6,Wine Grapes (Red),6199,Nero D'avola *,3043.36,,15.2,3,summary_row
3,6,Wine Grapes (Red),6107,Petit Verdot,800,100,0.5,2,data_row
3,6,Wine Grapes (Red),6107,Petit Verdot,1000,100,3,2,data_row
3,6,Wine Grapes (Red),6107,Petit Verdot,1000,24500,0.8,2,data_row
3,6,Wine Grapes (Red),6107,Petit Verdot,1500,100,1.7,2,data_row
3,6,Wine Grapes (Red),6107,Petit Verdot,1500,13800,1.3,2,data_row
3,6,Wine Grapes (Red),6107,Petit Verdot,2000,100,21.5,2,data_row
3,6,Wine Grapes (Red),6107,Petit Verdot,2250,100,9.2,2,data_row
3,6,Wine Grapes (Red),6107,Petit Verdot,2400,100,5,2,data_row
3,6,Wine Grapes (Red),6107,Petit Verdot,2408,100,2.4,2,data_row
3,6,Wine Grapes (Red),6107,Petit Verdot,2500,100,12.5,2,data_row
3,6,Wine Grapes (Red),6107,Petit Verdot,2600,24800,12.6,2,data_row
3,6,Wine Grapes (Red),6107,Petit Verdot,3000,100,23.7,2,data_row
3,6,Wine Grapes (Red),6107,Petit Verdot,3000,17600,2,2,data_row
3,6,Wine Grapes (Red),6107,Petit Verdot,3100,100,0.8,2,data_row
3,6,Wine Grapes (Red),6107,Petit Verdot,3200,100,4.9,2,data_row
3,6,Wine Grapes (Red),6107,Petit Verdot,3200,13800,2.1,2,data_row
3,6,Wine Grapes (Red),6107,Petit Verdot,3226.12,100,4.9,2,data_row
3,6,Wine Grapes (Red),6107,Petit Verdot,3350,100,5.1,2,data_row
3,6,Wine Grapes (Red),6107,Petit Verdot,3500,100,3.7,2,data_row
3,6,Wine Grapes (Red),6107,Petit Verdot,3500,3200,3,2,data_row
3,6,Wine Grapes (Red),6107,Petit Verdot,3700,100,20.9,2,data_row
3,6,Wine Grapes (Red),6107,Petit Verdot,3800,100,6.2,2,data_row
3,6,Wine Grapes (Red),6107,Petit Verdot,3852.55,100,66.8,2,data_row
3,6,Wine Grapes (Red),6107,Petit Verdot,3889,100,0.6,2,data_row
3,6,Wine Grapes (Red),6107,Petit Verdot,4000,100,7.5,2,data_row
3,6,Wine Grapes (Red),6107,Petit Verdot,4050,100,5.3,2,data_row
3,6,Wine Grapes (Red),6107,Petit Verdot,4100,100,4,2,data_row
3,6,Wine Grapes (Red),6107,Petit Verdot,4324.54,100,3.6,2,data_row
3,6,Wine Grapes (Red),6107,Petit Verdot,4400,17500,6.2,2,data_row
3,6,Wine Grapes (Red),6107,Petit Verdot,4500,100,9.5,2,data_row
3,6,Wine Grapes (Red),6107,Petit Verdot,4623.94,100,26.5,2,data_row
3,6,Wine Grapes (Red),6107,Petit Verdot,4964.48,100,2.1,2,data_row
3,6,Wine Grapes (Red),6107,Petit Verdot,5000,100,2,2,data_row
3,6,Wine Grapes (Red),6107,Petit Verdot,5878.06,100,1.4,2,data_row
3,6,Wine Grapes (Red),6107,Petit Verdot,5900,100,1.8,2,data_row
3,6,Wine Grapes (Red),6107,Petit Verdot,6000,100,1.2,2,data_row
3,6,Wine Grapes (Red),6107,Petit Verdot,8300,100,12.5,2,data_row
3,6,Wine Grapes (Red),6107,Petit Verdot,9900,25100,5.1,2,data_row
3,6,Wine Grapes (Red),6107,Petit Verdot,10000,100,0.4,2,data_row
3,6,Wine Grapes (Red),6107,Petit Verdot,17051.32,21000,2.5,2,data_row
3,6,Wine Grapes (Red),6107,Petit Verdot,22863.35,100,0.8,2,data_row
3,6,Wine Grapes (Red),6107,Petit Verdot,3949.02,,307.6,3,summary_row
3,6,Wine Grapes (Red),6106,Petite Sirah,500,100,0.7,2,data_row
3,6,Wine Grapes (Red),6106,Petite Sirah,790,100,12.1,2,data_row
3,6,Wine Grapes (Red),6106,Petite Sirah,1000,100,12.6,2,data_row
3,6,Wine Grapes (Red),6106,Petite Sirah,1200,100,3,2,data_row
3,6,Wine Grapes (Red),6106,Petite Sirah,1200,20900,0.4,2,data_row
3,6,Wine Grapes (Red),6106,Petite Sirah,1500,21500,11.9,2,data_row
3,6,Wine Grapes (Red),6106,Petite Sirah,1800,25100,2.2,2,data_row
3,6,Wine Grapes (Red),6106,Petite Sirah,1982,100,1.1,2,data_row
3,6,Wine Grapes (Red),6106,Petite Sirah,2000,100,5.1,2,data_row
3,6,Wine Grapes (Red),6106,Petite Sirah,2000,24800,1,2,data_row
3,6,Wine Grapes (Red),6106,Petite Sirah,2200,100,12.9,2,data_row
3,6,Wine Grapes (Red),6106,Petite Sirah,2200,24800,5.3,2,data_row
3,6,Wine Grapes (Red),6106,Petite Sirah,2250,100,31.8,2,data_row
3,6,Wine Grapes (Red),6106,Petite Sirah,2300,100,7,2,data_row
3,6,Wine Grapes (Red),6106,Petite Sirah,2500,100,21.6,2,data_row
3,6,Wine Grapes (Red),6106,Petite Sirah,2500,22800,5.2,2,data_row
3,6,Wine Grapes (Red),6106,Petite Sirah,2550,100,23.5,2,data_row
3,6,Wine Grapes (Red),6106,Petite Sirah,2600,100,48.1,2,data_row
3,6,Wine Grapes (Red),6106,Petite Sirah,2648.99,100,3,2,data_row
3,6,Wine Grapes (Red),6106,Petite Sirah,2700,100,30.2,2,data_row
3,6,Wine Grapes (Red),6106,Petite Sirah,2750,100,2.1,2,data_row
3,6,Wine Grapes (Red),6106,Petite Sirah,2767,25100,2.4,2,data_row
3,6,Wine Grapes (Red),6106,Petite Sirah,2781.44,100,6.8,2,data_row
3,6,Wine Grapes (Red),6106,Petite Sirah,2788.51,100,8.5,2,data_row
3,6,Wine Grapes (Red),6106,Petite Sirah,2796.15,100,3.4,2,data_row
3,6,Wine Grapes (Red),6106,Petite Sirah,2800,13800,1,2,data_row
3,6,Wine Grapes (Red),6106,Petite Sirah,2850,100,1.6,2,data_row
3,6,Wine Grapes (Red),6106,Petite Sirah,2936.17,100,8.3,2,data_row
3,6,Wine Grapes (Red),6106,Petite Sirah,2943.8,100,25.6,2,data_row
3,6,Wine Grapes (Red),6106,Petite Sirah,2944,100,3,2,data_row
3,6,Wine Grapes (Red),6106,Petite Sirah,3000,100,32,2,data_row
3,6,Wine Grapes (Red),6106,Petite Sirah,3000,14000,3.1,2,data_row
3,6,Wine Grapes (Red),6106,Petite Sirah,3000,21000,2.9,2,data_row
3,6,Wine Grapes (Red),6106,Petite Sirah,3000,21600,4.6,2,data_row
3,6,Wine Grapes (Red),6106,Petite Sirah,3000,27600,8.2,2,data_row
3,6,Wine Grapes (Red),6106,Petite Sirah,3038.22,100,51.1,2,data_row
3,6,Wine Grapes (Red),6106,Petite Sirah,3146.97,100,3.9,2,data_row
3,6,Wine Grapes (Red),6106,Petite Sirah,3200,100,24.6,2,data_row
3,6,Wine Grapes (Red),6106,Petite Sirah,3207,100,19.4,2,data_row
3,6,Wine Grapes (Red),6106,Petite Sirah,3300,100,12.8,2,data_row
3,6,Wine Grapes (Red),6106,Petite Sirah,3300,17200,4.5,2,data_row
3,6,Wine Grapes (Red),6106,Petite Sirah,3325,100,1.9,2,data_row
3,6,Wine Grapes (Red),6106,Petite Sirah,3461.67,100,33.5,2,data_row
3,6,Wine Grapes (Red),6106,Petite Sirah,3500,100,13.2,2,data_row
3,6,Wine Grapes (Red),6106,Petite Sirah,3530,100,10.7,2,data_row
3,6,Wine Grapes (Red),6106,Petite Sirah,3600,100,12,2,data_row
3,6,Wine Grapes (Red),6106,Petite Sirah,3750,100,10.2,2,data_row
3,6,Wine Grapes (Red),6106,Petite Sirah,3800,100,13.1,2,data_row
3,6,Wine Grapes (Red),6106,Petite Sirah,4000,100,46.1,2,data_row
3,6,Wine Grapes (Red),6106,Petite Sirah,4000,17500,6.1,2,data_row
3,6,Wine Grapes (Red),6106,Petite Sirah,4050,100,1.4,2,data_row
3,6,Wine Grapes (Red),6106,Petite Sirah,4125,100,1.3,2,data_row
3,6,Wine Grapes (Red),6106,Petite Sirah,4400,100,5.2,2,data_row
3,6,Wine Grapes (Red),6106,Petite Sirah,4589.58,100,14.7,2,data_row
3,6,Wine Grapes (Red),6106,Petite Sirah,4700,100,1.9,2,data_row
3,6,Wine Grapes (Red),6106,Petite Sirah,5000,100,8.5,2,data_row
3,6,Wine Grapes (Red),6106,Petite Sirah,5512,100,1,2,data_row
3,6,Wine Grapes (Red),6106,Petite Sirah,5600,100,4,2,data_row
3,6,Wine Grapes (Red),6106,Petite Sirah,5900,100,7.6,2,data_row
3,6,Wine Grapes (Red),6106,Petite Sirah,6000,100,50.7,2,data_row
3,6,Wine Grapes (Red),6106,Petite Sirah,6500,100,0.8,2,data_row
3,6,Wine Grapes (Red),6106,Petite Sirah,6990,100,1.8,2,data_row
3,6,Wine Grapes (Red),6106,Petite Sirah,3254.25,,714.2,3,summary_row
3,6,Wine Grapes (Red),6112,Pinot Noir *,100,100,54.5,2,data_row
3,6,Wine Grapes (Red),6112,Pinot Noir *,200,100,100.7,2,data_row
3,6,Wine Grapes (Red),6112,Pinot Noir *,250,100,75.1,2,data_row
3,6,Wine Grapes (Red),6112,Pinot Noir *,300,100,5.7,2,data_row
3,6,Wine Grapes (Red),6112,Pinot Noir *,385,100,3.5,2,data_row
3,6,Wine Grapes (Red),6112,Pinot Noir *,400,100,22.6,2,data_row
3,6,Wine Grapes (Red),6112,Pinot Noir *,400,17000,3.9,2,data_row
3,6,Wine Grapes (Red),6112,Pinot Noir *,469,21200,17.3,2,data_row
3,6,Wine Grapes (Red),6112,Pinot Noir *,500,100,467.2,2,data_row
3,6,Wine Grapes (Red),6112,Pinot Noir *,500,9500,4.5,2,data_row
3,6,Wine Grapes (Red),6112,Pinot Noir *,500,21000,0.5,2,data_row
3,6,Wine Grapes (Red),6112,Pinot Noir *,575,100,70.1,2,data_row
3,6,Wine Grapes (Red),6112,Pinot Noir *,600,100,109,2,data_row
3,6,Wine Grapes (Red),6112,Pinot Noir *,650,100,2.5,2,data_row
3,6,Wine Grapes (Red),6112,Pinot Noir *,800,100,46.5,2,data_row
3,6,Wine Grapes (Red),6112,Pinot Noir *,800,20800,2,2,data_row
3,6,Wine Grapes (Red),6112,Pinot Noir *,850,100,23.6,2,data_row
3,6,Wine Grapes (Red),6112,Pinot Noir *,900,100,6.8,2,data_row
3,6,Wine Grapes (Red),6112,Pinot Noir *,1000,100,244.4,2,data_row
3,6,Wine Grapes (Red),6112,Pinot Noir *,1000,11300,2.5,2,data_row
3,6,Wine Grapes (Red),6112,Pinot Noir *,1000,17200,2,2,data_row
3,6,Wine Grapes (Red),6112,Pinot Noir *,1000,21200,21.8,2,data_row
3,6,Wine Grapes (Red),6112,Pinot Noir *,1000,52025,32.6,2,data_row
3,6,Wine Grapes (Red),6112,Pinot Noir *,1010,52025,23.9,2,data_row
3,6,Wine Grapes (Red),6112,Pinot Noir *,1100,14000,3.9,2,data_row
3,6,Wine Grapes (Red),6112,Pinot Noir *,1150,100,22.4,2,data_row
3,6,Wine Grapes (Red),6112,Pinot Noir *,1200,100,214.6,2,data_row
3,6,Wine Grapes (Red),6112,Pinot Noir *,1500,100,192.4,2,data_row
3,6,Wine Grapes (Red),6112,Pinot Noir *,1500,13800,11,2,data_row
3,6,Wine Grapes (Red),6112,Pinot Noir *,1500,17800,1.6,2,data_row
3,6,Wine Grapes (Red),6112,Pinot Noir *,1500,19000,3.4,2,data_row
3,6,Wine Grapes (Red),6112,Pinot Noir *,1500,22900,15.3,2,data_row
3,6,Wine Grapes (Red),6112,Pinot Noir *,1550,100,18.5,2,data_row
3,6,Wine Grapes (Red),6112,Pinot Noir *,1600,100,32.1,2,data_row
3,6,Wine Grapes (Red),6112,Pinot Noir *,1750,100,2.4,2,data_row
3,6,Wine Grapes (Red),6112,Pinot Noir *,1764,100,49.3,2,data_row
3,6,Wine Grapes (Red),6112,Pinot Noir *,1800,100,1147.1,2,data_row
3,6,Wine Grapes (Red),6112,Pinot Noir *,1800,17200,1.3,2,data_row
3,6,Wine Grapes (Red),6112,Pinot Noir *,1800,17600,1.5,2,data_row
3,6,Wine Grapes (Red),6112,Pinot Noir *,1800,21500,23,2,data_row
3,6,Wine Grapes (Red),6112,Pinot Noir *,1800,24500,16.2,2,data_row
3,6,Wine Grapes (Red),6112,Pinot Noir *,1900,100,177.7,2,data_row
3,6,Wine Grapes (Red),6112,Pinot Noir *,2000,100,325.6,2,data_row
3,6,Wine Grapes (Red),6112,Pinot Noir *,2000,7600,60,2,data_row
3,6,Wine Grapes (Red),6112,Pinot Noir *,2000,11300,9.4,2,data_row
3,6,Wine Grapes (Red),6112,Pinot Noir *,2000,11400,9.1,2,data_row
3,6,Wine Grapes (Red),6112,Pinot Noir *,2000,11600,22,2,data_row
3,6,Wine Grapes (Red),6112,Pinot Noir *,2000,13400,3.1,2,data_row
3,6,Wine Grapes (Red),6112,Pinot Noir *,2000,20800,32,2,data_row
3,6,Wine Grapes (Red),6112,Pinot Noir *,2100,100,7.9,2,data_row
3,6,Wine Grapes (Red),6112,Pinot Noir *,2105,20800,2.3,2,data_row
3,6,Wine Grapes (Red),6112,Pinot Noir *,2200,100,3.2,2,data_row
3,6,Wine Grapes (Red),6112,Pinot Noir *,2235,100,14.3,2,data_row
3,6,Wine Grapes (Red),6112,Pinot Noir *,2250,100,35.6,2,data_row
3,6,Wine Grapes (Red),6112,Pinot Noir *,2300,100,124.9,2,data_row
3,6,Wine Grapes (Red),6112,Pinot Noir *,2384.86,100,201.3,2,data_row
3,6,Wine Grapes (Red),6112,Pinot Noir *,2400,100,16.7,2,data_row
3,6,Wine Grapes (Red),6112,Pinot Noir *,2500,100,564.9,2,data_row
3,6,Wine Grapes (Red),6112,Pinot Noir *,2500,7075,2.2,2,data_row
3,6,Wine Grapes (Red),6112,Pinot Noir *,2500,11300,2,2,data_row
3,6,Wine Grapes (Red),6112,Pinot Noir *,2500,13400,7.6,2,data_row
3,6,Wine Grapes (Red),6112,Pinot Noir *,2500,13800,1.7,2,data_row
3,6,Wine Grapes (Red),6112,Pinot Noir *,2500,17200,1.5,2,data_row
3,6,Wine Grapes (Red),6112,Pinot Noir *,2500,20800,7.7,2,data_row
3,6,Wine Grapes (Red),6112,Pinot Noir *,2500,21000,225.4,2,data_row
3,6,Wine Grapes (Red),6112,Pinot Noir *,2600,100,136.5,2,data_row
3,6,Wine Grapes (Red),6112,Pinot Noir *,2600,17400,2.3,2,data_row
3,6,Wine Grapes (Red),6112,Pinot Noir *,2625,100,59.1,2,data_row
3,6,Wine Grapes (Red),6112,Pinot Noir *,2632.86,100,164.1,2,data_row
3,6,Wine Grapes (Red),6112,Pinot Noir *,2650,21000,4.1,2,data_row
3,6,Wine Grapes (Red),6112,Pinot Noir *,2700,100,64.3,2,data_row
3,6,Wine Grapes (Red),6112,Pinot Noir *,2700,7600,5,2,data_row
3,6,Wine Grapes (Red),6112,Pinot Noir *,2750,100,7.8,2,data_row
3,6,Wine Grapes (Red),6112,Pinot Noir *,2750,20700,19.9,2,data_row
3,6,Wine Grapes (Red),6112,Pinot Noir *,2788.51,100,8.5,2,data_row
3,6,Wine Grapes (Red),6112,Pinot Noir *,2800,100,214.1,2,data_row
3,6,Wine Grapes (Red),6112,Pinot Noir *,2850,100,4.5,2,data_row
3,6,Wine Grapes (Red),6112,Pinot Noir *,2900,100,32.6,2,data_row
3,6,Wine Grapes (Red),6112,Pinot Noir *,2950,100,24,2,data_row
3,6,Wine Grapes (Red),6112,Pinot Noir *,2982.69,21200,45.6,2,data_row
3,6,Wine Grapes (Red),6112,Pinot Noir *,3000,100,660.9,2,data_row
3,6,Wine Grapes (Red),6112,Pinot Noir *,3000,10900,2.3,2,data_row
3,6,Wine Grapes (Red),6112,Pinot Noir *,3000,11300,2.2,2,data_row
3,6,Wine Grapes (Red),6112,Pinot Noir *,3000,14000,2.1,2,data_row
3,6,Wine Grapes (Red),6112,Pinot Noir *,3000,19100,1.3,2,data_row
3,6,Wine Grapes (Red),6112,Pinot Noir *,3000,21000,87.3,2,data_row
3,6,Wine Grapes (Red),6112,Pinot Noir *,3100,100,68.1,2,data_row
3,6,Wine Grapes (Red),6112,Pinot Noir *,3100,21000,45.4,2,data_row
3,6,Wine Grapes (Red),6112,Pinot Noir *,3122.23,100,2614.7,2,data_row
3,6,Wine Grapes (Red),6112,Pinot Noir *,3144.82,100,5.4,2,data_row
3,6,Wine Grapes (Red),6112,Pinot Noir *,3150,10700,5.7,2,data_row
3,6,Wine Grapes (Red),6112,Pinot Noir *,3200,100,1036,2,data_row
3,6,Wine Grapes (Red),6112,Pinot Noir *,3200,17000,7.7,2,data_row
3,6,Wine Grapes (Red),6112,Pinot Noir *,3200,22800,3,2,data_row
3,6,Wine Grapes (Red),6112,Pinot Noir *,3200,24500,15.7,2,data_row
3,6,Wine Grapes (Red),6112,Pinot Noir *,3208.16,100,75.8,2,data_row
3,6,Wine Grapes (Red),6112,Pinot Noir *,3250,10900,2.2,2,data_row
3,6,Wine Grapes (Red),6112,Pinot Noir *,3250,22700,3.9,2,data_row
3,6,Wine Grapes (Red),6112,Pinot Noir *,3256.77,100,109.8,2,data_row
3,6,Wine Grapes (Red),6112,Pinot Noir *,3259.91,100,58.7,2,data_row
3,6,Wine Grapes (Red),6112,Pinot Noir *,3300,100,58.4,2,data_row
3,6,Wine Grapes (Red),6112,Pinot Noir *,3316,17200,7.8,2,data_row
3,6,Wine Grapes (Red),6112,Pinot Noir *,3323.49,100,10.3,2,data_row
3,6,Wine Grapes (Red),6112,Pinot Noir *,3333,100,3.1,2,data_row
3,6,Wine Grapes (Red),6112,Pinot Noir *,3350,20800,19.3,2,data_row
3,6,Wine Grapes (Red),6112,Pinot Noir *,3355,100,16.9,2,data_row
3,6,Wine Grapes (Red),6112,Pinot Noir *,3400,100,70.5,2,data_row
3,6,Wine Grapes (Red),6112,Pinot Noir *,3417.74,100,2.8,2,data_row
3,6,Wine Grapes (Red),6112,Pinot Noir *,3440.23,21200,121.3,2,data_row
3,6,Wine Grapes (Red),6112,Pinot Noir *,3442.92,24500,379.5,2,data_row
3,6,Wine Grapes (Red),6112,Pinot Noir *,3450.52,100,1.4,2,data_row
3,6,Wine Grapes (Red),6112,Pinot Noir *,3462.07,100,37.9,2,data_row
3,6,Wine Grapes (Red),6112,Pinot Noir *,3479.14,100,46.4,2,data_row
3,6,Wine Grapes (Red),6112,Pinot Noir *,3500,100,234,2,data_row
3,6,Wine Grapes (Red),6112,Pinot Noir *,3500,10900,1.7,2,data_row
3,6,Wine Grapes (Red),6112,Pinot Noir *,3500,11300,21.5,2,data_row
3,6,Wine Grapes (Red),6112,Pinot Noir *,3500,14000,2.1,2,data_row
3,6,Wine Grapes (Red),6112,Pinot Noir *,3500,17600,4.1,2,data_row
3,6,Wine Grapes (Red),6112,Pinot Noir *,3500,21000,1.2,2,data_row
3,6,Wine Grapes (Red),6112,Pinot Noir *,3500.07,100,99.6,2,data_row
3,6,Wine Grapes (Red),6112,Pinot Noir *,3501,100,118.3,2,data_row
3,6,Wine Grapes (Red),6112,Pinot Noir *,3501.35,100,9.3,2,data_row
3,6,Wine Grapes (Red),6112,Pinot Noir *,3503.45,17900,70.4,2,data_row
3,6,Wine Grapes (Red),6112,Pinot Noir *,3550,100,10.8,2,data_row
3,6,Wine Grapes (Red),6112,Pinot Noir *,3600,100,79.7,2,data_row
3,6,Wine Grapes (Red),6112,Pinot Noir *,3600,17400,2.9,2,data_row
3,6,Wine Grapes (Red),6112,Pinot Noir *,3653.1,100,12.5,2,data_row
3,6,Wine Grapes (Red),6112,Pinot Noir *,3676.06,100,20.3,2,data_row
3,6,Wine Grapes (Red),6112,Pinot Noir *,3692.31,100,70.6,2,data_row
3,6,Wine Grapes (Red),6112,Pinot Noir *,3700,100,192.6,2,data_row
3,6,Wine Grapes (Red),6112,Pinot Noir *,3745.09,100,22.9,2,data_row
3,6,Wine Grapes (Red),6112,Pinot Noir *,3746.09,100,28.8,2,data_row
3,6,Wine Grapes (Red),6112,Pinot Noir *,3746.52,100,53.9,2,data_row
3,6,Wine Grapes (Red),6112,Pinot Noir *,3747.21,100,53.7,2,data_row
3,6,Wine Grapes (Red),6112,Pinot Noir *,3749.51,100,76.2,2,data_row
3,6,Wine Grapes (Red),6112,Pinot Noir *,3750,15700,6.3,2,data_row
3,6,Wine Grapes (Red),6112,Pinot Noir *,3750,18900,4.3,2,data_row
3,6,Wine Grapes (Red),6112,Pinot Noir *,3750.39,100,95.6,2,data_row
3,6,Wine Grapes (Red),6112,Pinot Noir *,3797.91,24500,21.2,2,data_row
3,6,Wine Grapes (Red),6112,Pinot Noir *,3800,100,86.9,2,data_row
3,6,Wine Grapes (Red),6112,Pinot Noir *,3800,20800,2,2,data_row
3,6,Wine Grapes (Red),6112,Pinot Noir *,3805.3,100,13,2,data_row
3,6,Wine Grapes (Red),6112,Pinot Noir *,3822.38,100,8.7,2,data_row
3,6,Wine Grapes (Red),6112,Pinot Noir *,3822.48,100,42.1,2,data_row
3,6,Wine Grapes (Red),6112,Pinot Noir *,3822.48,7800,23.1,2,data_row
3,6,Wine Grapes (Red),6112,Pinot Noir *,3823.89,100,44.8,2,data_row
3,6,Wine Grapes (Red),6112,Pinot Noir *,3825,100,11.2,2,data_row
3,6,Wine Grapes (Red),6112,Pinot Noir *,3825.47,100,76.5,2,data_row
3,6,Wine Grapes (Red),6112,Pinot Noir *,3844.86,100,45.5,2,data_row
3,6,Wine Grapes (Red),6112,Pinot Noir *,3850,100,298.6,2,data_row
3,6,Wine Grapes (Red),6112,Pinot Noir *,3864.42,100,22.3,2,data_row
3,6,Wine Grapes (Red),6112,Pinot Noir *,3890.61,100,745.8,2,data_row
3,6,Wine Grapes (Red),6112,Pinot Noir *,3894.71,100,95.7,2,data_row
3,6,Wine Grapes (Red),6112,Pinot Noir *,3895.17,100,69.3,2,data_row
3,6,Wine Grapes (Red),6112,Pinot Noir *,3895.17,24500,342.9,2,data_row
3,6,Wine Grapes (Red),6112,Pinot Noir *,3900,100,44.5,2,data_row
3,6,Wine Grapes (Red),6112,Pinot Noir *,3900,24300,155.4,2,data_row
3,6,Wine Grapes (Red),6112,Pinot Noir *,3925,100,40,2,data_row
3,6,Wine Grapes (Red),6112,Pinot Noir *,3930.51,100,45,2,data_row
3,6,Wine Grapes (Red),6112,Pinot Noir *,3937.5,100,296.6,2,data_row
3,6,Wine Grapes (Red),6112,Pinot Noir *,3951.67,100,19.5,2,data_row
3,6,Wine Grapes (Red),6112,Pinot Noir *,3956.04,100,50.2,2,data_row
3,6,Wine Grapes (Red),6112,Pinot Noir *,3965,100,6.7,2,data_row
3,6,Wine Grapes (Red),6112,Pinot Noir *,3995.57,100,40.4,2,data_row
3,6,Wine Grapes (Red),6112,Pinot Noir *,3997.04,21200,102.9,2,data_row
3,6,Wine Grapes (Red),6112,Pinot Noir *,4000,100,315.6,2,data_row
3,6,Wine Grapes (Red),6112,Pinot Noir *,4000,11100,8.5,2,data_row
3,6,Wine Grapes (Red),6112,Pinot Noir *,4000,13600,1,2,data_row
3,6,Wine Grapes (Red),6112,Pinot Noir *,4000,14000,3.5,2,data_row
3,6,Wine Grapes (Red),6112,Pinot Noir *,4000,17400,6.3,2,data_row
3,6,Wine Grapes (Red),6112,Pinot Noir *,4000,19100,6.5,2,data_row
3,6,Wine Grapes (Red),6112,Pinot Noir *,4000,20800,0.6,2,data_row
3,6,Wine Grapes (Red),6112,Pinot Noir *,4000,21000,0.9,2,data_row
3,6,Wine Grapes (Red),6112,Pinot Noir *,4005.6,100,10.9,2,data_row
3,6,Wine Grapes (Red),6112,Pinot Noir *,4031,100,17.9,2,data_row
3,6,Wine Grapes (Red),6112,Pinot Noir *,4038.28,100,27.5,2,data_row
3,6,Wine Grapes (Red),6112,Pinot Noir *,4044.91,100,39,2,data_row
3,6,Wine Grapes (Red),6112,Pinot Noir *,4050,100,44.7,2,data_row
3,6,Wine Grapes (Red),6112,Pinot Noir *,4059.88,100,70.4,2,data_row
3,6,Wine Grapes (Red),6112,Pinot Noir *,4069.58,100,22.9,2,data_row
3,6,Wine Grapes (Red),6112,Pinot Noir *,4100,100,28.3,2,data_row
3,6,Wine Grapes (Red),6112,Pinot Noir *,4145,100,19.1,2,data_row
3,6,Wine Grapes (Red),6112,Pinot Noir *,4150,21000,16.2,2,data_row
3,6,Wine Grapes (Red),6112,Pinot Noir *,4155.3,17200,2.1,2,data_row
3,6,Wine Grapes (Red),6112,Pinot Noir *,4200,100,114.1,2,data_row
3,6,Wine Grapes (Red),6112,Pinot Noir *,4202.5,100,25.3,2,data_row
3,6,Wine Grapes (Red),6112,Pinot Noir *,4204.73,100,106.3,2,data_row
3,6,Wine Grapes (Red),6112,Pinot Noir *,4208.02,100,42.4,2,data_row
3,6,Wine Grapes (Red),6112,Pinot Noir *,4220,100,12,2,data_row
3,6,Wine Grapes (Red),6112,Pinot Noir *,4246.61,17900,86.1,2,data_row
3,6,Wine Grapes (Red),6112,Pinot Noir *,4250,100,1,2,data_row
3,6,Wine Grapes (Red),6112,Pinot Noir *,4250,21000,3.3,2,data_row
3,6,Wine Grapes (Red),6112,Pinot Noir *,4271.13,100,18.8,2,data_row
3,6,Wine Grapes (Red),6112,Pinot Noir *,4300,100,9.6,2,data_row
3,6,Wine Grapes (Red),6112,Pinot Noir *,4300,24500,2.1,2,data_row
3,6,Wine Grapes (Red),6112,Pinot Noir *,4350,100,8.7,2,data_row
3,6,Wine Grapes (Red),6112,Pinot Noir *,4365,100,3.6,2,data_row
3,6,Wine Grapes (Red),6112,Pinot Noir *,4400,100,15.3,2,data_row
3,6,Wine Grapes (Red),6112,Pinot Noir *,4450,100,78.1,2,data_row
3,6,Wine Grapes (Red),6112,Pinot Noir *,4476.97,25100,21.7,2,data_row
3,6,Wine Grapes (Red),6112,Pinot Noir *,4478.87,100,47.2,2,data_row
3,6,Wine Grapes (Red),6112,Pinot Noir *,4500,100,256.9,2,data_row
3,6,Wine Grapes (Red),6112,Pinot Noir *,4500,17000,2.3,2,data_row
3,6,Wine Grapes (Red),6112,Pinot Noir *,4500,17900,25.2,2,data_row
3,6,Wine Grapes (Red),6112,Pinot Noir *,4500,20800,8,2,data_row
3,6,Wine Grapes (Red),6112,Pinot Noir *,4500,21500,14,2,data_row
3,6,Wine Grapes (Red),6112,Pinot Noir *,4500,24500,76.4,2,data_row
3,6,Wine Grapes (Red),6112,Pinot Noir *,4517,7600,5.5,2,data_row
3,6,Wine Grapes (Red),6112,Pinot Noir *,4545.48,100,8.2,2,data_row
3,6,Wine Grapes (Red),6112,Pinot Noir *,4589,100,25.2,2,data_row
3,6,Wine Grapes (Red),6112,Pinot Noir *,4600,20800,26.5,2,data_row
3,6,Wine Grapes (Red),6112,Pinot Noir *,4649.8,100,23.5,2,data_row
3,6,Wine Grapes (Red),6112,Pinot Noir *,4650,100,3,2,data_row
3,6,Wine Grapes (Red),6112,Pinot Noir *,4654.55,100,23.5,2,data_row
3,6,Wine Grapes (Red),6112,Pinot Noir *,4659.39,24500,20.6,2,data_row
3,6,Wine Grapes (Red),6112,Pinot Noir *,4700,19000,3.2,2,data_row
3,6,Wine Grapes (Red),6112,Pinot Noir *,4725,100,1.8,2,data_row
3,6,Wine Grapes (Red),6112,Pinot Noir *,4750,20800,4,2,data_row
3,6,Wine Grapes (Red),6112,Pinot Noir *,4753.08,100,8.8,2,data_row
3,6,Wine Grapes (Red),6112,Pinot Noir *,4781.81,100,12.4,2,data_row
3,6,Wine Grapes (Red),6112,Pinot Noir *,4800,100,27.8,2,data_row
3,6,Wine Grapes (Red),6112,Pinot Noir *,4800,18900,4.1,2,data_row
3,6,Wine Grapes (Red),6112,Pinot Noir *,4800,23880,5.1,2,data_row
3,6,Wine Grapes (Red),6112,Pinot Noir *,4800,24500,10.1,2,data_row
3,6,Wine Grapes (Red),6112,Pinot Noir *,4801.48,100,11.3,2,data_row
3,6,Wine Grapes (Red),6112,Pinot Noir *,4833.42,100,46.7,2,data_row
3,6,Wine Grapes (Red),6112,Pinot Noir *,4850,100,4.1,2,data_row
3,6,Wine Grapes (Red),6112,Pinot Noir *,4850,21000,3.2,2,data_row
3,6,Wine Grapes (Red),6112,Pinot Noir *,4862.8,100,6.1,2,data_row
3,6,Wine Grapes (Red),6112,Pinot Noir *,4863,13600,4.6,2,data_row
3,6,Wine Grapes (Red),6112,Pinot Noir *,4900,100,54.8,2,data_row
3,6,Wine Grapes (Red),6112,Pinot Noir *,4933.79,100,11.2,2,data_row
3,6,Wine Grapes (Red),6112,Pinot Noir *,4940,13600,1.5,2,data_row
3,6,Wine Grapes (Red),6112,Pinot Noir *,4998.7,100,15.4,2,data_row
3,6,Wine Grapes (Red),6112,Pinot Noir *,5000,100,199.5,2,data_row
3,6,Wine Grapes (Red),6112,Pinot Noir *,5000,4250,1.5,2,data_row
3,6,Wine Grapes (Red),6112,Pinot Noir *,5000,10900,2.5,2,data_row
3,6,Wine Grapes (Red),6112,Pinot Noir *,5000,13600,3.2,2,data_row
3,6,Wine Grapes (Red),6112,Pinot Noir *,5000,15700,21.2,2,data_row
3,6,Wine Grapes (Red),6112,Pinot Noir *,5000,17000,1.5,2,data_row
3,6,Wine Grapes (Red),6112,Pinot Noir *,5000,17900,18.4,2,data_row
3,6,Wine Grapes (Red),6112,Pinot Noir *,5000,19600,9.5,2,data_row
3,6,Wine Grapes (Red),6112,Pinot Noir *,5000,20800,54.5,2,data_row
3,6,Wine Grapes (Red),6112,Pinot Noir *,5000,21000,1.1,2,data_row
3,6,Wine Grapes (Red),6112,Pinot Noir *,5000,21500,5.3,2,data_row
3,6,Wine Grapes (Red),6112,Pinot Noir *,5000,24500,6.4,2,data_row
3,6,Wine Grapes (Red),6112,Pinot Noir *,5100,100,5.3,2,data_row
3,6,Wine Grapes (Red),6112,Pinot Noir *,5129.74,100,11.2,2,data_row
3,6,Wine Grapes (Red),6112,Pinot Noir *,5200,100,112.7,2,data_row
3,6,Wine Grapes (Red),6112,Pinot Noir *,5200,17900,22.2,2,data_row
3,6,Wine Grapes (Red),6112,Pinot Noir *,5200,24500,5.1,2,data_row
3,6,Wine Grapes (Red),6112,Pinot Noir *,5244,100,12.2,2,data_row
3,6,Wine Grapes (Red),6112,Pinot Noir *,5250,100,6.5,2,data_row
3,6,Wine Grapes (Red),6112,Pinot Noir *,5300,100,12.5,2,data_row
3,6,Wine Grapes (Red),6112,Pinot Noir *,5300,15700,11.1,2,data_row
3,6,Wine Grapes (Red),6112,Pinot Noir *,5305,100,5.5,2,data_row
3,6,Wine Grapes (Red),6112,Pinot Noir *,5320.92,100,15.6,2,data_row
3,6,Wine Grapes (Red),6112,Pinot Noir *,5384.45,100,2.6,2,data_row
3,6,Wine Grapes (Red),6112,Pinot Noir *,5400,100,8.7,2,data_row
3,6,Wine Grapes (Red),6112,Pinot Noir *,5400,19300,6,2,data_row
3,6,Wine Grapes (Red),6112,Pinot Noir *,5407.5,100,20.2,2,data_row
3,6,Wine Grapes (Red),6112,Pinot Noir *,5445,14000,2.7,2,data_row
3,6,Wine Grapes (Red),6112,Pinot Noir *,5500,100,370.7,2,data_row
3,6,Wine Grapes (Red),6112,Pinot Noir *,5500,10700,6.2,2,data_row
3,6,Wine Grapes (Red),6112,Pinot Noir *,5500,10900,2.5,2,data_row
3,6,Wine Grapes (Red),6112,Pinot Noir *,5500,13100,3.9,2,data_row
3,6,Wine Grapes (Red),6112,Pinot Noir *,5500,13600,3.3,2,data_row
3,6,Wine Grapes (Red),6112,Pinot Noir *,5500,17200,2.5,2,data_row
3,6,Wine Grapes (Red),6112,Pinot Noir *,5500,17400,11.4,2,data_row
3,6,Wine Grapes (Red),6112,Pinot Noir *,5500,17900,35.9,2,data_row
3,6,Wine Grapes (Red),6112,Pinot Noir *,5500,18900,5.8,2,data_row
3,6,Wine Grapes (Red),6112,Pinot Noir *,5500,20800,1.5,2,data_row
3,6,Wine Grapes (Red),6112,Pinot Noir *,5500,21000,7.5,2,data_row
3,6,Wine Grapes (Red),6112,Pinot Noir *,5525.55,100,4.8,2,data_row
3,6,Wine Grapes (Red),6112,Pinot Noir *,5557.93,17900,13.7,2,data_row
3,6,Wine Grapes (Red),6112,Pinot Noir *,5600,100,3.4,2,data_row
3,6,Wine Grapes (Red),6112,Pinot Noir *,5650,100,14.9,2,data_row
3,6,Wine Grapes (Red),6112,Pinot Noir *,5658.64,100,13.6,2,data_row
3,6,Wine Grapes (Red),6112,Pinot Noir *,5667.77,100,65,2,data_row
3,6,Wine Grapes (Red),6112,Pinot Noir *,5695.94,100,15,2,data_row
3,6,Wine Grapes (Red),6112,Pinot Noir *,5700,100,1.4,2,data_row
3,6,Wine Grapes (Red),6112,Pinot Noir *,5700,11100,1.8,2,data_row
3,6,Wine Grapes (Red),6112,Pinot Noir *,5714,100,10.7,2,data_row
3,6,Wine Grapes (Red),6112,Pinot Noir *,5750,100,72.2,2,data_row
3,6,Wine Grapes (Red),6112,Pinot Noir *,5750,15700,23.2,2,data_row
3,6,Wine Grapes (Red),6112,Pinot Noir *,5750,17000,3.4,2,data_row
3,6,Wine Grapes (Red),6112,Pinot Noir *,5755,13800,5.1,2,data_row
3,6,Wine Grapes (Red),6112,Pinot Noir *,5769.91,100,22.6,2,data_row
3,6,Wine Grapes (Red),6112,Pinot Noir *,5778.44,100,5.3,2,data_row
3,6,Wine Grapes (Red),6112,Pinot Noir *,5800,100,17.2,2,data_row
3,6,Wine Grapes (Red),6112,Pinot Noir *,5800,21000,1.8,2,data_row
3,6,Wine Grapes (Red),6112,Pinot Noir *,5813,100,3.9,2,data_row
3,6,Wine Grapes (Red),6112,Pinot Noir *,5818.27,100,103.4,2,data_row
3,6,Wine Grapes (Red),6112,Pinot Noir *,5833,100,8.3,2,data_row
3,6,Wine Grapes (Red),6112,Pinot Noir *,5838.05,17800,40.6,2,data_row
3,6,Wine Grapes (Red),6112,Pinot Noir *,5850,100,8.9,2,data_row
3,6,Wine Grapes (Red),6112,Pinot Noir *,5850,14000,5.6,2,data_row
3,6,Wine Grapes (Red),6112,Pinot Noir *,5988.95,100,27.2,2,data_row
3,6,Wine Grapes (Red),6112,Pinot Noir *,5993.62,100,9.4,2,data_row
3,6,Wine Grapes (Red),6112,Pinot Noir *,6000,100,449.3,2,data_row
3,6,Wine Grapes (Red),6112,Pinot Noir *,6000,2300,29.2,2,data_row
3,6,Wine Grapes (Red),6112,Pinot Noir *,6000,19600,8.5,2,data_row
3,6,Wine Grapes (Red),6112,Pinot Noir *,6000,20800,2,2,data_row
3,6,Wine Grapes (Red),6112,Pinot Noir *,6000,21000,20.1,2,data_row
3,6,Wine Grapes (Red),6112,Pinot Noir *,6000,21500,14,2,data_row
3,6,Wine Grapes (Red),6112,Pinot Noir *,6000,23100,1.2,2,data_row
3,6,Wine Grapes (Red),6112,Pinot Noir *,6000,24500,5.4,2,data_row
3,6,Wine Grapes (Red),6112,Pinot Noir *,6120,21500,8.2,2,data_row
3,6,Wine Grapes (Red),6112,Pinot Noir *,6120.75,100,62.6,2,data_row
3,6,Wine Grapes (Red),6112,Pinot Noir *,6141.36,100,35.6,2,data_row
3,6,Wine Grapes (Red),6112,Pinot Noir *,6150,100,6.9,2,data_row
3,6,Wine Grapes (Red),6112,Pinot Noir *,6153.22,21200,8.1,2,data_row
3,6,Wine Grapes (Red),6112,Pinot Noir *,6175,100,2.9,2,data_row
3,6,Wine Grapes (Red),6112,Pinot Noir *,6175,19600,6.8,2,data_row
3,6,Wine Grapes (Red),6112,Pinot Noir *,6180,100,6.1,2,data_row
3,6,Wine Grapes (Red),6112,Pinot Noir *,6200,100,26.1,2,data_row
3,6,Wine Grapes (Red),6112,Pinot Noir *,6200,19600,5.5,2,data_row
3,6,Wine Grapes (Red),6112,Pinot Noir *,6200,24500,2.7,2,data_row
3,6,Wine Grapes (Red),6112,Pinot Noir *,6202.08,100,14.9,2,data_row
3,6,Wine Grapes (Red),6112,Pinot Noir *,6210,13400,3.4,2,data_row
3,6,Wine Grapes (Red),6112,Pinot Noir *,6250,100,45.5,2,data_row
3,6,Wine Grapes (Red),6112,Pinot Noir *,6250,4250,2.3,2,data_row
3,6,Wine Grapes (Red),6112,Pinot Noir *,6275,100,149.4,2,data_row
3,6,Wine Grapes (Red),6112,Pinot Noir *,6300,100,128.9,2,data_row
3,6,Wine Grapes (Red),6112,Pinot Noir *,6300,17200,1.9,2,data_row
3,6,Wine Grapes (Red),6112,Pinot Noir *,6305.65,21000,9.3,2,data_row
3,6,Wine Grapes (Red),6112,Pinot Noir *,6375,21200,13,2,data_row
3,6,Wine Grapes (Red),6112,Pinot Noir *,6379,100,2.7,2,data_row
3,6,Wine Grapes (Red),6112,Pinot Noir *,6400,17800,10.9,2,data_row
3,6,Wine Grapes (Red),6112,Pinot Noir *,6447.85,100,4.3,2,data_row
3,6,Wine Grapes (Red),6112,Pinot Noir *,6450,100,6,2,data_row
3,6,Wine Grapes (Red),6112,Pinot Noir *,6500,100,199.2,2,data_row
3,6,Wine Grapes (Red),6112,Pinot Noir *,6500,13800,1.7,2,data_row
3,6,Wine Grapes (Red),6112,Pinot Noir *,6500,17200,2.6,2,data_row
3,6,Wine Grapes (Red),6112,Pinot Noir *,6500,21000,1.4,2,data_row
3,6,Wine Grapes (Red),6112,Pinot Noir *,6528,100,5.5,2,data_row
3,6,Wine Grapes (Red),6112,Pinot Noir *,6531.65,100,6.9,2,data_row
3,6,Wine Grapes (Red),6112,Pinot Noir *,6539.57,100,109.3,2,data_row
3,6,Wine Grapes (Red),6112,Pinot Noir *,6557.93,100,124,2,data_row
3,6,Wine Grapes (Red),6112,Pinot Noir *,6562,100,4.7,2,data_row
3,6,Wine Grapes (Red),6112,Pinot Noir *,6580,100,8.5,2,data_row
3,6,Wine Grapes (Red),6112,Pinot Noir *,6590.91,100,6.6,2,data_row
3,6,Wine Grapes (Red),6112,Pinot Noir *,6600,100,4.5,2,data_row
3,6,Wine Grapes (Red),6112,Pinot Noir *,6600,17400,13.2,2,data_row
3,6,Wine Grapes (Red),6112,Pinot Noir *,6603.65,100,3.9,2,data_row
3,6,Wine Grapes (Red),6112,Pinot Noir *,6650,100,7,2,data_row
3,6,Wine Grapes (Red),6112,Pinot Noir *,6695,100,3.1,2,data_row
3,6,Wine Grapes (Red),6112,Pinot Noir *,6700,100,2.7,2,data_row
3,6,Wine Grapes (Red),6112,Pinot Noir *,6700,17400,19.5,2,data_row
3,6,Wine Grapes (Red),6112,Pinot Noir *,6750,100,12.2,2,data_row
3,6,Wine Grapes (Red),6112,Pinot Noir *,6750,15700,7.8,2,data_row
3,6,Wine Grapes (Red),6112,Pinot Noir *,6762.96,100,15.2,2,data_row
3,6,Wine Grapes (Red),6112,Pinot Noir *,6777.5,100,4.3,2,data_row
3,6,Wine Grapes (Red),6112,Pinot Noir *,6800,100,20.6,2,data_row
3,6,Wine Grapes (Red),6112,Pinot Noir *,6800,17400,15.2,2,data_row
3,6,Wine Grapes (Red),6112,Pinot Noir *,6882.76,17400,18.9,2,data_row
3,6,Wine Grapes (Red),6112,Pinot Noir *,6900,100,23.4,2,data_row
3,6,Wine Grapes (Red),6112,Pinot Noir *,6900,17400,37.4,2,data_row
3,6,Wine Grapes (Red),6112,Pinot Noir *,7000,100,158.2,2,data_row
3,6,Wine Grapes (Red),6112,Pinot Noir *,7000,13400,3.8,2,data_row
3,6,Wine Grapes (Red),6112,Pinot Noir *,7000,13600,4.2,2,data_row
3,6,Wine Grapes (Red),6112,Pinot Noir *,7000,15700,23.4,2,data_row
3,6,Wine Grapes (Red),6112,Pinot Noir *,7000,17200,4.5,2,data_row
3,6,Wine Grapes (Red),6112,Pinot Noir *,7000,17400,21,2,data_row
3,6,Wine Grapes (Red),6112,Pinot Noir *,7000,19600,6.1,2,data_row
3,6,Wine Grapes (Red),6112,Pinot Noir *,7000,20800,48.9,2,data_row
3,6,Wine Grapes (Red),6112,Pinot Noir *,7000,21500,19,2,data_row
3,6,Wine Grapes (Red),6112,Pinot Noir *,7000,24500,2.6,2,data_row
3,6,Wine Grapes (Red),6112,Pinot Noir *,7023,100,6.8,2,data_row
3,6,Wine Grapes (Red),6112,Pinot Noir *,7033,100,11.2,2,data_row
3,6,Wine Grapes (Red),6112,Pinot Noir *,7100,100,15.3,2,data_row
3,6,Wine Grapes (Red),6112,Pinot Noir *,7120,100,2,2,data_row
3,6,Wine Grapes (Red),6112,Pinot Noir *,7129,100,10,2,data_row
3,6,Wine Grapes (Red),6112,Pinot Noir *,7149.99,100,3.6,2,data_row
3,6,Wine Grapes (Red),6112,Pinot Noir *,7150,100,6.6,2,data_row
3,6,Wine Grapes (Red),6112,Pinot Noir *,7173.66,100,4.9,2,data_row
3,6,Wine Grapes (Red),6112,Pinot Noir *,7179.24,100,3.9,2,data_row
3,6,Wine Grapes (Red),6112,Pinot Noir *,7185,100,5,2,data_row
3,6,Wine Grapes (Red),6112,Pinot Noir *,7200,100,17.9,2,data_row
3,6,Wine Grapes (Red),6112,Pinot Noir *,7200,17400,15,2,data_row
3,6,Wine Grapes (Red),6112,Pinot Noir *,7250,100,22,2,data_row
3,6,Wine Grapes (Red),6112,Pinot Noir *,7250,11300,3,2,data_row
3,6,Wine Grapes (Red),6112,Pinot Noir *,7284.12,100,8,2,data_row
3,6,Wine Grapes (Red),6112,Pinot Noir *,7350,100,34,2,data_row
3,6,Wine Grapes (Red),6112,Pinot Noir *,7354.38,100,4.2,2,data_row
3,6,Wine Grapes (Red),6112,Pinot Noir *,7373,15700,8,2,data_row
3,6,Wine Grapes (Red),6112,Pinot Noir *,7400,17400,20.1,2,data_row
3,6,Wine Grapes (Red),6112,Pinot Noir *,7428,100,3.3,2,data_row
3,6,Wine Grapes (Red),6112,Pinot Noir *,7460,100,4.1,2,data_row
3,6,Wine Grapes (Red),6112,Pinot Noir *,7500,100,94.4,2,data_row
3,6,Wine Grapes (Red),6112,Pinot Noir *,7500,17400,5.1,2,data_row
3,6,Wine Grapes (Red),6112,Pinot Noir *,7500,20800,5.3,2,data_row
3,6,Wine Grapes (Red),6112,Pinot Noir *,7516,100,5,2,data_row
3,6,Wine Grapes (Red),6112,Pinot Noir *,7650,24500,16,2,data_row
3,6,Wine Grapes (Red),6112,Pinot Noir *,7679,100,9,2,data_row
3,6,Wine Grapes (Red),6112,Pinot Noir *,7700,15700,12.8,2,data_row
3,6,Wine Grapes (Red),6112,Pinot Noir *,7750,100,2.3,2,data_row
3,6,Wine Grapes (Red),6112,Pinot Noir *,7800,100,27.4,2,data_row
3,6,Wine Grapes (Red),6112,Pinot Noir *,7800,17400,11.5,2,data_row
3,6,Wine Grapes (Red),6112,Pinot Noir *,7900,100,10.3,2,data_row
3,6,Wine Grapes (Red),6112,Pinot Noir *,7900,17400,18.7,2,data_row
3,6,Wine Grapes (Red),6112,Pinot Noir *,7906,100,30.1,2,data_row
3,6,Wine Grapes (Red),6112,Pinot Noir *,7956,100,15.6,2,data_row
3,6,Wine Grapes (Red),6112,Pinot Noir *,7983,100,2.2,2,data_row
3,6,Wine Grapes (Red),6112,Pinot Noir *,8000,100,129.3,2,data_row
3,6,Wine Grapes (Red),6112,Pinot Noir *,8000,11300,2.7,2,data_row
3,6,Wine Grapes (Red),6112,Pinot Noir *,8000,17400,3.1,2,data_row
3,6,Wine Grapes (Red),6112,Pinot Noir *,8000,20800,4.1,2,data_row
3,6,Wine Grapes (Red),6112,Pinot Noir *,8000,21200,6.3,2,data_row
3,6,Wine Grapes (Red),6112,Pinot Noir *,8017,20800,5.2,2,data_row
3,6,Wine Grapes (Red),6112,Pinot Noir *,8064,100,2.6,2,data_row
3,6,Wine Grapes (Red),6112,Pinot Noir *,8115,100,8,2,data_row
3,6,Wine Grapes (Red),6112,Pinot Noir *,8127.44,100,14.2,2,data_row
3,6,Wine Grapes (Red),6112,Pinot Noir *,8200,100,6.7,2,data_row
3,6,Wine Grapes (Red),6112,Pinot Noir *,8200,17400,55.2,2,data_row
3,6,Wine Grapes (Red),6112,Pinot Noir *,8250,100,18.3,2,data_row
3,6,Wine Grapes (Red),6112,Pinot Noir *,8250,17400,4.8,2,data_row
3,6,Wine Grapes (Red),6112,Pinot Noir *,8250,21200,9.6,2,data_row
3,6,Wine Grapes (Red),6112,Pinot Noir *,8282.26,100,1.7,2,data_row
3,6,Wine Grapes (Red),6112,Pinot Noir *,8300,100,3.3,2,data_row
3,6,Wine Grapes (Red),6112,Pinot Noir *,8304.94,100,17.1,2,data_row
3,6,Wine Grapes (Red),6112,Pinot Noir *,8400,100,3.9,2,data_row
3,6,Wine Grapes (Red),6112,Pinot Noir *,8490,100,2.9,2,data_row
3,6,Wine Grapes (Red),6112,Pinot Noir *,8500,100,50.2,2,data_row
3,6,Wine Grapes (Red),6112,Pinot Noir *,8538.9,100,10,2,data_row
3,6,Wine Grapes (Red),6112,Pinot Noir *,8700.25,100,26.5,2,data_row
3,6,Wine Grapes (Red),6112,Pinot Noir *,8708.02,100,11.5,2,data_row
3,6,Wine Grapes (Red),6112,Pinot Noir *,8755,100,6.3,2,data_row
3,6,Wine Grapes (Red),6112,Pinot Noir *,8800,100,12,2,data_row
3,6,Wine Grapes (Red),6112,Pinot Noir *,8841.22,100,8.7,2,data_row
3,6,Wine Grapes (Red),6112,Pinot Noir *,9000,100,34.2,2,data_row
3,6,Wine Grapes (Red),6112,Pinot Noir *,9000,9530,4.5,2,data_row
3,6,Wine Grapes (Red),6112,Pinot Noir *,9280.98,100,17.8,2,data_row
3,6,Wine Grapes (Red),6112,Pinot Noir *,9333,100,7.2,2,data_row
3,6,Wine Grapes (Red),6112,Pinot Noir *,9408.2,100,118.6,2,data_row
3,6,Wine Grapes (Red),6112,Pinot Noir *,9481.4,100,1.8,2,data_row
3,6,Wine Grapes (Red),6112,Pinot Noir *,9500,100,4.3,2,data_row
3,6,Wine Grapes (Red),6112,Pinot Noir *,9500,17400,119,2,data_row
3,6,Wine Grapes (Red),6112,Pinot Noir *,9800,100,12.9,2,data_row
3,6,Wine Grapes (Red),6112,Pinot Noir *,9800,17800,31.7,2,data_row
3,6,Wine Grapes (Red),6112,Pinot Noir *,10000,100,18.6,2,data_row
3,6,Wine Grapes (Red),6112,Pinot Noir *,10578.13,100,20.8,2,data_row
3,6,Wine Grapes (Red),6112,Pinot Noir *,10750.57,100,17.5,2,data_row
3,6,Wine Grapes (Red),6112,Pinot Noir *,10800,11300,2.4,2,data_row
3,6,Wine Grapes (Red),6112,Pinot Noir *,10810.45,100,1.8,2,data_row
3,6,Wine Grapes (Red),6112,Pinot Noir *,11000,100,16.3,2,data_row
3,6,Wine Grapes (Red),6112,Pinot Noir *,11025,100,8.8,2,data_row
3,6,Wine Grapes (Red),6112,Pinot Noir *,11550,100,2.3,2,data_row
3,6,Wine Grapes (Red),6112,Pinot Noir *,11730.21,13600,22.2,2,data_row
3,6,Wine Grapes (Red),6112,Pinot Noir *,12000,100,60.1,2,data_row
3,6,Wine Grapes (Red),6112,Pinot Noir *,12633.67,100,2,2,data_row
3,6,Wine Grapes (Red),6112,Pinot Noir *,13000,100,7.2,2,data_row
3,6,Wine Grapes (Red),6112,Pinot Noir *,14000,100,14.2,2,data_row
3,6,Wine Grapes (Red),6112,Pinot Noir *,15000,100,3.6,2,data_row
3,6,Wine Grapes (Red),6112,Pinot Noir *,16674.26,100,1.5,2,data_row
3,6,Wine Grapes (Red),6112,Pinot Noir *,17695.65,100,2,2,data_row
3,6,Wine Grapes (Red),6112,Pinot Noir *,3843.11,,22425.2,3,summary_row
3,6,Wine Grapes (Red),6182,Pinotage,1600,100,6.5,2,data_row
3,6,Wine Grapes (Red),6182,Pinotage,1600,,6.5,3,summary_row
3,6,Wine Grapes (Red),6021,Primitivo,850,100,32.9,2,data_row
3,6,Wine Grapes (Red),6021,Primitivo,2000,100,1.8,2,data_row
3,6,Wine Grapes (Red),6021,Primitivo,2250,100,36.8,2,data_row
3,6,Wine Grapes (Red),6021,Primitivo,2400,100,8.4,2,data_row
3,6,Wine Grapes (Red),6021,Primitivo,2500,100,14.8,2,data_row
3,6,Wine Grapes (Red),6021,Primitivo,2800,13800,4,2,data_row
3,6,Wine Grapes (Red),6021,Primitivo,2800,23100,9.6,2,data_row
3,6,Wine Grapes (Red),6021,Primitivo,3000,100,1.5,2,data_row
3,6,Wine Grapes (Red),6021,Primitivo,3028,28000,3.3,2,data_row
3,6,Wine Grapes (Red),6021,Primitivo,3209.9,100,1.1,2,data_row
3,6,Wine Grapes (Red),6021,Primitivo,4500,100,4.4,2,data_row
3,6,Wine Grapes (Red),6021,Primitivo,5000,100,2.2,2,data_row
3,6,Wine Grapes (Red),6021,Primitivo,2139.31,,120.8,3,summary_row
3,6,Wine Grapes (Red),6118,Refosco *,3750,12900,0.8,2,data_row
3,6,Wine Grapes (Red),6118,Refosco *,3750,,0.8,3,summary_row
3,6,Wine Grapes (Red),6018,Sagrantino,2000,24500,5.5,2,data_row
3,6,Wine Grapes (Red),6018,Sagrantino,2404.41,100,5.8,2,data_row
3,6,Wine Grapes (Red),6018,Sagrantino,3250,13800,1.5,2,data_row
3,6,Wine Grapes (Red),6018,Sagrantino,2329.73,,12.8,3,summary_row
3,6,Wine Grapes (Red),6127,Sangiovese *,1000,100,1,2,data_row
3,6,Wine Grapes (Red),6127,Sangiovese *,1200,100,1.8,2,data_row
3,6,Wine Grapes (Red),6127,Sangiovese *,1500,100,1,2,data_row
3,6,Wine Grapes (Red),6127,Sangiovese *,1900,100,22.2,2,data_row
3,6,Wine Grapes (Red),6127,Sangiovese *,1950,100,61.7,2,data_row
3,6,Wine Grapes (Red),6127,Sangiovese *,1982,100,3.2,2,data_row
3,6,Wine Grapes (Red),6127,Sangiovese *,2000,100,1.2,2,data_row
3,6,Wine Grapes (Red),6127,Sangiovese *,2000,24800,3.3,2,data_row
3,6,Wine Grapes (Red),6127,Sangiovese *,2100,24500,2.1,2,data_row
3,6,Wine Grapes (Red),6127,Sangiovese *,2300,100,8,2,data_row
3,6,Wine Grapes (Red),6127,Sangiovese *,2315.79,100,10.6,2,data_row
3,6,Wine Grapes (Red),6127,Sangiovese *,2500,100,9,2,data_row
3,6,Wine Grapes (Red),6127,Sangiovese *,2500,13600,1.6,2,data_row
3,6,Wine Grapes (Red),6127,Sangiovese *,2500,23100,5.9,2,data_row
3,6,Wine Grapes (Red),6127,Sangiovese *,2644,100,0.8,2,data_row
3,6,Wine Grapes (Red),6127,Sangiovese *,2744,100,14.5,2,data_row
3,6,Wine Grapes (Red),6127,Sangiovese *,2800,100,4.8,2,data_row
3,6,Wine Grapes (Red),6127,Sangiovese *,2800.39,100,310.4,2,data_row
3,6,Wine Grapes (Red),6127,Sangiovese *,2900,100,4.6,2,data_row
3,6,Wine Grapes (Red),6127,Sangiovese *,2962.6,100,11.1,2,data_row
3,6,Wine Grapes (Red),6127,Sangiovese *,3000,100,4.3,2,data_row
3,6,Wine Grapes (Red),6127,Sangiovese *,3000,13600,1.2,2,data_row
3,6,Wine Grapes (Red),6127,Sangiovese *,3200,23100,8.1,2,data_row
3,6,Wine Grapes (Red),6127,Sangiovese *,3250,13800,2.6,2,data_row
3,6,Wine Grapes (Red),6127,Sangiovese *,3300,20600,0.5,2,data_row
3,6,Wine Grapes (Red),6127,Sangiovese *,3500,100,8.6,2,data_row
3,6,Wine Grapes (Red),6127,Sangiovese *,3535,13600,1,2,data_row
3,6,Wine Grapes (Red),6127,Sangiovese *,3650,100,3.8,2,data_row
3,6,Wine Grapes (Red),6127,Sangiovese *,3700,100,3.7,2,data_row
3,6,Wine Grapes (Red),6127,Sangiovese *,3800,100,2.1,2,data_row
3,6,Wine Grapes (Red),6127,Sangiovese *,3800,60909,2,2,data_row
3,6,Wine Grapes (Red),6127,Sangiovese *,3900,100,5.2,2,data_row
3,6,Wine Grapes (Red),6127,Sangiovese *,4000,100,4.9,2,data_row
3,6,Wine Grapes (Red),6127,Sangiovese *,4200,100,5.8,2,data_row
3,6,Wine Grapes (Red),6127,Sangiovese *,4243.6,100,4.1,2,data_row
3,6,Wine Grapes (Red),6127,Sangiovese *,4700,100,18.6,2,data_row
3,6,Wine Grapes (Red),6127,Sangiovese *,5000,100,2.9,2,data_row
3,6,Wine Grapes (Red),6127,Sangiovese *,5500,100,2.6,2,data_row
3,6,Wine Grapes (Red),6127,Sangiovese *,5740,21000,5,2,data_row
3,6,Wine Grapes (Red),6127,Sangiovese *,6000,100,2.1,2,data_row
3,6,Wine Grapes (Red),6127,Sangiovese *,6396.14,100,0.6,2,data_row
3,6,Wine Grapes (Red),6127,Sangiovese *,6926,100,2.3,2,data_row
3,6,Wine Grapes (Red),6127,Sangiovese *,2855.88,,570.8,3,summary_row
3,6,Wine Grapes (Red),6035,St Laurent,2500,100,4.2,2,data_row
3,6,Wine Grapes (Red),6035,St Laurent,2700,100,2.2,2,data_row
3,6,Wine Grapes (Red),6035,St Laurent,2568.75,,6.4,3,summary_row
3,6,Wine Grapes (Red),6163,Syrah *,500,100,72.2,2,data_row
3,6,Wine Grapes (Red),6163,Syrah *,600,32550,4.8,2,data_row
3,6,Wine Grapes (Red),6163,Syrah *,850,100,22.4,2,data_row
3,6,Wine Grapes (Red),6163,Syrah *,1000,20900,0.3,2,data_row
3,6,Wine Grapes (Red),6163,Syrah *,1200,3200,5,2,data_row
3,6,Wine Grapes (Red),6163,Syrah *,1200,20900,1.5,2,data_row
3,6,Wine Grapes (Red),6163,Syrah *,1500,100,13.5,2,data_row
3,6,Wine Grapes (Red),6163,Syrah *,1500,17000,4.8,2,data_row
3,6,Wine Grapes (Red),6163,Syrah *,1800,11300,6.9,2,data_row
3,6,Wine Grapes (Red),6163,Syrah *,1800,27600,5.3,2,data_row
3,6,Wine Grapes (Red),6163,Syrah *,2000,100,14.6,2,data_row
3,6,Wine Grapes (Red),6163,Syrah *,2150,100,14,2,data_row
3,6,Wine Grapes (Red),6163,Syrah *,2200,100,46.7,2,data_row
3,6,Wine Grapes (Red),6163,Syrah *,2200,11100,2.1,2,data_row
3,6,Wine Grapes (Red),6163,Syrah *,2250,100,16.4,2,data_row
3,6,Wine Grapes (Red),6163,Syrah *,2300,23100,8.1,2,data_row
3,6,Wine Grapes (Red),6163,Syrah *,2320.91,100,4.4,2,data_row
3,6,Wine Grapes (Red),6163,Syrah *,2400,100,16.6,2,data_row
3,6,Wine Grapes (Red),6163,Syrah *,2401.03,100,23.4,2,data_row
3,6,Wine Grapes (Red),6163,Syrah *,2450,100,5.5,2,data_row
3,6,Wine Grapes (Red),6163,Syrah *,2500,100,5.9,2,data_row
3,6,Wine Grapes (Red),6163,Syrah *,2500,25100,6.2,2,data_row
3,6,Wine Grapes (Red),6163,Syrah *,2675,100,8.1,2,data_row
3,6,Wine Grapes (Red),6163,Syrah *,2800,100,16.4,2,data_row
3,6,Wine Grapes (Red),6163,Syrah *,2800,13100,4.3,2,data_row
3,6,Wine Grapes (Red),6163,Syrah *,3000,100,27.2,2,data_row
3,6,Wine Grapes (Red),6163,Syrah *,3000,24300,1.9,2,data_row
3,6,Wine Grapes (Red),6163,Syrah *,3012,100,44.4,2,data_row
3,6,Wine Grapes (Red),6163,Syrah *,3248.88,66325,21.1,2,data_row
3,6,Wine Grapes (Red),6163,Syrah *,3250,22700,0.6,2,data_row
3,6,Wine Grapes (Red),6163,Syrah *,3300,100,3.6,2,data_row
3,6,Wine Grapes (Red),6163,Syrah *,3300,3200,10,2,data_row
3,6,Wine Grapes (Red),6163,Syrah *,3304,100,5.9,2,data_row
3,6,Wine Grapes (Red),6163,Syrah *,3304.12,100,1.4,2,data_row
3,6,Wine Grapes (Red),6163,Syrah *,3342,100,22.5,2,data_row
3,6,Wine Grapes (Red),6163,Syrah *,3342.48,100,135.9,2,data_row
3,6,Wine Grapes (Red),6163,Syrah *,3400,100,3.1,2,data_row
3,6,Wine Grapes (Red),6163,Syrah *,3400,16800,1.6,2,data_row
3,6,Wine Grapes (Red),6163,Syrah *,3500,100,38.7,2,data_row
3,6,Wine Grapes (Red),6163,Syrah *,3600,100,0.7,2,data_row
3,6,Wine Grapes (Red),6163,Syrah *,3600,13100,7.3,2,data_row
3,6,Wine Grapes (Red),6163,Syrah *,3634.69,100,29.4,2,data_row
3,6,Wine Grapes (Red),6163,Syrah *,3675,100,23.8,2,data_row
3,6,Wine Grapes (Red),6163,Syrah *,3800,100,28.1,2,data_row
3,6,Wine Grapes (Red),6163,Syrah *,3800,10900,4.7,2,data_row
3,6,Wine Grapes (Red),6163,Syrah *,3800,13800,2.2,2,data_row
3,6,Wine Grapes (Red),6163,Syrah *,3800,24500,4.2,2,data_row
3,6,Wine Grapes (Red),6163,Syrah *,3850,13600,3.7,2,data_row
3,6,Wine Grapes (Red),6163,Syrah *,3991.39,100,1.6,2,data_row
3,6,Wine Grapes (Red),6163,Syrah *,4000,100,34.1,2,data_row
3,6,Wine Grapes (Red),6163,Syrah *,4000,17600,1.5,2,data_row
3,6,Wine Grapes (Red),6163,Syrah *,4007.3,25100,13.1,2,data_row
3,6,Wine Grapes (Red),6163,Syrah *,4184,13600,3.5,2,data_row
3,6,Wine Grapes (Red),6163,Syrah *,4200,10700,2.5,2,data_row
3,6,Wine Grapes (Red),6163,Syrah *,4200,13100,2.9,2,data_row
3,6,Wine Grapes (Red),6163,Syrah *,4200,17600,3.3,2,data_row
3,6,Wine Grapes (Red),6163,Syrah *,4346,100,1.5,2,data_row
3,6,Wine Grapes (Red),6163,Syrah *,4400,100,1.2,2,data_row
3,6,Wine Grapes (Red),6163,Syrah *,4482.35,100,5.1,2,data_row
3,6,Wine Grapes (Red),6163,Syrah *,4500,100,26.9,2,data_row
3,6,Wine Grapes (Red),6163,Syrah *,4519,100,8,2,data_row
3,6,Wine Grapes (Red),6163,Syrah *,4600,100,1.6,2,data_row
3,6,Wine Grapes (Red),6163,Syrah *,4650,100,2.2,2,data_row
3,6,Wine Grapes (Red),6163,Syrah *,4650,11300,4.9,2,data_row
3,6,Wine Grapes (Red),6163,Syrah *,4650,13100,9.9,2,data_row
3,6,Wine Grapes (Red),6163,Syrah *,4750,100,5,2,data_row
3,6,Wine Grapes (Red),6163,Syrah *,4750,13100,4.5,2,data_row
3,6,Wine Grapes (Red),6163,Syrah *,4800,100,10.4,2,data_row
3,6,Wine Grapes (Red),6163,Syrah *,4956,100,2.3,2,data_row
3,6,Wine Grapes (Red),6163,Syrah *,5000,100,13.5,2,data_row
3,6,Wine Grapes (Red),6163,Syrah *,5067.06,100,10.1,2,data_row
3,6,Wine Grapes (Red),6163,Syrah *,5085.15,100,9.5,2,data_row
3,6,Wine Grapes (Red),6163,Syrah *,5300,21000,6.3,2,data_row
3,6,Wine Grapes (Red),6163,Syrah *,5500,100,16.3,2,data_row
3,6,Wine Grapes (Red),6163,Syrah *,5600,100,4.8,2,data_row
3,6,Wine Grapes (Red),6163,Syrah *,5800,100,2,2,data_row
3,6,Wine Grapes (Red),6163,Syrah *,5900,100,1.9,2,data_row
3,6,Wine Grapes (Red),6163,Syrah *,6299.19,21000,10.5,2,data_row
3,6,Wine Grapes (Red),6163,Syrah *,6750,100,2,2,data_row
3,6,Wine Grapes (Red),6163,Syrah *,7000,100,2.3,2,data_row
3,6,Wine Grapes (Red),6163,Syrah *,7134.19,100,4.3,2,data_row
3,6,Wine Grapes (Red),6163,Syrah *,8000,11300,2.7,2,data_row
3,6,Wine Grapes (Red),6163,Syrah *,3171.98,,983.6,3,summary_row
3,6,Wine Grapes (Red),6136,Tannat,4032.34,100,6,2,data_row
3,6,Wine Grapes (Red),6136,Tannat,4500,100,1.9,2,data_row
3,6,Wine Grapes (Red),6136,Tannat,7000,100,3.8,2,data_row
3,6,Wine Grapes (Red),6136,Tannat,5072.14,,11.7,3,summary_row
3,6,Wine Grapes (Red),6176,Tempranillo *,1800,24800,0.9,2,data_row
3,6,Wine Grapes (Red),6176,Tempranillo *,2320.91,100,2.2,2,data_row
3,6,Wine Grapes (Red),6176,Tempranillo *,2500,100,5.4,2,data_row
3,6,Wine Grapes (Red),6176,Tempranillo *,3300,100,3.5,2,data_row
3,6,Wine Grapes (Red),6176,Tempranillo *,4000,100,2.1,2,data_row
3,6,Wine Grapes (Red),6176,Tempranillo *,2849.36,,14.1,3,summary_row
3,6,Wine Grapes (Red),6175,Teroldego,2000,24800,0.5,2,data_row
3,6,Wine Grapes (Red),6175,Teroldego,2746,100,7.1,2,data_row
3,6,Wine Grapes (Red),6175,Teroldego,2696.92,,7.6,3,summary_row
3,6,Wine Grapes (Red),6165,Tinta Cao,4000,100,3.3,2,data_row
3,6,Wine Grapes (Red),6165,Tinta Cao,4000,,3.3,3,summary_row
3,6,Wine Grapes (Red),6186,Trousseau *,3000,100,4.1,2,data_row
3,6,Wine Grapes (Red),6186,Trousseau *,3500,100,1.9,2,data_row
3,6,Wine Grapes (Red),6186,Trousseau *,4000,11300,4.9,2,data_row
3,6,Wine Grapes (Red),6186,Trousseau *,3536.7,,10.9,3,summary_row
3,6,Wine Grapes (Red),6052,Valdiguie *,1800,10700,3.2,2,data_row
3,6,Wine Grapes (Red),6052,Valdiguie *,2000,100,0.7,2,data_row
3,6,Wine Grapes (Red),6052,Valdiguie *,2000,10900,2.1,2,data_row
3,6,Wine Grapes (Red),6052,Valdiguie *,2500,100,18.4,2,data_row
3,6,Wine Grapes (Red),6052,Valdiguie *,2600,100,5.6,2,data_row
3,6,Wine Grapes (Red),6052,Valdiguie *,3000,100,11.4,2,data_row
3,6,Wine Grapes (Red),6052,Valdiguie *,3100,100,2.6,2,data_row
3,6,Wine Grapes (Red),6052,Valdiguie *,3240,100,3.2,2,data_row
3,6,Wine Grapes (Red),6052,Valdiguie *,3240,10900,3,2,data_row
3,6,Wine Grapes (Red),6052,Valdiguie *,3500,100,3.9,2,data_row
3,6,Wine Grapes (Red),6052,Valdiguie *,3750,12900,2.5,2,data_row
3,6,Wine Grapes (Red),6052,Valdiguie *,4000,100,7.8,2,data_row
3,6,Wine Grapes (Red),6052,Valdiguie *,4400,100,4.6,2,data_row
3,6,Wine Grapes (Red),6052,Valdiguie *,3025.12,,69,3,summary_row
3,6,Wine Grapes (Red),6154,Zinfandel,375,27600,0.8,2,data_row
3,6,Wine Grapes (Red),6154,Zinfandel,450,100,3.3,2,data_row
3,6,Wine Grapes (Red),6154,Zinfandel,500,100,10.7,2,data_row
3,6,Wine Grapes (Red),6154,Zinfandel,600,32550,4.8,2,data_row
3,6,Wine Grapes (Red),6154,Zinfandel,700,100,1.8,2,data_row
3,6,Wine Grapes (Red),6154,Zinfandel,800,100,4,2,data_row
3,6,Wine Grapes (Red),6154,Zinfandel,850,100,68.3,2,data_row
3,6,Wine Grapes (Red),6154,Zinfandel,1000,100,226.1,2,data_row
3,6,Wine Grapes (Red),6154,Zinfandel,1017,21000,9.4,2,data_row
3,6,Wine Grapes (Red),6154,Zinfandel,1200,100,0.4,2,data_row
3,6,Wine Grapes (Red),6154,Zinfandel,1200,3100,8,2,data_row
3,6,Wine Grapes (Red),6154,Zinfandel,1500,100,72.3,2,data_row
3,6,Wine Grapes (Red),6154,Zinfandel,1500,11100,2.1,2,data_row
3,6,Wine Grapes (Red),6154,Zinfandel,1500,21200,5,2,data_row
3,6,Wine Grapes (Red),6154,Zinfandel,1514.42,100,2.6,2,data_row
3,6,Wine Grapes (Red),6154,Zinfandel,1550,100,3.5,2,data_row
3,6,Wine Grapes (Red),6154,Zinfandel,1800,100,58.7,2,data_row
3,6,Wine Grapes (Red),6154,Zinfandel,1800,13100,2.1,2,data_row
3,6,Wine Grapes (Red),6154,Zinfandel,1800,13800,5.4,2,data_row
3,6,Wine Grapes (Red),6154,Zinfandel,1800,25100,15,2,data_row
3,6,Wine Grapes (Red),6154,Zinfandel,1890,100,8,2,data_row
3,6,Wine Grapes (Red),6154,Zinfandel,1900,100,12.3,2,data_row
3,6,Wine Grapes (Red),6154,Zinfandel,2000,100,72.4,2,data_row
3,6,Wine Grapes (Red),6154,Zinfandel,2000,17200,2.4,2,data_row
3,6,Wine Grapes (Red),6154,Zinfandel,2000,17400,2.2,2,data_row
3,6,Wine Grapes (Red),6154,Zinfandel,2000,24800,1.7,2,data_row
3,6,Wine Grapes (Red),6154,Zinfandel,2100,20800,4.6,2,data_row
3,6,Wine Grapes (Red),6154,Zinfandel,2200,100,491.4,2,data_row
3,6,Wine Grapes (Red),6154,Zinfandel,2200,24800,26,2,data_row
3,6,Wine Grapes (Red),6154,Zinfandel,2250,100,408.1,2,data_row
3,6,Wine Grapes (Red),6154,Zinfandel,2286.27,100,6.7,2,data_row
3,6,Wine Grapes (Red),6154,Zinfandel,2300,100,127,2,data_row
3,6,Wine Grapes (Red),6154,Zinfandel,2300,21000,10.5,2,data_row
3,6,Wine Grapes (Red),6154,Zinfandel,2300,24800,15.9,2,data_row
3,6,Wine Grapes (Red),6154,Zinfandel,2302.97,100,15.5,2,data_row
3,6,Wine Grapes (Red),6154,Zinfandel,2350,100,34.3,2,data_row
3,6,Wine Grapes (Red),6154,Zinfandel,2387.67,100,18.4,2,data_row
3,6,Wine Grapes (Red),6154,Zinfandel,2400,100,58.1,2,data_row
3,6,Wine Grapes (Red),6154,Zinfandel,2430,100,15.9,2,data_row
3,6,Wine Grapes (Red),6154,Zinfandel,2450,100,40.7,2,data_row
3,6,Wine Grapes (Red),6154,Zinfandel,2450,24800,49.9,2,data_row
3,6,Wine Grapes (Red),6154,Zinfandel,2500,100,95.3,2,data_row
3,6,Wine Grapes (Red),6154,Zinfandel,2500,24500,2.1,2,data_row
3,6,Wine Grapes (Red),6154,Zinfandel,2500,24800,24,2,data_row
3,6,Wine Grapes (Red),6154,Zinfandel,2500,27500,1.2,2,data_row
3,6,Wine Grapes (Red),6154,Zinfandel,2500,31148,0.6,2,data_row
3,6,Wine Grapes (Red),6154,Zinfandel,2591.93,100,22.6,2,data_row
3,6,Wine Grapes (Red),6154,Zinfandel,2595.8,100,7.4,2,data_row
3,6,Wine Grapes (Red),6154,Zinfandel,2600,100,158.4,2,data_row
3,6,Wine Grapes (Red),6154,Zinfandel,2610,100,6.9,2,data_row
3,6,Wine Grapes (Red),6154,Zinfandel,2650,100,37.4,2,data_row
3,6,Wine Grapes (Red),6154,Zinfandel,2700,100,47.1,2,data_row
3,6,Wine Grapes (Red),6154,Zinfandel,2750,100,3.7,2,data_row
3,6,Wine Grapes (Red),6154,Zinfandel,2750,2600,59,2,data_row
3,6,Wine Grapes (Red),6154,Zinfandel,2750,25100,78.8,2,data_row
3,6,Wine Grapes (Red),6154,Zinfandel,2767,25100,13.9,2,data_row
3,6,Wine Grapes (Red),6154,Zinfandel,2800,100,28.6,2,data_row
3,6,Wine Grapes (Red),6154,Zinfandel,2800,24800,5.1,2,data_row
3,6,Wine Grapes (Red),6154,Zinfandel,2827.32,100,23.3,2,data_row
3,6,Wine Grapes (Red),6154,Zinfandel,2850,100,5.1,2,data_row
3,6,Wine Grapes (Red),6154,Zinfandel,2868.99,100,11,2,data_row
3,6,Wine Grapes (Red),6154,Zinfandel,2883.86,100,10.1,2,data_row
3,6,Wine Grapes (Red),6154,Zinfandel,2900,13800,9,2,data_row
3,6,Wine Grapes (Red),6154,Zinfandel,2910.89,100,4.1,2,data_row
3,6,Wine Grapes (Red),6154,Zinfandel,2921.25,100,14,2,data_row
3,6,Wine Grapes (Red),6154,Zinfandel,2926.81,100,7.8,2,data_row
3,6,Wine Grapes (Red),6154,Zinfandel,2943.95,100,70.4,2,data_row
3,6,Wine Grapes (Red),6154,Zinfandel,2945.13,100,60.9,2,data_row
3,6,Wine Grapes (Red),6154,Zinfandel,2998.8,100,8.7,2,data_row
3,6,Wine Grapes (Red),6154,Zinfandel,3000,100,191.9,2,data_row
3,6,Wine Grapes (Red),6154,Zinfandel,3000,17200,3,2,data_row
3,6,Wine Grapes (Red),6154,Zinfandel,3000,17600,2.2,2,data_row
3,6,Wine Grapes (Red),6154,Zinfandel,3005.93,100,16.2,2,data_row
3,6,Wine Grapes (Red),6154,Zinfandel,3028.39,100,22.1,2,data_row
3,6,Wine Grapes (Red),6154,Zinfandel,3050,100,131.3,2,data_row
3,6,Wine Grapes (Red),6154,Zinfandel,3100,100,88.8,2,data_row
3,6,Wine Grapes (Red),6154,Zinfandel,3118.7,100,14.9,2,data_row
3,6,Wine Grapes (Red),6154,Zinfandel,3118.93,100,8,2,data_row
3,6,Wine Grapes (Red),6154,Zinfandel,3142.57,100,8.2,2,data_row
3,6,Wine Grapes (Red),6154,Zinfandel,3150,100,67.1,2,data_row
3,6,Wine Grapes (Red),6154,Zinfandel,3158.6,100,5.1,2,data_row
3,6,Wine Grapes (Red),6154,Zinfandel,3200,100,83.6,2,data_row
3,6,Wine Grapes (Red),6154,Zinfandel,3224,100,1.1,2,data_row
3,6,Wine Grapes (Red),6154,Zinfandel,3224.03,100,4.2,2,data_row
3,6,Wine Grapes (Red),6154,Zinfandel,3224.08,100,49.7,2,data_row
3,6,Wine Grapes (Red),6154,Zinfandel,3225,100,3.8,2,data_row
3,6,Wine Grapes (Red),6154,Zinfandel,3250,100,12,2,data_row
3,6,Wine Grapes (Red),6154,Zinfandel,3273.6,100,7.6,2,data_row
3,6,Wine Grapes (Red),6154,Zinfandel,3300,100,25.8,2,data_row
3,6,Wine Grapes (Red),6154,Zinfandel,3300,24300,0.5,2,data_row
3,6,Wine Grapes (Red),6154,Zinfandel,3331.01,24500,75,2,data_row
3,6,Wine Grapes (Red),6154,Zinfandel,3331.19,100,31.1,2,data_row
3,6,Wine Grapes (Red),6154,Zinfandel,3336.78,66325,74.9,2,data_row
3,6,Wine Grapes (Red),6154,Zinfandel,3336.78,70535,48.7,2,data_row
3,6,Wine Grapes (Red),6154,Zinfandel,3339.33,100,30.3,2,data_row
3,6,Wine Grapes (Red),6154,Zinfandel,3400,100,73.6,2,data_row
3,6,Wine Grapes (Red),6154,Zinfandel,3406.24,100,46.3,2,data_row
3,6,Wine Grapes (Red),6154,Zinfandel,3420,100,10.3,2,data_row
3,6,Wine Grapes (Red),6154,Zinfandel,3434.73,100,6,2,data_row
3,6,Wine Grapes (Red),6154,Zinfandel,3500,100,67.3,2,data_row
3,6,Wine Grapes (Red),6154,Zinfandel,3500,21000,17.6,2,data_row
3,6,Wine Grapes (Red),6154,Zinfandel,3517,3200,16.9,2,data_row
3,6,Wine Grapes (Red),6154,Zinfandel,3536.87,100,20.8,2,data_row
3,6,Wine Grapes (Red),6154,Zinfandel,3546.49,100,10.4,2,data_row
3,6,Wine Grapes (Red),6154,Zinfandel,3558.67,100,35.2,2,data_row
3,6,Wine Grapes (Red),6154,Zinfandel,3577,100,11.3,2,data_row
3,6,Wine Grapes (Red),6154,Zinfandel,3581.51,100,73.6,2,data_row
3,6,Wine Grapes (Red),6154,Zinfandel,3600,100,7.3,2,data_row
3,6,Wine Grapes (Red),6154,Zinfandel,3643,17400,3.4,2,data_row
3,6,Wine Grapes (Red),6154,Zinfandel,3658.54,100,4.1,2,data_row
3,6,Wine Grapes (Red),6154,Zinfandel,3664.31,100,5.4,2,data_row
3,6,Wine Grapes (Red),6154,Zinfandel,3675,25100,9.9,2,data_row
3,6,Wine Grapes (Red),6154,Zinfandel,3700,100,8.7,2,data_row
3,6,Wine Grapes (Red),6154,Zinfandel,3700,27800,2,2,data_row
3,6,Wine Grapes (Red),6154,Zinfandel,3750,100,7.5,2,data_row
3,6,Wine Grapes (Red),6154,Zinfandel,3750,24500,1.8,2,data_row
3,6,Wine Grapes (Red),6154,Zinfandel,3800,100,33.9,2,data_row
3,6,Wine Grapes (Red),6154,Zinfandel,3800,24800,7.4,2,data_row
3,6,Wine Grapes (Red),6154,Zinfandel,3850,100,25,2,data_row
3,6,Wine Grapes (Red),6154,Zinfandel,3900,3200,24.5,2,data_row
3,6,Wine Grapes (Red),6154,Zinfandel,3916.84,100,5.9,2,data_row
3,6,Wine Grapes (Red),6154,Zinfandel,3917,3200,10.1,2,data_row
3,6,Wine Grapes (Red),6154,Zinfandel,4000,100,153.6,2,data_row
3,6,Wine Grapes (Red),6154,Zinfandel,4000,9530,5.3,2,data_row
3,6,Wine Grapes (Red),6154,Zinfandel,4000,21600,3,2,data_row
3,6,Wine Grapes (Red),6154,Zinfandel,4000,24800,3,2,data_row
3,6,Wine Grapes (Red),6154,Zinfandel,4050,25100,19.6,2,data_row
3,6,Wine Grapes (Red),6154,Zinfandel,4076.63,100,4.4,2,data_row
3,6,Wine Grapes (Red),6154,Zinfandel,4100,100,7.9,2,data_row
3,6,Wine Grapes (Red),6154,Zinfandel,4125,100,18.8,2,data_row
3,6,Wine Grapes (Red),6154,Zinfandel,4200,100,29.4,2,data_row
3,6,Wine Grapes (Red),6154,Zinfandel,4200,19500,2.6,2,data_row
3,6,Wine Grapes (Red),6154,Zinfandel,4200,21000,10.7,2,data_row
3,6,Wine Grapes (Red),6154,Zinfandel,4266.65,100,7.3,2,data_row
3,6,Wine Grapes (Red),6154,Zinfandel,4300,100,13.2,2,data_row
3,6,Wine Grapes (Red),6154,Zinfandel,4326,100,9,2,data_row
3,6,Wine Grapes (Red),6154,Zinfandel,4430.72,100,11.1,2,data_row
3,6,Wine Grapes (Red),6154,Zinfandel,4500,100,82.7,2,data_row
3,6,Wine Grapes (Red),6154,Zinfandel,4505.97,100,11.6,2,data_row
3,6,Wine Grapes (Red),6154,Zinfandel,4538.2,100,19.4,2,data_row
3,6,Wine Grapes (Red),6154,Zinfandel,4695.21,100,15.7,2,data_row
3,6,Wine Grapes (Red),6154,Zinfandel,4700,100,43.5,2,data_row
3,6,Wine Grapes (Red),6154,Zinfandel,4800,100,8.5,2,data_row
3,6,Wine Grapes (Red),6154,Zinfandel,4825,100,8.1,2,data_row
3,6,Wine Grapes (Red),6154,Zinfandel,4870,100,15.6,2,data_row
3,6,Wine Grapes (Red),6154,Zinfandel,4900,100,157.1,2,data_row
3,6,Wine Grapes (Red),6154,Zinfandel,4917.27,100,5.1,2,data_row
3,6,Wine Grapes (Red),6154,Zinfandel,5000,100,139.4,2,data_row
3,6,Wine Grapes (Red),6154,Zinfandel,5000,21000,9.5,2,data_row
3,6,Wine Grapes (Red),6154,Zinfandel,5000,24500,15.7,2,data_row
3,6,Wine Grapes (Red),6154,Zinfandel,5058.11,100,15.1,2,data_row
3,6,Wine Grapes (Red),6154,Zinfandel,5150,100,17.7,2,data_row
3,6,Wine Grapes (Red),6154,Zinfandel,5197.5,100,24.9,2,data_row
3,6,Wine Grapes (Red),6154,Zinfandel,5200,100,10.6,2,data_row
3,6,Wine Grapes (Red),6154,Zinfandel,5200,21200,4.6,2,data_row
3,6,Wine Grapes (Red),6154,Zinfandel,5500,100,12.2,2,data_row
3,6,Wine Grapes (Red),6154,Zinfandel,5512,100,7.4,2,data_row
3,6,Wine Grapes (Red),6154,Zinfandel,5526.28,100,8.1,2,data_row
3,6,Wine Grapes (Red),6154,Zinfandel,5543.15,100,7.5,2,data_row
3,6,Wine Grapes (Red),6154,Zinfandel,5600,100,15.8,2,data_row
3,6,Wine Grapes (Red),6154,Zinfandel,5642.14,100,4.5,2,data_row
3,6,Wine Grapes (Red),6154,Zinfandel,5900,100,2.1,2,data_row
3,6,Wine Grapes (Red),6154,Zinfandel,5906.07,100,5.5,2,data_row
3,6,Wine Grapes (Red),6154,Zinfandel,6000,100,79.6,2,data_row
3,6,Wine Grapes (Red),6154,Zinfandel,6000,21200,1,2,data_row
3,6,Wine Grapes (Red),6154,Zinfandel,6000,24800,9.3,2,data_row
3,6,Wine Grapes (Red),6154,Zinfandel,6200,100,9.2,2,data_row
3,6,Wine Grapes (Red),6154,Zinfandel,6262,100,5,2,data_row
3,6,Wine Grapes (Red),6154,Zinfandel,6330.45,100,30.7,2,data_row
3,6,Wine Grapes (Red),6154,Zinfandel,6344,100,3.8,2,data_row
3,6,Wine Grapes (Red),6154,Zinfandel,6477.15,100,1.4,2,data_row
3,6,Wine Grapes (Red),6154,Zinfandel,6500,100,16.4,2,data_row
3,6,Wine Grapes (Red),6154,Zinfandel,6500,17400,8.2,2,data_row
3,6,Wine Grapes (Red),6154,Zinfandel,6541.87,100,2,2,data_row
3,6,Wine Grapes (Red),6154,Zinfandel,6600,24800,6.5,2,data_row
3,6,Wine Grapes (Red),6154,Zinfandel,6650,100,2.1,2,data_row
3,6,Wine Grapes (Red),6154,Zinfandel,6700,100,3.1,2,data_row
3,6,Wine Grapes (Red),6154,Zinfandel,6800,21200,2.1,2,data_row
3,6,Wine Grapes (Red),6154,Zinfandel,6882.01,100,3.1,2,data_row
3,6,Wine Grapes (Red),6154,Zinfandel,6931.2,100,3.1,2,data_row
3,6,Wine Grapes (Red),6154,Zinfandel,7263.11,100,5.2,2,data_row
3,6,Wine Grapes (Red),6154,Zinfandel,7272,17400,5.2,2,data_row
3,6,Wine Grapes (Red),6154,Zinfandel,7615.8,100,9.7,2,data_row
3,6,Wine Grapes (Red),6154,Zinfandel,9500,17600,16.6,2,data_row
3,6,Wine Grapes (Red),6154,Zinfandel,11100,100,2.4,2,data_row
3,6,Wine Grapes (Red),6154,Zinfandel,3125.21,,5488.6,3,summary_row
3,6,Wine Grapes (Red),6001,Other Red Wine 2/,2000,100,3,2,data_row
3,6,Wine Grapes (Red),6001,Other Red Wine 2/,2000,24800,0.9,2,data_row
3,6,Wine Grapes (Red),6001,Other Red Wine 2/,2325.52,100,5.9,2,data_row
3,6,Wine Grapes (Red),6001,Other Red Wine 2/,2400,100,1,2,data_row
3,6,Wine Grapes (Red),6001,Other Red Wine 2/,2404.41,100,2.8,2,data_row
3,6,Wine Grapes (Red),6001,Other Red Wine 2/,2500,100,18.7,2,data_row
3,6,Wine Grapes (Red),6001,Other Red Wine 2/,2800,100,0.4,2,data_row
3,6,Wine Grapes (Red),6001,Other Red Wine 2/,3000,100,26.8,2,data_row
3,6,Wine Grapes (Red),6001,Other Red Wine 2/,3250,100,65.2,2,data_row
3,6,Wine Grapes (Red),6001,Other Red Wine 2/,3300.03,100,1.8,2,data_row
3,6,Wine Grapes (Red),6001,Other Red Wine 2/,3400,100,5.5,2,data_row
3,6,Wine Grapes (Red),6001,Other Red Wine 2/,3500,100,3.1,2,data_row
3,6,Wine Grapes (Red),6001,Other Red Wine 2/,3600,100,4.5,2,data_row
3,6,Wine Grapes (Red),6001,Other Red Wine 2/,3850,100,17.3,2,data_row
3,6,Wine Grapes (Red),6001,Other Red Wine 2/,3900,100,2.8,2,data_row
3,6,Wine Grapes (Red),6001,Other Red Wine 2/,4000,100,41.8,2,data_row
3,6,Wine Grapes (Red),6001,Other Red Wine 2/,4150,100,90.5,2,data_row
3,6,Wine Grapes (Red),6001,Other Red Wine 2/,4500,100,29.2,2,data_row
3,6,Wine Grapes (Red),6001,Other Red Wine 2/,4975,100,6.2,2,data_row
3,6,Wine Grapes (Red),6001,Other Red Wine 2/,5000,100,18.1,2,data_row
3,6,Wine Grapes (Red),6001,Other Red Wine 2/,5500,100,12.8,2,data_row
3,6,Wine Grapes (Red),6001,Other Red Wine 2/,6000,100,11.7,2,data_row
3,6,Wine Grapes (Red),6001,Other Red Wine 2/,3881.51,,370,3,summary_row
4,7,Wine Grapes (White),7062,Albarino *,1200,100,3.2,2,data_row
4,7,Wine Grapes (White),7062,Albarino *,1500,100,3.1,2,data_row
4,7,Wine Grapes (White),7062,Albarino *,2500,100,2.7,2,data_row
4,7,Wine Grapes (White),7062,Albarino *,3000,100,2,2,data_row
4,7,Wine Grapes (White),7062,Albarino *,3600,100,9,2,data_row
4,7,Wine Grapes (White),7062,Albarino *,3876,100,3.7,2,data_row
4,7,Wine Grapes (White),7062,Albarino *,4116.07,100,10.6,2,data_row
4,7,Wine Grapes (White),7062,Albarino *,4373.67,100,3.5,2,data_row
4,7,Wine Grapes (White),7062,Albarino *,4600,20800,8,2,data_row
4,7,Wine Grapes (White),7062,Albarino *,4811.04,100,1.4,2,data_row
4,7,Wine Grapes (White),7062,Albarino *,8619,13400,1.5,2,data_row
4,7,Wine Grapes (White),7062,Albarino *,3765.57,,48.7,3,summary_row
4,7,Wine Grapes (White),7085,Assyrtiko,3500,100,2.1,2,data_row
4,7,Wine Grapes (White),7085,Assyrtiko,3500,,2.1,3,summary_row
4,7,Wine Grapes (White),7004,Chardonnay *,500,100,4.7,2,data_row
4,7,Wine Grapes (White),7004,Chardonnay *,550,100,362.8,2,data_row
4,7,Wine Grapes (White),7004,Chardonnay *,1000,100,220.4,2,data_row
4,7,Wine Grapes (White),7004,Chardonnay *,1200,100,70.5,2,data_row
4,7,Wine Grapes (White),7004,Chardonnay *,1200,13400,3.7,2,data_row
4,7,Wine Grapes (White),7004,Chardonnay *,1300,100,89.5,2,data_row
4,7,Wine Grapes (White),7004,Chardonnay *,1300,13800,14.7,2,data_row
4,7,Wine Grapes (White),7004,Chardonnay *,1500,100,18.6,2,data_row
4,7,Wine Grapes (White),7004,Chardonnay *,1500,17200,10.1,2,data_row
4,7,Wine Grapes (White),7004,Chardonnay *,1600,100,66.2,2,data_row
4,7,Wine Grapes (White),7004,Chardonnay *,1650,17200,16.6,2,data_row
4,7,Wine Grapes (White),7004,Chardonnay *,1850,100,3.3,2,data_row
4,7,Wine Grapes (White),7004,Chardonnay *,2000,100,53.1,2,data_row
4,7,Wine Grapes (White),7004,Chardonnay *,2150,17600,8,2,data_row
4,7,Wine Grapes (White),7004,Chardonnay *,2361.2,100,111.2,2,data_row
4,7,Wine Grapes (White),7004,Chardonnay *,2400,100,31.3,2,data_row
4,7,Wine Grapes (White),7004,Chardonnay *,2400,17400,8.7,2,data_row
4,7,Wine Grapes (White),7004,Chardonnay *,2500,100,35.3,2,data_row
4,7,Wine Grapes (White),7004,Chardonnay *,2508.6,100,10,2,data_row
4,7,Wine Grapes (White),7004,Chardonnay *,2600,100,12.9,2,data_row
4,7,Wine Grapes (White),7004,Chardonnay *,2600,24500,7.1,2,data_row
4,7,Wine Grapes (White),7004,Chardonnay *,2614.3,100,9.1,2,data_row
4,7,Wine Grapes (White),7004,Chardonnay *,2667.65,100,264,2,data_row
4,7,Wine Grapes (White),7004,Chardonnay *,2675,100,4.1,2,data_row
4,7,Wine Grapes (White),7004,Chardonnay *,2677.82,100,33.4,2,data_row
4,7,Wine Grapes (White),7004,Chardonnay *,2688.14,100,30.3,2,data_row
4,7,Wine Grapes (White),7004,Chardonnay *,2743.87,100,27.4,2,data_row
4,7,Wine Grapes (White),7004,Chardonnay *,2750,100,29.8,2,data_row
4,7,Wine Grapes (White),7004,Chardonnay *,2787,100,145.2,2,data_row
4,7,Wine Grapes (White),7004,Chardonnay *,2788,13600,39.5,2,data_row
4,7,Wine Grapes (White),7004,Chardonnay *,2796.5,100,7.5,2,data_row
4,7,Wine Grapes (White),7004,Chardonnay *,2800,100,2.9,2,data_row
4,7,Wine Grapes (White),7004,Chardonnay *,2800,1900,55.1,2,data_row
4,7,Wine Grapes (White),7004,Chardonnay *,2820.18,100,25.8,2,data_row
4,7,Wine Grapes (White),7004,Chardonnay *,2892.58,100,341.2,2,data_row
4,7,Wine Grapes (White),7004,Chardonnay *,2900,20800,2,2,data_row
4,7,Wine Grapes (White),7004,Chardonnay *,2911.64,100,17.9,2,data_row
4,7,Wine Grapes (White),7004,Chardonnay *,2913.7,100,12.8,2,data_row
4,7,Wine Grapes (White),7004,Chardonnay *,2950,100,14.6,2,data_row
4,7,Wine Grapes (White),7004,Chardonnay *,3000,100,4.3,2,data_row
4,7,Wine Grapes (White),7004,Chardonnay *,3000,13400,24.8,2,data_row
4,7,Wine Grapes (White),7004,Chardonnay *,3065.58,100,27.8,2,data_row
4,7,Wine Grapes (White),7004,Chardonnay *,3095.15,100,112.7,2,data_row
4,7,Wine Grapes (White),7004,Chardonnay *,3100,100,46.2,2,data_row
4,7,Wine Grapes (White),7004,Chardonnay *,3100,17600,9.1,2,data_row
4,7,Wine Grapes (White),7004,Chardonnay *,3100,20800,10.8,2,data_row
4,7,Wine Grapes (White),7004,Chardonnay *,3125,100,92,2,data_row
4,7,Wine Grapes (White),7004,Chardonnay *,3200,100,3.3,2,data_row
4,7,Wine Grapes (White),7004,Chardonnay *,3200,13100,17.8,2,data_row
4,7,Wine Grapes (White),7004,Chardonnay *,3200,17200,114.7,2,data_row
4,7,Wine Grapes (White),7004,Chardonnay *,3210.37,17200,42.9,2,data_row
4,7,Wine Grapes (White),7004,Chardonnay *,3232.89,100,30.8,2,data_row
4,7,Wine Grapes (White),7004,Chardonnay *,3250,100,9.4,2,data_row
4,7,Wine Grapes (White),7004,Chardonnay *,3250,17200,100,2,data_row
4,7,Wine Grapes (White),7004,Chardonnay *,3250,21200,223.9,2,data_row
4,7,Wine Grapes (White),7004,Chardonnay *,3300,100,3.4,2,data_row
4,7,Wine Grapes (White),7004,Chardonnay *,3308.66,100,57.8,2,data_row
4,7,Wine Grapes (White),7004,Chardonnay *,3340,17200,32.1,2,data_row
4,7,Wine Grapes (White),7004,Chardonnay *,3350,100,61.2,2,data_row
4,7,Wine Grapes (White),7004,Chardonnay *,3361.75,100,51.2,2,data_row
4,7,Wine Grapes (White),7004,Chardonnay *,3374.24,100,51.7,2,data_row
4,7,Wine Grapes (White),7004,Chardonnay *,3374.24,17200,75.8,2,data_row
4,7,Wine Grapes (White),7004,Chardonnay *,3400,100,86.6,2,data_row
4,7,Wine Grapes (White),7004,Chardonnay *,3400,1900,132,2,data_row
4,7,Wine Grapes (White),7004,Chardonnay *,3400,17200,48.7,2,data_row
4,7,Wine Grapes (White),7004,Chardonnay *,3400,17400,1.8,2,data_row
4,7,Wine Grapes (White),7004,Chardonnay *,3404.43,17200,30,2,data_row
4,7,Wine Grapes (White),7004,Chardonnay *,3410.99,100,3.2,2,data_row
4,7,Wine Grapes (White),7004,Chardonnay *,3462.89,100,17,2,data_row
4,7,Wine Grapes (White),7004,Chardonnay *,3467.95,17200,8,2,data_row
4,7,Wine Grapes (White),7004,Chardonnay *,3500,100,453.5,2,data_row
4,7,Wine Grapes (White),7004,Chardonnay *,3500,2200,10.5,2,data_row
4,7,Wine Grapes (White),7004,Chardonnay *,3500,14100,5.2,2,data_row
4,7,Wine Grapes (White),7004,Chardonnay *,3500,21200,50,2,data_row
4,7,Wine Grapes (White),7004,Chardonnay *,3509.47,100,53.6,2,data_row
4,7,Wine Grapes (White),7004,Chardonnay *,3523.47,100,6.2,2,data_row
4,7,Wine Grapes (White),7004,Chardonnay *,3537.4,100,27.5,2,data_row
4,7,Wine Grapes (White),7004,Chardonnay *,3574.66,100,2.1,2,data_row
4,7,Wine Grapes (White),7004,Chardonnay *,3574.66,17200,11.7,2,data_row
4,7,Wine Grapes (White),7004,Chardonnay *,3579.13,100,111.3,2,data_row
4,7,Wine Grapes (White),7004,Chardonnay *,3600,100,406.6,2,data_row
4,7,Wine Grapes (White),7004,Chardonnay *,3605,100,2.1,2,data_row
4,7,Wine Grapes (White),7004,Chardonnay *,3617,21200,91.6,2,data_row
4,7,Wine Grapes (White),7004,Chardonnay *,3672.35,100,82,2,data_row
4,7,Wine Grapes (White),7004,Chardonnay *,3678.46,100,24.7,2,data_row
4,7,Wine Grapes (White),7004,Chardonnay *,3682.58,100,90.3,2,data_row
4,7,Wine Grapes (White),7004,Chardonnay *,3682.74,100,37.2,2,data_row
4,7,Wine Grapes (White),7004,Chardonnay *,3688.02,21200,129,2,data_row
4,7,Wine Grapes (White),7004,Chardonnay *,3690,9100,5.7,2,data_row
4,7,Wine Grapes (White),7004,Chardonnay *,3698.12,100,3.4,2,data_row
4,7,Wine Grapes (White),7004,Chardonnay *,3698.17,100,62.5,2,data_row
4,7,Wine Grapes (White),7004,Chardonnay *,3698.17,17400,419.2,2,data_row
4,7,Wine Grapes (White),7004,Chardonnay *,3700,100,54.5,2,data_row
4,7,Wine Grapes (White),7004,Chardonnay *,3700,21200,60.1,2,data_row
4,7,Wine Grapes (White),7004,Chardonnay *,3713.68,100,2.4,2,data_row
4,7,Wine Grapes (White),7004,Chardonnay *,3714,100,3,2,data_row
4,7,Wine Grapes (White),7004,Chardonnay *,3745.09,100,16,2,data_row
4,7,Wine Grapes (White),7004,Chardonnay *,3757.03,100,21.8,2,data_row
4,7,Wine Grapes (White),7004,Chardonnay *,3769.38,100,32.7,2,data_row
4,7,Wine Grapes (White),7004,Chardonnay *,3787.97,100,22.5,2,data_row
4,7,Wine Grapes (White),7004,Chardonnay *,3789.99,100,184.9,2,data_row
4,7,Wine Grapes (White),7004,Chardonnay *,3789.99,17600,9.6,2,data_row
4,7,Wine Grapes (White),7004,Chardonnay *,3790.12,17000,123.3,2,data_row
4,7,Wine Grapes (White),7004,Chardonnay *,3790.12,20800,29.3,2,data_row
4,7,Wine Grapes (White),7004,Chardonnay *,3790.12,48585,20,2,data_row
4,7,Wine Grapes (White),7004,Chardonnay *,3800,100,6.4,2,data_row
4,7,Wine Grapes (White),7004,Chardonnay *,3800,17200,64,2,data_row
4,7,Wine Grapes (White),7004,Chardonnay *,3817.87,100,16.5,2,data_row
4,7,Wine Grapes (White),7004,Chardonnay *,3844.16,100,31.3,2,data_row
4,7,Wine Grapes (White),7004,Chardonnay *,3933.82,13100,8.1,2,data_row
4,7,Wine Grapes (White),7004,Chardonnay *,3935.6,17600,100.4,2,data_row
4,7,Wine Grapes (White),7004,Chardonnay *,3962.63,100,19.7,2,data_row
4,7,Wine Grapes (White),7004,Chardonnay *,3963.09,100,5.2,2,data_row
4,7,Wine Grapes (White),7004,Chardonnay *,3969,17200,9.2,2,data_row
4,7,Wine Grapes (White),7004,Chardonnay *,3971.5,100,59.8,2,data_row
4,7,Wine Grapes (White),7004,Chardonnay *,4000,100,82.6,2,data_row
4,7,Wine Grapes (White),7004,Chardonnay *,4000,13100,6.4,2,data_row
4,7,Wine Grapes (White),7004,Chardonnay *,4000,17400,6.2,2,data_row
4,7,Wine Grapes (White),7004,Chardonnay *,4050,15500,36.9,2,data_row
4,7,Wine Grapes (White),7004,Chardonnay *,4067.99,100,10.2,2,data_row
4,7,Wine Grapes (White),7004,Chardonnay *,4067.99,17400,56.7,2,data_row
4,7,Wine Grapes (White),7004,Chardonnay *,4168.99,100,140.9,2,data_row
4,7,Wine Grapes (White),7004,Chardonnay *,4203.1,100,81.8,2,data_row
4,7,Wine Grapes (White),7004,Chardonnay *,4206.69,17600,17.9,2,data_row
4,7,Wine Grapes (White),7004,Chardonnay *,4206.75,17600,60.1,2,data_row
4,7,Wine Grapes (White),7004,Chardonnay *,4250,100,0.9,2,data_row
4,7,Wine Grapes (White),7004,Chardonnay *,4250.27,100,7.8,2,data_row
4,7,Wine Grapes (White),7004,Chardonnay *,4282.69,100,53.7,2,data_row
4,7,Wine Grapes (White),7004,Chardonnay *,4304.21,17600,38.6,2,data_row
4,7,Wine Grapes (White),7004,Chardonnay *,4315.17,100,12.1,2,data_row
4,7,Wine Grapes (White),7004,Chardonnay *,4350,100,32.4,2,data_row
4,7,Wine Grapes (White),7004,Chardonnay *,4371.94,100,461.2,2,data_row
4,7,Wine Grapes (White),7004,Chardonnay *,4400,100,29.4,2,data_row
4,7,Wine Grapes (White),7004,Chardonnay *,4437.8,100,18.4,2,data_row
4,7,Wine Grapes (White),7004,Chardonnay *,4437.8,13100,29.3,2,data_row
4,7,Wine Grapes (White),7004,Chardonnay *,4438,100,14.9,2,data_row
4,7,Wine Grapes (White),7004,Chardonnay *,4490.3,21200,59.7,2,data_row
4,7,Wine Grapes (White),7004,Chardonnay *,4500,100,48.2,2,data_row
4,7,Wine Grapes (White),7004,Chardonnay *,4500,20800,10.1,2,data_row
4,7,Wine Grapes (White),7004,Chardonnay *,4500,26900,5.2,2,data_row
4,7,Wine Grapes (White),7004,Chardonnay *,4506,100,8.8,2,data_row
4,7,Wine Grapes (White),7004,Chardonnay *,4518.99,100,45.7,2,data_row
4,7,Wine Grapes (White),7004,Chardonnay *,4547.99,100,398.2,2,data_row
4,7,Wine Grapes (White),7004,Chardonnay *,4547.99,17600,25.4,2,data_row
4,7,Wine Grapes (White),7004,Chardonnay *,4561.92,100,3.3,2,data_row
4,7,Wine Grapes (White),7004,Chardonnay *,4597.71,16000,60.2,2,data_row
4,7,Wine Grapes (White),7004,Chardonnay *,4600,100,19.9,2,data_row
4,7,Wine Grapes (White),7004,Chardonnay *,4631,13400,2.8,2,data_row
4,7,Wine Grapes (White),7004,Chardonnay *,4657.29,100,23.8,2,data_row
4,7,Wine Grapes (White),7004,Chardonnay *,4661.85,100,2.1,2,data_row
4,7,Wine Grapes (White),7004,Chardonnay *,4672.42,21200,263.1,2,data_row
4,7,Wine Grapes (White),7004,Chardonnay *,4700,100,3,2,data_row
4,7,Wine Grapes (White),7004,Chardonnay *,4700,22600,82,2,data_row
4,7,Wine Grapes (White),7004,Chardonnay *,4764.34,100,29.5,2,data_row
4,7,Wine Grapes (White),7004,Chardonnay *,4800,100,4.5,2,data_row
4,7,Wine Grapes (White),7004,Chardonnay *,4840,17200,9.8,2,data_row
4,7,Wine Grapes (White),7004,Chardonnay *,4857.6,17600,15.9,2,data_row
4,7,Wine Grapes (White),7004,Chardonnay *,4926.99,17600,83.7,2,data_row
4,7,Wine Grapes (White),7004,Chardonnay *,4961.25,100,3,2,data_row
4,7,Wine Grapes (White),7004,Chardonnay *,5000,100,63.2,2,data_row
4,7,Wine Grapes (White),7004,Chardonnay *,5000,17200,94.2,2,data_row
4,7,Wine Grapes (White),7004,Chardonnay *,5000,21200,8.3,2,data_row
4,7,Wine Grapes (White),7004,Chardonnay *,5051.43,100,9.2,2,data_row
4,7,Wine Grapes (White),7004,Chardonnay *,5091.95,100,7.3,2,data_row
4,7,Wine Grapes (White),7004,Chardonnay *,5150,100,17.8,2,data_row
4,7,Wine Grapes (White),7004,Chardonnay *,5177.82,100,5.7,2,data_row
4,7,Wine Grapes (White),7004,Chardonnay *,5200,100,3,2,data_row
4,7,Wine Grapes (White),7004,Chardonnay *,5209.31,100,4.7,2,data_row
4,7,Wine Grapes (White),7004,Chardonnay *,5250,100,5,2,data_row
4,7,Wine Grapes (White),7004,Chardonnay *,5292,17600,11.4,2,data_row
4,7,Wine Grapes (White),7004,Chardonnay *,5298.96,100,9.4,2,data_row
4,7,Wine Grapes (White),7004,Chardonnay *,5324.3,100,53.7,2,data_row
4,7,Wine Grapes (White),7004,Chardonnay *,5324.3,45520,8.2,2,data_row
4,7,Wine Grapes (White),7004,Chardonnay *,5356,100,15.2,2,data_row
4,7,Wine Grapes (White),7004,Chardonnay *,5407.5,100,18,2,data_row
4,7,Wine Grapes (White),7004,Chardonnay *,5450.23,100,9.3,2,data_row
4,7,Wine Grapes (White),7004,Chardonnay *,5500,100,52.8,2,data_row
4,7,Wine Grapes (White),7004,Chardonnay *,5500,13100,6.4,2,data_row
4,7,Wine Grapes (White),7004,Chardonnay *,5500,23500,176.2,2,data_row
4,7,Wine Grapes (White),7004,Chardonnay *,5515,100,7.8,2,data_row
4,7,Wine Grapes (White),7004,Chardonnay *,5547.03,100,5.9,2,data_row
4,7,Wine Grapes (White),7004,Chardonnay *,5576,100,20,2,data_row
4,7,Wine Grapes (White),7004,Chardonnay *,5600,13100,5.2,2,data_row
4,7,Wine Grapes (White),7004,Chardonnay *,5670.46,100,8.3,2,data_row
4,7,Wine Grapes (White),7004,Chardonnay *,5775,100,3.6,2,data_row
4,7,Wine Grapes (White),7004,Chardonnay *,5788,100,11,2,data_row
4,7,Wine Grapes (White),7004,Chardonnay *,5812,17200,11.7,2,data_row
4,7,Wine Grapes (White),7004,Chardonnay *,5827.5,100,8,2,data_row
4,7,Wine Grapes (White),7004,Chardonnay *,5827.5,21200,6.3,2,data_row
4,7,Wine Grapes (White),7004,Chardonnay *,5839.5,100,15.2,2,data_row
4,7,Wine Grapes (White),7004,Chardonnay *,5940,100,18.3,2,data_row
4,7,Wine Grapes (White),7004,Chardonnay *,5980,100,18.5,2,data_row
4,7,Wine Grapes (White),7004,Chardonnay *,6000,100,50,2,data_row
4,7,Wine Grapes (White),7004,Chardonnay *,6000.24,100,12.5,2,data_row
4,7,Wine Grapes (White),7004,Chardonnay *,6030.43,100,3.2,2,data_row
4,7,Wine Grapes (White),7004,Chardonnay *,6163.39,100,16.9,2,data_row
4,7,Wine Grapes (White),7004,Chardonnay *,6190.85,100,35.5,2,data_row
4,7,Wine Grapes (White),7004,Chardonnay *,6250,100,5.1,2,data_row
4,7,Wine Grapes (White),7004,Chardonnay *,6366.94,100,5.2,2,data_row
4,7,Wine Grapes (White),7004,Chardonnay *,6367,100,3.1,2,data_row
4,7,Wine Grapes (White),7004,Chardonnay *,6465,100,15.9,2,data_row
4,7,Wine Grapes (White),7004,Chardonnay *,6500,100,10.6,2,data_row
4,7,Wine Grapes (White),7004,Chardonnay *,6500,8500,1.8,2,data_row
4,7,Wine Grapes (White),7004,Chardonnay *,6500,11300,1.9,2,data_row
4,7,Wine Grapes (White),7004,Chardonnay *,6500,17200,2.5,2,data_row
4,7,Wine Grapes (White),7004,Chardonnay *,6600,100,6.9,2,data_row
4,7,Wine Grapes (White),7004,Chardonnay *,6700.47,21200,4.9,2,data_row
4,7,Wine Grapes (White),7004,Chardonnay *,7000,100,9.9,2,data_row
4,7,Wine Grapes (White),7004,Chardonnay *,7000,4100,15.6,2,data_row
4,7,Wine Grapes (White),7004,Chardonnay *,7100,100,1.7,2,data_row
4,7,Wine Grapes (White),7004,Chardonnay *,7174,17200,8.4,2,data_row
4,7,Wine Grapes (White),7004,Chardonnay *,7217,17200,9.9,2,data_row
4,7,Wine Grapes (White),7004,Chardonnay *,7280,100,2.7,2,data_row
4,7,Wine Grapes (White),7004,Chardonnay *,7500,100,17.4,2,data_row
4,7,Wine Grapes (White),7004,Chardonnay *,7799.15,100,18.2,2,data_row
4,7,Wine Grapes (White),7004,Chardonnay *,7815.48,100,9.4,2,data_row
4,7,Wine Grapes (White),7004,Chardonnay *,8000,21200,2.8,2,data_row
4,7,Wine Grapes (White),7004,Chardonnay *,8300,100,4.8,2,data_row
4,7,Wine Grapes (White),7004,Chardonnay *,8500,100,6.5,2,data_row
4,7,Wine Grapes (White),7004,Chardonnay *,8500,4100,14.3,2,data_row
4,7,Wine Grapes (White),7004,Chardonnay *,8500,16000,6.9,2,data_row
4,7,Wine Grapes (White),7004,Chardonnay *,8707.12,100,13.9,2,data_row
4,7,Wine Grapes (White),7004,Chardonnay *,8860,17200,1.5,2,data_row
4,7,Wine Grapes (White),7004,Chardonnay *,9000,100,8.4,2,data_row
4,7,Wine Grapes (White),7004,Chardonnay *,9000,21200,16.1,2,data_row
4,7,Wine Grapes (White),7004,Chardonnay *,9500,24300,3.4,2,data_row
4,7,Wine Grapes (White),7004,Chardonnay *,10500,100,1,2,data_row
4,7,Wine Grapes (White),7004,Chardonnay *,17500,100,13.3,2,data_row
4,7,Wine Grapes (White),7004,Chardonnay *,3684.84,,10226.1,3,summary_row
4,7,Wine Grapes (White),7006,Chenin Blanc,1000,100,1.1,2,data_row
4,7,Wine Grapes (White),7006,Chenin Blanc,1659.31,100,13.3,2,data_row
4,7,Wine Grapes (White),7006,Chenin Blanc,2200,100,0.5,2,data_row
4,7,Wine Grapes (White),7006,Chenin Blanc,2709.48,100,10,2,data_row
4,7,Wine Grapes (White),7006,Chenin Blanc,2766,100,4.1,2,data_row
4,7,Wine Grapes (White),7006,Chenin Blanc,2800,100,2,2,data_row
4,7,Wine Grapes (White),7006,Chenin Blanc,3000,100,18.4,2,data_row
4,7,Wine Grapes (White),7006,Chenin Blanc,3200,100,2.9,2,data_row
4,7,Wine Grapes (White),7006,Chenin Blanc,3395.77,100,17.2,2,data_row
4,7,Wine Grapes (White),7006,Chenin Blanc,3400,100,2.6,2,data_row
4,7,Wine Grapes (White),7006,Chenin Blanc,3465.3,100,10.3,2,data_row
4,7,Wine Grapes (White),7006,Chenin Blanc,3465.3,13600,11.3,2,data_row
4,7,Wine Grapes (White),7006,Chenin Blanc,3500,100,3.1,2,data_row
4,7,Wine Grapes (White),7006,Chenin Blanc,3800,100,2.5,2,data_row
4,7,Wine Grapes (White),7006,Chenin Blanc,4000,13600,2.6,2,data_row
4,7,Wine Grapes (White),7006,Chenin Blanc,4250,100,3.2,2,data_row
4,7,Wine Grapes (White),7006,Chenin Blanc,4500,100,2.1,2,data_row
4,7,Wine Grapes (White),7006,Chenin Blanc,5476.84,100,18.4,2,data_row
4,7,Wine Grapes (White),7006,Chenin Blanc,3419.23,,125.6,3,summary_row
4,7,Wine Grapes (White),7066,Fiano,2500,100,0.6,2,data_row
4,7,Wine Grapes (White),7066,Fiano,4000,100,2.2,2,data_row
4,7,Wine Grapes (White),7066,Fiano,3678.57,,2.8,3,summary_row
4,7,Wine Grapes (White),7008,Flora,2600,100,3.9,2,data_row
4,7,Wine Grapes (White),7008,Flora,2828.7,100,24.3,2,data_row
4,7,Wine Grapes (White),7008,Flora,2797.07,,28.2,3,summary_row
4,7,Wine Grapes (White),7011,Gewurztraminer,2000,13600,3.6,2,data_row
4,7,Wine Grapes (White),7011,Gewurztraminer,2000,,3.6,3,summary_row
4,7,Wine Grapes (White),7012,Gray Riesling *,3500,15500,3.1,2,data_row
4,7,Wine Grapes (White),7012,Gray Riesling *,3500,,3.1,3,summary_row
4,7,Wine Grapes (White),7055,Grenache Blanc *,3375,100,35.6,2,data_row
4,7,Wine Grapes (White),7055,Grenache Blanc *,3500,100,2,2,data_row
4,7,Wine Grapes (White),7055,Grenache Blanc *,4500,100,2.5,2,data_row
4,7,Wine Grapes (White),7055,Grenache Blanc *,3451.37,,40.1,3,summary_row
4,7,Wine Grapes (White),7019,Malvasia Bianca,2200,100,1.7,2,data_row
4,7,Wine Grapes (White),7019,Malvasia Bianca,3000,100,12.2,2,data_row
4,7,Wine Grapes (White),7019,Malvasia Bianca,2902.16,,13.9,3,summary_row
4,7,Wine Grapes (White),7045,Marsanne,3500,100,4.2,2,data_row
4,7,Wine Grapes (White),7045,Marsanne,3500,,4.2,3,summary_row
4,7,Wine Grapes (White),7022,Muscat Blanc *,2500,100,2.4,2,data_row
4,7,Wine Grapes (White),7022,Muscat Blanc *,3117,3200,4.2,2,data_row
4,7,Wine Grapes (White),7022,Muscat Blanc *,2892.64,,6.6,3,summary_row
4,7,Wine Grapes (White),7029,Pinot Blanc,2200,100,0.6,2,data_row
4,7,Wine Grapes (White),7029,Pinot Blanc,2500,100,2.7,2,data_row
4,7,Wine Grapes (White),7029,Pinot Blanc,2900,8200,4.9,2,data_row
4,7,Wine Grapes (White),7029,Pinot Blanc,3000,100,81.6,2,data_row
4,7,Wine Grapes (White),7029,Pinot Blanc,3045,100,12.4,2,data_row
4,7,Wine Grapes (White),7029,Pinot Blanc,3250,100,2.1,2,data_row
4,7,Wine Grapes (White),7029,Pinot Blanc,3500,100,1.4,2,data_row
4,7,Wine Grapes (White),7029,Pinot Blanc,2994.92,,105.7,3,summary_row
4,7,Wine Grapes (White),7044,Pinot Gris *,2000,100,12.4,2,data_row
4,7,Wine Grapes (White),7044,Pinot Gris *,2000,17200,17.4,2,data_row
4,7,Wine Grapes (White),7044,Pinot Gris *,2500,8200,5.3,2,data_row
4,7,Wine Grapes (White),7044,Pinot Gris *,2504.18,100,5.5,2,data_row
4,7,Wine Grapes (White),7044,Pinot Gris *,2756,100,59.4,2,data_row
4,7,Wine Grapes (White),7044,Pinot Gris *,2503.29,,100,3,summary_row
4,7,Wine Grapes (White),7056,Ribolla Gialla *,1500,100,1,2,data_row
4,7,Wine Grapes (White),7056,Ribolla Gialla *,3736.78,100,4.5,2,data_row
4,7,Wine Grapes (White),7056,Ribolla Gialla *,4000,9100,3.5,2,data_row
4,7,Wine Grapes (White),7056,Ribolla Gialla *,4500,100,6.2,2,data_row
4,7,Wine Grapes (White),7056,Ribolla Gialla *,4500,8100,4,2,data_row
4,7,Wine Grapes (White),7056,Ribolla Gialla *,5000,100,1.1,2,data_row
4,7,Wine Grapes (White),7056,Ribolla Gialla *,4123.92,,20.3,3,summary_row
4,7,Wine Grapes (White),7042,Roussanne,3500,100,1.5,2,data_row
4,7,Wine Grapes (White),7042,Roussanne,3500,,1.5,3,summary_row
4,7,Wine Grapes (White),7033,Sauvignon Blanc *,17.03,100,6.4,2,data_row
4,7,Wine Grapes (White),7033,Sauvignon Blanc *,150,100,25.9,2,data_row
4,7,Wine Grapes (White),7033,Sauvignon Blanc *,500,100,3.3,2,data_row
4,7,Wine Grapes (White),7033,Sauvignon Blanc *,500,13600,6.2,2,data_row
4,7,Wine Grapes (White),7033,Sauvignon Blanc *,500,22800,2.2,2,data_row
4,7,Wine Grapes (White),7033,Sauvignon Blanc *,700,100,33.8,2,data_row
4,7,Wine Grapes (White),7033,Sauvignon Blanc *,800,100,6.6,2,data_row
4,7,Wine Grapes (White),7033,Sauvignon Blanc *,900,100,64.9,2,data_row
4,7,Wine Grapes (White),7033,Sauvignon Blanc *,1000,100,186.6,2,data_row
4,7,Wine Grapes (White),7033,Sauvignon Blanc *,1000,17000,15.7,2,data_row
4,7,Wine Grapes (White),7033,Sauvignon Blanc *,1138.23,100,5.8,2,data_row
4,7,Wine Grapes (White),7033,Sauvignon Blanc *,1242.35,100,53.2,2,data_row
4,7,Wine Grapes (White),7033,Sauvignon Blanc *,1500,100,5.8,2,data_row
4,7,Wine Grapes (White),7033,Sauvignon Blanc *,1500,17000,10.7,2,data_row
4,7,Wine Grapes (White),7033,Sauvignon Blanc *,1700,100,10,2,data_row
4,7,Wine Grapes (White),7033,Sauvignon Blanc *,1907,100,0.6,2,data_row
4,7,Wine Grapes (White),7033,Sauvignon Blanc *,2000,100,76.7,2,data_row
4,7,Wine Grapes (White),7033,Sauvignon Blanc *,2000,13600,0.8,2,data_row
4,7,Wine Grapes (White),7033,Sauvignon Blanc *,2000,17000,2.1,2,data_row
4,7,Wine Grapes (White),7033,Sauvignon Blanc *,2100,17200,12.1,2,data_row
4,7,Wine Grapes (White),7033,Sauvignon Blanc *,2141,100,22,2,data_row
4,7,Wine Grapes (White),7033,Sauvignon Blanc *,2150,17200,16.9,2,data_row
4,7,Wine Grapes (White),7033,Sauvignon Blanc *,2200,100,7,2,data_row
4,7,Wine Grapes (White),7033,Sauvignon Blanc *,2200,13800,15.2,2,data_row
4,7,Wine Grapes (White),7033,Sauvignon Blanc *,2250,100,12,2,data_row
4,7,Wine Grapes (White),7033,Sauvignon Blanc *,2300,100,3.2,2,data_row
4,7,Wine Grapes (White),7033,Sauvignon Blanc *,2300,13100,364.1,2,data_row
4,7,Wine Grapes (White),7033,Sauvignon Blanc *,2350,100,47.8,2,data_row
4,7,Wine Grapes (White),7033,Sauvignon Blanc *,2399.8,100,6,2,data_row
4,7,Wine Grapes (White),7033,Sauvignon Blanc *,2480.45,100,6.8,2,data_row
4,7,Wine Grapes (White),7033,Sauvignon Blanc *,2484,11000,71.7,2,data_row
4,7,Wine Grapes (White),7033,Sauvignon Blanc *,2500,100,59.4,2,data_row
4,7,Wine Grapes (White),7033,Sauvignon Blanc *,2506.63,100,9.8,2,data_row
4,7,Wine Grapes (White),7033,Sauvignon Blanc *,2510,100,45.8,2,data_row
4,7,Wine Grapes (White),7033,Sauvignon Blanc *,2600,1900,42.1,2,data_row
4,7,Wine Grapes (White),7033,Sauvignon Blanc *,2600,20800,11.3,2,data_row
4,7,Wine Grapes (White),7033,Sauvignon Blanc *,2612.5,100,37.2,2,data_row
4,7,Wine Grapes (White),7033,Sauvignon Blanc *,2700,100,218.2,2,data_row
4,7,Wine Grapes (White),7033,Sauvignon Blanc *,2727,100,201.7,2,data_row
4,7,Wine Grapes (White),7033,Sauvignon Blanc *,2750,100,61.1,2,data_row
4,7,Wine Grapes (White),7033,Sauvignon Blanc *,2790,100,106.8,2,data_row
4,7,Wine Grapes (White),7033,Sauvignon Blanc *,2800,100,124.7,2,data_row
4,7,Wine Grapes (White),7033,Sauvignon Blanc *,2800,1800,89.2,2,data_row
4,7,Wine Grapes (White),7033,Sauvignon Blanc *,2800,17000,3.7,2,data_row
4,7,Wine Grapes (White),7033,Sauvignon Blanc *,2850,100,3.3,2,data_row
4,7,Wine Grapes (White),7033,Sauvignon Blanc *,2900,8200,18.5,2,data_row
4,7,Wine Grapes (White),7033,Sauvignon Blanc *,2900,13400,25.1,2,data_row
4,7,Wine Grapes (White),7033,Sauvignon Blanc *,2919.55,100,39.8,2,data_row
4,7,Wine Grapes (White),7033,Sauvignon Blanc *,2929,100,38,2,data_row
4,7,Wine Grapes (White),7033,Sauvignon Blanc *,2950,100,9.8,2,data_row
4,7,Wine Grapes (White),7033,Sauvignon Blanc *,2999,100,2.3,2,data_row
4,7,Wine Grapes (White),7033,Sauvignon Blanc *,3000,100,222.4,2,data_row
4,7,Wine Grapes (White),7033,Sauvignon Blanc *,3000,8200,5.8,2,data_row
4,7,Wine Grapes (White),7033,Sauvignon Blanc *,3000,13400,89.7,2,data_row
4,7,Wine Grapes (White),7033,Sauvignon Blanc *,3000,17400,5.3,2,data_row
4,7,Wine Grapes (White),7033,Sauvignon Blanc *,3000,17600,10.7,2,data_row
4,7,Wine Grapes (White),7033,Sauvignon Blanc *,3100,100,29.9,2,data_row
4,7,Wine Grapes (White),7033,Sauvignon Blanc *,3100,8200,28.2,2,data_row
4,7,Wine Grapes (White),7033,Sauvignon Blanc *,3100,13400,29.9,2,data_row
4,7,Wine Grapes (White),7033,Sauvignon Blanc *,3100,17100,5.2,2,data_row
4,7,Wine Grapes (White),7033,Sauvignon Blanc *,3100,17200,15,2,data_row
4,7,Wine Grapes (White),7033,Sauvignon Blanc *,3117,3200,10.9,2,data_row
4,7,Wine Grapes (White),7033,Sauvignon Blanc *,3150,100,16.7,2,data_row
4,7,Wine Grapes (White),7033,Sauvignon Blanc *,3165,100,6.4,2,data_row
4,7,Wine Grapes (White),7033,Sauvignon Blanc *,3169.56,100,15.2,2,data_row
4,7,Wine Grapes (White),7033,Sauvignon Blanc *,3200,100,48.8,2,data_row
4,7,Wine Grapes (White),7033,Sauvignon Blanc *,3200,13400,29.5,2,data_row
4,7,Wine Grapes (White),7033,Sauvignon Blanc *,3200,21200,5,2,data_row
4,7,Wine Grapes (White),7033,Sauvignon Blanc *,3223.38,100,3.1,2,data_row
4,7,Wine Grapes (White),7033,Sauvignon Blanc *,3229.17,100,65.7,2,data_row
4,7,Wine Grapes (White),7033,Sauvignon Blanc *,3246,100,14.9,2,data_row
4,7,Wine Grapes (White),7033,Sauvignon Blanc *,3247.7,100,3.4,2,data_row
4,7,Wine Grapes (White),7033,Sauvignon Blanc *,3249.14,100,102.1,2,data_row
4,7,Wine Grapes (White),7033,Sauvignon Blanc *,3250,100,32.4,2,data_row
4,7,Wine Grapes (White),7033,Sauvignon Blanc *,3250.38,100,131.7,2,data_row
4,7,Wine Grapes (White),7033,Sauvignon Blanc *,3264.54,100,645.9,2,data_row
4,7,Wine Grapes (White),7033,Sauvignon Blanc *,3264.54,2000,52.2,2,data_row
4,7,Wine Grapes (White),7033,Sauvignon Blanc *,3264.54,17000,22.9,2,data_row
4,7,Wine Grapes (White),7033,Sauvignon Blanc *,3265,100,8.3,2,data_row
4,7,Wine Grapes (White),7033,Sauvignon Blanc *,3265.63,100,100.3,2,data_row
4,7,Wine Grapes (White),7033,Sauvignon Blanc *,3265.67,17000,75.2,2,data_row
4,7,Wine Grapes (White),7033,Sauvignon Blanc *,3289.72,13400,80.2,2,data_row
4,7,Wine Grapes (White),7033,Sauvignon Blanc *,3300,100,53.6,2,data_row
4,7,Wine Grapes (White),7033,Sauvignon Blanc *,3305,100,2.4,2,data_row
4,7,Wine Grapes (White),7033,Sauvignon Blanc *,3325.92,100,37.2,2,data_row
4,7,Wine Grapes (White),7033,Sauvignon Blanc *,3330,100,57.2,2,data_row
4,7,Wine Grapes (White),7033,Sauvignon Blanc *,3347.7,100,48.9,2,data_row
4,7,Wine Grapes (White),7033,Sauvignon Blanc *,3350,100,39.7,2,data_row
4,7,Wine Grapes (White),7033,Sauvignon Blanc *,3375,100,65.2,2,data_row
4,7,Wine Grapes (White),7033,Sauvignon Blanc *,3400,100,183.3,2,data_row
4,7,Wine Grapes (White),7033,Sauvignon Blanc *,3400,17400,2,2,data_row
4,7,Wine Grapes (White),7033,Sauvignon Blanc *,3453.23,100,10.2,2,data_row
4,7,Wine Grapes (White),7033,Sauvignon Blanc *,3461.02,100,12,2,data_row
4,7,Wine Grapes (White),7033,Sauvignon Blanc *,3477,100,7.8,2,data_row
4,7,Wine Grapes (White),7033,Sauvignon Blanc *,3496.29,100,32.2,2,data_row
4,7,Wine Grapes (White),7033,Sauvignon Blanc *,3500,100,180.3,2,data_row
4,7,Wine Grapes (White),7033,Sauvignon Blanc *,3500,13400,102.8,2,data_row
4,7,Wine Grapes (White),7033,Sauvignon Blanc *,3500,13600,1.5,2,data_row
4,7,Wine Grapes (White),7033,Sauvignon Blanc *,3500,20800,5.4,2,data_row
4,7,Wine Grapes (White),7033,Sauvignon Blanc *,3523.02,17200,8.7,2,data_row
4,7,Wine Grapes (White),7033,Sauvignon Blanc *,3527.57,100,20.7,2,data_row
4,7,Wine Grapes (White),7033,Sauvignon Blanc *,3533,2200,72.8,2,data_row
4,7,Wine Grapes (White),7033,Sauvignon Blanc *,3547,100,4.1,2,data_row
4,7,Wine Grapes (White),7033,Sauvignon Blanc *,3556.52,100,22,2,data_row
4,7,Wine Grapes (White),7033,Sauvignon Blanc *,3572.47,100,12.1,2,data_row
4,7,Wine Grapes (White),7033,Sauvignon Blanc *,3583,100,20.3,2,data_row
4,7,Wine Grapes (White),7033,Sauvignon Blanc *,3590,100,2.4,2,data_row
4,7,Wine Grapes (White),7033,Sauvignon Blanc *,3590.99,100,150.5,2,data_row
4,7,Wine Grapes (White),7033,Sauvignon Blanc *,3590.99,13400,61.3,2,data_row
4,7,Wine Grapes (White),7033,Sauvignon Blanc *,3600,100,113.6,2,data_row
4,7,Wine Grapes (White),7033,Sauvignon Blanc *,3615.17,100,15.9,2,data_row
4,7,Wine Grapes (White),7033,Sauvignon Blanc *,3615.17,17000,37.1,2,data_row
4,7,Wine Grapes (White),7033,Sauvignon Blanc *,3629.21,100,37.2,2,data_row
4,7,Wine Grapes (White),7033,Sauvignon Blanc *,3649.59,100,365.9,2,data_row
4,7,Wine Grapes (White),7033,Sauvignon Blanc *,3650,100,16.6,2,data_row
4,7,Wine Grapes (White),7033,Sauvignon Blanc *,3700,100,31.3,2,data_row
4,7,Wine Grapes (White),7033,Sauvignon Blanc *,3710.47,100,3.6,2,data_row
4,7,Wine Grapes (White),7033,Sauvignon Blanc *,3750,100,71.4,2,data_row
4,7,Wine Grapes (White),7033,Sauvignon Blanc *,3754,100,30.3,2,data_row
4,7,Wine Grapes (White),7033,Sauvignon Blanc *,3755.52,100,32.2,2,data_row
4,7,Wine Grapes (White),7033,Sauvignon Blanc *,3755.52,17600,13.5,2,data_row
4,7,Wine Grapes (White),7033,Sauvignon Blanc *,3776.88,100,18.1,2,data_row
4,7,Wine Grapes (White),7033,Sauvignon Blanc *,3800,100,13.5,2,data_row
4,7,Wine Grapes (White),7033,Sauvignon Blanc *,3800,13600,4.1,2,data_row
4,7,Wine Grapes (White),7033,Sauvignon Blanc *,3825,100,2.5,2,data_row
4,7,Wine Grapes (White),7033,Sauvignon Blanc *,3850,100,2.5,2,data_row
4,7,Wine Grapes (White),7033,Sauvignon Blanc *,3894.92,13600,12.1,2,data_row
4,7,Wine Grapes (White),7033,Sauvignon Blanc *,3897.24,13100,15.1,2,data_row
4,7,Wine Grapes (White),7033,Sauvignon Blanc *,3900,17400,1,2,data_row
4,7,Wine Grapes (White),7033,Sauvignon Blanc *,3917.45,100,20.9,2,data_row
4,7,Wine Grapes (White),7033,Sauvignon Blanc *,3964.71,100,42.3,2,data_row
4,7,Wine Grapes (White),7033,Sauvignon Blanc *,4000,100,70.7,2,data_row
4,7,Wine Grapes (White),7033,Sauvignon Blanc *,4000,2200,153.8,2,data_row
4,7,Wine Grapes (White),7033,Sauvignon Blanc *,4100,100,1.5,2,data_row
4,7,Wine Grapes (White),7033,Sauvignon Blanc *,4200,100,15.2,2,data_row
4,7,Wine Grapes (White),7033,Sauvignon Blanc *,4206.48,100,4.3,2,data_row
4,7,Wine Grapes (White),7033,Sauvignon Blanc *,4500,100,36.6,2,data_row
4,7,Wine Grapes (White),7033,Sauvignon Blanc *,4600,100,1.3,2,data_row
4,7,Wine Grapes (White),7033,Sauvignon Blanc *,4635,100,2.1,2,data_row
4,7,Wine Grapes (White),7033,Sauvignon Blanc *,4700,100,3.1,2,data_row
4,7,Wine Grapes (White),7033,Sauvignon Blanc *,4830,100,5,2,data_row
4,7,Wine Grapes (White),7033,Sauvignon Blanc *,4995,100,8.1,2,data_row
4,7,Wine Grapes (White),7033,Sauvignon Blanc *,5000,100,175.6,2,data_row
4,7,Wine Grapes (White),7033,Sauvignon Blanc *,5000,27800,4,2,data_row
4,7,Wine Grapes (White),7033,Sauvignon Blanc *,5100,100,19.8,2,data_row
4,7,Wine Grapes (White),7033,Sauvignon Blanc *,5264,100,1.1,2,data_row
4,7,Wine Grapes (White),7033,Sauvignon Blanc *,5287,100,8.2,2,data_row
4,7,Wine Grapes (White),7033,Sauvignon Blanc *,5492.98,100,9.4,2,data_row
4,7,Wine Grapes (White),7033,Sauvignon Blanc *,5500,100,25.6,2,data_row
4,7,Wine Grapes (White),7033,Sauvignon Blanc *,5600,100,3.7,2,data_row
4,7,Wine Grapes (White),7033,Sauvignon Blanc *,5624,100,3.6,2,data_row
4,7,Wine Grapes (White),7033,Sauvignon Blanc *,5665,100,3.9,2,data_row
4,7,Wine Grapes (White),7033,Sauvignon Blanc *,5665,9300,3.3,2,data_row
4,7,Wine Grapes (White),7033,Sauvignon Blanc *,5700,100,6.6,2,data_row
4,7,Wine Grapes (White),7033,Sauvignon Blanc *,5731.33,17400,3.3,2,data_row
4,7,Wine Grapes (White),7033,Sauvignon Blanc *,5800,100,4.2,2,data_row
4,7,Wine Grapes (White),7033,Sauvignon Blanc *,5834.95,100,2.3,2,data_row
4,7,Wine Grapes (White),7033,Sauvignon Blanc *,6000,100,2,2,data_row
4,7,Wine Grapes (White),7033,Sauvignon Blanc *,6006.67,100,4.5,2,data_row
4,7,Wine Grapes (White),7033,Sauvignon Blanc *,6035,100,10.1,2,data_row
4,7,Wine Grapes (White),7033,Sauvignon Blanc *,6500,100,2.8,2,data_row
4,7,Wine Grapes (White),7033,Sauvignon Blanc *,6500,20600,4,2,data_row
4,7,Wine Grapes (White),7033,Sauvignon Blanc *,8000,100,4.7,2,data_row
4,7,Wine Grapes (White),7033,Sauvignon Blanc *,9000,100,2,2,data_row
4,7,Wine Grapes (White),7033,Sauvignon Blanc *,12061.67,100,9.6,2,data_row
4,7,Wine Grapes (White),7033,Sauvignon Blanc *,3147.85,,6896.1,3,summary_row
4,7,Wine Grapes (White),7077,Sauvignon Gris,3069.42,100,45.7,2,data_row
4,7,Wine Grapes (White),7077,Sauvignon Gris,3069.42,,45.7,3,summary_row
4,7,Wine Grapes (White),7036,Semillon,2000,100,2.2,2,data_row
4,7,Wine Grapes (White),7036,Semillon,2000,17000,0.5,2,data_row
4,7,Wine Grapes (White),7036,Semillon,2200,100,3,2,data_row
4,7,Wine Grapes (White),7036,Semillon,2200,8200,4.4,2,data_row
4,7,Wine Grapes (White),7036,Semillon,2400,13800,21.5,2,data_row
4,7,Wine Grapes (White),7036,Semillon,2500,100,6.3,2,data_row
4,7,Wine Grapes (White),7036,Semillon,2800,100,2.2,2,data_row
4,7,Wine Grapes (White),7036,Semillon,2900,100,2.2,2,data_row
4,7,Wine Grapes (White),7036,Semillon,3000,100,36.2,2,data_row
4,7,Wine Grapes (White),7036,Semillon,3200,100,10.8,2,data_row
4,7,Wine Grapes (White),7036,Semillon,3500,100,22.5,2,data_row
4,7,Wine Grapes (White),7036,Semillon,3677.56,100,2,2,data_row
4,7,Wine Grapes (White),7036,Semillon,3710.47,100,3.4,2,data_row
4,7,Wine Grapes (White),7036,Semillon,3732.66,100,0.5,2,data_row
4,7,Wine Grapes (White),7036,Semillon,3750,100,1.7,2,data_row
4,7,Wine Grapes (White),7036,Semillon,3766,100,4,2,data_row
4,7,Wine Grapes (White),7036,Semillon,3772.46,8100,7.3,2,data_row
4,7,Wine Grapes (White),7036,Semillon,3800,100,3.4,2,data_row
4,7,Wine Grapes (White),7036,Semillon,3827.2,100,2.6,2,data_row
4,7,Wine Grapes (White),7036,Semillon,3844.94,100,17.8,2,data_row
4,7,Wine Grapes (White),7036,Semillon,3848.22,100,33.9,2,data_row
4,7,Wine Grapes (White),7036,Semillon,3850,100,4.4,2,data_row
4,7,Wine Grapes (White),7036,Semillon,4000,100,5.4,2,data_row
4,7,Wine Grapes (White),7036,Semillon,4000,10900,2,2,data_row
4,7,Wine Grapes (White),7036,Semillon,4065.62,100,4.1,2,data_row
4,7,Wine Grapes (White),7036,Semillon,4100,100,6,2,data_row
4,7,Wine Grapes (White),7036,Semillon,4100,9000,10.9,2,data_row
4,7,Wine Grapes (White),7036,Semillon,4244.33,7800,39.6,2,data_row
4,7,Wine Grapes (White),7036,Semillon,4422,100,1.7,2,data_row
4,7,Wine Grapes (White),7036,Semillon,4452.94,100,10.8,2,data_row
4,7,Wine Grapes (White),7036,Semillon,4500,100,1,2,data_row
4,7,Wine Grapes (White),7036,Semillon,5000,100,4.3,2,data_row
4,7,Wine Grapes (White),7036,Semillon,5500,100,5.3,2,data_row
4,7,Wine Grapes (White),7036,Semillon,3618.86,,283.9,3,summary_row
4,7,Wine Grapes (White),7051,Tocai Friulano,3900,17000,6.4,2,data_row
4,7,Wine Grapes (White),7051,Tocai Friulano,4000,17000,7.5,2,data_row
4,7,Wine Grapes (White),7051,Tocai Friulano,3953.96,,13.9,3,summary_row
4,7,Wine Grapes (White),7064,Vermentino *,1800,100,4.7,2,data_row
4,7,Wine Grapes (White),7064,Vermentino *,1925.06,100,4,2,data_row
4,7,Wine Grapes (White),7064,Vermentino *,2750,100,3.6,2,data_row
4,7,Wine Grapes (White),7064,Vermentino *,3094.24,13600,2.1,2,data_row
4,7,Wine Grapes (White),7064,Vermentino *,3500,100,2.6,2,data_row
4,7,Wine Grapes (White),7064,Vermentino *,3559.33,100,2.4,2,data_row
4,7,Wine Grapes (White),7064,Vermentino *,3750,100,3.2,2,data_row
4,7,Wine Grapes (White),7064,Vermentino *,4500,100,1.1,2,data_row
4,7,Wine Grapes (White),7064,Vermentino *,2833.36,,23.7,3,summary_row
4,7,Wine Grapes (White),7043,Viognier,1800,100,4.6,2,data_row
4,7,Wine Grapes (White),7043,Viognier,2200,100,3.8,2,data_row
4,7,Wine Grapes (White),7043,Viognier,2500,100,5.3,2,data_row
4,7,Wine Grapes (White),7043,Viognier,2833,14000,18.8,2,data_row
4,7,Wine Grapes (White),7043,Viognier,3193.94,100,26.9,2,data_row
4,7,Wine Grapes (White),7043,Viognier,3500,100,2.9,2,data_row
4,7,Wine Grapes (White),7043,Viognier,3751.46,100,0.5,2,data_row
4,7,Wine Grapes (White),7043,Viognier,3757,100,2.3,2,data_row
4,7,Wine Grapes (White),7043,Viognier,4000,100,6.7,2,data_row
4,7,Wine Grapes (White),7043,Viognier,4100,100,2.1,2,data_row
4,7,Wine Grapes (White),7043,Viognier,4330,100,2.5,2,data_row
4,7,Wine Grapes (White),7043,Viognier,4500,100,1.7,2,data_row
4,7,Wine Grapes (White),7043,Viognier,4509,100,3.1,2,data_row
4,7,Wine Grapes (White),7043,Viognier,4763.65,100,2.2,2,data_row
4,7,Wine Grapes (White),7043,Viognier,4764.34,100,11.9,2,data_row
4,7,Wine Grapes (White),7043,Viognier,3407.9,,95.3,3,summary_row
4,7,Wine Grapes (White),7038,White Riesling *,3500,100,3.1,2,data_row
4,7,Wine Grapes (White),7038,White Riesling *,3500,,3.1,3,summary_row
4,7,Wine Grapes (White),7001,Other White Wine 2/,2625.53,100,3.4,2,data_row
4,7,Wine Grapes (White),7001,Other White Wine 2/,3150,100,21.7,2,data_row
4,7,Wine Grapes (White),7001,Other White Wine 2/,3500,100,0.4,2,data_row
4,7,Wine Grapes (White),7001,Other White Wine 2/,3673,100,2,2,data_row
4,7,Wine Grapes (White),7001,Other White Wine 2/,4100,100,0.3,2,data_row
4,7,Wine Grapes (White),7001,Other White Wine 2/,4456.56,100,2.6,2,data_row
4,7,Wine Grapes (White),7001,Other White Wine 2/,3251.48,,30.4,3,summary_row
4,6,Wine Grapes (Red),6177,Aglianico,5302.44,100,1.4,2,data_row
4,6,Wine Grapes (Red),6177,Aglianico,5302.44,,1.4,3,summary_row
4,6,Wine Grapes (Red),6005,Aleatico,1694.82,100,3.7,2,data_row
4,6,Wine Grapes (Red),6005,Aleatico,1694.82,,3.7,3,summary_row
4,6,Wine Grapes (Red),6013,Barbera,3905.53,100,0.8,2,data_row
4,6,Wine Grapes (Red),6013,Barbera,3905.53,,0.8,3,summary_row
4,6,Wine Grapes (Red),6023,Cabernet Franc,100,100,5.1,2,data_row
4,6,Wine Grapes (Red),6023,Cabernet Franc,500,100,17.5,2,data_row
4,6,Wine Grapes (Red),6023,Cabernet Franc,600,100,9.2,2,data_row
4,6,Wine Grapes (Red),6023,Cabernet Franc,700,100,12.3,2,data_row
4,6,Wine Grapes (Red),6023,Cabernet Franc,750,100,3.5,2,data_row
4,6,Wine Grapes (Red),6023,Cabernet Franc,800,100,5.5,2,data_row
4,6,Wine Grapes (Red),6023,Cabernet Franc,1400,24500,2.9,2,data_row
4,6,Wine Grapes (Red),6023,Cabernet Franc,1800,100,5.1,2,data_row
4,6,Wine Grapes (Red),6023,Cabernet Franc,2000,100,6.3,2,data_row
4,6,Wine Grapes (Red),6023,Cabernet Franc,2250,100,10.2,2,data_row
4,6,Wine Grapes (Red),6023,Cabernet Franc,2400,100,1.6,2,data_row
4,6,Wine Grapes (Red),6023,Cabernet Franc,2437.39,100,27.3,2,data_row
4,6,Wine Grapes (Red),6023,Cabernet Franc,2500,100,5.1,2,data_row
4,6,Wine Grapes (Red),6023,Cabernet Franc,2500,14000,1.9,2,data_row
4,6,Wine Grapes (Red),6023,Cabernet Franc,2500,21000,2,2,data_row
4,6,Wine Grapes (Red),6023,Cabernet Franc,2681.7,100,34.4,2,data_row
4,6,Wine Grapes (Red),6023,Cabernet Franc,2800,100,1.9,2,data_row
4,6,Wine Grapes (Red),6023,Cabernet Franc,2812.16,100,13.4,2,data_row
4,6,Wine Grapes (Red),6023,Cabernet Franc,3000,100,2.4,2,data_row
4,6,Wine Grapes (Red),6023,Cabernet Franc,3200,100,2,2,data_row
4,6,Wine Grapes (Red),6023,Cabernet Franc,3500,100,10.1,2,data_row
4,6,Wine Grapes (Red),6023,Cabernet Franc,3800,100,2.2,2,data_row
4,6,Wine Grapes (Red),6023,Cabernet Franc,4000,100,25.5,2,data_row
4,6,Wine Grapes (Red),6023,Cabernet Franc,4300,100,6.5,2,data_row
4,6,Wine Grapes (Red),6023,Cabernet Franc,4500,100,19.5,2,data_row
4,6,Wine Grapes (Red),6023,Cabernet Franc,4600,11300,2,2,data_row
4,6,Wine Grapes (Red),6023,Cabernet Franc,5000,100,55.5,2,data_row
4,6,Wine Grapes (Red),6023,Cabernet Franc,5000,17400,1.2,2,data_row
4,6,Wine Grapes (Red),6023,Cabernet Franc,5000,25100,1.2,2,data_row
4,6,Wine Grapes (Red),6023,Cabernet Franc,5500,100,19.7,2,data_row
4,6,Wine Grapes (Red),6023,Cabernet Franc,5500,21200,0.8,2,data_row
4,6,Wine Grapes (Red),6023,Cabernet Franc,5500,21900,1.3,2,data_row
4,6,Wine Grapes (Red),6023,Cabernet Franc,5500,24500,3.6,2,data_row
4,6,Wine Grapes (Red),6023,Cabernet Franc,5600,100,3.1,2,data_row
4,6,Wine Grapes (Red),6023,Cabernet Franc,5750,8200,5.7,2,data_row
4,6,Wine Grapes (Red),6023,Cabernet Franc,6000,100,8.3,2,data_row
4,6,Wine Grapes (Red),6023,Cabernet Franc,6000,24600,2.6,2,data_row
4,6,Wine Grapes (Red),6023,Cabernet Franc,6014,17800,10.1,2,data_row
4,6,Wine Grapes (Red),6023,Cabernet Franc,6086.02,100,6,2,data_row
4,6,Wine Grapes (Red),6023,Cabernet Franc,6200,100,5.4,2,data_row
4,6,Wine Grapes (Red),6023,Cabernet Franc,6500,100,3.1,2,data_row
4,6,Wine Grapes (Red),6023,Cabernet Franc,6650,100,3.7,2,data_row
4,6,Wine Grapes (Red),6023,Cabernet Franc,6750,100,3.3,2,data_row
4,6,Wine Grapes (Red),6023,Cabernet Franc,7000,100,7.1,2,data_row
4,6,Wine Grapes (Red),6023,Cabernet Franc,7097,100,1.4,2,data_row
4,6,Wine Grapes (Red),6023,Cabernet Franc,7200,100,13.1,2,data_row
4,6,Wine Grapes (Red),6023,Cabernet Franc,7210,100,4.1,2,data_row
4,6,Wine Grapes (Red),6023,Cabernet Franc,7498.77,100,61.1,2,data_row
4,6,Wine Grapes (Red),6023,Cabernet Franc,7500,100,30.3,2,data_row
4,6,Wine Grapes (Red),6023,Cabernet Franc,7500,8200,16.3,2,data_row
4,6,Wine Grapes (Red),6023,Cabernet Franc,7560,100,3.1,2,data_row
4,6,Wine Grapes (Red),6023,Cabernet Franc,7586.25,21200,3.1,2,data_row
4,6,Wine Grapes (Red),6023,Cabernet Franc,7800,100,2.9,2,data_row
4,6,Wine Grapes (Red),6023,Cabernet Franc,8000,100,25.1,2,data_row
4,6,Wine Grapes (Red),6023,Cabernet Franc,8000,19550,0.2,2,data_row
4,6,Wine Grapes (Red),6023,Cabernet Franc,8000,21200,4.1,2,data_row
4,6,Wine Grapes (Red),6023,Cabernet Franc,8000,24500,1.5,2,data_row
4,6,Wine Grapes (Red),6023,Cabernet Franc,8007,100,6.8,2,data_row
4,6,Wine Grapes (Red),6023,Cabernet Franc,8085,100,2.8,2,data_row
4,6,Wine Grapes (Red),6023,Cabernet Franc,8161.24,100,4.4,2,data_row
4,6,Wine Grapes (Red),6023,Cabernet Franc,8300,17600,2,2,data_row
4,6,Wine Grapes (Red),6023,Cabernet Franc,8333.33,2200,3.2,2,data_row
4,6,Wine Grapes (Red),6023,Cabernet Franc,8474.13,100,5.6,2,data_row
4,6,Wine Grapes (Red),6023,Cabernet Franc,8500,100,20.8,2,data_row
4,6,Wine Grapes (Red),6023,Cabernet Franc,8705.23,100,14,2,data_row
4,6,Wine Grapes (Red),6023,Cabernet Franc,8714,100,7.6,2,data_row
4,6,Wine Grapes (Red),6023,Cabernet Franc,8800,100,16.6,2,data_row
4,6,Wine Grapes (Red),6023,Cabernet Franc,8831,11100,9.5,2,data_row
4,6,Wine Grapes (Red),6023,Cabernet Franc,8831,21500,9.7,2,data_row
4,6,Wine Grapes (Red),6023,Cabernet Franc,8882.48,100,15.3,2,data_row
4,6,Wine Grapes (Red),6023,Cabernet Franc,9000,100,64.2,2,data_row
4,6,Wine Grapes (Red),6023,Cabernet Franc,9000,13600,3.7,2,data_row
4,6,Wine Grapes (Red),6023,Cabernet Franc,9000,24800,2.4,2,data_row
4,6,Wine Grapes (Red),6023,Cabernet Franc,9083.78,100,2.7,2,data_row
4,6,Wine Grapes (Red),6023,Cabernet Franc,9146.21,25100,0.5,2,data_row
4,6,Wine Grapes (Red),6023,Cabernet Franc,9200,100,3.6,2,data_row
4,6,Wine Grapes (Red),6023,Cabernet Franc,9500,13600,0.5,2,data_row
4,6,Wine Grapes (Red),6023,Cabernet Franc,9618.62,100,0.8,2,data_row
4,6,Wine Grapes (Red),6023,Cabernet Franc,9750,100,6.6,2,data_row
4,6,Wine Grapes (Red),6023,Cabernet Franc,9900,100,27.7,2,data_row
4,6,Wine Grapes (Red),6023,Cabernet Franc,9969.75,28200,2.2,2,data_row
4,6,Wine Grapes (Red),6023,Cabernet Franc,10000,100,52.1,2,data_row
4,6,Wine Grapes (Red),6023,Cabernet Franc,10000,17400,1.7,2,data_row
4,6,Wine Grapes (Red),6023,Cabernet Franc,10000,21200,3.4,2,data_row
4,6,Wine Grapes (Red),6023,Cabernet Franc,10000,24500,3.6,2,data_row
4,6,Wine Grapes (Red),6023,Cabernet Franc,10000,24800,1.9,2,data_row
4,6,Wine Grapes (Red),6023,Cabernet Franc,10164.53,24500,0.8,2,data_row
4,6,Wine Grapes (Red),6023,Cabernet Franc,10197,100,1,2,data_row
4,6,Wine Grapes (Red),6023,Cabernet Franc,10197.22,100,1.7,2,data_row
4,6,Wine Grapes (Red),6023,Cabernet Franc,10305.29,100,4.2,2,data_row
4,6,Wine Grapes (Red),6023,Cabernet Franc,10400,100,1.5,2,data_row
4,6,Wine Grapes (Red),6023,Cabernet Franc,10432.5,100,4.3,2,data_row
4,6,Wine Grapes (Red),6023,Cabernet Franc,10444.87,100,7.4,2,data_row
4,6,Wine Grapes (Red),6023,Cabernet Franc,10500,100,3.2,2,data_row
4,6,Wine Grapes (Red),6023,Cabernet Franc,10584,100,2.4,2,data_row
4,6,Wine Grapes (Red),6023,Cabernet Franc,10600,100,3.7,2,data_row
4,6,Wine Grapes (Red),6023,Cabernet Franc,10774,100,2.1,2,data_row
4,6,Wine Grapes (Red),6023,Cabernet Franc,11000,100,15.3,2,data_row
4,6,Wine Grapes (Red),6023,Cabernet Franc,11000,11500,1.8,2,data_row
4,6,Wine Grapes (Red),6023,Cabernet Franc,11031.3,24800,3.4,2,data_row
4,6,Wine Grapes (Red),6023,Cabernet Franc,11092.8,100,6.4,2,data_row
4,6,Wine Grapes (Red),6023,Cabernet Franc,11140,26900,2.8,2,data_row
4,6,Wine Grapes (Red),6023,Cabernet Franc,11200,17800,8.4,2,data_row
4,6,Wine Grapes (Red),6023,Cabernet Franc,11288,100,10.1,2,data_row
4,6,Wine Grapes (Red),6023,Cabernet Franc,11288.88,100,10.2,2,data_row
4,6,Wine Grapes (Red),6023,Cabernet Franc,11329.45,100,5,2,data_row
4,6,Wine Grapes (Red),6023,Cabernet Franc,11330,100,2.6,2,data_row
4,6,Wine Grapes (Red),6023,Cabernet Franc,11330.24,100,22.8,2,data_row
4,6,Wine Grapes (Red),6023,Cabernet Franc,11332.28,24500,21.6,2,data_row
4,6,Wine Grapes (Red),6023,Cabernet Franc,11333,100,0.1,2,data_row
4,6,Wine Grapes (Red),6023,Cabernet Franc,11334.24,100,3.6,2,data_row
4,6,Wine Grapes (Red),6023,Cabernet Franc,11457.95,100,1.9,2,data_row
4,6,Wine Grapes (Red),6023,Cabernet Franc,11484,100,11,2,data_row
4,6,Wine Grapes (Red),6023,Cabernet Franc,11500,100,11.7,2,data_row
4,6,Wine Grapes (Red),6023,Cabernet Franc,11666,100,0.5,2,data_row
4,6,Wine Grapes (Red),6023,Cabernet Franc,11712.57,100,58.1,2,data_row
4,6,Wine Grapes (Red),6023,Cabernet Franc,11712.57,17800,1.8,2,data_row
4,6,Wine Grapes (Red),6023,Cabernet Franc,11712.57,23500,3.7,2,data_row
4,6,Wine Grapes (Red),6023,Cabernet Franc,11712.57,25100,2.5,2,data_row
4,6,Wine Grapes (Red),6023,Cabernet Franc,11713,21200,3.2,2,data_row
4,6,Wine Grapes (Red),6023,Cabernet Franc,11765.96,100,4.1,2,data_row
4,6,Wine Grapes (Red),6023,Cabernet Franc,11839,100,28.9,2,data_row
4,6,Wine Grapes (Red),6023,Cabernet Franc,11896.75,100,5.7,2,data_row
4,6,Wine Grapes (Red),6023,Cabernet Franc,11899,25400,3,2,data_row
4,6,Wine Grapes (Red),6023,Cabernet Franc,11984.93,100,2.1,2,data_row
4,6,Wine Grapes (Red),6023,Cabernet Franc,12000,100,18.5,2,data_row
4,6,Wine Grapes (Red),6023,Cabernet Franc,12029,100,5.3,2,data_row
4,6,Wine Grapes (Red),6023,Cabernet Franc,12061.67,100,2.3,2,data_row
4,6,Wine Grapes (Red),6023,Cabernet Franc,12238.81,100,6.7,2,data_row
4,6,Wine Grapes (Red),6023,Cabernet Franc,12304.44,100,18.1,2,data_row
4,6,Wine Grapes (Red),6023,Cabernet Franc,12321.94,2600,7.8,2,data_row
4,6,Wine Grapes (Red),6023,Cabernet Franc,12500,100,14,2,data_row
4,6,Wine Grapes (Red),6023,Cabernet Franc,12500,17400,1.5,2,data_row
4,6,Wine Grapes (Red),6023,Cabernet Franc,12500,25300,3.7,2,data_row
4,6,Wine Grapes (Red),6023,Cabernet Franc,12544.69,100,28,2,data_row
4,6,Wine Grapes (Red),6023,Cabernet Franc,12545,100,7.3,2,data_row
4,6,Wine Grapes (Red),6023,Cabernet Franc,12600,100,2.7,2,data_row
4,6,Wine Grapes (Red),6023,Cabernet Franc,12856.71,100,3,2,data_row
4,6,Wine Grapes (Red),6023,Cabernet Franc,12883.83,100,5.3,2,data_row
4,6,Wine Grapes (Red),6023,Cabernet Franc,12900,100,2.5,2,data_row
4,6,Wine Grapes (Red),6023,Cabernet Franc,13000,100,0.3,2,data_row
4,6,Wine Grapes (Red),6023,Cabernet Franc,13000,21200,1,2,data_row
4,6,Wine Grapes (Red),6023,Cabernet Franc,13143.08,100,6.7,2,data_row
4,6,Wine Grapes (Red),6023,Cabernet Franc,13242,100,6.1,2,data_row
4,6,Wine Grapes (Red),6023,Cabernet Franc,13250,24500,4.1,2,data_row
4,6,Wine Grapes (Red),6023,Cabernet Franc,13443.66,28100,2.4,2,data_row
4,6,Wine Grapes (Red),6023,Cabernet Franc,13498.36,100,8,2,data_row
4,6,Wine Grapes (Red),6023,Cabernet Franc,13500,100,8.3,2,data_row
4,6,Wine Grapes (Red),6023,Cabernet Franc,13520,100,3.8,2,data_row
4,6,Wine Grapes (Red),6023,Cabernet Franc,14000,100,9,2,data_row
4,6,Wine Grapes (Red),6023,Cabernet Franc,14111.1,100,23.7,2,data_row
4,6,Wine Grapes (Red),6023,Cabernet Franc,14165,100,1.7,2,data_row
4,6,Wine Grapes (Red),6023,Cabernet Franc,14165,21200,3.2,2,data_row
4,6,Wine Grapes (Red),6023,Cabernet Franc,14264,100,2.9,2,data_row
4,6,Wine Grapes (Red),6023,Cabernet Franc,14500,100,1.9,2,data_row
4,6,Wine Grapes (Red),6023,Cabernet Franc,14520,100,2.9,2,data_row
4,6,Wine Grapes (Red),6023,Cabernet Franc,14539.56,100,7.4,2,data_row
4,6,Wine Grapes (Red),6023,Cabernet Franc,14745.69,100,2.8,2,data_row
4,6,Wine Grapes (Red),6023,Cabernet Franc,15072.07,21000,5.2,2,data_row
4,6,Wine Grapes (Red),6023,Cabernet Franc,15250,100,9.3,2,data_row
4,6,Wine Grapes (Red),6023,Cabernet Franc,16000,100,9.7,2,data_row
4,6,Wine Grapes (Red),6023,Cabernet Franc,16666.67,100,3.2,2,data_row
4,6,Wine Grapes (Red),6023,Cabernet Franc,16918.65,100,4.1,2,data_row
4,6,Wine Grapes (Red),6023,Cabernet Franc,17597.37,100,1.1,2,data_row
4,6,Wine Grapes (Red),6023,Cabernet Franc,17830,100,0.9,2,data_row
4,6,Wine Grapes (Red),6023,Cabernet Franc,17850,100,2.8,2,data_row
4,6,Wine Grapes (Red),6023,Cabernet Franc,18000,100,7.8,2,data_row
4,6,Wine Grapes (Red),6023,Cabernet Franc,18056,100,0.6,2,data_row
4,6,Wine Grapes (Red),6023,Cabernet Franc,18190,100,2.6,2,data_row
4,6,Wine Grapes (Red),6023,Cabernet Franc,18978,100,3,2,data_row
4,6,Wine Grapes (Red),6023,Cabernet Franc,19081.19,100,0.3,2,data_row
4,6,Wine Grapes (Red),6023,Cabernet Franc,19250,23500,3.8,2,data_row
4,6,Wine Grapes (Red),6023,Cabernet Franc,19750,100,2.2,2,data_row
4,6,Wine Grapes (Red),6023,Cabernet Franc,19945,100,6,2,data_row
4,6,Wine Grapes (Red),6023,Cabernet Franc,20000,100,31.2,2,data_row
4,6,Wine Grapes (Red),6023,Cabernet Franc,20300,17400,1.8,2,data_row
4,6,Wine Grapes (Red),6023,Cabernet Franc,22206.04,100,11.7,2,data_row
4,6,Wine Grapes (Red),6023,Cabernet Franc,22500,100,1.6,2,data_row
4,6,Wine Grapes (Red),6023,Cabernet Franc,24000,100,8.1,2,data_row
4,6,Wine Grapes (Red),6023,Cabernet Franc,25000,100,20.4,2,data_row
4,6,Wine Grapes (Red),6023,Cabernet Franc,30000,100,2.7,2,data_row
4,6,Wine Grapes (Red),6023,Cabernet Franc,32500,100,8.7,2,data_row
4,6,Wine Grapes (Red),6023,Cabernet Franc,33566.8,27100,36.3,2,data_row
4,6,Wine Grapes (Red),6023,Cabernet Franc,44479.56,100,4.2,2,data_row
4,6,Wine Grapes (Red),6023,Cabernet Franc,50000,100,17.4,2,data_row
4,6,Wine Grapes (Red),6023,Cabernet Franc,52500,100,7.2,2,data_row
4,6,Wine Grapes (Red),6023,Cabernet Franc,11058.16,,1560.7,3,summary_row
4,6,Wine Grapes (Red),6024,Cabernet Sauvignon,100,24800,20,2,data_row
4,6,Wine Grapes (Red),6024,Cabernet Sauvignon,200,100,65.6,2,data_row
4,6,Wine Grapes (Red),6024,Cabernet Sauvignon,250,100,2.9,2,data_row
4,6,Wine Grapes (Red),6024,Cabernet Sauvignon,375,100,2.1,2,data_row
4,6,Wine Grapes (Red),6024,Cabernet Sauvignon,400,100,193.2,2,data_row
4,6,Wine Grapes (Red),6024,Cabernet Sauvignon,400,17200,47.6,2,data_row
4,6,Wine Grapes (Red),6024,Cabernet Sauvignon,500,100,148.8,2,data_row
4,6,Wine Grapes (Red),6024,Cabernet Sauvignon,500,25300,39.3,2,data_row
4,6,Wine Grapes (Red),6024,Cabernet Sauvignon,550,22900,89.6,2,data_row
4,6,Wine Grapes (Red),6024,Cabernet Sauvignon,560,100,20.5,2,data_row
4,6,Wine Grapes (Red),6024,Cabernet Sauvignon,600,100,23.2,2,data_row
4,6,Wine Grapes (Red),6024,Cabernet Sauvignon,650,22900,22.1,2,data_row
4,6,Wine Grapes (Red),6024,Cabernet Sauvignon,700,100,120.5,2,data_row
4,6,Wine Grapes (Red),6024,Cabernet Sauvignon,700,28100,2.2,2,data_row
4,6,Wine Grapes (Red),6024,Cabernet Sauvignon,750,100,45.6,2,data_row
4,6,Wine Grapes (Red),6024,Cabernet Sauvignon,800,100,172.6,2,data_row
4,6,Wine Grapes (Red),6024,Cabernet Sauvignon,858.5,52025,44.9,2,data_row
4,6,Wine Grapes (Red),6024,Cabernet Sauvignon,876,100,13.6,2,data_row
4,6,Wine Grapes (Red),6024,Cabernet Sauvignon,900,100,1373.8,2,data_row
4,6,Wine Grapes (Red),6024,Cabernet Sauvignon,921.84,100,16.4,2,data_row
4,6,Wine Grapes (Red),6024,Cabernet Sauvignon,1000,100,759.4,2,data_row
4,6,Wine Grapes (Red),6024,Cabernet Sauvignon,1000,17800,26.4,2,data_row
4,6,Wine Grapes (Red),6024,Cabernet Sauvignon,1000,21000,18.6,2,data_row
4,6,Wine Grapes (Red),6024,Cabernet Sauvignon,1000,21500,48.3,2,data_row
4,6,Wine Grapes (Red),6024,Cabernet Sauvignon,1000,24800,2.2,2,data_row
4,6,Wine Grapes (Red),6024,Cabernet Sauvignon,1010,100,40.6,2,data_row
4,6,Wine Grapes (Red),6024,Cabernet Sauvignon,1200,100,1042.3,2,data_row
4,6,Wine Grapes (Red),6024,Cabernet Sauvignon,1200,2300,91.3,2,data_row
4,6,Wine Grapes (Red),6024,Cabernet Sauvignon,1250,100,338,2,data_row
4,6,Wine Grapes (Red),6024,Cabernet Sauvignon,1257.55,100,15.9,2,data_row
4,6,Wine Grapes (Red),6024,Cabernet Sauvignon,1300,100,20.5,2,data_row
4,6,Wine Grapes (Red),6024,Cabernet Sauvignon,1400,100,63,2,data_row
4,6,Wine Grapes (Red),6024,Cabernet Sauvignon,1400,24500,2.3,2,data_row
4,6,Wine Grapes (Red),6024,Cabernet Sauvignon,1500,100,108.9,2,data_row
4,6,Wine Grapes (Red),6024,Cabernet Sauvignon,1500,17600,4.5,2,data_row
4,6,Wine Grapes (Red),6024,Cabernet Sauvignon,1550,100,21.7,2,data_row
4,6,Wine Grapes (Red),6024,Cabernet Sauvignon,1666.67,24800,3.2,2,data_row
4,6,Wine Grapes (Red),6024,Cabernet Sauvignon,1695,100,5.9,2,data_row
4,6,Wine Grapes (Red),6024,Cabernet Sauvignon,1750,100,318.6,2,data_row
4,6,Wine Grapes (Red),6024,Cabernet Sauvignon,1800,100,219.5,2,data_row
4,6,Wine Grapes (Red),6024,Cabernet Sauvignon,2000,100,434.4,2,data_row
4,6,Wine Grapes (Red),6024,Cabernet Sauvignon,2000,11300,4,2,data_row
4,6,Wine Grapes (Red),6024,Cabernet Sauvignon,2000,21200,6.5,2,data_row
4,6,Wine Grapes (Red),6024,Cabernet Sauvignon,2000,24800,290.6,2,data_row
4,6,Wine Grapes (Red),6024,Cabernet Sauvignon,2250,100,694.5,2,data_row
4,6,Wine Grapes (Red),6024,Cabernet Sauvignon,2300,100,6.1,2,data_row
4,6,Wine Grapes (Red),6024,Cabernet Sauvignon,2400,100,5.1,2,data_row
4,6,Wine Grapes (Red),6024,Cabernet Sauvignon,2437.39,100,69,2,data_row
4,6,Wine Grapes (Red),6024,Cabernet Sauvignon,2500,100,324.6,2,data_row
4,6,Wine Grapes (Red),6024,Cabernet Sauvignon,2500,1800,2.8,2,data_row
4,6,Wine Grapes (Red),6024,Cabernet Sauvignon,2500,13600,1,2,data_row
4,6,Wine Grapes (Red),6024,Cabernet Sauvignon,2500,14000,17.9,2,data_row
4,6,Wine Grapes (Red),6024,Cabernet Sauvignon,2500,17400,115.2,2,data_row
4,6,Wine Grapes (Red),6024,Cabernet Sauvignon,2500,21200,1.4,2,data_row
4,6,Wine Grapes (Red),6024,Cabernet Sauvignon,2500,24300,1.8,2,data_row
4,6,Wine Grapes (Red),6024,Cabernet Sauvignon,2500,28000,4.5,2,data_row
4,6,Wine Grapes (Red),6024,Cabernet Sauvignon,2508.68,100,133.3,2,data_row
4,6,Wine Grapes (Red),6024,Cabernet Sauvignon,2594.41,24800,1.7,2,data_row
4,6,Wine Grapes (Red),6024,Cabernet Sauvignon,2650,100,8.5,2,data_row
4,6,Wine Grapes (Red),6024,Cabernet Sauvignon,2657,100,0.9,2,data_row
4,6,Wine Grapes (Red),6024,Cabernet Sauvignon,2667,100,6.1,2,data_row
4,6,Wine Grapes (Red),6024,Cabernet Sauvignon,2725.72,100,217.2,2,data_row
4,6,Wine Grapes (Red),6024,Cabernet Sauvignon,2792.86,100,4.2,2,data_row
4,6,Wine Grapes (Red),6024,Cabernet Sauvignon,2850,100,3.3,2,data_row
4,6,Wine Grapes (Red),6024,Cabernet Sauvignon,3000,100,469.5,2,data_row
4,6,Wine Grapes (Red),6024,Cabernet Sauvignon,3000,2600,67.7,2,data_row
4,6,Wine Grapes (Red),6024,Cabernet Sauvignon,3000,17200,112.8,2,data_row
4,6,Wine Grapes (Red),6024,Cabernet Sauvignon,3000,20800,3.1,2,data_row
4,6,Wine Grapes (Red),6024,Cabernet Sauvignon,3000,20900,7.5,2,data_row
4,6,Wine Grapes (Red),6024,Cabernet Sauvignon,3000,24300,2.2,2,data_row
4,6,Wine Grapes (Red),6024,Cabernet Sauvignon,3181.69,100,3,2,data_row
4,6,Wine Grapes (Red),6024,Cabernet Sauvignon,3182,100,2,2,data_row
4,6,Wine Grapes (Red),6024,Cabernet Sauvignon,3200,100,116.3,2,data_row
4,6,Wine Grapes (Red),6024,Cabernet Sauvignon,3200,17200,13,2,data_row
4,6,Wine Grapes (Red),6024,Cabernet Sauvignon,3250,20900,1.1,2,data_row
4,6,Wine Grapes (Red),6024,Cabernet Sauvignon,3411.49,100,184.6,2,data_row
4,6,Wine Grapes (Red),6024,Cabernet Sauvignon,3500,100,196.8,2,data_row
4,6,Wine Grapes (Red),6024,Cabernet Sauvignon,3500,13600,0.9,2,data_row
4,6,Wine Grapes (Red),6024,Cabernet Sauvignon,3500,20900,1.2,2,data_row
4,6,Wine Grapes (Red),6024,Cabernet Sauvignon,3500,21000,90.2,2,data_row
4,6,Wine Grapes (Red),6024,Cabernet Sauvignon,3500,21500,179.7,2,data_row
4,6,Wine Grapes (Red),6024,Cabernet Sauvignon,3750,100,4.2,2,data_row
4,6,Wine Grapes (Red),6024,Cabernet Sauvignon,3767.69,100,60.4,2,data_row
4,6,Wine Grapes (Red),6024,Cabernet Sauvignon,3800,100,5.4,2,data_row
4,6,Wine Grapes (Red),6024,Cabernet Sauvignon,3857.14,100,1.4,2,data_row
4,6,Wine Grapes (Red),6024,Cabernet Sauvignon,4000,100,170.3,2,data_row
4,6,Wine Grapes (Red),6024,Cabernet Sauvignon,4000,17400,59.8,2,data_row
4,6,Wine Grapes (Red),6024,Cabernet Sauvignon,4000,17800,10.1,2,data_row
4,6,Wine Grapes (Red),6024,Cabernet Sauvignon,4000,19100,12.1,2,data_row
4,6,Wine Grapes (Red),6024,Cabernet Sauvignon,4000,24300,4.5,2,data_row
4,6,Wine Grapes (Red),6024,Cabernet Sauvignon,4000,24500,7.9,2,data_row
4,6,Wine Grapes (Red),6024,Cabernet Sauvignon,4000,24800,77.1,2,data_row
4,6,Wine Grapes (Red),6024,Cabernet Sauvignon,4200,100,68.1,2,data_row
4,6,Wine Grapes (Red),6024,Cabernet Sauvignon,4250,100,0.6,2,data_row
4,6,Wine Grapes (Red),6024,Cabernet Sauvignon,4300,100,0.6,2,data_row
4,6,Wine Grapes (Red),6024,Cabernet Sauvignon,4304.18,100,20.6,2,data_row
4,6,Wine Grapes (Red),6024,Cabernet Sauvignon,4481.8,100,5,2,data_row
4,6,Wine Grapes (Red),6024,Cabernet Sauvignon,4500,100,109.7,2,data_row
4,6,Wine Grapes (Red),6024,Cabernet Sauvignon,4500,17400,43.1,2,data_row
4,6,Wine Grapes (Red),6024,Cabernet Sauvignon,4500,17600,54.1,2,data_row
4,6,Wine Grapes (Red),6024,Cabernet Sauvignon,4500,21000,153.4,2,data_row
4,6,Wine Grapes (Red),6024,Cabernet Sauvignon,4517,25100,38.4,2,data_row
4,6,Wine Grapes (Red),6024,Cabernet Sauvignon,4545.5,3100,2.4,2,data_row
4,6,Wine Grapes (Red),6024,Cabernet Sauvignon,4555,100,8.6,2,data_row
4,6,Wine Grapes (Red),6024,Cabernet Sauvignon,4600,17400,5,2,data_row
4,6,Wine Grapes (Red),6024,Cabernet Sauvignon,4636,100,4.2,2,data_row
4,6,Wine Grapes (Red),6024,Cabernet Sauvignon,4700,100,7,2,data_row
4,6,Wine Grapes (Red),6024,Cabernet Sauvignon,4750,17800,47.7,2,data_row
4,6,Wine Grapes (Red),6024,Cabernet Sauvignon,4800,100,6.7,2,data_row
4,6,Wine Grapes (Red),6024,Cabernet Sauvignon,4894,24500,5.8,2,data_row
4,6,Wine Grapes (Red),6024,Cabernet Sauvignon,4922.74,100,11,2,data_row
4,6,Wine Grapes (Red),6024,Cabernet Sauvignon,5000,100,1226.7,2,data_row
4,6,Wine Grapes (Red),6024,Cabernet Sauvignon,5000,14000,29.9,2,data_row
4,6,Wine Grapes (Red),6024,Cabernet Sauvignon,5000,17900,44.4,2,data_row
4,6,Wine Grapes (Red),6024,Cabernet Sauvignon,5000,21500,12.3,2,data_row
4,6,Wine Grapes (Red),6024,Cabernet Sauvignon,5000,24500,1.8,2,data_row
4,6,Wine Grapes (Red),6024,Cabernet Sauvignon,5000,24800,17.6,2,data_row
4,6,Wine Grapes (Red),6024,Cabernet Sauvignon,5000,25300,8.4,2,data_row
4,6,Wine Grapes (Red),6024,Cabernet Sauvignon,5035.97,100,13.3,2,data_row
4,6,Wine Grapes (Red),6024,Cabernet Sauvignon,5121.6,100,191.6,2,data_row
4,6,Wine Grapes (Red),6024,Cabernet Sauvignon,5164.1,100,10.4,2,data_row
4,6,Wine Grapes (Red),6024,Cabernet Sauvignon,5250,100,9.3,2,data_row
4,6,Wine Grapes (Red),6024,Cabernet Sauvignon,5445,100,25,2,data_row
4,6,Wine Grapes (Red),6024,Cabernet Sauvignon,5446.67,100,30,2,data_row
4,6,Wine Grapes (Red),6024,Cabernet Sauvignon,5500,100,512.6,2,data_row
4,6,Wine Grapes (Red),6024,Cabernet Sauvignon,5500,21200,2.6,2,data_row
4,6,Wine Grapes (Red),6024,Cabernet Sauvignon,5500,24500,5.6,2,data_row
4,6,Wine Grapes (Red),6024,Cabernet Sauvignon,5500,24800,72.5,2,data_row
4,6,Wine Grapes (Red),6024,Cabernet Sauvignon,5600,100,310.6,2,data_row
4,6,Wine Grapes (Red),6024,Cabernet Sauvignon,5750,100,26.7,2,data_row
4,6,Wine Grapes (Red),6024,Cabernet Sauvignon,5750,17900,45.9,2,data_row
4,6,Wine Grapes (Red),6024,Cabernet Sauvignon,5766.5,100,1.7,2,data_row
4,6,Wine Grapes (Red),6024,Cabernet Sauvignon,5800,100,115.1,2,data_row
4,6,Wine Grapes (Red),6024,Cabernet Sauvignon,5804.92,100,10.1,2,data_row
4,6,Wine Grapes (Red),6024,Cabernet Sauvignon,5817,3200,35.6,2,data_row
4,6,Wine Grapes (Red),6024,Cabernet Sauvignon,5834.95,100,45.8,2,data_row
4,6,Wine Grapes (Red),6024,Cabernet Sauvignon,5880,100,21.5,2,data_row
4,6,Wine Grapes (Red),6024,Cabernet Sauvignon,5923.36,100,8.6,2,data_row
4,6,Wine Grapes (Red),6024,Cabernet Sauvignon,6000,100,1450.1,2,data_row
4,6,Wine Grapes (Red),6024,Cabernet Sauvignon,6000,11300,5.3,2,data_row
4,6,Wine Grapes (Red),6024,Cabernet Sauvignon,6000,13600,5.5,2,data_row
4,6,Wine Grapes (Red),6024,Cabernet Sauvignon,6000,21200,77.2,2,data_row
4,6,Wine Grapes (Red),6024,Cabernet Sauvignon,6000,25100,3.4,2,data_row
4,6,Wine Grapes (Red),6024,Cabernet Sauvignon,6014,17800,70.1,2,data_row
4,6,Wine Grapes (Red),6024,Cabernet Sauvignon,6086.02,100,10.1,2,data_row
4,6,Wine Grapes (Red),6024,Cabernet Sauvignon,6175.02,100,5.7,2,data_row
4,6,Wine Grapes (Red),6024,Cabernet Sauvignon,6200,100,1231.7,2,data_row
4,6,Wine Grapes (Red),6024,Cabernet Sauvignon,6284.92,100,1.9,2,data_row
4,6,Wine Grapes (Red),6024,Cabernet Sauvignon,6427.93,100,7.8,2,data_row
4,6,Wine Grapes (Red),6024,Cabernet Sauvignon,6452,100,90.9,2,data_row
4,6,Wine Grapes (Red),6024,Cabernet Sauvignon,6471.49,100,45.2,2,data_row
4,6,Wine Grapes (Red),6024,Cabernet Sauvignon,6490.9,3100,12.8,2,data_row
4,6,Wine Grapes (Red),6024,Cabernet Sauvignon,6500,100,656.9,2,data_row
4,6,Wine Grapes (Red),6024,Cabernet Sauvignon,6500,21500,59.1,2,data_row
4,6,Wine Grapes (Red),6024,Cabernet Sauvignon,6500,24500,5.6,2,data_row
4,6,Wine Grapes (Red),6024,Cabernet Sauvignon,6500,24800,17.6,2,data_row
4,6,Wine Grapes (Red),6024,Cabernet Sauvignon,6537.29,100,72.3,2,data_row
4,6,Wine Grapes (Red),6024,Cabernet Sauvignon,6600,100,47.7,2,data_row
4,6,Wine Grapes (Red),6024,Cabernet Sauvignon,6650,100,11.5,2,data_row
4,6,Wine Grapes (Red),6024,Cabernet Sauvignon,6666,21200,3,2,data_row
4,6,Wine Grapes (Red),6024,Cabernet Sauvignon,6697.03,100,9.3,2,data_row
4,6,Wine Grapes (Red),6024,Cabernet Sauvignon,6698.88,17900,50.1,2,data_row
4,6,Wine Grapes (Red),6024,Cabernet Sauvignon,6750,100,6.6,2,data_row
4,6,Wine Grapes (Red),6024,Cabernet Sauvignon,6766.37,17900,129.9,2,data_row
4,6,Wine Grapes (Red),6024,Cabernet Sauvignon,6784.03,17900,60.4,2,data_row
4,6,Wine Grapes (Red),6024,Cabernet Sauvignon,6877,21500,41.4,2,data_row
4,6,Wine Grapes (Red),6024,Cabernet Sauvignon,6900,100,2,2,data_row
4,6,Wine Grapes (Red),6024,Cabernet Sauvignon,6900,17400,2,2,data_row
4,6,Wine Grapes (Red),6024,Cabernet Sauvignon,6959.66,100,37.1,2,data_row
4,6,Wine Grapes (Red),6024,Cabernet Sauvignon,6998.86,100,25.8,2,data_row
4,6,Wine Grapes (Red),6024,Cabernet Sauvignon,7000,100,321,2,data_row
4,6,Wine Grapes (Red),6024,Cabernet Sauvignon,7000,17900,8.6,2,data_row
4,6,Wine Grapes (Red),6024,Cabernet Sauvignon,7000,19400,17.1,2,data_row
4,6,Wine Grapes (Red),6024,Cabernet Sauvignon,7000,24500,1,2,data_row
4,6,Wine Grapes (Red),6024,Cabernet Sauvignon,7000,24800,20.3,2,data_row
4,6,Wine Grapes (Red),6024,Cabernet Sauvignon,7017,3200,33.2,2,data_row
4,6,Wine Grapes (Red),6024,Cabernet Sauvignon,7200,100,95,2,data_row
4,6,Wine Grapes (Red),6024,Cabernet Sauvignon,7200,13800,2.5,2,data_row
4,6,Wine Grapes (Red),6024,Cabernet Sauvignon,7208.89,100,1.2,2,data_row
4,6,Wine Grapes (Red),6024,Cabernet Sauvignon,7231.8,100,5.6,2,data_row
4,6,Wine Grapes (Red),6024,Cabernet Sauvignon,7240.26,100,26.3,2,data_row
4,6,Wine Grapes (Red),6024,Cabernet Sauvignon,7250,100,44.2,2,data_row
4,6,Wine Grapes (Red),6024,Cabernet Sauvignon,7250,24800,30.3,2,data_row
4,6,Wine Grapes (Red),6024,Cabernet Sauvignon,7300,11500,11,2,data_row
4,6,Wine Grapes (Red),6024,Cabernet Sauvignon,7400,100,44.9,2,data_row
4,6,Wine Grapes (Red),6024,Cabernet Sauvignon,7400,24800,43.8,2,data_row
4,6,Wine Grapes (Red),6024,Cabernet Sauvignon,7497.59,100,224.7,2,data_row
4,6,Wine Grapes (Red),6024,Cabernet Sauvignon,7499,100,51.4,2,data_row
4,6,Wine Grapes (Red),6024,Cabernet Sauvignon,7500,100,1554.8,2,data_row
4,6,Wine Grapes (Red),6024,Cabernet Sauvignon,7500,3100,19.4,2,data_row
4,6,Wine Grapes (Red),6024,Cabernet Sauvignon,7500,20800,401,2,data_row
4,6,Wine Grapes (Red),6024,Cabernet Sauvignon,7500,21500,9.7,2,data_row
4,6,Wine Grapes (Red),6024,Cabernet Sauvignon,7500,24500,15.4,2,data_row
4,6,Wine Grapes (Red),6024,Cabernet Sauvignon,7500,24800,276.4,2,data_row
4,6,Wine Grapes (Red),6024,Cabernet Sauvignon,7552.97,100,24.1,2,data_row
4,6,Wine Grapes (Red),6024,Cabernet Sauvignon,7556.26,17900,49,2,data_row
4,6,Wine Grapes (Red),6024,Cabernet Sauvignon,7560,100,30.8,2,data_row
4,6,Wine Grapes (Red),6024,Cabernet Sauvignon,7576,100,7.2,2,data_row
4,6,Wine Grapes (Red),6024,Cabernet Sauvignon,7600,100,2.6,2,data_row
4,6,Wine Grapes (Red),6024,Cabernet Sauvignon,7639.29,100,36.9,2,data_row
4,6,Wine Grapes (Red),6024,Cabernet Sauvignon,7750,100,5.4,2,data_row
4,6,Wine Grapes (Red),6024,Cabernet Sauvignon,7750,25300,10.3,2,data_row
4,6,Wine Grapes (Red),6024,Cabernet Sauvignon,7772.11,100,60.1,2,data_row
4,6,Wine Grapes (Red),6024,Cabernet Sauvignon,7775,100,5.9,2,data_row
4,6,Wine Grapes (Red),6024,Cabernet Sauvignon,7782,100,43.9,2,data_row
4,6,Wine Grapes (Red),6024,Cabernet Sauvignon,7798,25300,5.1,2,data_row
4,6,Wine Grapes (Red),6024,Cabernet Sauvignon,7800,100,83.3,2,data_row
4,6,Wine Grapes (Red),6024,Cabernet Sauvignon,7854,100,3.1,2,data_row
4,6,Wine Grapes (Red),6024,Cabernet Sauvignon,7872,100,35.4,2,data_row
4,6,Wine Grapes (Red),6024,Cabernet Sauvignon,7872.96,100,24.9,2,data_row
4,6,Wine Grapes (Red),6024,Cabernet Sauvignon,7875,23400,20.3,2,data_row
4,6,Wine Grapes (Red),6024,Cabernet Sauvignon,7900,100,4,2,data_row
4,6,Wine Grapes (Red),6024,Cabernet Sauvignon,7920,100,16.2,2,data_row
4,6,Wine Grapes (Red),6024,Cabernet Sauvignon,7987.5,100,19.8,2,data_row
4,6,Wine Grapes (Red),6024,Cabernet Sauvignon,8000,100,450.2,2,data_row
4,6,Wine Grapes (Red),6024,Cabernet Sauvignon,8000,2600,2.8,2,data_row
4,6,Wine Grapes (Red),6024,Cabernet Sauvignon,8000,14100,2.6,2,data_row
4,6,Wine Grapes (Red),6024,Cabernet Sauvignon,8000,17900,17.2,2,data_row
4,6,Wine Grapes (Red),6024,Cabernet Sauvignon,8000,24500,4.4,2,data_row
4,6,Wine Grapes (Red),6024,Cabernet Sauvignon,8000,24800,43.7,2,data_row
4,6,Wine Grapes (Red),6024,Cabernet Sauvignon,8000,25100,1.2,2,data_row
4,6,Wine Grapes (Red),6024,Cabernet Sauvignon,8066.29,100,22,2,data_row
4,6,Wine Grapes (Red),6024,Cabernet Sauvignon,8089.62,100,14.2,2,data_row
4,6,Wine Grapes (Red),6024,Cabernet Sauvignon,8100,100,95.7,2,data_row
4,6,Wine Grapes (Red),6024,Cabernet Sauvignon,8125.09,100,136.2,2,data_row
4,6,Wine Grapes (Red),6024,Cabernet Sauvignon,8139.65,21500,234.1,2,data_row
4,6,Wine Grapes (Red),6024,Cabernet Sauvignon,8196.92,100,60.6,2,data_row
4,6,Wine Grapes (Red),6024,Cabernet Sauvignon,8200,100,7.2,2,data_row
4,6,Wine Grapes (Red),6024,Cabernet Sauvignon,8200,24800,3,2,data_row
4,6,Wine Grapes (Red),6024,Cabernet Sauvignon,8202.85,100,13.7,2,data_row
4,6,Wine Grapes (Red),6024,Cabernet Sauvignon,8230,100,3.4,2,data_row
4,6,Wine Grapes (Red),6024,Cabernet Sauvignon,8230.81,100,4.3,2,data_row
4,6,Wine Grapes (Red),6024,Cabernet Sauvignon,8250,100,30.6,2,data_row
4,6,Wine Grapes (Red),6024,Cabernet Sauvignon,8250,24800,105.4,2,data_row
4,6,Wine Grapes (Red),6024,Cabernet Sauvignon,8300,100,7,2,data_row
4,6,Wine Grapes (Red),6024,Cabernet Sauvignon,8300,24800,23.6,2,data_row
4,6,Wine Grapes (Red),6024,Cabernet Sauvignon,8321,100,6.2,2,data_row
4,6,Wine Grapes (Red),6024,Cabernet Sauvignon,8323.2,100,13.3,2,data_row
4,6,Wine Grapes (Red),6024,Cabernet Sauvignon,8333.43,100,50.1,2,data_row
4,6,Wine Grapes (Red),6024,Cabernet Sauvignon,8333.43,24800,7.7,2,data_row
4,6,Wine Grapes (Red),6024,Cabernet Sauvignon,8381.85,100,11.8,2,data_row
4,6,Wine Grapes (Red),6024,Cabernet Sauvignon,8423,100,4.6,2,data_row
4,6,Wine Grapes (Red),6024,Cabernet Sauvignon,8425,100,56.9,2,data_row
4,6,Wine Grapes (Red),6024,Cabernet Sauvignon,8463.91,100,5.3,2,data_row
4,6,Wine Grapes (Red),6024,Cabernet Sauvignon,8482.36,24500,1.8,2,data_row
4,6,Wine Grapes (Red),6024,Cabernet Sauvignon,8500,100,281.2,2,data_row
4,6,Wine Grapes (Red),6024,Cabernet Sauvignon,8500,17900,25,2,data_row
4,6,Wine Grapes (Red),6024,Cabernet Sauvignon,8500,24800,6.1,2,data_row
4,6,Wine Grapes (Red),6024,Cabernet Sauvignon,8500,25100,53,2,data_row
4,6,Wine Grapes (Red),6024,Cabernet Sauvignon,8517.6,100,53.6,2,data_row
4,6,Wine Grapes (Red),6024,Cabernet Sauvignon,8550,100,43.5,2,data_row
4,6,Wine Grapes (Red),6024,Cabernet Sauvignon,8568.3,24800,13.8,2,data_row
4,6,Wine Grapes (Red),6024,Cabernet Sauvignon,8600,100,10,2,data_row
4,6,Wine Grapes (Red),6024,Cabernet Sauvignon,8602.43,100,23.6,2,data_row
4,6,Wine Grapes (Red),6024,Cabernet Sauvignon,8622,100,126.9,2,data_row
4,6,Wine Grapes (Red),6024,Cabernet Sauvignon,8666.09,17900,40.5,2,data_row
4,6,Wine Grapes (Red),6024,Cabernet Sauvignon,8670.3,24800,18.1,2,data_row
4,6,Wine Grapes (Red),6024,Cabernet Sauvignon,8691.43,100,56.2,2,data_row
4,6,Wine Grapes (Red),6024,Cabernet Sauvignon,8692.15,100,4.8,2,data_row
4,6,Wine Grapes (Red),6024,Cabernet Sauvignon,8699.38,100,3.3,2,data_row
4,6,Wine Grapes (Red),6024,Cabernet Sauvignon,8741,100,3.6,2,data_row
4,6,Wine Grapes (Red),6024,Cabernet Sauvignon,8742,100,63.6,2,data_row
4,6,Wine Grapes (Red),6024,Cabernet Sauvignon,8749.82,100,22.9,2,data_row
4,6,Wine Grapes (Red),6024,Cabernet Sauvignon,8750,17900,98,2,data_row
4,6,Wine Grapes (Red),6024,Cabernet Sauvignon,8755,100,1.9,2,data_row
4,6,Wine Grapes (Red),6024,Cabernet Sauvignon,8775,14000,8,2,data_row
4,6,Wine Grapes (Red),6024,Cabernet Sauvignon,8800,13600,3.9,2,data_row
4,6,Wine Grapes (Red),6024,Cabernet Sauvignon,8800,24800,14.8,2,data_row
4,6,Wine Grapes (Red),6024,Cabernet Sauvignon,8838.43,100,28.5,2,data_row
4,6,Wine Grapes (Red),6024,Cabernet Sauvignon,8850,17900,30,2,data_row
4,6,Wine Grapes (Red),6024,Cabernet Sauvignon,8854.19,100,37.2,2,data_row
4,6,Wine Grapes (Red),6024,Cabernet Sauvignon,8875.13,100,49.5,2,data_row
4,6,Wine Grapes (Red),6024,Cabernet Sauvignon,8900,100,30.8,2,data_row
4,6,Wine Grapes (Red),6024,Cabernet Sauvignon,8903.75,100,39.6,2,data_row
4,6,Wine Grapes (Red),6024,Cabernet Sauvignon,8977.21,100,10.9,2,data_row
4,6,Wine Grapes (Red),6024,Cabernet Sauvignon,8980,100,4.1,2,data_row
4,6,Wine Grapes (Red),6024,Cabernet Sauvignon,8981.09,100,20.6,2,data_row
4,6,Wine Grapes (Red),6024,Cabernet Sauvignon,8997,100,223.9,2,data_row
4,6,Wine Grapes (Red),6024,Cabernet Sauvignon,9000,100,725.6,2,data_row
4,6,Wine Grapes (Red),6024,Cabernet Sauvignon,9000,14000,12,2,data_row
4,6,Wine Grapes (Red),6024,Cabernet Sauvignon,9000,17900,44,2,data_row
4,6,Wine Grapes (Red),6024,Cabernet Sauvignon,9000,22270,66.7,2,data_row
4,6,Wine Grapes (Red),6024,Cabernet Sauvignon,9000,23500,2,2,data_row
4,6,Wine Grapes (Red),6024,Cabernet Sauvignon,9000,25100,10.1,2,data_row
4,6,Wine Grapes (Red),6024,Cabernet Sauvignon,9000,27800,9,2,data_row
4,6,Wine Grapes (Red),6024,Cabernet Sauvignon,9017.69,100,23.9,2,data_row
4,6,Wine Grapes (Red),6024,Cabernet Sauvignon,9020,100,4.8,2,data_row
4,6,Wine Grapes (Red),6024,Cabernet Sauvignon,9035,100,1.7,2,data_row
4,6,Wine Grapes (Red),6024,Cabernet Sauvignon,9050.32,100,169.8,2,data_row
4,6,Wine Grapes (Red),6024,Cabernet Sauvignon,9051.4,100,9.3,2,data_row
4,6,Wine Grapes (Red),6024,Cabernet Sauvignon,9095.8,100,10.3,2,data_row
4,6,Wine Grapes (Red),6024,Cabernet Sauvignon,9100,100,65.2,2,data_row
4,6,Wine Grapes (Red),6024,Cabernet Sauvignon,9106.56,100,10.8,2,data_row
4,6,Wine Grapes (Red),6024,Cabernet Sauvignon,9107.06,100,2.3,2,data_row
4,6,Wine Grapes (Red),6024,Cabernet Sauvignon,9107.09,100,6.4,2,data_row
4,6,Wine Grapes (Red),6024,Cabernet Sauvignon,9107.68,100,18.3,2,data_row
4,6,Wine Grapes (Red),6024,Cabernet Sauvignon,9107.69,100,102.7,2,data_row
4,6,Wine Grapes (Red),6024,Cabernet Sauvignon,9107.69,3100,30.2,2,data_row
4,6,Wine Grapes (Red),6024,Cabernet Sauvignon,9107.69,23400,112.5,2,data_row
4,6,Wine Grapes (Red),6024,Cabernet Sauvignon,9120,14000,38.2,2,data_row
4,6,Wine Grapes (Red),6024,Cabernet Sauvignon,9120.9,100,609.3,2,data_row
4,6,Wine Grapes (Red),6024,Cabernet Sauvignon,9140,23500,18,2,data_row
4,6,Wine Grapes (Red),6024,Cabernet Sauvignon,9145,100,29.5,2,data_row
4,6,Wine Grapes (Red),6024,Cabernet Sauvignon,9145.24,100,1.8,2,data_row
4,6,Wine Grapes (Red),6024,Cabernet Sauvignon,9145.34,100,767.1,2,data_row
4,6,Wine Grapes (Red),6024,Cabernet Sauvignon,9145.34,2600,10.1,2,data_row
4,6,Wine Grapes (Red),6024,Cabernet Sauvignon,9145.34,24500,12.3,2,data_row
4,6,Wine Grapes (Red),6024,Cabernet Sauvignon,9146,100,11.4,2,data_row
4,6,Wine Grapes (Red),6024,Cabernet Sauvignon,9146.21,100,102.6,2,data_row
4,6,Wine Grapes (Red),6024,Cabernet Sauvignon,9146.21,25100,2.2,2,data_row
4,6,Wine Grapes (Red),6024,Cabernet Sauvignon,9155.76,100,41.5,2,data_row
4,6,Wine Grapes (Red),6024,Cabernet Sauvignon,9156.62,100,40.7,2,data_row
4,6,Wine Grapes (Red),6024,Cabernet Sauvignon,9156.62,20800,63.8,2,data_row
4,6,Wine Grapes (Red),6024,Cabernet Sauvignon,9200,100,74.6,2,data_row
4,6,Wine Grapes (Red),6024,Cabernet Sauvignon,9234.88,100,14.1,2,data_row
4,6,Wine Grapes (Red),6024,Cabernet Sauvignon,9235,100,7.2,2,data_row
4,6,Wine Grapes (Red),6024,Cabernet Sauvignon,9236.79,100,7.2,2,data_row
4,6,Wine Grapes (Red),6024,Cabernet Sauvignon,9250,17900,69.9,2,data_row
4,6,Wine Grapes (Red),6024,Cabernet Sauvignon,9255.72,17900,5,2,data_row
4,6,Wine Grapes (Red),6024,Cabernet Sauvignon,9273,100,50.2,2,data_row
4,6,Wine Grapes (Red),6024,Cabernet Sauvignon,9282,100,14.3,2,data_row
4,6,Wine Grapes (Red),6024,Cabernet Sauvignon,9290.75,100,13.1,2,data_row
4,6,Wine Grapes (Red),6024,Cabernet Sauvignon,9300,100,68.4,2,data_row
4,6,Wine Grapes (Red),6024,Cabernet Sauvignon,9348.57,100,2.5,2,data_row
4,6,Wine Grapes (Red),6024,Cabernet Sauvignon,9350,100,19,2,data_row
4,6,Wine Grapes (Red),6024,Cabernet Sauvignon,9351.76,100,17,2,data_row
4,6,Wine Grapes (Red),6024,Cabernet Sauvignon,9361.72,24500,10,2,data_row
4,6,Wine Grapes (Red),6024,Cabernet Sauvignon,9372,100,22,2,data_row
4,6,Wine Grapes (Red),6024,Cabernet Sauvignon,9432.78,100,25.7,2,data_row
4,6,Wine Grapes (Red),6024,Cabernet Sauvignon,9433.93,2600,20,2,data_row
4,6,Wine Grapes (Red),6024,Cabernet Sauvignon,9450,100,28.6,2,data_row
4,6,Wine Grapes (Red),6024,Cabernet Sauvignon,9471.95,100,32.2,2,data_row
4,6,Wine Grapes (Red),6024,Cabernet Sauvignon,9500,100,183.6,2,data_row
4,6,Wine Grapes (Red),6024,Cabernet Sauvignon,9500,23500,3.5,2,data_row
4,6,Wine Grapes (Red),6024,Cabernet Sauvignon,9500,24600,3.5,2,data_row
4,6,Wine Grapes (Red),6024,Cabernet Sauvignon,9517,100,23.9,2,data_row
4,6,Wine Grapes (Red),6024,Cabernet Sauvignon,9563.07,23400,46,2,data_row
4,6,Wine Grapes (Red),6024,Cabernet Sauvignon,9603.52,14000,19.9,2,data_row
4,6,Wine Grapes (Red),6024,Cabernet Sauvignon,9603.55,100,5.6,2,data_row
4,6,Wine Grapes (Red),6024,Cabernet Sauvignon,9614.45,100,7.8,2,data_row
4,6,Wine Grapes (Red),6024,Cabernet Sauvignon,9617,100,9.7,2,data_row
4,6,Wine Grapes (Red),6024,Cabernet Sauvignon,9694.72,100,15.3,2,data_row
4,6,Wine Grapes (Red),6024,Cabernet Sauvignon,9695,14100,4.8,2,data_row
4,6,Wine Grapes (Red),6024,Cabernet Sauvignon,9710.9,100,18.2,2,data_row
4,6,Wine Grapes (Red),6024,Cabernet Sauvignon,9722.73,100,6.3,2,data_row
4,6,Wine Grapes (Red),6024,Cabernet Sauvignon,9745.23,21000,26.1,2,data_row
4,6,Wine Grapes (Red),6024,Cabernet Sauvignon,9750,100,1.9,2,data_row
4,6,Wine Grapes (Red),6024,Cabernet Sauvignon,9750.06,17900,16.8,2,data_row
4,6,Wine Grapes (Red),6024,Cabernet Sauvignon,9822.25,100,11.6,2,data_row
4,6,Wine Grapes (Red),6024,Cabernet Sauvignon,9845.7,100,5.4,2,data_row
4,6,Wine Grapes (Red),6024,Cabernet Sauvignon,9856,24800,5.5,2,data_row
4,6,Wine Grapes (Red),6024,Cabernet Sauvignon,9878,100,61.7,2,data_row
4,6,Wine Grapes (Red),6024,Cabernet Sauvignon,9900,100,9.8,2,data_row
4,6,Wine Grapes (Red),6024,Cabernet Sauvignon,9932.3,100,12.3,2,data_row
4,6,Wine Grapes (Red),6024,Cabernet Sauvignon,9945.69,17900,101.8,2,data_row
4,6,Wine Grapes (Red),6024,Cabernet Sauvignon,9969.75,100,5.2,2,data_row
4,6,Wine Grapes (Red),6024,Cabernet Sauvignon,9969.92,100,13.3,2,data_row
4,6,Wine Grapes (Red),6024,Cabernet Sauvignon,9990,100,84.1,2,data_row
4,6,Wine Grapes (Red),6024,Cabernet Sauvignon,10000,100,761.2,2,data_row
4,6,Wine Grapes (Red),6024,Cabernet Sauvignon,10000,9535,3.5,2,data_row
4,6,Wine Grapes (Red),6024,Cabernet Sauvignon,10000,19550,4.9,2,data_row
4,6,Wine Grapes (Red),6024,Cabernet Sauvignon,10000,21200,10.4,2,data_row
4,6,Wine Grapes (Red),6024,Cabernet Sauvignon,10000,24500,8.6,2,data_row
4,6,Wine Grapes (Red),6024,Cabernet Sauvignon,10000,25100,9.1,2,data_row
4,6,Wine Grapes (Red),6024,Cabernet Sauvignon,10018.46,100,12,2,data_row
4,6,Wine Grapes (Red),6024,Cabernet Sauvignon,10018.46,23400,141.1,2,data_row
4,6,Wine Grapes (Red),6024,Cabernet Sauvignon,10025,100,6.4,2,data_row
4,6,Wine Grapes (Red),6024,Cabernet Sauvignon,10032.99,100,14.5,2,data_row
4,6,Wine Grapes (Red),6024,Cabernet Sauvignon,10038.99,100,19,2,data_row
4,6,Wine Grapes (Red),6024,Cabernet Sauvignon,10072.28,100,188.3,2,data_row
4,6,Wine Grapes (Red),6024,Cabernet Sauvignon,10126.2,100,26.3,2,data_row
4,6,Wine Grapes (Red),6024,Cabernet Sauvignon,10129.58,100,8,2,data_row
4,6,Wine Grapes (Red),6024,Cabernet Sauvignon,10137.55,100,15.6,2,data_row
4,6,Wine Grapes (Red),6024,Cabernet Sauvignon,10200,100,7.2,2,data_row
4,6,Wine Grapes (Red),6024,Cabernet Sauvignon,10211.52,17900,27.1,2,data_row
4,6,Wine Grapes (Red),6024,Cabernet Sauvignon,10246.99,21200,5,2,data_row
4,6,Wine Grapes (Red),6024,Cabernet Sauvignon,10250,100,39.9,2,data_row
4,6,Wine Grapes (Red),6024,Cabernet Sauvignon,10300,100,2.8,2,data_row
4,6,Wine Grapes (Red),6024,Cabernet Sauvignon,10329.13,100,7.7,2,data_row
4,6,Wine Grapes (Red),6024,Cabernet Sauvignon,10350,100,6,2,data_row
4,6,Wine Grapes (Red),6024,Cabernet Sauvignon,10377.99,100,11.2,2,data_row
4,6,Wine Grapes (Red),6024,Cabernet Sauvignon,10380.91,100,18.4,2,data_row
4,6,Wine Grapes (Red),6024,Cabernet Sauvignon,10392.39,100,16.1,2,data_row
4,6,Wine Grapes (Red),6024,Cabernet Sauvignon,10394.55,100,23.8,2,data_row
4,6,Wine Grapes (Red),6024,Cabernet Sauvignon,10400,100,19.2,2,data_row
4,6,Wine Grapes (Red),6024,Cabernet Sauvignon,10407.87,100,28.2,2,data_row
4,6,Wine Grapes (Red),6024,Cabernet Sauvignon,10429.27,100,9.2,2,data_row
4,6,Wine Grapes (Red),6024,Cabernet Sauvignon,10438.96,2300,55.8,2,data_row
4,6,Wine Grapes (Red),6024,Cabernet Sauvignon,10444.87,100,11.8,2,data_row
4,6,Wine Grapes (Red),6024,Cabernet Sauvignon,10460.68,100,5.8,2,data_row
4,6,Wine Grapes (Red),6024,Cabernet Sauvignon,10473.84,100,54.2,2,data_row
4,6,Wine Grapes (Red),6024,Cabernet Sauvignon,10473.84,17400,49.9,2,data_row
4,6,Wine Grapes (Red),6024,Cabernet Sauvignon,10474.75,100,12.3,2,data_row
4,6,Wine Grapes (Red),6024,Cabernet Sauvignon,10489.04,100,74.8,2,data_row
4,6,Wine Grapes (Red),6024,Cabernet Sauvignon,10500,100,149.4,2,data_row
4,6,Wine Grapes (Red),6024,Cabernet Sauvignon,10500,21000,4,2,data_row
4,6,Wine Grapes (Red),6024,Cabernet Sauvignon,10500,24500,6,2,data_row
4,6,Wine Grapes (Red),6024,Cabernet Sauvignon,10500,24800,3.1,2,data_row
4,6,Wine Grapes (Red),6024,Cabernet Sauvignon,10517.14,100,94.5,2,data_row
4,6,Wine Grapes (Red),6024,Cabernet Sauvignon,10518,100,23.1,2,data_row
4,6,Wine Grapes (Red),6024,Cabernet Sauvignon,10530.11,100,13,2,data_row
4,6,Wine Grapes (Red),6024,Cabernet Sauvignon,10545,100,6.1,2,data_row
4,6,Wine Grapes (Red),6024,Cabernet Sauvignon,10553,100,38.4,2,data_row
4,6,Wine Grapes (Red),6024,Cabernet Sauvignon,10599.99,23400,5.8,2,data_row
4,6,Wine Grapes (Red),6024,Cabernet Sauvignon,10600,100,22.4,2,data_row
4,6,Wine Grapes (Red),6024,Cabernet Sauvignon,10608,100,10.5,2,data_row
4,6,Wine Grapes (Red),6024,Cabernet Sauvignon,10608.59,100,227.6,2,data_row
4,6,Wine Grapes (Red),6024,Cabernet Sauvignon,10608.59,3100,14,2,data_row
4,6,Wine Grapes (Red),6024,Cabernet Sauvignon,10620,100,48.6,2,data_row
4,6,Wine Grapes (Red),6024,Cabernet Sauvignon,10643,100,61,2,data_row
4,6,Wine Grapes (Red),6024,Cabernet Sauvignon,10666,100,3,2,data_row
4,6,Wine Grapes (Red),6024,Cabernet Sauvignon,10695,100,55,2,data_row
4,6,Wine Grapes (Red),6024,Cabernet Sauvignon,10748.14,24500,6,2,data_row
4,6,Wine Grapes (Red),6024,Cabernet Sauvignon,10764,100,4.1,2,data_row
4,6,Wine Grapes (Red),6024,Cabernet Sauvignon,10767.14,100,34.3,2,data_row
4,6,Wine Grapes (Red),6024,Cabernet Sauvignon,10776,100,4.5,2,data_row
4,6,Wine Grapes (Red),6024,Cabernet Sauvignon,10776.97,100,28.2,2,data_row
4,6,Wine Grapes (Red),6024,Cabernet Sauvignon,10800,100,115.7,2,data_row
4,6,Wine Grapes (Red),6024,Cabernet Sauvignon,10824.32,100,5,2,data_row
4,6,Wine Grapes (Red),6024,Cabernet Sauvignon,10849.85,17900,20.8,2,data_row
4,6,Wine Grapes (Red),6024,Cabernet Sauvignon,10871.87,100,10.4,2,data_row
4,6,Wine Grapes (Red),6024,Cabernet Sauvignon,10910.55,100,59.6,2,data_row
4,6,Wine Grapes (Red),6024,Cabernet Sauvignon,10929,100,17.7,2,data_row
4,6,Wine Grapes (Red),6024,Cabernet Sauvignon,10929.23,100,33,2,data_row
4,6,Wine Grapes (Red),6024,Cabernet Sauvignon,10945,100,46.7,2,data_row
4,6,Wine Grapes (Red),6024,Cabernet Sauvignon,10945.08,100,133.2,2,data_row
4,6,Wine Grapes (Red),6024,Cabernet Sauvignon,10974.41,100,103.7,2,data_row
4,6,Wine Grapes (Red),6024,Cabernet Sauvignon,10974.41,14100,36.1,2,data_row
4,6,Wine Grapes (Red),6024,Cabernet Sauvignon,10986.91,100,11.7,2,data_row
4,6,Wine Grapes (Red),6024,Cabernet Sauvignon,10986.91,17900,42,2,data_row
4,6,Wine Grapes (Red),6024,Cabernet Sauvignon,10987.94,100,49.1,2,data_row
4,6,Wine Grapes (Red),6024,Cabernet Sauvignon,11000,100,170.2,2,data_row
4,6,Wine Grapes (Red),6024,Cabernet Sauvignon,11000,11400,11,2,data_row
4,6,Wine Grapes (Red),6024,Cabernet Sauvignon,11000,17400,2,2,data_row
4,6,Wine Grapes (Red),6024,Cabernet Sauvignon,11000,17900,24.8,2,data_row
4,6,Wine Grapes (Red),6024,Cabernet Sauvignon,11000,24800,4.8,2,data_row
4,6,Wine Grapes (Red),6024,Cabernet Sauvignon,11000,25300,4.7,2,data_row
4,6,Wine Grapes (Red),6024,Cabernet Sauvignon,11043.76,17900,40.2,2,data_row
4,6,Wine Grapes (Red),6024,Cabernet Sauvignon,11044.48,2600,10.5,2,data_row
4,6,Wine Grapes (Red),6024,Cabernet Sauvignon,11047.44,100,8,2,data_row
4,6,Wine Grapes (Red),6024,Cabernet Sauvignon,11077.21,100,11.8,2,data_row
4,6,Wine Grapes (Red),6024,Cabernet Sauvignon,11088.61,100,15,2,data_row
4,6,Wine Grapes (Red),6024,Cabernet Sauvignon,11145.38,100,25.5,2,data_row
4,6,Wine Grapes (Red),6024,Cabernet Sauvignon,11165.19,100,9.4,2,data_row
4,6,Wine Grapes (Red),6024,Cabernet Sauvignon,11166,100,7,2,data_row
4,6,Wine Grapes (Red),6024,Cabernet Sauvignon,11171.08,100,3.1,2,data_row
4,6,Wine Grapes (Red),6024,Cabernet Sauvignon,11181,100,141.3,2,data_row
4,6,Wine Grapes (Red),6024,Cabernet Sauvignon,11185.31,100,5.5,2,data_row
4,6,Wine Grapes (Red),6024,Cabernet Sauvignon,11200,100,1.8,2,data_row
4,6,Wine Grapes (Red),6024,Cabernet Sauvignon,11225,100,0.5,2,data_row
4,6,Wine Grapes (Red),6024,Cabernet Sauvignon,11229,100,10.9,2,data_row
4,6,Wine Grapes (Red),6024,Cabernet Sauvignon,11250,100,82.7,2,data_row
4,6,Wine Grapes (Red),6024,Cabernet Sauvignon,11268.19,100,1.9,2,data_row
4,6,Wine Grapes (Red),6024,Cabernet Sauvignon,11298,100,2.6,2,data_row
4,6,Wine Grapes (Red),6024,Cabernet Sauvignon,11298.29,100,6,2,data_row
4,6,Wine Grapes (Red),6024,Cabernet Sauvignon,11300,100,14.5,2,data_row
4,6,Wine Grapes (Red),6024,Cabernet Sauvignon,11301.92,17900,75.9,2,data_row
4,6,Wine Grapes (Red),6024,Cabernet Sauvignon,11312.9,100,478.9,2,data_row
4,6,Wine Grapes (Red),6024,Cabernet Sauvignon,11314,100,4,2,data_row
4,6,Wine Grapes (Red),6024,Cabernet Sauvignon,11330,100,6.3,2,data_row
4,6,Wine Grapes (Red),6024,Cabernet Sauvignon,11343.5,100,3,2,data_row
4,6,Wine Grapes (Red),6024,Cabernet Sauvignon,11350.2,100,5,2,data_row
4,6,Wine Grapes (Red),6024,Cabernet Sauvignon,11382.8,100,5.9,2,data_row
4,6,Wine Grapes (Red),6024,Cabernet Sauvignon,11384.61,100,100.4,2,data_row
4,6,Wine Grapes (Red),6024,Cabernet Sauvignon,11384.61,21500,14.9,2,data_row
4,6,Wine Grapes (Red),6024,Cabernet Sauvignon,11400,100,8,2,data_row
4,6,Wine Grapes (Red),6024,Cabernet Sauvignon,11427,100,23.8,2,data_row
4,6,Wine Grapes (Red),6024,Cabernet Sauvignon,11433,100,26.3,2,data_row
4,6,Wine Grapes (Red),6024,Cabernet Sauvignon,11433,21200,4.6,2,data_row
4,6,Wine Grapes (Red),6024,Cabernet Sauvignon,11433,25100,4.8,2,data_row
4,6,Wine Grapes (Red),6024,Cabernet Sauvignon,11440,100,9.5,2,data_row
4,6,Wine Grapes (Red),6024,Cabernet Sauvignon,11444.7,17900,7,2,data_row
4,6,Wine Grapes (Red),6024,Cabernet Sauvignon,11458.38,100,5.6,2,data_row
4,6,Wine Grapes (Red),6024,Cabernet Sauvignon,11475,24500,70.6,2,data_row
4,6,Wine Grapes (Red),6024,Cabernet Sauvignon,11498,100,3,2,data_row
4,6,Wine Grapes (Red),6024,Cabernet Sauvignon,11500,100,216.9,2,data_row
4,6,Wine Grapes (Red),6024,Cabernet Sauvignon,11500,24500,3.9,2,data_row
4,6,Wine Grapes (Red),6024,Cabernet Sauvignon,11513,100,4.4,2,data_row
4,6,Wine Grapes (Red),6024,Cabernet Sauvignon,11543.6,100,11.9,2,data_row
4,6,Wine Grapes (Red),6024,Cabernet Sauvignon,11566.77,100,64.3,2,data_row
4,6,Wine Grapes (Red),6024,Cabernet Sauvignon,11600,100,16.4,2,data_row
4,6,Wine Grapes (Red),6024,Cabernet Sauvignon,11607,100,9.6,2,data_row
4,6,Wine Grapes (Red),6024,Cabernet Sauvignon,11607.44,100,44.2,2,data_row
4,6,Wine Grapes (Red),6024,Cabernet Sauvignon,11669,100,10,2,data_row
4,6,Wine Grapes (Red),6024,Cabernet Sauvignon,11674,100,2.2,2,data_row
4,6,Wine Grapes (Red),6024,Cabernet Sauvignon,11686,21900,3.9,2,data_row
4,6,Wine Grapes (Red),6024,Cabernet Sauvignon,11742.14,100,6.4,2,data_row
4,6,Wine Grapes (Red),6024,Cabernet Sauvignon,11765.96,100,36.3,2,data_row
4,6,Wine Grapes (Red),6024,Cabernet Sauvignon,11768.76,100,36.5,2,data_row
4,6,Wine Grapes (Red),6024,Cabernet Sauvignon,11775.12,100,27.4,2,data_row
4,6,Wine Grapes (Red),6024,Cabernet Sauvignon,11795,100,6.1,2,data_row
4,6,Wine Grapes (Red),6024,Cabernet Sauvignon,11840,27800,5,2,data_row
4,6,Wine Grapes (Red),6024,Cabernet Sauvignon,11857.17,100,10.9,2,data_row
4,6,Wine Grapes (Red),6024,Cabernet Sauvignon,11896,100,26.8,2,data_row
4,6,Wine Grapes (Red),6024,Cabernet Sauvignon,11902.49,100,4.5,2,data_row
4,6,Wine Grapes (Red),6024,Cabernet Sauvignon,11903.61,100,12.1,2,data_row
4,6,Wine Grapes (Red),6024,Cabernet Sauvignon,11932.56,100,9.3,2,data_row
4,6,Wine Grapes (Red),6024,Cabernet Sauvignon,12000,100,217.5,2,data_row
4,6,Wine Grapes (Red),6024,Cabernet Sauvignon,12000,11400,9.6,2,data_row
4,6,Wine Grapes (Red),6024,Cabernet Sauvignon,12000,17400,1.5,2,data_row
4,6,Wine Grapes (Red),6024,Cabernet Sauvignon,12000,18000,4.9,2,data_row
4,6,Wine Grapes (Red),6024,Cabernet Sauvignon,12000,21200,2.9,2,data_row
4,6,Wine Grapes (Red),6024,Cabernet Sauvignon,12000,24800,11.3,2,data_row
4,6,Wine Grapes (Red),6024,Cabernet Sauvignon,12000.02,28100,2.8,2,data_row
4,6,Wine Grapes (Red),6024,Cabernet Sauvignon,12029,100,42.1,2,data_row
4,6,Wine Grapes (Red),6024,Cabernet Sauvignon,12034,100,2.4,2,data_row
4,6,Wine Grapes (Red),6024,Cabernet Sauvignon,12038,100,20.4,2,data_row
4,6,Wine Grapes (Red),6024,Cabernet Sauvignon,12061.67,100,36.7,2,data_row
4,6,Wine Grapes (Red),6024,Cabernet Sauvignon,12061.97,100,6.4,2,data_row
4,6,Wine Grapes (Red),6024,Cabernet Sauvignon,12075,100,7,2,data_row
4,6,Wine Grapes (Red),6024,Cabernet Sauvignon,12100,100,7.2,2,data_row
4,6,Wine Grapes (Red),6024,Cabernet Sauvignon,12152.15,24500,20.8,2,data_row
4,6,Wine Grapes (Red),6024,Cabernet Sauvignon,12178.3,17600,102.6,2,data_row
4,6,Wine Grapes (Red),6024,Cabernet Sauvignon,12178.3,21000,44.8,2,data_row
4,6,Wine Grapes (Red),6024,Cabernet Sauvignon,12194.13,100,6.2,2,data_row
4,6,Wine Grapes (Red),6024,Cabernet Sauvignon,12200,100,2,2,data_row
4,6,Wine Grapes (Red),6024,Cabernet Sauvignon,12209,100,13.9,2,data_row
4,6,Wine Grapes (Red),6024,Cabernet Sauvignon,12240.59,100,11.1,2,data_row
4,6,Wine Grapes (Red),6024,Cabernet Sauvignon,12250,100,0.9,2,data_row
4,6,Wine Grapes (Red),6024,Cabernet Sauvignon,12265,100,11.6,2,data_row
4,6,Wine Grapes (Red),6024,Cabernet Sauvignon,12268,100,18,2,data_row
4,6,Wine Grapes (Red),6024,Cabernet Sauvignon,12288,100,2.4,2,data_row
4,6,Wine Grapes (Red),6024,Cabernet Sauvignon,12298.74,100,6.8,2,data_row
4,6,Wine Grapes (Red),6024,Cabernet Sauvignon,12360,100,11,2,data_row
4,6,Wine Grapes (Red),6024,Cabernet Sauvignon,12360,28200,4.2,2,data_row
4,6,Wine Grapes (Red),6024,Cabernet Sauvignon,12362.4,17900,68.4,2,data_row
4,6,Wine Grapes (Red),6024,Cabernet Sauvignon,12382,100,5.4,2,data_row
4,6,Wine Grapes (Red),6024,Cabernet Sauvignon,12436.2,100,5.8,2,data_row
4,6,Wine Grapes (Red),6024,Cabernet Sauvignon,12480,100,12,2,data_row
4,6,Wine Grapes (Red),6024,Cabernet Sauvignon,12484.94,100,4.6,2,data_row
4,6,Wine Grapes (Red),6024,Cabernet Sauvignon,12500,100,128.5,2,data_row
4,6,Wine Grapes (Red),6024,Cabernet Sauvignon,12500,21000,6.8,2,data_row
4,6,Wine Grapes (Red),6024,Cabernet Sauvignon,12500,21500,3.1,2,data_row
4,6,Wine Grapes (Red),6024,Cabernet Sauvignon,12500,24600,3.9,2,data_row
4,6,Wine Grapes (Red),6024,Cabernet Sauvignon,12500,24800,4,2,data_row
4,6,Wine Grapes (Red),6024,Cabernet Sauvignon,12500,25300,4.2,2,data_row
4,6,Wine Grapes (Red),6024,Cabernet Sauvignon,12504.8,100,3.9,2,data_row
4,6,Wine Grapes (Red),6024,Cabernet Sauvignon,12531,100,31.9,2,data_row
4,6,Wine Grapes (Red),6024,Cabernet Sauvignon,12620,100,5.1,2,data_row
4,6,Wine Grapes (Red),6024,Cabernet Sauvignon,12625,100,10,2,data_row
4,6,Wine Grapes (Red),6024,Cabernet Sauvignon,12681,100,9.1,2,data_row
4,6,Wine Grapes (Red),6024,Cabernet Sauvignon,12730.8,100,12.3,2,data_row
4,6,Wine Grapes (Red),6024,Cabernet Sauvignon,12748.01,100,47.3,2,data_row
4,6,Wine Grapes (Red),6024,Cabernet Sauvignon,12769.26,100,195.2,2,data_row
4,6,Wine Grapes (Red),6024,Cabernet Sauvignon,12800,100,24.9,2,data_row
4,6,Wine Grapes (Red),6024,Cabernet Sauvignon,12810.37,100,17.4,2,data_row
4,6,Wine Grapes (Red),6024,Cabernet Sauvignon,12832.06,100,12.1,2,data_row
4,6,Wine Grapes (Red),6024,Cabernet Sauvignon,12900,100,10.5,2,data_row
4,6,Wine Grapes (Red),6024,Cabernet Sauvignon,12983.92,100,42,2,data_row
4,6,Wine Grapes (Red),6024,Cabernet Sauvignon,13000,100,80.9,2,data_row
4,6,Wine Grapes (Red),6024,Cabernet Sauvignon,13000,2300,23.3,2,data_row
4,6,Wine Grapes (Red),6024,Cabernet Sauvignon,13000,3200,42.4,2,data_row
4,6,Wine Grapes (Red),6024,Cabernet Sauvignon,13000,17400,4.9,2,data_row
4,6,Wine Grapes (Red),6024,Cabernet Sauvignon,13000,24500,14.2,2,data_row
4,6,Wine Grapes (Red),6024,Cabernet Sauvignon,13000,24800,3.9,2,data_row
4,6,Wine Grapes (Red),6024,Cabernet Sauvignon,13000,26900,3.7,2,data_row
4,6,Wine Grapes (Red),6024,Cabernet Sauvignon,13000.08,17900,10.6,2,data_row
4,6,Wine Grapes (Red),6024,Cabernet Sauvignon,13125,100,25.4,2,data_row
4,6,Wine Grapes (Red),6024,Cabernet Sauvignon,13169,24500,6.3,2,data_row
4,6,Wine Grapes (Red),6024,Cabernet Sauvignon,13211.47,100,8,2,data_row
4,6,Wine Grapes (Red),6024,Cabernet Sauvignon,13215.02,17800,3.9,2,data_row
4,6,Wine Grapes (Red),6024,Cabernet Sauvignon,13230,100,3.1,2,data_row
4,6,Wine Grapes (Red),6024,Cabernet Sauvignon,13250,100,8.9,2,data_row
4,6,Wine Grapes (Red),6024,Cabernet Sauvignon,13261,100,7.3,2,data_row
4,6,Wine Grapes (Red),6024,Cabernet Sauvignon,13261.52,24800,6,2,data_row
4,6,Wine Grapes (Red),6024,Cabernet Sauvignon,13290.05,21200,15.7,2,data_row
4,6,Wine Grapes (Red),6024,Cabernet Sauvignon,13333.67,21850,3.3,2,data_row
4,6,Wine Grapes (Red),6024,Cabernet Sauvignon,13383.18,100,5.1,2,data_row
4,6,Wine Grapes (Red),6024,Cabernet Sauvignon,13453,26900,4.3,2,data_row
4,6,Wine Grapes (Red),6024,Cabernet Sauvignon,13459.99,100,5.1,2,data_row
4,6,Wine Grapes (Red),6024,Cabernet Sauvignon,13500,100,56.4,2,data_row
4,6,Wine Grapes (Red),6024,Cabernet Sauvignon,13500,22900,3.4,2,data_row
4,6,Wine Grapes (Red),6024,Cabernet Sauvignon,13500,24500,9,2,data_row
4,6,Wine Grapes (Red),6024,Cabernet Sauvignon,13500,25000,7.3,2,data_row
4,6,Wine Grapes (Red),6024,Cabernet Sauvignon,13500,28000,19.7,2,data_row
4,6,Wine Grapes (Red),6024,Cabernet Sauvignon,13520,100,47,2,data_row
4,6,Wine Grapes (Red),6024,Cabernet Sauvignon,13536.54,100,13.5,2,data_row
4,6,Wine Grapes (Red),6024,Cabernet Sauvignon,13557.52,100,1.8,2,data_row
4,6,Wine Grapes (Red),6024,Cabernet Sauvignon,13561,100,11,2,data_row
4,6,Wine Grapes (Red),6024,Cabernet Sauvignon,13578.81,100,6.9,2,data_row
4,6,Wine Grapes (Red),6024,Cabernet Sauvignon,13618,100,7.2,2,data_row
4,6,Wine Grapes (Red),6024,Cabernet Sauvignon,13662.81,100,4.3,2,data_row
4,6,Wine Grapes (Red),6024,Cabernet Sauvignon,13662.87,100,7.5,2,data_row
4,6,Wine Grapes (Red),6024,Cabernet Sauvignon,13719.32,100,4.7,2,data_row
4,6,Wine Grapes (Red),6024,Cabernet Sauvignon,13800,100,5.4,2,data_row
4,6,Wine Grapes (Red),6024,Cabernet Sauvignon,13845,27800,11.1,2,data_row
4,6,Wine Grapes (Red),6024,Cabernet Sauvignon,13852,21500,2.4,2,data_row
4,6,Wine Grapes (Red),6024,Cabernet Sauvignon,13942.7,100,12,2,data_row
4,6,Wine Grapes (Red),6024,Cabernet Sauvignon,13981,100,5,2,data_row
4,6,Wine Grapes (Red),6024,Cabernet Sauvignon,14000,100,121.3,2,data_row
4,6,Wine Grapes (Red),6024,Cabernet Sauvignon,14000,3100,5,2,data_row
4,6,Wine Grapes (Red),6024,Cabernet Sauvignon,14000,24500,11.3,2,data_row
4,6,Wine Grapes (Red),6024,Cabernet Sauvignon,14038.3,24500,10,2,data_row
4,6,Wine Grapes (Red),6024,Cabernet Sauvignon,14057.11,100,7,2,data_row
4,6,Wine Grapes (Red),6024,Cabernet Sauvignon,14060.8,100,12.6,2,data_row
4,6,Wine Grapes (Red),6024,Cabernet Sauvignon,14140.94,100,178.8,2,data_row
4,6,Wine Grapes (Red),6024,Cabernet Sauvignon,14181.06,100,12.6,2,data_row
4,6,Wine Grapes (Red),6024,Cabernet Sauvignon,14199.12,17900,34.1,2,data_row
4,6,Wine Grapes (Red),6024,Cabernet Sauvignon,14300,100,3.7,2,data_row
4,6,Wine Grapes (Red),6024,Cabernet Sauvignon,14347.27,100,44.3,2,data_row
4,6,Wine Grapes (Red),6024,Cabernet Sauvignon,14350,100,10.4,2,data_row
4,6,Wine Grapes (Red),6024,Cabernet Sauvignon,14390.32,23100,3.3,2,data_row
4,6,Wine Grapes (Red),6024,Cabernet Sauvignon,14400,25300,21,2,data_row
4,6,Wine Grapes (Red),6024,Cabernet Sauvignon,14467.46,24800,10.1,2,data_row
4,6,Wine Grapes (Red),6024,Cabernet Sauvignon,14470,100,13.5,2,data_row
4,6,Wine Grapes (Red),6024,Cabernet Sauvignon,14470,3100,18.2,2,data_row
4,6,Wine Grapes (Red),6024,Cabernet Sauvignon,14470,25100,4,2,data_row
4,6,Wine Grapes (Red),6024,Cabernet Sauvignon,14472.87,100,5,2,data_row
4,6,Wine Grapes (Red),6024,Cabernet Sauvignon,14496,100,8.1,2,data_row
4,6,Wine Grapes (Red),6024,Cabernet Sauvignon,14500,100,28.5,2,data_row
4,6,Wine Grapes (Red),6024,Cabernet Sauvignon,14500,17400,2.3,2,data_row
4,6,Wine Grapes (Red),6024,Cabernet Sauvignon,14500,23500,2.9,2,data_row
4,6,Wine Grapes (Red),6024,Cabernet Sauvignon,14507,100,3,2,data_row
4,6,Wine Grapes (Red),6024,Cabernet Sauvignon,14520,100,7.4,2,data_row
4,6,Wine Grapes (Red),6024,Cabernet Sauvignon,14528,100,10.2,2,data_row
4,6,Wine Grapes (Red),6024,Cabernet Sauvignon,14560,100,19.3,2,data_row
4,6,Wine Grapes (Red),6024,Cabernet Sauvignon,14601.6,100,18.5,2,data_row
4,6,Wine Grapes (Red),6024,Cabernet Sauvignon,14603,100,4.9,2,data_row
4,6,Wine Grapes (Red),6024,Cabernet Sauvignon,14623.23,100,3.1,2,data_row
4,6,Wine Grapes (Red),6024,Cabernet Sauvignon,14650.6,25100,52.1,2,data_row
4,6,Wine Grapes (Red),6024,Cabernet Sauvignon,14665.41,2600,6.8,2,data_row
4,6,Wine Grapes (Red),6024,Cabernet Sauvignon,14667.08,100,4.2,2,data_row
4,6,Wine Grapes (Red),6024,Cabernet Sauvignon,14669.55,100,4.5,2,data_row
4,6,Wine Grapes (Red),6024,Cabernet Sauvignon,14700,100,17.2,2,data_row
4,6,Wine Grapes (Red),6024,Cabernet Sauvignon,14745.69,100,20.7,2,data_row
4,6,Wine Grapes (Red),6024,Cabernet Sauvignon,14927,21500,4.1,2,data_row
4,6,Wine Grapes (Red),6024,Cabernet Sauvignon,15000,100,126.4,2,data_row
4,6,Wine Grapes (Red),6024,Cabernet Sauvignon,15000,23500,3.9,2,data_row
4,6,Wine Grapes (Red),6024,Cabernet Sauvignon,15000,24800,1.1,2,data_row
4,6,Wine Grapes (Red),6024,Cabernet Sauvignon,15013.92,100,32.2,2,data_row
4,6,Wine Grapes (Red),6024,Cabernet Sauvignon,15052.21,100,11.2,2,data_row
4,6,Wine Grapes (Red),6024,Cabernet Sauvignon,15077.97,24500,19.6,2,data_row
4,6,Wine Grapes (Red),6024,Cabernet Sauvignon,15111,100,7.5,2,data_row
4,6,Wine Grapes (Red),6024,Cabernet Sauvignon,15141,100,6.2,2,data_row
4,6,Wine Grapes (Red),6024,Cabernet Sauvignon,15141,4210,2.8,2,data_row
4,6,Wine Grapes (Red),6024,Cabernet Sauvignon,15142.4,17900,9.8,2,data_row
4,6,Wine Grapes (Red),6024,Cabernet Sauvignon,15250,100,114,2,data_row
4,6,Wine Grapes (Red),6024,Cabernet Sauvignon,15298.18,24500,7.8,2,data_row
4,6,Wine Grapes (Red),6024,Cabernet Sauvignon,15356,100,0.9,2,data_row
4,6,Wine Grapes (Red),6024,Cabernet Sauvignon,15358.72,67981,11.6,2,data_row
4,6,Wine Grapes (Red),6024,Cabernet Sauvignon,15450,100,141.7,2,data_row
4,6,Wine Grapes (Red),6024,Cabernet Sauvignon,15500,100,40.1,2,data_row
4,6,Wine Grapes (Red),6024,Cabernet Sauvignon,15600,100,4,2,data_row
4,6,Wine Grapes (Red),6024,Cabernet Sauvignon,15638.86,100,50,2,data_row
4,6,Wine Grapes (Red),6024,Cabernet Sauvignon,15746.13,100,4.1,2,data_row
4,6,Wine Grapes (Red),6024,Cabernet Sauvignon,15752.3,100,6.1,2,data_row
4,6,Wine Grapes (Red),6024,Cabernet Sauvignon,15753.24,24500,8.8,2,data_row
4,6,Wine Grapes (Red),6024,Cabernet Sauvignon,15759,100,4.7,2,data_row
4,6,Wine Grapes (Red),6024,Cabernet Sauvignon,15761.45,100,18.9,2,data_row
4,6,Wine Grapes (Red),6024,Cabernet Sauvignon,15924,100,4.5,2,data_row
4,6,Wine Grapes (Red),6024,Cabernet Sauvignon,15938.46,23400,40.8,2,data_row
4,6,Wine Grapes (Red),6024,Cabernet Sauvignon,16000,100,92.5,2,data_row
4,6,Wine Grapes (Red),6024,Cabernet Sauvignon,16000,2300,80.5,2,data_row
4,6,Wine Grapes (Red),6024,Cabernet Sauvignon,16000,24600,2.5,2,data_row
4,6,Wine Grapes (Red),6024,Cabernet Sauvignon,16004,100,77.8,2,data_row
4,6,Wine Grapes (Red),6024,Cabernet Sauvignon,16016,100,7,2,data_row
4,6,Wine Grapes (Red),6024,Cabernet Sauvignon,16016.37,100,8.9,2,data_row
4,6,Wine Grapes (Red),6024,Cabernet Sauvignon,16021,100,9.8,2,data_row
4,6,Wine Grapes (Red),6024,Cabernet Sauvignon,16022.58,100,18.3,2,data_row
4,6,Wine Grapes (Red),6024,Cabernet Sauvignon,16022.58,17900,10,2,data_row
4,6,Wine Grapes (Red),6024,Cabernet Sauvignon,16041.09,25100,56.5,2,data_row
4,6,Wine Grapes (Red),6024,Cabernet Sauvignon,16164,100,66.9,2,data_row
4,6,Wine Grapes (Red),6024,Cabernet Sauvignon,16164.54,100,3.4,2,data_row
4,6,Wine Grapes (Red),6024,Cabernet Sauvignon,16181.54,100,5.3,2,data_row
4,6,Wine Grapes (Red),6024,Cabernet Sauvignon,16310.53,100,5.1,2,data_row
4,6,Wine Grapes (Red),6024,Cabernet Sauvignon,16310.53,24500,13.3,2,data_row
4,6,Wine Grapes (Red),6024,Cabernet Sauvignon,16343,100,4.3,2,data_row
4,6,Wine Grapes (Red),6024,Cabernet Sauvignon,16343.23,100,4.3,2,data_row
4,6,Wine Grapes (Red),6024,Cabernet Sauvignon,16373.78,23100,1.9,2,data_row
4,6,Wine Grapes (Red),6024,Cabernet Sauvignon,16400,100,3.4,2,data_row
4,6,Wine Grapes (Red),6024,Cabernet Sauvignon,16421.88,100,7.8,2,data_row
4,6,Wine Grapes (Red),6024,Cabernet Sauvignon,16492,100,2.7,2,data_row
4,6,Wine Grapes (Red),6024,Cabernet Sauvignon,16500,100,44.4,2,data_row
4,6,Wine Grapes (Red),6024,Cabernet Sauvignon,16500,22900,2.7,2,data_row
4,6,Wine Grapes (Red),6024,Cabernet Sauvignon,16507.24,100,6.2,2,data_row
4,6,Wine Grapes (Red),6024,Cabernet Sauvignon,16523.75,100,10.3,2,data_row
4,6,Wine Grapes (Red),6024,Cabernet Sauvignon,16535.5,24500,13.1,2,data_row
4,6,Wine Grapes (Red),6024,Cabernet Sauvignon,16800,100,4.2,2,data_row
4,6,Wine Grapes (Red),6024,Cabernet Sauvignon,16918.65,100,10.9,2,data_row
4,6,Wine Grapes (Red),6024,Cabernet Sauvignon,17000,100,34,2,data_row
4,6,Wine Grapes (Red),6024,Cabernet Sauvignon,17229,100,8.4,2,data_row
4,6,Wine Grapes (Red),6024,Cabernet Sauvignon,17249.3,17900,14,2,data_row
4,6,Wine Grapes (Red),6024,Cabernet Sauvignon,17288.26,100,56.5,2,data_row
4,6,Wine Grapes (Red),6024,Cabernet Sauvignon,17325,100,3.8,2,data_row
4,6,Wine Grapes (Red),6024,Cabernet Sauvignon,17330.32,100,3.1,2,data_row
4,6,Wine Grapes (Red),6024,Cabernet Sauvignon,17500,100,60.8,2,data_row
4,6,Wine Grapes (Red),6024,Cabernet Sauvignon,17540.14,100,7.3,2,data_row
4,6,Wine Grapes (Red),6024,Cabernet Sauvignon,17627.38,100,7.9,2,data_row
4,6,Wine Grapes (Red),6024,Cabernet Sauvignon,17659,100,4.6,2,data_row
4,6,Wine Grapes (Red),6024,Cabernet Sauvignon,17691.19,100,1.9,2,data_row
4,6,Wine Grapes (Red),6024,Cabernet Sauvignon,17691.19,24500,4,2,data_row
4,6,Wine Grapes (Red),6024,Cabernet Sauvignon,17830,100,2.4,2,data_row
4,6,Wine Grapes (Red),6024,Cabernet Sauvignon,17850,100,1.7,2,data_row
4,6,Wine Grapes (Red),6024,Cabernet Sauvignon,17980,100,23.2,2,data_row
4,6,Wine Grapes (Red),6024,Cabernet Sauvignon,18000,100,447.7,2,data_row
4,6,Wine Grapes (Red),6024,Cabernet Sauvignon,18000,22900,1,2,data_row
4,6,Wine Grapes (Red),6024,Cabernet Sauvignon,18000,27500,1.5,2,data_row
4,6,Wine Grapes (Red),6024,Cabernet Sauvignon,18100,100,10.4,2,data_row
4,6,Wine Grapes (Red),6024,Cabernet Sauvignon,18190,100,18.9,2,data_row
4,6,Wine Grapes (Red),6024,Cabernet Sauvignon,18287.88,100,3.3,2,data_row
4,6,Wine Grapes (Red),6024,Cabernet Sauvignon,18470.41,100,4.8,2,data_row
4,6,Wine Grapes (Red),6024,Cabernet Sauvignon,18500,100,17.1,2,data_row
4,6,Wine Grapes (Red),6024,Cabernet Sauvignon,18500,27800,3.9,2,data_row
4,6,Wine Grapes (Red),6024,Cabernet Sauvignon,18627.66,100,6,2,data_row
4,6,Wine Grapes (Red),6024,Cabernet Sauvignon,18733,100,5,2,data_row
4,6,Wine Grapes (Red),6024,Cabernet Sauvignon,18750,100,92,2,data_row
4,6,Wine Grapes (Red),6024,Cabernet Sauvignon,18750,17800,2.2,2,data_row
4,6,Wine Grapes (Red),6024,Cabernet Sauvignon,18750,27800,7.6,2,data_row
4,6,Wine Grapes (Red),6024,Cabernet Sauvignon,18800,100,7.5,2,data_row
4,6,Wine Grapes (Red),6024,Cabernet Sauvignon,18800,17400,2.3,2,data_row
4,6,Wine Grapes (Red),6024,Cabernet Sauvignon,18900,100,6.9,2,data_row
4,6,Wine Grapes (Red),6024,Cabernet Sauvignon,18900,4210,4.7,2,data_row
4,6,Wine Grapes (Red),6024,Cabernet Sauvignon,19000,100,5.9,2,data_row
4,6,Wine Grapes (Red),6024,Cabernet Sauvignon,19000,25300,6,2,data_row
4,6,Wine Grapes (Red),6024,Cabernet Sauvignon,19081.19,100,29.7,2,data_row
4,6,Wine Grapes (Red),6024,Cabernet Sauvignon,19125,100,7.8,2,data_row
4,6,Wine Grapes (Red),6024,Cabernet Sauvignon,19159,100,13.2,2,data_row
4,6,Wine Grapes (Red),6024,Cabernet Sauvignon,19159.36,100,20.9,2,data_row
4,6,Wine Grapes (Red),6024,Cabernet Sauvignon,19240,100,10.5,2,data_row
4,6,Wine Grapes (Red),6024,Cabernet Sauvignon,19250,100,13.9,2,data_row
4,6,Wine Grapes (Red),6024,Cabernet Sauvignon,19250,23000,8.3,2,data_row
4,6,Wine Grapes (Red),6024,Cabernet Sauvignon,19250,23500,82.7,2,data_row
4,6,Wine Grapes (Red),6024,Cabernet Sauvignon,19274,100,31.2,2,data_row
4,6,Wine Grapes (Red),6024,Cabernet Sauvignon,19430,100,6.9,2,data_row
4,6,Wine Grapes (Red),6024,Cabernet Sauvignon,19576,100,4.2,2,data_row
4,6,Wine Grapes (Red),6024,Cabernet Sauvignon,19750,100,10.3,2,data_row
4,6,Wine Grapes (Red),6024,Cabernet Sauvignon,19773,100,10.3,2,data_row
4,6,Wine Grapes (Red),6024,Cabernet Sauvignon,19945,100,11.6,2,data_row
4,6,Wine Grapes (Red),6024,Cabernet Sauvignon,19945.35,100,20.1,2,data_row
4,6,Wine Grapes (Red),6024,Cabernet Sauvignon,20000,100,87.9,2,data_row
4,6,Wine Grapes (Red),6024,Cabernet Sauvignon,20000,23500,3.1,2,data_row
4,6,Wine Grapes (Red),6024,Cabernet Sauvignon,20000,25300,2.2,2,data_row
4,6,Wine Grapes (Red),6024,Cabernet Sauvignon,20131.17,100,2.7,2,data_row
4,6,Wine Grapes (Red),6024,Cabernet Sauvignon,20275.6,100,17.2,2,data_row
4,6,Wine Grapes (Red),6024,Cabernet Sauvignon,20323.6,100,13.9,2,data_row
4,6,Wine Grapes (Red),6024,Cabernet Sauvignon,20500,100,6.1,2,data_row
4,6,Wine Grapes (Red),6024,Cabernet Sauvignon,20500,17800,1.1,2,data_row
4,6,Wine Grapes (Red),6024,Cabernet Sauvignon,20986.53,100,7.7,2,data_row
4,6,Wine Grapes (Red),6024,Cabernet Sauvignon,21000,100,8.4,2,data_row
4,6,Wine Grapes (Red),6024,Cabernet Sauvignon,21491.78,100,1.2,2,data_row
4,6,Wine Grapes (Red),6024,Cabernet Sauvignon,22000,100,86.6,2,data_row
4,6,Wine Grapes (Red),6024,Cabernet Sauvignon,22144.09,100,9.6,2,data_row
4,6,Wine Grapes (Red),6024,Cabernet Sauvignon,22206.04,100,44,2,data_row
4,6,Wine Grapes (Red),6024,Cabernet Sauvignon,22347,100,10.1,2,data_row
4,6,Wine Grapes (Red),6024,Cabernet Sauvignon,22423.46,100,12.6,2,data_row
4,6,Wine Grapes (Red),6024,Cabernet Sauvignon,22500,100,36.1,2,data_row
4,6,Wine Grapes (Red),6024,Cabernet Sauvignon,22500,24500,10.6,2,data_row
4,6,Wine Grapes (Red),6024,Cabernet Sauvignon,22573.98,100,8.9,2,data_row
4,6,Wine Grapes (Red),6024,Cabernet Sauvignon,22662.51,100,25.3,2,data_row
4,6,Wine Grapes (Red),6024,Cabernet Sauvignon,22863.35,100,42.8,2,data_row
4,6,Wine Grapes (Red),6024,Cabernet Sauvignon,23000,100,19.5,2,data_row
4,6,Wine Grapes (Red),6024,Cabernet Sauvignon,23048,100,1.8,2,data_row
4,6,Wine Grapes (Red),6024,Cabernet Sauvignon,23064,100,9.8,2,data_row
4,6,Wine Grapes (Red),6024,Cabernet Sauvignon,23423,100,60.8,2,data_row
4,6,Wine Grapes (Red),6024,Cabernet Sauvignon,23550,100,28,2,data_row
4,6,Wine Grapes (Red),6024,Cabernet Sauvignon,23579.6,100,2.7,2,data_row
4,6,Wine Grapes (Red),6024,Cabernet Sauvignon,24000,100,40.9,2,data_row
4,6,Wine Grapes (Red),6024,Cabernet Sauvignon,24512.25,100,13,2,data_row
4,6,Wine Grapes (Red),6024,Cabernet Sauvignon,24750,100,3.6,2,data_row
4,6,Wine Grapes (Red),6024,Cabernet Sauvignon,24903.97,100,13.3,2,data_row
4,6,Wine Grapes (Red),6024,Cabernet Sauvignon,24969.6,100,50.9,2,data_row
4,6,Wine Grapes (Red),6024,Cabernet Sauvignon,25000,100,460.4,2,data_row
4,6,Wine Grapes (Red),6024,Cabernet Sauvignon,25000,24800,3.4,2,data_row
4,6,Wine Grapes (Red),6024,Cabernet Sauvignon,25000,27600,3.6,2,data_row
4,6,Wine Grapes (Red),6024,Cabernet Sauvignon,26000,100,2.8,2,data_row
4,6,Wine Grapes (Red),6024,Cabernet Sauvignon,26215.26,24800,48.2,2,data_row
4,6,Wine Grapes (Red),6024,Cabernet Sauvignon,26250,100,3.2,2,data_row
4,6,Wine Grapes (Red),6024,Cabernet Sauvignon,26500,100,7,2,data_row
4,6,Wine Grapes (Red),6024,Cabernet Sauvignon,27000,100,5.7,2,data_row
4,6,Wine Grapes (Red),6024,Cabernet Sauvignon,27007.53,21500,11.5,2,data_row
4,6,Wine Grapes (Red),6024,Cabernet Sauvignon,27238,100,7.3,2,data_row
4,6,Wine Grapes (Red),6024,Cabernet Sauvignon,27267.91,100,6,2,data_row
4,6,Wine Grapes (Red),6024,Cabernet Sauvignon,27353.29,100,6.6,2,data_row
4,6,Wine Grapes (Red),6024,Cabernet Sauvignon,27620,100,128.9,2,data_row
4,6,Wine Grapes (Red),6024,Cabernet Sauvignon,27750,100,2.1,2,data_row
4,6,Wine Grapes (Red),6024,Cabernet Sauvignon,27757.75,100,5.5,2,data_row
4,6,Wine Grapes (Red),6024,Cabernet Sauvignon,29000,100,6.4,2,data_row
4,6,Wine Grapes (Red),6024,Cabernet Sauvignon,29250,100,7.5,2,data_row
4,6,Wine Grapes (Red),6024,Cabernet Sauvignon,29250,21200,10.2,2,data_row
4,6,Wine Grapes (Red),6024,Cabernet Sauvignon,30000,100,28.2,2,data_row
4,6,Wine Grapes (Red),6024,Cabernet Sauvignon,30000,21000,2,2,data_row
4,6,Wine Grapes (Red),6024,Cabernet Sauvignon,30625,100,10.9,2,data_row
4,6,Wine Grapes (Red),6024,Cabernet Sauvignon,30680,100,77.4,2,data_row
4,6,Wine Grapes (Red),6024,Cabernet Sauvignon,30680,27800,10.8,2,data_row
4,6,Wine Grapes (Red),6024,Cabernet Sauvignon,30750,100,1.6,2,data_row
4,6,Wine Grapes (Red),6024,Cabernet Sauvignon,31347.52,100,0.5,2,data_row
4,6,Wine Grapes (Red),6024,Cabernet Sauvignon,31907.2,100,52.4,2,data_row
4,6,Wine Grapes (Red),6024,Cabernet Sauvignon,32500,100,49.9,2,data_row
4,6,Wine Grapes (Red),6024,Cabernet Sauvignon,32620,100,19.6,2,data_row
4,6,Wine Grapes (Red),6024,Cabernet Sauvignon,33566.8,27100,134.9,2,data_row
4,6,Wine Grapes (Red),6024,Cabernet Sauvignon,33750,100,4.6,2,data_row
4,6,Wine Grapes (Red),6024,Cabernet Sauvignon,33750,27600,3.7,2,data_row
4,6,Wine Grapes (Red),6024,Cabernet Sauvignon,33750,29050,5.4,2,data_row
4,6,Wine Grapes (Red),6024,Cabernet Sauvignon,35000,100,10.8,2,data_row
4,6,Wine Grapes (Red),6024,Cabernet Sauvignon,35437,100,2.9,2,data_row
4,6,Wine Grapes (Red),6024,Cabernet Sauvignon,38000,100,7,2,data_row
4,6,Wine Grapes (Red),6024,Cabernet Sauvignon,39375,100,4.8,2,data_row
4,6,Wine Grapes (Red),6024,Cabernet Sauvignon,40462.5,100,2,2,data_row
4,6,Wine Grapes (Red),6024,Cabernet Sauvignon,42000,100,1,2,data_row
4,6,Wine Grapes (Red),6024,Cabernet Sauvignon,42070.21,100,2.7,2,data_row
4,6,Wine Grapes (Red),6024,Cabernet Sauvignon,42875,21200,9.6,2,data_row
4,6,Wine Grapes (Red),6024,Cabernet Sauvignon,43730.11,27800,11.3,2,data_row
4,6,Wine Grapes (Red),6024,Cabernet Sauvignon,43750,100,35.6,2,data_row
4,6,Wine Grapes (Red),6024,Cabernet Sauvignon,43775,100,11.9,2,data_row
4,6,Wine Grapes (Red),6024,Cabernet Sauvignon,44246.08,100,24.9,2,data_row
4,6,Wine Grapes (Red),6024,Cabernet Sauvignon,44479.56,100,18.3,2,data_row
4,6,Wine Grapes (Red),6024,Cabernet Sauvignon,45000,100,4.5,2,data_row
4,6,Wine Grapes (Red),6024,Cabernet Sauvignon,45500,100,16.2,2,data_row
4,6,Wine Grapes (Red),6024,Cabernet Sauvignon,47206.25,100,16.8,2,data_row
4,6,Wine Grapes (Red),6024,Cabernet Sauvignon,48125,100,23.4,2,data_row
4,6,Wine Grapes (Red),6024,Cabernet Sauvignon,50000,100,217.9,2,data_row
4,6,Wine Grapes (Red),6024,Cabernet Sauvignon,50000,21200,5.7,2,data_row
4,6,Wine Grapes (Red),6024,Cabernet Sauvignon,50000,29050,5.2,2,data_row
4,6,Wine Grapes (Red),6024,Cabernet Sauvignon,51071.21,27800,11.3,2,data_row
4,6,Wine Grapes (Red),6024,Cabernet Sauvignon,52500,100,78.7,2,data_row
4,6,Wine Grapes (Red),6024,Cabernet Sauvignon,8710.69,,41172.4,3,summary_row
4,6,Wine Grapes (Red),6026,Carignane,4922.49,22800,4.8,2,data_row
4,6,Wine Grapes (Red),6026,Carignane,4922.49,,4.8,3,summary_row
4,6,Wine Grapes (Red),6028,Charbono,3000,100,1,2,data_row
4,6,Wine Grapes (Red),6028,Charbono,3500,100,4.8,2,data_row
4,6,Wine Grapes (Red),6028,Charbono,4000,100,2.7,2,data_row
4,6,Wine Grapes (Red),6028,Charbono,4000,13600,1.1,2,data_row
4,6,Wine Grapes (Red),6028,Charbono,4242.6,100,2,2,data_row
4,6,Wine Grapes (Red),6028,Charbono,4242.61,100,27.5,2,data_row
4,6,Wine Grapes (Red),6028,Charbono,4242.61,11300,1,2,data_row
4,6,Wine Grapes (Red),6028,Charbono,4243,100,2.7,2,data_row
4,6,Wine Grapes (Red),6028,Charbono,4300,100,22.9,2,data_row
4,6,Wine Grapes (Red),6028,Charbono,4500,100,4.9,2,data_row
4,6,Wine Grapes (Red),6028,Charbono,4600,100,5,2,data_row
4,6,Wine Grapes (Red),6028,Charbono,5500,100,7.8,2,data_row
4,6,Wine Grapes (Red),6028,Charbono,5517,21500,3,2,data_row
4,6,Wine Grapes (Red),6028,Charbono,4384.57,,86.4,3,summary_row
4,6,Wine Grapes (Red),6171,Cinsaut *,3754,100,10.3,2,data_row
4,6,Wine Grapes (Red),6171,Cinsaut *,3754,,10.3,3,summary_row
4,6,Wine Grapes (Red),6185,Counoise,6829.3,100,0.2,2,data_row
4,6,Wine Grapes (Red),6185,Counoise,6829.3,,0.2,3,summary_row
4,6,Wine Grapes (Red),6058,Grenache *,500,19300,3.1,2,data_row
4,6,Wine Grapes (Red),6058,Grenache *,1640.8,100,18.4,2,data_row
4,6,Wine Grapes (Red),6058,Grenache *,2500,100,5,2,data_row
4,6,Wine Grapes (Red),6058,Grenache *,3500,100,1.1,2,data_row
4,6,Wine Grapes (Red),6058,Grenache *,3600,100,8,2,data_row
4,6,Wine Grapes (Red),6058,Grenache *,3650,100,0.8,2,data_row
4,6,Wine Grapes (Red),6058,Grenache *,3800,100,3,2,data_row
4,6,Wine Grapes (Red),6058,Grenache *,3819,100,10.6,2,data_row
4,6,Wine Grapes (Red),6058,Grenache *,3823,100,8.2,2,data_row
4,6,Wine Grapes (Red),6058,Grenache *,4000,100,23.5,2,data_row
4,6,Wine Grapes (Red),6058,Grenache *,4102.3,100,5.1,2,data_row
4,6,Wine Grapes (Red),6058,Grenache *,4166.55,100,5.2,2,data_row
4,6,Wine Grapes (Red),6058,Grenache *,4250,100,4.7,2,data_row
4,6,Wine Grapes (Red),6058,Grenache *,4266,100,1.1,2,data_row
4,6,Wine Grapes (Red),6058,Grenache *,4266.55,100,19.5,2,data_row
4,6,Wine Grapes (Red),6058,Grenache *,4266.55,11300,1,2,data_row
4,6,Wine Grapes (Red),6058,Grenache *,4267,100,2.4,2,data_row
4,6,Wine Grapes (Red),6058,Grenache *,4300,100,3.2,2,data_row
4,6,Wine Grapes (Red),6058,Grenache *,4500,100,11.9,2,data_row
4,6,Wine Grapes (Red),6058,Grenache *,4700,100,4.6,2,data_row
4,6,Wine Grapes (Red),6058,Grenache *,5000,100,1.7,2,data_row
4,6,Wine Grapes (Red),6058,Grenache *,5000,22800,4.9,2,data_row
4,6,Wine Grapes (Red),6058,Grenache *,5250,25450,2,2,data_row
4,6,Wine Grapes (Red),6058,Grenache *,5500,100,7.4,2,data_row
4,6,Wine Grapes (Red),6058,Grenache *,6829.3,100,0.1,2,data_row
4,6,Wine Grapes (Red),6058,Grenache *,3807.12,,156.5,3,summary_row
4,6,Wine Grapes (Red),6197,Lagrein,4500,100,0.9,2,data_row
4,6,Wine Grapes (Red),6197,Lagrein,5000,100,2.9,2,data_row
4,6,Wine Grapes (Red),6197,Lagrein,4881.58,,3.8,3,summary_row
4,6,Wine Grapes (Red),6076,Malbec,239,100,11.7,2,data_row
4,6,Wine Grapes (Red),6076,Malbec,500,100,7.9,2,data_row
4,6,Wine Grapes (Red),6076,Malbec,800,100,0.7,2,data_row
4,6,Wine Grapes (Red),6076,Malbec,1500,100,6,2,data_row
4,6,Wine Grapes (Red),6076,Malbec,1850,14000,1.5,2,data_row
4,6,Wine Grapes (Red),6076,Malbec,2000,100,2.6,2,data_row
4,6,Wine Grapes (Red),6076,Malbec,2000,25100,4.6,2,data_row
4,6,Wine Grapes (Red),6076,Malbec,2200,100,6.3,2,data_row
4,6,Wine Grapes (Red),6076,Malbec,2500,100,0.1,2,data_row
4,6,Wine Grapes (Red),6076,Malbec,2750,100,4,2,data_row
4,6,Wine Grapes (Red),6076,Malbec,2919.55,100,21.3,2,data_row
4,6,Wine Grapes (Red),6076,Malbec,3000,100,4.2,2,data_row
4,6,Wine Grapes (Red),6076,Malbec,3000,17400,13.5,2,data_row
4,6,Wine Grapes (Red),6076,Malbec,3190,100,8.5,2,data_row
4,6,Wine Grapes (Red),6076,Malbec,3200,17200,13,2,data_row
4,6,Wine Grapes (Red),6076,Malbec,3500,100,5.1,2,data_row
4,6,Wine Grapes (Red),6076,Malbec,3500,14000,7.7,2,data_row
4,6,Wine Grapes (Red),6076,Malbec,4000,100,0.8,2,data_row
4,6,Wine Grapes (Red),6076,Malbec,4006.67,100,1.8,2,data_row
4,6,Wine Grapes (Red),6076,Malbec,4130,100,7,2,data_row
4,6,Wine Grapes (Red),6076,Malbec,4250,100,0.6,2,data_row
4,6,Wine Grapes (Red),6076,Malbec,4500,100,1.4,2,data_row
4,6,Wine Grapes (Red),6076,Malbec,4824,21500,21.1,2,data_row
4,6,Wine Grapes (Red),6076,Malbec,5000,100,21.6,2,data_row
4,6,Wine Grapes (Red),6076,Malbec,5300,23100,1.7,2,data_row
4,6,Wine Grapes (Red),6076,Malbec,5445,100,2.3,2,data_row
4,6,Wine Grapes (Red),6076,Malbec,5500,100,9.3,2,data_row
4,6,Wine Grapes (Red),6076,Malbec,5740,100,2.2,2,data_row
4,6,Wine Grapes (Red),6076,Malbec,5995.85,100,3.8,2,data_row
4,6,Wine Grapes (Red),6076,Malbec,6000,100,8.9,2,data_row
4,6,Wine Grapes (Red),6076,Malbec,6037,100,0.5,2,data_row
4,6,Wine Grapes (Red),6076,Malbec,6086.02,100,5,2,data_row
4,6,Wine Grapes (Red),6076,Malbec,6242.63,24500,1.1,2,data_row
4,6,Wine Grapes (Red),6076,Malbec,6250,100,4.1,2,data_row
4,6,Wine Grapes (Red),6076,Malbec,6321.83,100,8.7,2,data_row
4,6,Wine Grapes (Red),6076,Malbec,6332,100,0.1,2,data_row
4,6,Wine Grapes (Red),6076,Malbec,6332.43,100,17.8,2,data_row
4,6,Wine Grapes (Red),6076,Malbec,6343.15,100,7.2,2,data_row
4,6,Wine Grapes (Red),6076,Malbec,6384.8,100,2.1,2,data_row
4,6,Wine Grapes (Red),6076,Malbec,6384.8,23400,9.2,2,data_row
4,6,Wine Grapes (Red),6076,Malbec,6397.29,100,55.9,2,data_row
4,6,Wine Grapes (Red),6076,Malbec,6400,100,7.3,2,data_row
4,6,Wine Grapes (Red),6076,Malbec,6452,100,4.7,2,data_row
4,6,Wine Grapes (Red),6076,Malbec,6500,100,40.7,2,data_row
4,6,Wine Grapes (Red),6076,Malbec,6500,24800,11.5,2,data_row
4,6,Wine Grapes (Red),6076,Malbec,6600,100,12.2,2,data_row
4,6,Wine Grapes (Red),6076,Malbec,6637.92,14000,3.2,2,data_row
4,6,Wine Grapes (Red),6076,Malbec,6650,100,0.6,2,data_row
4,6,Wine Grapes (Red),6076,Malbec,6800,100,5.3,2,data_row
4,6,Wine Grapes (Red),6076,Malbec,7000,100,10.6,2,data_row
4,6,Wine Grapes (Red),6076,Malbec,7000,17600,16,2,data_row
4,6,Wine Grapes (Red),6076,Malbec,7023.28,19400,2.7,2,data_row
4,6,Wine Grapes (Red),6076,Malbec,7023.28,24800,52.8,2,data_row
4,6,Wine Grapes (Red),6076,Malbec,7037,100,5.6,2,data_row
4,6,Wine Grapes (Red),6076,Malbec,7200,100,4.3,2,data_row
4,6,Wine Grapes (Red),6076,Malbec,7273,100,4.2,2,data_row
4,6,Wine Grapes (Red),6076,Malbec,7273,21500,0.9,2,data_row
4,6,Wine Grapes (Red),6076,Malbec,7316.17,100,1.7,2,data_row
4,6,Wine Grapes (Red),6076,Malbec,7333.23,100,0.1,2,data_row
4,6,Wine Grapes (Red),6076,Malbec,7342.52,100,9,2,data_row
4,6,Wine Grapes (Red),6076,Malbec,7500,100,4.1,2,data_row
4,6,Wine Grapes (Red),6076,Malbec,7725,100,3.2,2,data_row
4,6,Wine Grapes (Red),6076,Malbec,7732.4,100,37.6,2,data_row
4,6,Wine Grapes (Red),6076,Malbec,7815.61,100,5,2,data_row
4,6,Wine Grapes (Red),6076,Malbec,7900.51,100,5.4,2,data_row
4,6,Wine Grapes (Red),6076,Malbec,8000,100,9.3,2,data_row
4,6,Wine Grapes (Red),6076,Malbec,8051.87,100,5,2,data_row
4,6,Wine Grapes (Red),6076,Malbec,8200,2600,2.1,2,data_row
4,6,Wine Grapes (Red),6076,Malbec,8232.45,100,10.9,2,data_row
4,6,Wine Grapes (Red),6076,Malbec,8602.43,100,3.3,2,data_row
4,6,Wine Grapes (Red),6076,Malbec,8998.6,100,0.4,2,data_row
4,6,Wine Grapes (Red),6076,Malbec,9000,100,33.7,2,data_row
4,6,Wine Grapes (Red),6076,Malbec,9200,100,2.2,2,data_row
4,6,Wine Grapes (Red),6076,Malbec,9280.83,100,12.5,2,data_row
4,6,Wine Grapes (Red),6076,Malbec,9483,21900,0.3,2,data_row
4,6,Wine Grapes (Red),6076,Malbec,9561.34,100,11.1,2,data_row
4,6,Wine Grapes (Red),6076,Malbec,9611.56,100,11.3,2,data_row
4,6,Wine Grapes (Red),6076,Malbec,9733.22,100,3.7,2,data_row
4,6,Wine Grapes (Red),6076,Malbec,10436,100,5,2,data_row
4,6,Wine Grapes (Red),6076,Malbec,10568,100,2,2,data_row
4,6,Wine Grapes (Red),6076,Malbec,10746,100,2.6,2,data_row
4,6,Wine Grapes (Red),6076,Malbec,14000,100,4.6,2,data_row
4,6,Wine Grapes (Red),6076,Malbec,15250,100,12.5,2,data_row
4,6,Wine Grapes (Red),6076,Malbec,33566.8,27100,4.5,2,data_row
4,6,Wine Grapes (Red),6076,Malbec,6612.42,,698.6,3,summary_row
4,6,Wine Grapes (Red),6201,Marselan,6000,100,1.7,2,data_row
4,6,Wine Grapes (Red),6201,Marselan,6000,,1.7,3,summary_row
4,6,Wine Grapes (Red),6200,Mencia,3207,17800,2.9,2,data_row
4,6,Wine Grapes (Red),6200,Mencia,3207,,2.9,3,summary_row
4,6,Wine Grapes (Red),6084,Merlot,100,100,10.6,2,data_row
4,6,Wine Grapes (Red),6084,Merlot,600,22900,83,2,data_row
4,6,Wine Grapes (Red),6084,Merlot,650,100,99.7,2,data_row
4,6,Wine Grapes (Red),6084,Merlot,876,100,1.9,2,data_row
4,6,Wine Grapes (Red),6084,Merlot,900,100,47.6,2,data_row
4,6,Wine Grapes (Red),6084,Merlot,1000,100,17.5,2,data_row
4,6,Wine Grapes (Red),6084,Merlot,1000,24300,9.4,2,data_row
4,6,Wine Grapes (Red),6084,Merlot,1200,20900,0.4,2,data_row
4,6,Wine Grapes (Red),6084,Merlot,1500,100,14.7,2,data_row
4,6,Wine Grapes (Red),6084,Merlot,1850,14000,2.5,2,data_row
4,6,Wine Grapes (Red),6084,Merlot,1932.14,100,2.1,2,data_row
4,6,Wine Grapes (Red),6084,Merlot,2000,100,14.9,2,data_row
4,6,Wine Grapes (Red),6084,Merlot,2300,100,5.9,2,data_row
4,6,Wine Grapes (Red),6084,Merlot,2400,100,15.4,2,data_row
4,6,Wine Grapes (Red),6084,Merlot,2500,100,13,2,data_row
4,6,Wine Grapes (Red),6084,Merlot,2500,20900,6.7,2,data_row
4,6,Wine Grapes (Red),6084,Merlot,2500,21200,1.2,2,data_row
4,6,Wine Grapes (Red),6084,Merlot,2500,25100,1.2,2,data_row
4,6,Wine Grapes (Red),6084,Merlot,2681.07,100,26.9,2,data_row
4,6,Wine Grapes (Red),6084,Merlot,2783.13,100,24.1,2,data_row
4,6,Wine Grapes (Red),6084,Merlot,2940,100,5.5,2,data_row
4,6,Wine Grapes (Red),6084,Merlot,3000,100,23.2,2,data_row
4,6,Wine Grapes (Red),6084,Merlot,3000,13800,19.6,2,data_row
4,6,Wine Grapes (Red),6084,Merlot,3000,24800,6,2,data_row
4,6,Wine Grapes (Red),6084,Merlot,3000,25100,1.1,2,data_row
4,6,Wine Grapes (Red),6084,Merlot,3183,100,7.2,2,data_row
4,6,Wine Grapes (Red),6084,Merlot,3300,100,135,2,data_row
4,6,Wine Grapes (Red),6084,Merlot,3400,100,2.1,2,data_row
4,6,Wine Grapes (Red),6084,Merlot,3420,13600,0.9,2,data_row
4,6,Wine Grapes (Red),6084,Merlot,3443.51,100,19.5,2,data_row
4,6,Wine Grapes (Red),6084,Merlot,3500,100,38.1,2,data_row
4,6,Wine Grapes (Red),6084,Merlot,3500,21200,78.8,2,data_row
4,6,Wine Grapes (Red),6084,Merlot,3500,24500,1.3,2,data_row
4,6,Wine Grapes (Red),6084,Merlot,3591,100,7,2,data_row
4,6,Wine Grapes (Red),6084,Merlot,3593,25100,29.4,2,data_row
4,6,Wine Grapes (Red),6084,Merlot,3684.78,100,6.3,2,data_row
4,6,Wine Grapes (Red),6084,Merlot,3700,100,122.3,2,data_row
4,6,Wine Grapes (Red),6084,Merlot,3750,100,15.6,2,data_row
4,6,Wine Grapes (Red),6084,Merlot,3762,100,5.2,2,data_row
4,6,Wine Grapes (Red),6084,Merlot,3769.49,100,3.4,2,data_row
4,6,Wine Grapes (Red),6084,Merlot,3800,100,44.3,2,data_row
4,6,Wine Grapes (Red),6084,Merlot,3876.42,100,168.2,2,data_row
4,6,Wine Grapes (Red),6084,Merlot,4000,100,121,2,data_row
4,6,Wine Grapes (Red),6084,Merlot,4000,13600,2,2,data_row
4,6,Wine Grapes (Red),6084,Merlot,4000,17600,4.2,2,data_row
4,6,Wine Grapes (Red),6084,Merlot,4000,23400,118.9,2,data_row
4,6,Wine Grapes (Red),6084,Merlot,4000,28830,20,2,data_row
4,6,Wine Grapes (Red),6084,Merlot,4009,17800,38.7,2,data_row
4,6,Wine Grapes (Red),6084,Merlot,4055,100,60.5,2,data_row
4,6,Wine Grapes (Red),6084,Merlot,4100,100,2.5,2,data_row
4,6,Wine Grapes (Red),6084,Merlot,4161.94,100,12.8,2,data_row
4,6,Wine Grapes (Red),6084,Merlot,4200,100,3,2,data_row
4,6,Wine Grapes (Red),6084,Merlot,4250,100,68,2,data_row
4,6,Wine Grapes (Red),6084,Merlot,4251.93,100,62.9,2,data_row
4,6,Wine Grapes (Red),6084,Merlot,4252.98,100,11.2,2,data_row
4,6,Wine Grapes (Red),6084,Merlot,4271.74,100,1.4,2,data_row
4,6,Wine Grapes (Red),6084,Merlot,4275,100,32.9,2,data_row
4,6,Wine Grapes (Red),6084,Merlot,4300,24800,6,2,data_row
4,6,Wine Grapes (Red),6084,Merlot,4360,2600,16.9,2,data_row
4,6,Wine Grapes (Red),6084,Merlot,4419.68,24500,0.9,2,data_row
4,6,Wine Grapes (Red),6084,Merlot,4465,100,149.4,2,data_row
4,6,Wine Grapes (Red),6084,Merlot,4473.28,24800,27.9,2,data_row
4,6,Wine Grapes (Red),6084,Merlot,4500,100,67.9,2,data_row
4,6,Wine Grapes (Red),6084,Merlot,4500,17600,23.5,2,data_row
4,6,Wine Grapes (Red),6084,Merlot,4500,24800,140.7,2,data_row
4,6,Wine Grapes (Red),6084,Merlot,4563.96,100,14.3,2,data_row
4,6,Wine Grapes (Red),6084,Merlot,4600,20800,2.3,2,data_row
4,6,Wine Grapes (Red),6084,Merlot,4620,24800,65.1,2,data_row
4,6,Wine Grapes (Red),6084,Merlot,4620,26900,55,2,data_row
4,6,Wine Grapes (Red),6084,Merlot,4650,24800,35.2,2,data_row
4,6,Wine Grapes (Red),6084,Merlot,4653,100,3,2,data_row
4,6,Wine Grapes (Red),6084,Merlot,4654.6,100,21.6,2,data_row
4,6,Wine Grapes (Red),6084,Merlot,4674.55,100,9.2,2,data_row
4,6,Wine Grapes (Red),6084,Merlot,4692,100,10.8,2,data_row
4,6,Wine Grapes (Red),6084,Merlot,4692.03,100,8,2,data_row
4,6,Wine Grapes (Red),6084,Merlot,4699.99,100,10.3,2,data_row
4,6,Wine Grapes (Red),6084,Merlot,4700,100,0.9,2,data_row
4,6,Wine Grapes (Red),6084,Merlot,4716.29,14000,6.3,2,data_row
4,6,Wine Grapes (Red),6084,Merlot,4735,100,9,2,data_row
4,6,Wine Grapes (Red),6084,Merlot,4743.42,100,7.7,2,data_row
4,6,Wine Grapes (Red),6084,Merlot,4746,100,5.2,2,data_row
4,6,Wine Grapes (Red),6084,Merlot,4746.38,100,79.1,2,data_row
4,6,Wine Grapes (Red),6084,Merlot,4746.38,17800,9.3,2,data_row
4,6,Wine Grapes (Red),6084,Merlot,4747.36,100,4.8,2,data_row
4,6,Wine Grapes (Red),6084,Merlot,4750,100,5.3,2,data_row
4,6,Wine Grapes (Red),6084,Merlot,4752,100,26.5,2,data_row
4,6,Wine Grapes (Red),6084,Merlot,4753.43,19000,65.5,2,data_row
4,6,Wine Grapes (Red),6084,Merlot,4753.43,20800,170.2,2,data_row
4,6,Wine Grapes (Red),6084,Merlot,4764,100,4.7,2,data_row
4,6,Wine Grapes (Red),6084,Merlot,4764.04,24800,24.4,2,data_row
4,6,Wine Grapes (Red),6084,Merlot,4764.34,100,72.8,2,data_row
4,6,Wine Grapes (Red),6084,Merlot,4764.34,19625,23.8,2,data_row
4,6,Wine Grapes (Red),6084,Merlot,4764.6,24800,16.6,2,data_row
4,6,Wine Grapes (Red),6084,Merlot,4765.51,100,53.5,2,data_row
4,6,Wine Grapes (Red),6084,Merlot,4766.09,100,34.8,2,data_row
4,6,Wine Grapes (Red),6084,Merlot,4779.16,100,25,2,data_row
4,6,Wine Grapes (Red),6084,Merlot,4779.16,24800,162,2,data_row
4,6,Wine Grapes (Red),6084,Merlot,4800,100,6.9,2,data_row
4,6,Wine Grapes (Red),6084,Merlot,4800,17800,12.7,2,data_row
4,6,Wine Grapes (Red),6084,Merlot,4845.52,100,8.3,2,data_row
4,6,Wine Grapes (Red),6084,Merlot,4865,100,8.1,2,data_row
4,6,Wine Grapes (Red),6084,Merlot,4876.04,100,69.2,2,data_row
4,6,Wine Grapes (Red),6084,Merlot,4900,100,8.8,2,data_row
4,6,Wine Grapes (Red),6084,Merlot,4917.27,23400,29,2,data_row
4,6,Wine Grapes (Red),6084,Merlot,5000,100,312.1,2,data_row
4,6,Wine Grapes (Red),6084,Merlot,5000,24800,260.7,2,data_row
4,6,Wine Grapes (Red),6084,Merlot,5000,25300,4.4,2,data_row
4,6,Wine Grapes (Red),6084,Merlot,5058,100,47.9,2,data_row
4,6,Wine Grapes (Red),6084,Merlot,5058,2600,13.4,2,data_row
4,6,Wine Grapes (Red),6084,Merlot,5060.5,24500,11.6,2,data_row
4,6,Wine Grapes (Red),6084,Merlot,5098.09,28100,23.4,2,data_row
4,6,Wine Grapes (Red),6084,Merlot,5100,100,9.5,2,data_row
4,6,Wine Grapes (Red),6084,Merlot,5150,24500,5,2,data_row
4,6,Wine Grapes (Red),6084,Merlot,5228.77,17000,5.7,2,data_row
4,6,Wine Grapes (Red),6084,Merlot,5240.77,100,3.1,2,data_row
4,6,Wine Grapes (Red),6084,Merlot,5240.77,21500,4.8,2,data_row
4,6,Wine Grapes (Red),6084,Merlot,5250,25100,2.7,2,data_row
4,6,Wine Grapes (Red),6084,Merlot,5300,2200,12.2,2,data_row
4,6,Wine Grapes (Red),6084,Merlot,5300,24500,13.1,2,data_row
4,6,Wine Grapes (Red),6084,Merlot,5359,100,2.2,2,data_row
4,6,Wine Grapes (Red),6084,Merlot,5388.56,100,3.1,2,data_row
4,6,Wine Grapes (Red),6084,Merlot,5424.71,100,81.4,2,data_row
4,6,Wine Grapes (Red),6084,Merlot,5424.92,100,8.3,2,data_row
4,6,Wine Grapes (Red),6084,Merlot,5433,100,12.4,2,data_row
4,6,Wine Grapes (Red),6084,Merlot,5439,100,9.2,2,data_row
4,6,Wine Grapes (Red),6084,Merlot,5456.14,100,12.7,2,data_row
4,6,Wine Grapes (Red),6084,Merlot,5458.34,100,73.3,2,data_row
4,6,Wine Grapes (Red),6084,Merlot,5472.22,100,0.1,2,data_row
4,6,Wine Grapes (Red),6084,Merlot,5475,100,5.2,2,data_row
4,6,Wine Grapes (Red),6084,Merlot,5478.89,100,15.2,2,data_row
4,6,Wine Grapes (Red),6084,Merlot,5500,100,68.9,2,data_row
4,6,Wine Grapes (Red),6084,Merlot,5500,2600,9.9,2,data_row
4,6,Wine Grapes (Red),6084,Merlot,5500,21200,3.3,2,data_row
4,6,Wine Grapes (Red),6084,Merlot,5500.43,100,6.4,2,data_row
4,6,Wine Grapes (Red),6084,Merlot,5512.5,24500,4.1,2,data_row
4,6,Wine Grapes (Red),6084,Merlot,5522.58,100,10.2,2,data_row
4,6,Wine Grapes (Red),6084,Merlot,5582.75,100,20.5,2,data_row
4,6,Wine Grapes (Red),6084,Merlot,5595.84,100,27.5,2,data_row
4,6,Wine Grapes (Red),6084,Merlot,5600,100,10.3,2,data_row
4,6,Wine Grapes (Red),6084,Merlot,5604,100,10.9,2,data_row
4,6,Wine Grapes (Red),6084,Merlot,5664.5,100,6.3,2,data_row
4,6,Wine Grapes (Red),6084,Merlot,5665,100,7.1,2,data_row
4,6,Wine Grapes (Red),6084,Merlot,5717,100,25.5,2,data_row
4,6,Wine Grapes (Red),6084,Merlot,5717.21,100,2.8,2,data_row
4,6,Wine Grapes (Red),6084,Merlot,5720,100,11.4,2,data_row
4,6,Wine Grapes (Red),6084,Merlot,5778.46,100,15.6,2,data_row
4,6,Wine Grapes (Red),6084,Merlot,5800,100,76.3,2,data_row
4,6,Wine Grapes (Red),6084,Merlot,5810,100,2.4,2,data_row
4,6,Wine Grapes (Red),6084,Merlot,5850,100,28.4,2,data_row
4,6,Wine Grapes (Red),6084,Merlot,5869,100,3.3,2,data_row
4,6,Wine Grapes (Red),6084,Merlot,5927.4,100,38.1,2,data_row
4,6,Wine Grapes (Red),6084,Merlot,5928.99,100,3.8,2,data_row
4,6,Wine Grapes (Red),6084,Merlot,6000,100,66.9,2,data_row
4,6,Wine Grapes (Red),6084,Merlot,6000,2600,6.7,2,data_row
4,6,Wine Grapes (Red),6084,Merlot,6000,19550,2.7,2,data_row
4,6,Wine Grapes (Red),6084,Merlot,6000,24800,21.2,2,data_row
4,6,Wine Grapes (Red),6084,Merlot,6056.9,100,92.8,2,data_row
4,6,Wine Grapes (Red),6084,Merlot,6156,100,3.3,2,data_row
4,6,Wine Grapes (Red),6084,Merlot,6178.19,100,15.6,2,data_row
4,6,Wine Grapes (Red),6084,Merlot,6179.46,100,11.4,2,data_row
4,6,Wine Grapes (Red),6084,Merlot,6187,100,11.1,2,data_row
4,6,Wine Grapes (Red),6084,Merlot,6322.06,17600,9.8,2,data_row
4,6,Wine Grapes (Red),6084,Merlot,6322.06,21000,4.7,2,data_row
4,6,Wine Grapes (Red),6084,Merlot,6500,100,60,2,data_row
4,6,Wine Grapes (Red),6084,Merlot,6500,3100,10.1,2,data_row
4,6,Wine Grapes (Red),6084,Merlot,6500,13600,2.2,2,data_row
4,6,Wine Grapes (Red),6084,Merlot,6600,100,2.9,2,data_row
4,6,Wine Grapes (Red),6084,Merlot,6615,100,10.5,2,data_row
4,6,Wine Grapes (Red),6084,Merlot,6670,100,4.1,2,data_row
4,6,Wine Grapes (Red),6084,Merlot,6750,100,7.4,2,data_row
4,6,Wine Grapes (Red),6084,Merlot,6800,100,0.4,2,data_row
4,6,Wine Grapes (Red),6084,Merlot,6800,25100,10.1,2,data_row
4,6,Wine Grapes (Red),6084,Merlot,6959.33,100,6.1,2,data_row
4,6,Wine Grapes (Red),6084,Merlot,7000,100,10.2,2,data_row
4,6,Wine Grapes (Red),6084,Merlot,7119.57,100,2,2,data_row
4,6,Wine Grapes (Red),6084,Merlot,7213,100,11.5,2,data_row
4,6,Wine Grapes (Red),6084,Merlot,7223,100,2,2,data_row
4,6,Wine Grapes (Red),6084,Merlot,7223,27000,5,2,data_row
4,6,Wine Grapes (Red),6084,Merlot,7253,26900,2.5,2,data_row
4,6,Wine Grapes (Red),6084,Merlot,7500,100,48.1,2,data_row
4,6,Wine Grapes (Red),6084,Merlot,7588.33,100,4.6,2,data_row
4,6,Wine Grapes (Red),6084,Merlot,7736.73,100,5.5,2,data_row
4,6,Wine Grapes (Red),6084,Merlot,7820,100,27.1,2,data_row
4,6,Wine Grapes (Red),6084,Merlot,7938.23,25400,2.7,2,data_row
4,6,Wine Grapes (Red),6084,Merlot,8000,100,8.6,2,data_row
4,6,Wine Grapes (Red),6084,Merlot,8086.58,100,12.9,2,data_row
4,6,Wine Grapes (Red),6084,Merlot,8196,100,1.9,2,data_row
4,6,Wine Grapes (Red),6084,Merlot,8200,100,2.5,2,data_row
4,6,Wine Grapes (Red),6084,Merlot,8264,100,3.9,2,data_row
4,6,Wine Grapes (Red),6084,Merlot,8288.68,100,3.1,2,data_row
4,6,Wine Grapes (Red),6084,Merlot,8400,100,3.6,2,data_row
4,6,Wine Grapes (Red),6084,Merlot,8500,100,2,2,data_row
4,6,Wine Grapes (Red),6084,Merlot,8500,24500,2.4,2,data_row
4,6,Wine Grapes (Red),6084,Merlot,8602.43,100,1.1,2,data_row
4,6,Wine Grapes (Red),6084,Merlot,8750,100,8.9,2,data_row
4,6,Wine Grapes (Red),6084,Merlot,8903.75,100,12,2,data_row
4,6,Wine Grapes (Red),6084,Merlot,9000,100,20.8,2,data_row
4,6,Wine Grapes (Red),6084,Merlot,9665.73,24500,4.3,2,data_row
4,6,Wine Grapes (Red),6084,Merlot,9669.77,100,3.2,2,data_row
4,6,Wine Grapes (Red),6084,Merlot,10000,100,3.4,2,data_row
4,6,Wine Grapes (Red),6084,Merlot,10329,100,0.8,2,data_row
4,6,Wine Grapes (Red),6084,Merlot,10608,100,1.3,2,data_row
4,6,Wine Grapes (Red),6084,Merlot,11000,25100,20.2,2,data_row
4,6,Wine Grapes (Red),6084,Merlot,11276.47,100,5.9,2,data_row
4,6,Wine Grapes (Red),6084,Merlot,11500,100,0.8,2,data_row
4,6,Wine Grapes (Red),6084,Merlot,12000,100,3,2,data_row
4,6,Wine Grapes (Red),6084,Merlot,12061.67,100,1.5,2,data_row
4,6,Wine Grapes (Red),6084,Merlot,12457.72,100,2.7,2,data_row
4,6,Wine Grapes (Red),6084,Merlot,13331.4,100,2.5,2,data_row
4,6,Wine Grapes (Red),6084,Merlot,15000,100,10.1,2,data_row
4,6,Wine Grapes (Red),6084,Merlot,33566.8,27100,17.6,2,data_row
4,6,Wine Grapes (Red),6084,Merlot,4764.23,,5305,3,summary_row
4,6,Wine Grapes (Red),6085,Meunier *,2716.6,100,40.5,2,data_row
4,6,Wine Grapes (Red),6085,Meunier *,3600,100,70.5,2,data_row
4,6,Wine Grapes (Red),6085,Meunier *,3277.68,,111,3,summary_row
4,6,Wine Grapes (Red),6189,Montepulciano,3336.92,100,2.3,2,data_row
4,6,Wine Grapes (Red),6189,Montepulciano,4500,21500,1.1,2,data_row
4,6,Wine Grapes (Red),6189,Montepulciano,3713.21,,3.4,3,summary_row
4,6,Wine Grapes (Red),6081,Mourvedre *,2500,100,1,2,data_row
4,6,Wine Grapes (Red),6081,Mourvedre *,3200,100,2,2,data_row
4,6,Wine Grapes (Red),6081,Mourvedre *,3207,17800,2,2,data_row
4,6,Wine Grapes (Red),6081,Mourvedre *,4035.51,21200,4.6,2,data_row
4,6,Wine Grapes (Red),6081,Mourvedre *,4250,100,0.5,2,data_row
4,6,Wine Grapes (Red),6081,Mourvedre *,3564.59,,10.1,3,summary_row
4,6,Wine Grapes (Red),6095,Nebbiolo,4500,21500,0.8,2,data_row
4,6,Wine Grapes (Red),6095,Nebbiolo,4971,100,3.4,2,data_row
4,6,Wine Grapes (Red),6095,Nebbiolo,4881.29,,4.2,3,summary_row
4,6,Wine Grapes (Red),6107,Petit Verdot,700,100,7,2,data_row
4,6,Wine Grapes (Red),6107,Petit Verdot,1000,100,0.5,2,data_row
4,6,Wine Grapes (Red),6107,Petit Verdot,1400,24500,1.5,2,data_row
4,6,Wine Grapes (Red),6107,Petit Verdot,1500,100,5,2,data_row
4,6,Wine Grapes (Red),6107,Petit Verdot,1800,100,3.3,2,data_row
4,6,Wine Grapes (Red),6107,Petit Verdot,1932.14,100,2.1,2,data_row
4,6,Wine Grapes (Red),6107,Petit Verdot,2000,100,14.4,2,data_row
4,6,Wine Grapes (Red),6107,Petit Verdot,2200,20900,1.7,2,data_row
4,6,Wine Grapes (Red),6107,Petit Verdot,2362,100,1,2,data_row
4,6,Wine Grapes (Red),6107,Petit Verdot,2437.39,100,2.6,2,data_row
4,6,Wine Grapes (Red),6107,Petit Verdot,2500,100,5.6,2,data_row
4,6,Wine Grapes (Red),6107,Petit Verdot,2800,100,3.9,2,data_row
4,6,Wine Grapes (Red),6107,Petit Verdot,3000,100,1.4,2,data_row
4,6,Wine Grapes (Red),6107,Petit Verdot,3187.17,100,25.9,2,data_row
4,6,Wine Grapes (Red),6107,Petit Verdot,3207,17800,1.2,2,data_row
4,6,Wine Grapes (Red),6107,Petit Verdot,3500,100,6.7,2,data_row
4,6,Wine Grapes (Red),6107,Petit Verdot,3600,17400,1,2,data_row
4,6,Wine Grapes (Red),6107,Petit Verdot,4000,100,18.4,2,data_row
4,6,Wine Grapes (Red),6107,Petit Verdot,4055,100,3.5,2,data_row
4,6,Wine Grapes (Red),6107,Petit Verdot,4500,100,57,2,data_row
4,6,Wine Grapes (Red),6107,Petit Verdot,4752.45,100,5.2,2,data_row
4,6,Wine Grapes (Red),6107,Petit Verdot,5000,100,15.8,2,data_row
4,6,Wine Grapes (Red),6107,Petit Verdot,5110,100,5.6,2,data_row
4,6,Wine Grapes (Red),6107,Petit Verdot,5445,100,0.5,2,data_row
4,6,Wine Grapes (Red),6107,Petit Verdot,5500,100,0.8,2,data_row
4,6,Wine Grapes (Red),6107,Petit Verdot,5682,100,5.2,2,data_row
4,6,Wine Grapes (Red),6107,Petit Verdot,5845,100,0.9,2,data_row
4,6,Wine Grapes (Red),6107,Petit Verdot,5850,100,8,2,data_row
4,6,Wine Grapes (Red),6107,Petit Verdot,6000,100,13.8,2,data_row
4,6,Wine Grapes (Red),6107,Petit Verdot,6037,100,0.4,2,data_row
4,6,Wine Grapes (Red),6107,Petit Verdot,6086.02,100,2.6,2,data_row
4,6,Wine Grapes (Red),6107,Petit Verdot,6452,100,2.2,2,data_row
4,6,Wine Grapes (Red),6107,Petit Verdot,6500,100,0.5,2,data_row
4,6,Wine Grapes (Red),6107,Petit Verdot,6665.58,100,0.8,2,data_row
4,6,Wine Grapes (Red),6107,Petit Verdot,7200,100,7.5,2,data_row
4,6,Wine Grapes (Red),6107,Petit Verdot,7500,100,17,2,data_row
4,6,Wine Grapes (Red),6107,Petit Verdot,7500,24500,4.3,2,data_row
4,6,Wine Grapes (Red),6107,Petit Verdot,7721.87,17600,6.5,2,data_row
4,6,Wine Grapes (Red),6107,Petit Verdot,7807.78,24500,0.3,2,data_row
4,6,Wine Grapes (Red),6107,Petit Verdot,7850,100,1.9,2,data_row
4,6,Wine Grapes (Red),6107,Petit Verdot,8000,100,12.6,2,data_row
4,6,Wine Grapes (Red),6107,Petit Verdot,8000,17800,6.6,2,data_row
4,6,Wine Grapes (Red),6107,Petit Verdot,8000,19550,0.6,2,data_row
4,6,Wine Grapes (Red),6107,Petit Verdot,8018.95,100,1.4,2,data_row
4,6,Wine Grapes (Red),6107,Petit Verdot,8097,100,59.4,2,data_row
4,6,Wine Grapes (Red),6107,Petit Verdot,8109.76,25100,1.8,2,data_row
4,6,Wine Grapes (Red),6107,Petit Verdot,8118,100,0.2,2,data_row
4,6,Wine Grapes (Red),6107,Petit Verdot,8118.42,100,14.8,2,data_row
4,6,Wine Grapes (Red),6107,Petit Verdot,8120.21,100,2.7,2,data_row
4,6,Wine Grapes (Red),6107,Petit Verdot,8200,100,23,2,data_row
4,6,Wine Grapes (Red),6107,Petit Verdot,8200,25300,1.9,2,data_row
4,6,Wine Grapes (Red),6107,Petit Verdot,8288.68,100,0.4,2,data_row
4,6,Wine Grapes (Red),6107,Petit Verdot,8300,100,36,2,data_row
4,6,Wine Grapes (Red),6107,Petit Verdot,8450,100,8.1,2,data_row
4,6,Wine Grapes (Red),6107,Petit Verdot,8500,100,1.5,2,data_row
4,6,Wine Grapes (Red),6107,Petit Verdot,8500,21200,2,2,data_row
4,6,Wine Grapes (Red),6107,Petit Verdot,8526.22,14000,1,2,data_row
4,6,Wine Grapes (Red),6107,Petit Verdot,8600,100,5,2,data_row
4,6,Wine Grapes (Red),6107,Petit Verdot,8700,2600,1.9,2,data_row
4,6,Wine Grapes (Red),6107,Petit Verdot,8754.61,100,7.6,2,data_row
4,6,Wine Grapes (Red),6107,Petit Verdot,8862,100,10.9,2,data_row
4,6,Wine Grapes (Red),6107,Petit Verdot,8920.74,21000,3.7,2,data_row
4,6,Wine Grapes (Red),6107,Petit Verdot,8930,100,1.5,2,data_row
4,6,Wine Grapes (Red),6107,Petit Verdot,9000,100,24.2,2,data_row
4,6,Wine Grapes (Red),6107,Petit Verdot,9000,17800,1.3,2,data_row
4,6,Wine Grapes (Red),6107,Petit Verdot,9326.22,100,7.9,2,data_row
4,6,Wine Grapes (Red),6107,Petit Verdot,9417.37,100,15.4,2,data_row
4,6,Wine Grapes (Red),6107,Petit Verdot,9500,24600,7.6,2,data_row
4,6,Wine Grapes (Red),6107,Petit Verdot,9700,100,3,2,data_row
4,6,Wine Grapes (Red),6107,Petit Verdot,9704.16,100,5.7,2,data_row
4,6,Wine Grapes (Red),6107,Petit Verdot,9717.48,100,8,2,data_row
4,6,Wine Grapes (Red),6107,Petit Verdot,9732,100,5.1,2,data_row
4,6,Wine Grapes (Red),6107,Petit Verdot,9800,100,43.8,2,data_row
4,6,Wine Grapes (Red),6107,Petit Verdot,10000,100,18.4,2,data_row
4,6,Wine Grapes (Red),6107,Petit Verdot,10023.69,100,19.2,2,data_row
4,6,Wine Grapes (Red),6107,Petit Verdot,10026.51,100,7,2,data_row
4,6,Wine Grapes (Red),6107,Petit Verdot,10056.92,25400,2.4,2,data_row
4,6,Wine Grapes (Red),6107,Petit Verdot,10129.53,21000,2.2,2,data_row
4,6,Wine Grapes (Red),6107,Petit Verdot,10137.2,100,5,2,data_row
4,6,Wine Grapes (Red),6107,Petit Verdot,10184,100,1.6,2,data_row
4,6,Wine Grapes (Red),6107,Petit Verdot,10200,100,0.7,2,data_row
4,6,Wine Grapes (Red),6107,Petit Verdot,10463.21,100,9.2,2,data_row
4,6,Wine Grapes (Red),6107,Petit Verdot,10584,100,0.9,2,data_row
4,6,Wine Grapes (Red),6107,Petit Verdot,10608,100,1.6,2,data_row
4,6,Wine Grapes (Red),6107,Petit Verdot,10610.28,24500,1.8,2,data_row
4,6,Wine Grapes (Red),6107,Petit Verdot,10650,100,2.6,2,data_row
4,6,Wine Grapes (Red),6107,Petit Verdot,10786.86,21000,1.8,2,data_row
4,6,Wine Grapes (Red),6107,Petit Verdot,10925,100,2.2,2,data_row
4,6,Wine Grapes (Red),6107,Petit Verdot,11337.06,100,6.8,2,data_row
4,6,Wine Grapes (Red),6107,Petit Verdot,11352,100,5.9,2,data_row
4,6,Wine Grapes (Red),6107,Petit Verdot,11500,100,2.9,2,data_row
4,6,Wine Grapes (Red),6107,Petit Verdot,11956,100,6.1,2,data_row
4,6,Wine Grapes (Red),6107,Petit Verdot,12000,100,3.7,2,data_row
4,6,Wine Grapes (Red),6107,Petit Verdot,12061.67,100,0.9,2,data_row
4,6,Wine Grapes (Red),6107,Petit Verdot,12180,21900,1.1,2,data_row
4,6,Wine Grapes (Red),6107,Petit Verdot,12500,100,1.5,2,data_row
4,6,Wine Grapes (Red),6107,Petit Verdot,12673.33,100,12.4,2,data_row
4,6,Wine Grapes (Red),6107,Petit Verdot,13162.17,100,1.5,2,data_row
4,6,Wine Grapes (Red),6107,Petit Verdot,13215.02,17800,0.1,2,data_row
4,6,Wine Grapes (Red),6107,Petit Verdot,14000,100,1.7,2,data_row
4,6,Wine Grapes (Red),6107,Petit Verdot,14250,100,1.9,2,data_row
4,6,Wine Grapes (Red),6107,Petit Verdot,14500,100,7,2,data_row
4,6,Wine Grapes (Red),6107,Petit Verdot,14520,100,2.1,2,data_row
4,6,Wine Grapes (Red),6107,Petit Verdot,14850,100,2.1,2,data_row
4,6,Wine Grapes (Red),6107,Petit Verdot,14964,100,1.4,2,data_row
4,6,Wine Grapes (Red),6107,Petit Verdot,15000,100,2.7,2,data_row
4,6,Wine Grapes (Red),6107,Petit Verdot,15944.45,100,5.3,2,data_row
4,6,Wine Grapes (Red),6107,Petit Verdot,16000,100,2.1,2,data_row
4,6,Wine Grapes (Red),6107,Petit Verdot,16324.5,100,1.9,2,data_row
4,6,Wine Grapes (Red),6107,Petit Verdot,17224.88,100,1.8,2,data_row
4,6,Wine Grapes (Red),6107,Petit Verdot,17830,100,4.9,2,data_row
4,6,Wine Grapes (Red),6107,Petit Verdot,18000,100,2.1,2,data_row
4,6,Wine Grapes (Red),6107,Petit Verdot,18750,100,0.5,2,data_row
4,6,Wine Grapes (Red),6107,Petit Verdot,19250,23500,3,2,data_row
4,6,Wine Grapes (Red),6107,Petit Verdot,19750,100,0.6,2,data_row
4,6,Wine Grapes (Red),6107,Petit Verdot,19780.72,100,3.1,2,data_row
4,6,Wine Grapes (Red),6107,Petit Verdot,19945,100,2.1,2,data_row
4,6,Wine Grapes (Red),6107,Petit Verdot,22863.35,100,1.8,2,data_row
4,6,Wine Grapes (Red),6107,Petit Verdot,24000,100,2.7,2,data_row
4,6,Wine Grapes (Red),6107,Petit Verdot,24054.05,100,3.3,2,data_row
4,6,Wine Grapes (Red),6107,Petit Verdot,32500,100,2.7,2,data_row
4,6,Wine Grapes (Red),6107,Petit Verdot,33566.8,100,0.2,2,data_row
4,6,Wine Grapes (Red),6107,Petit Verdot,33566.8,27100,3.8,2,data_row
4,6,Wine Grapes (Red),6107,Petit Verdot,8434.63,,770.4,3,summary_row
4,6,Wine Grapes (Red),6106,Petite Sirah,500,100,3.8,2,data_row
4,6,Wine Grapes (Red),6106,Petite Sirah,1176.67,100,1.9,2,data_row
4,6,Wine Grapes (Red),6106,Petite Sirah,1750,100,4.4,2,data_row
4,6,Wine Grapes (Red),6106,Petite Sirah,1800,100,46.5,2,data_row
4,6,Wine Grapes (Red),6106,Petite Sirah,2000,100,3.4,2,data_row
4,6,Wine Grapes (Red),6106,Petite Sirah,2300,100,4.1,2,data_row
4,6,Wine Grapes (Red),6106,Petite Sirah,2497.09,100,5.1,2,data_row
4,6,Wine Grapes (Red),6106,Petite Sirah,2500,100,25.6,2,data_row
4,6,Wine Grapes (Red),6106,Petite Sirah,2500,24300,10.9,2,data_row
4,6,Wine Grapes (Red),6106,Petite Sirah,2899.62,100,13.4,2,data_row
4,6,Wine Grapes (Red),6106,Petite Sirah,3000,100,2.1,2,data_row
4,6,Wine Grapes (Red),6106,Petite Sirah,3040,100,5,2,data_row
4,6,Wine Grapes (Red),6106,Petite Sirah,3043,21500,11.1,2,data_row
4,6,Wine Grapes (Red),6106,Petite Sirah,3207,17800,1.5,2,data_row
4,6,Wine Grapes (Red),6106,Petite Sirah,3500,100,27.8,2,data_row
4,6,Wine Grapes (Red),6106,Petite Sirah,3500,24800,12.3,2,data_row
4,6,Wine Grapes (Red),6106,Petite Sirah,3585.47,100,1,2,data_row
4,6,Wine Grapes (Red),6106,Petite Sirah,3780,100,7.3,2,data_row
4,6,Wine Grapes (Red),6106,Petite Sirah,3800,100,29.9,2,data_row
4,6,Wine Grapes (Red),6106,Petite Sirah,3900,100,6,2,data_row
4,6,Wine Grapes (Red),6106,Petite Sirah,3983.86,100,5.8,2,data_row
4,6,Wine Grapes (Red),6106,Petite Sirah,3984,100,2.8,2,data_row
4,6,Wine Grapes (Red),6106,Petite Sirah,3987.5,20800,7.7,2,data_row
4,6,Wine Grapes (Red),6106,Petite Sirah,4000,100,200.6,2,data_row
4,6,Wine Grapes (Red),6106,Petite Sirah,4000,27600,0.5,2,data_row
4,6,Wine Grapes (Red),6106,Petite Sirah,4007,100,1.9,2,data_row
4,6,Wine Grapes (Red),6106,Petite Sirah,4035.21,100,0.1,2,data_row
4,6,Wine Grapes (Red),6106,Petite Sirah,4035.51,100,13.5,2,data_row
4,6,Wine Grapes (Red),6106,Petite Sirah,4035.51,3100,12.8,2,data_row
4,6,Wine Grapes (Red),6106,Petite Sirah,4035.51,11300,2.1,2,data_row
4,6,Wine Grapes (Red),6106,Petite Sirah,4035.51,13800,1.1,2,data_row
4,6,Wine Grapes (Red),6106,Petite Sirah,4035.51,20400,31.9,2,data_row
4,6,Wine Grapes (Red),6106,Petite Sirah,4115.13,100,12,2,data_row
4,6,Wine Grapes (Red),6106,Petite Sirah,4256,100,4.6,2,data_row
4,6,Wine Grapes (Red),6106,Petite Sirah,4275,100,2.1,2,data_row
4,6,Wine Grapes (Red),6106,Petite Sirah,4300,100,3,2,data_row
4,6,Wine Grapes (Red),6106,Petite Sirah,4364.5,100,20.9,2,data_row
4,6,Wine Grapes (Red),6106,Petite Sirah,4386.43,100,63.4,2,data_row
4,6,Wine Grapes (Red),6106,Petite Sirah,4400,100,15.3,2,data_row
4,6,Wine Grapes (Red),6106,Petite Sirah,4429.97,100,39.9,2,data_row
4,6,Wine Grapes (Red),6106,Petite Sirah,4439.06,100,26,2,data_row
4,6,Wine Grapes (Red),6106,Petite Sirah,4439.06,23400,15.5,2,data_row
4,6,Wine Grapes (Red),6106,Petite Sirah,4439.06,24500,11.9,2,data_row
4,6,Wine Grapes (Red),6106,Petite Sirah,4476,100,0.9,2,data_row
4,6,Wine Grapes (Red),6106,Petite Sirah,4500,100,15.4,2,data_row
4,6,Wine Grapes (Red),6106,Petite Sirah,4500,14000,3.2,2,data_row
4,6,Wine Grapes (Red),6106,Petite Sirah,4516.43,100,0.9,2,data_row
4,6,Wine Grapes (Red),6106,Petite Sirah,4533.32,100,53.1,2,data_row
4,6,Wine Grapes (Red),6106,Petite Sirah,4560,100,10.5,2,data_row
4,6,Wine Grapes (Red),6106,Petite Sirah,4586,100,22.9,2,data_row
4,6,Wine Grapes (Red),6106,Petite Sirah,4600,100,4.9,2,data_row
4,6,Wine Grapes (Red),6106,Petite Sirah,4616.25,100,4.2,2,data_row
4,6,Wine Grapes (Red),6106,Petite Sirah,4650,100,16.5,2,data_row
4,6,Wine Grapes (Red),6106,Petite Sirah,4700,100,12,2,data_row
4,6,Wine Grapes (Red),6106,Petite Sirah,4842.61,100,7.5,2,data_row
4,6,Wine Grapes (Red),6106,Petite Sirah,4950,100,12.5,2,data_row
4,6,Wine Grapes (Red),6106,Petite Sirah,5000,100,5.2,2,data_row
4,6,Wine Grapes (Red),6106,Petite Sirah,5000,22900,46.8,2,data_row
4,6,Wine Grapes (Red),6106,Petite Sirah,5039.27,21500,32.6,2,data_row
4,6,Wine Grapes (Red),6106,Petite Sirah,5145,100,8.1,2,data_row
4,6,Wine Grapes (Red),6106,Petite Sirah,5488.21,100,2,2,data_row
4,6,Wine Grapes (Red),6106,Petite Sirah,5500,100,2,2,data_row
4,6,Wine Grapes (Red),6106,Petite Sirah,5567,100,15.1,2,data_row
4,6,Wine Grapes (Red),6106,Petite Sirah,5584.25,100,3.1,2,data_row
4,6,Wine Grapes (Red),6106,Petite Sirah,5800,100,32.2,2,data_row
4,6,Wine Grapes (Red),6106,Petite Sirah,6000,100,0.9,2,data_row
4,6,Wine Grapes (Red),6106,Petite Sirah,6000,3200,8.3,2,data_row
4,6,Wine Grapes (Red),6106,Petite Sirah,6037,100,1.2,2,data_row
4,6,Wine Grapes (Red),6106,Petite Sirah,6200,100,2.1,2,data_row
4,6,Wine Grapes (Red),6106,Petite Sirah,6452,100,4.6,2,data_row
4,6,Wine Grapes (Red),6106,Petite Sirah,6500,100,9.7,2,data_row
4,6,Wine Grapes (Red),6106,Petite Sirah,6705.92,100,2.5,2,data_row
4,6,Wine Grapes (Red),6106,Petite Sirah,6750,100,5.2,2,data_row
4,6,Wine Grapes (Red),6106,Petite Sirah,6900.96,100,2.5,2,data_row
4,6,Wine Grapes (Red),6106,Petite Sirah,7135.82,100,2.2,2,data_row
4,6,Wine Grapes (Red),6106,Petite Sirah,7210,100,6.2,2,data_row
4,6,Wine Grapes (Red),6106,Petite Sirah,7519,100,8.2,2,data_row
4,6,Wine Grapes (Red),6106,Petite Sirah,50000,100,3.6,2,data_row
4,6,Wine Grapes (Red),6106,Petite Sirah,4381.29,,1087.3,3,summary_row
4,6,Wine Grapes (Red),6112,Pinot Noir *,500,100,3.9,2,data_row
4,6,Wine Grapes (Red),6112,Pinot Noir *,1000,100,81,2,data_row
4,6,Wine Grapes (Red),6112,Pinot Noir *,1150,100,20.1,2,data_row
4,6,Wine Grapes (Red),6112,Pinot Noir *,1200,100,60.6,2,data_row
4,6,Wine Grapes (Red),6112,Pinot Noir *,1600,100,26,2,data_row
4,6,Wine Grapes (Red),6112,Pinot Noir *,2000,100,6.1,2,data_row
4,6,Wine Grapes (Red),6112,Pinot Noir *,2085.7,100,4.8,2,data_row
4,6,Wine Grapes (Red),6112,Pinot Noir *,2361.2,100,174.7,2,data_row
4,6,Wine Grapes (Red),6112,Pinot Noir *,2400,100,62.8,2,data_row
4,6,Wine Grapes (Red),6112,Pinot Noir *,2445.45,100,48.1,2,data_row
4,6,Wine Grapes (Red),6112,Pinot Noir *,2466.14,100,8.6,2,data_row
4,6,Wine Grapes (Red),6112,Pinot Noir *,2495.08,100,246.1,2,data_row
4,6,Wine Grapes (Red),6112,Pinot Noir *,2495.29,100,105.3,2,data_row
4,6,Wine Grapes (Red),6112,Pinot Noir *,2500,100,0.8,2,data_row
4,6,Wine Grapes (Red),6112,Pinot Noir *,2600,100,697,2,data_row
4,6,Wine Grapes (Red),6112,Pinot Noir *,2600,6500,1.5,2,data_row
4,6,Wine Grapes (Red),6112,Pinot Noir *,2607.4,100,8,2,data_row
4,6,Wine Grapes (Red),6112,Pinot Noir *,2664.09,100,272.6,2,data_row
4,6,Wine Grapes (Red),6112,Pinot Noir *,2675,100,4,2,data_row
4,6,Wine Grapes (Red),6112,Pinot Noir *,2700,21000,5.2,2,data_row
4,6,Wine Grapes (Red),6112,Pinot Noir *,2711,100,13,2,data_row
4,6,Wine Grapes (Red),6112,Pinot Noir *,2718,100,2.1,2,data_row
4,6,Wine Grapes (Red),6112,Pinot Noir *,2725,100,5.9,2,data_row
4,6,Wine Grapes (Red),6112,Pinot Noir *,2728.5,100,60.2,2,data_row
4,6,Wine Grapes (Red),6112,Pinot Noir *,2800,100,258.2,2,data_row
4,6,Wine Grapes (Red),6112,Pinot Noir *,2800,17400,4.5,2,data_row
4,6,Wine Grapes (Red),6112,Pinot Noir *,2836.23,100,21.2,2,data_row
4,6,Wine Grapes (Red),6112,Pinot Noir *,2837.4,100,26,2,data_row
4,6,Wine Grapes (Red),6112,Pinot Noir *,2850,100,43.3,2,data_row
4,6,Wine Grapes (Red),6112,Pinot Noir *,2866.93,100,27.8,2,data_row
4,6,Wine Grapes (Red),6112,Pinot Noir *,2898.42,100,4.7,2,data_row
4,6,Wine Grapes (Red),6112,Pinot Noir *,2900,100,206,2,data_row
4,6,Wine Grapes (Red),6112,Pinot Noir *,2910,100,6,2,data_row
4,6,Wine Grapes (Red),6112,Pinot Noir *,2910.28,100,88.5,2,data_row
4,6,Wine Grapes (Red),6112,Pinot Noir *,2941.8,100,29.4,2,data_row
4,6,Wine Grapes (Red),6112,Pinot Noir *,2950,100,10.4,2,data_row
4,6,Wine Grapes (Red),6112,Pinot Noir *,2990,100,23,2,data_row
4,6,Wine Grapes (Red),6112,Pinot Noir *,3000,100,277.9,2,data_row
4,6,Wine Grapes (Red),6112,Pinot Noir *,3000,17200,3,2,data_row
4,6,Wine Grapes (Red),6112,Pinot Noir *,3000,17400,31.1,2,data_row
4,6,Wine Grapes (Red),6112,Pinot Noir *,3100,100,4.2,2,data_row
4,6,Wine Grapes (Red),6112,Pinot Noir *,3100,24300,8.2,2,data_row
4,6,Wine Grapes (Red),6112,Pinot Noir *,3201.08,100,17.9,2,data_row
4,6,Wine Grapes (Red),6112,Pinot Noir *,3205,100,8.8,2,data_row
4,6,Wine Grapes (Red),6112,Pinot Noir *,3250,100,10,2,data_row
4,6,Wine Grapes (Red),6112,Pinot Noir *,3300,100,5.2,2,data_row
4,6,Wine Grapes (Red),6112,Pinot Noir *,3305.68,100,197,2,data_row
4,6,Wine Grapes (Red),6112,Pinot Noir *,3347,100,30.3,2,data_row
4,6,Wine Grapes (Red),6112,Pinot Noir *,3400,100,10.5,2,data_row
4,6,Wine Grapes (Red),6112,Pinot Noir *,3500,100,18.8,2,data_row
4,6,Wine Grapes (Red),6112,Pinot Noir *,3500,21200,168.9,2,data_row
4,6,Wine Grapes (Red),6112,Pinot Noir *,3600,21000,2.6,2,data_row
4,6,Wine Grapes (Red),6112,Pinot Noir *,3626.13,100,10.2,2,data_row
4,6,Wine Grapes (Red),6112,Pinot Noir *,3800,100,13.9,2,data_row
4,6,Wine Grapes (Red),6112,Pinot Noir *,3904,100,6.8,2,data_row
4,6,Wine Grapes (Red),6112,Pinot Noir *,4011.45,100,21.6,2,data_row
4,6,Wine Grapes (Red),6112,Pinot Noir *,4326,100,10.3,2,data_row
4,6,Wine Grapes (Red),6112,Pinot Noir *,4395.31,100,3,2,data_row
4,6,Wine Grapes (Red),6112,Pinot Noir *,4700,100,8.8,2,data_row
4,6,Wine Grapes (Red),6112,Pinot Noir *,5503.69,100,4.5,2,data_row
4,6,Wine Grapes (Red),6112,Pinot Noir *,5509.47,100,4,2,data_row
4,6,Wine Grapes (Red),6112,Pinot Noir *,5737,24500,1.1,2,data_row
4,6,Wine Grapes (Red),6112,Pinot Noir *,5775,100,4.5,2,data_row
4,6,Wine Grapes (Red),6112,Pinot Noir *,6000,100,8.7,2,data_row
4,6,Wine Grapes (Red),6112,Pinot Noir *,6000,13400,1.7,2,data_row
4,6,Wine Grapes (Red),6112,Pinot Noir *,6300,100,3.2,2,data_row
4,6,Wine Grapes (Red),6112,Pinot Noir *,7000,100,4.1,2,data_row
4,6,Wine Grapes (Red),6112,Pinot Noir *,7061.96,100,5.1,2,data_row
4,6,Wine Grapes (Red),6112,Pinot Noir *,7280,100,4.9,2,data_row
4,6,Wine Grapes (Red),6112,Pinot Noir *,7301.14,100,5.2,2,data_row
4,6,Wine Grapes (Red),6112,Pinot Noir *,7347.33,23500,41.5,2,data_row
4,6,Wine Grapes (Red),6112,Pinot Noir *,7872,100,1.3,2,data_row
4,6,Wine Grapes (Red),6112,Pinot Noir *,7900.79,100,13.9,2,data_row
4,6,Wine Grapes (Red),6112,Pinot Noir *,8264.15,100,5.2,2,data_row
4,6,Wine Grapes (Red),6112,Pinot Noir *,8500,21200,5.2,2,data_row
4,6,Wine Grapes (Red),6112,Pinot Noir *,9122.55,100,4.4,2,data_row
4,6,Wine Grapes (Red),6112,Pinot Noir *,2871.72,,3654.9,3,summary_row
4,6,Wine Grapes (Red),6021,Primitivo,4400,100,2,2,data_row
4,6,Wine Grapes (Red),6021,Primitivo,4438,100,7.6,2,data_row
4,6,Wine Grapes (Red),6021,Primitivo,4500,21200,28.5,2,data_row
4,6,Wine Grapes (Red),6021,Primitivo,4625,100,7.6,2,data_row
4,6,Wine Grapes (Red),6021,Primitivo,4625.16,100,5.3,2,data_row
4,6,Wine Grapes (Red),6021,Primitivo,5000,100,7.6,2,data_row
4,6,Wine Grapes (Red),6021,Primitivo,4580.92,,58.6,3,summary_row
4,6,Wine Grapes (Red),6127,Sangiovese *,500,100,8.1,2,data_row
4,6,Wine Grapes (Red),6127,Sangiovese *,4000,100,1.8,2,data_row
4,6,Wine Grapes (Red),6127,Sangiovese *,4500,17800,0.6,2,data_row
4,6,Wine Grapes (Red),6127,Sangiovese *,4500,21500,1.3,2,data_row
4,6,Wine Grapes (Red),6127,Sangiovese *,4774,24300,2.9,2,data_row
4,6,Wine Grapes (Red),6127,Sangiovese *,5000,100,1.8,2,data_row
4,6,Wine Grapes (Red),6127,Sangiovese *,5303.8,100,30.5,2,data_row
4,6,Wine Grapes (Red),6127,Sangiovese *,5400,100,7.4,2,data_row
4,6,Wine Grapes (Red),6127,Sangiovese *,5676.29,100,3.9,2,data_row
4,6,Wine Grapes (Red),6127,Sangiovese *,5710,24800,4.4,2,data_row
4,6,Wine Grapes (Red),6127,Sangiovese *,5857.88,100,6.8,2,data_row
4,6,Wine Grapes (Red),6127,Sangiovese *,5987,100,2.8,2,data_row
4,6,Wine Grapes (Red),6127,Sangiovese *,5987.46,100,16.5,2,data_row
4,6,Wine Grapes (Red),6127,Sangiovese *,6000,100,0.7,2,data_row
4,6,Wine Grapes (Red),6127,Sangiovese *,6500,100,8.6,2,data_row
4,6,Wine Grapes (Red),6127,Sangiovese *,6500,24800,3,2,data_row
4,6,Wine Grapes (Red),6127,Sangiovese *,7700,23500,11.6,2,data_row
4,6,Wine Grapes (Red),6127,Sangiovese *,8000,100,2.1,2,data_row
4,6,Wine Grapes (Red),6127,Sangiovese *,17500,100,4.4,2,data_row
4,6,Wine Grapes (Red),6127,Sangiovese *,5954.21,,119.2,3,summary_row
4,6,Wine Grapes (Red),6035,St Laurent,2500,100,4.1,2,data_row
4,6,Wine Grapes (Red),6035,St Laurent,2500,,4.1,3,summary_row
4,6,Wine Grapes (Red),6163,Syrah *,100,100,3.9,2,data_row
4,6,Wine Grapes (Red),6163,Syrah *,500,100,5,2,data_row
4,6,Wine Grapes (Red),6163,Syrah *,600,22900,54.7,2,data_row
4,6,Wine Grapes (Red),6163,Syrah *,800,100,5.8,2,data_row
4,6,Wine Grapes (Red),6163,Syrah *,900,100,23.2,2,data_row
4,6,Wine Grapes (Red),6163,Syrah *,1000,100,7.7,2,data_row
4,6,Wine Grapes (Red),6163,Syrah *,1800,100,4.1,2,data_row
4,6,Wine Grapes (Red),6163,Syrah *,2000,100,42.9,2,data_row
4,6,Wine Grapes (Red),6163,Syrah *,2500,100,3.5,2,data_row
4,6,Wine Grapes (Red),6163,Syrah *,2700,100,12.9,2,data_row
4,6,Wine Grapes (Red),6163,Syrah *,3000,100,12.9,2,data_row
4,6,Wine Grapes (Red),6163,Syrah *,3000.26,100,5.7,2,data_row
4,6,Wine Grapes (Red),6163,Syrah *,3200,100,0.5,2,data_row
4,6,Wine Grapes (Red),6163,Syrah *,3500,100,14,2,data_row
4,6,Wine Grapes (Red),6163,Syrah *,3600,100,6,2,data_row
4,6,Wine Grapes (Red),6163,Syrah *,3750,14000,6.2,2,data_row
4,6,Wine Grapes (Red),6163,Syrah *,3750,17800,4.7,2,data_row
4,6,Wine Grapes (Red),6163,Syrah *,4000,100,3.6,2,data_row
4,6,Wine Grapes (Red),6163,Syrah *,4000,20800,2.7,2,data_row
4,6,Wine Grapes (Red),6163,Syrah *,4386.43,100,49.5,2,data_row
4,6,Wine Grapes (Red),6163,Syrah *,4475,100,5,2,data_row
4,6,Wine Grapes (Red),6163,Syrah *,4500,100,23.1,2,data_row
4,6,Wine Grapes (Red),6163,Syrah *,4500,13600,2.5,2,data_row
4,6,Wine Grapes (Red),6163,Syrah *,4600,100,2.4,2,data_row
4,6,Wine Grapes (Red),6163,Syrah *,4735.2,100,6.7,2,data_row
4,6,Wine Grapes (Red),6163,Syrah *,4750,100,2.8,2,data_row
4,6,Wine Grapes (Red),6163,Syrah *,4773.38,100,97.5,2,data_row
4,6,Wine Grapes (Red),6163,Syrah *,4784.23,24500,0.7,2,data_row
4,6,Wine Grapes (Red),6163,Syrah *,4800,17800,2,2,data_row
4,6,Wine Grapes (Red),6163,Syrah *,4841.56,100,60.7,2,data_row
4,6,Wine Grapes (Red),6163,Syrah *,4853.45,100,33,2,data_row
4,6,Wine Grapes (Red),6163,Syrah *,4920.97,100,1,2,data_row
4,6,Wine Grapes (Red),6163,Syrah *,4964.45,100,8.3,2,data_row
4,6,Wine Grapes (Red),6163,Syrah *,5000,100,34.8,2,data_row
4,6,Wine Grapes (Red),6163,Syrah *,5041.99,100,1.8,2,data_row
4,6,Wine Grapes (Red),6163,Syrah *,5078.42,100,7.8,2,data_row
4,6,Wine Grapes (Red),6163,Syrah *,5100,100,1.1,2,data_row
4,6,Wine Grapes (Red),6163,Syrah *,5168,100,2.5,2,data_row
4,6,Wine Grapes (Red),6163,Syrah *,5168.44,100,19.6,2,data_row
4,6,Wine Grapes (Red),6163,Syrah *,5191.07,100,22.5,2,data_row
4,6,Wine Grapes (Red),6163,Syrah *,5200,100,5,2,data_row
4,6,Wine Grapes (Red),6163,Syrah *,5346.98,100,4.5,2,data_row
4,6,Wine Grapes (Red),6163,Syrah *,5711,100,13.5,2,data_row
4,6,Wine Grapes (Red),6163,Syrah *,5936.21,100,0.5,2,data_row
4,6,Wine Grapes (Red),6163,Syrah *,6032,100,6.4,2,data_row
4,6,Wine Grapes (Red),6163,Syrah *,6050,100,19.1,2,data_row
4,6,Wine Grapes (Red),6163,Syrah *,6090,100,4.9,2,data_row
4,6,Wine Grapes (Red),6163,Syrah *,6202.13,24500,28.8,2,data_row
4,6,Wine Grapes (Red),6163,Syrah *,6274.42,100,5,2,data_row
4,6,Wine Grapes (Red),6163,Syrah *,6310.05,17800,3.2,2,data_row
4,6,Wine Grapes (Red),6163,Syrah *,6342.06,100,15.2,2,data_row
4,6,Wine Grapes (Red),6163,Syrah *,6562.25,100,9.7,2,data_row
4,6,Wine Grapes (Red),6163,Syrah *,6700,100,1.9,2,data_row
4,6,Wine Grapes (Red),6163,Syrah *,6720,100,21.2,2,data_row
4,6,Wine Grapes (Red),6163,Syrah *,6829.3,100,8.1,2,data_row
4,6,Wine Grapes (Red),6163,Syrah *,6834.95,100,4,2,data_row
4,6,Wine Grapes (Red),6163,Syrah *,7000,100,3.7,2,data_row
4,6,Wine Grapes (Red),6163,Syrah *,7087,100,5.4,2,data_row
4,6,Wine Grapes (Red),6163,Syrah *,7451.86,100,6.2,2,data_row
4,6,Wine Grapes (Red),6163,Syrah *,7500,17400,1.7,2,data_row
4,6,Wine Grapes (Red),6163,Syrah *,7571.2,100,4.9,2,data_row
4,6,Wine Grapes (Red),6163,Syrah *,7858.63,100,5.8,2,data_row
4,6,Wine Grapes (Red),6163,Syrah *,7895.68,24500,8,2,data_row
4,6,Wine Grapes (Red),6163,Syrah *,8109.83,100,4.9,2,data_row
4,6,Wine Grapes (Red),6163,Syrah *,8288.68,100,2.4,2,data_row
4,6,Wine Grapes (Red),6163,Syrah *,8500,100,1,2,data_row
4,6,Wine Grapes (Red),6163,Syrah *,9521,100,5.2,2,data_row
4,6,Wine Grapes (Red),6163,Syrah *,9680,17200,6.1,2,data_row
4,6,Wine Grapes (Red),6163,Syrah *,4480.35,,811.6,3,summary_row
4,6,Wine Grapes (Red),6176,Tempranillo *,2000,24800,6,2,data_row
4,6,Wine Grapes (Red),6176,Tempranillo *,4000,100,4.1,2,data_row
4,6,Wine Grapes (Red),6176,Tempranillo *,4500,100,3,2,data_row
4,6,Wine Grapes (Red),6176,Tempranillo *,4919,100,4.8,2,data_row
4,6,Wine Grapes (Red),6176,Tempranillo *,5627,21000,4.9,2,data_row
4,6,Wine Grapes (Red),6176,Tempranillo *,6186.75,100,1.9,2,data_row
4,6,Wine Grapes (Red),6176,Tempranillo *,6489.6,100,4,2,data_row
4,6,Wine Grapes (Red),6176,Tempranillo *,4557.38,,28.7,3,summary_row
4,6,Wine Grapes (Red),6165,Tinta Cao,4500,100,0.8,2,data_row
4,6,Wine Grapes (Red),6165,Tinta Cao,4500,,0.8,3,summary_row
4,6,Wine Grapes (Red),6008,Touriga Nacional *,4500,100,5.2,2,data_row
4,6,Wine Grapes (Red),6008,Touriga Nacional *,5000,100,1.1,2,data_row
4,6,Wine Grapes (Red),6008,Touriga Nacional *,4587.3,,6.3,3,summary_row
4,6,Wine Grapes (Red),6052,Valdiguie *,2583.6,100,6.8,2,data_row
4,6,Wine Grapes (Red),6052,Valdiguie *,2800,100,1.8,2,data_row
4,6,Wine Grapes (Red),6052,Valdiguie *,3500,100,13.5,2,data_row
4,6,Wine Grapes (Red),6052,Valdiguie *,3161.02,,22.1,3,summary_row
4,6,Wine Grapes (Red),6154,Zinfandel,100,100,7,2,data_row
4,6,Wine Grapes (Red),6154,Zinfandel,300,100,0.6,2,data_row
4,6,Wine Grapes (Red),6154,Zinfandel,500,100,10.5,2,data_row
4,6,Wine Grapes (Red),6154,Zinfandel,600,22900,33.8,2,data_row
4,6,Wine Grapes (Red),6154,Zinfandel,800,100,2.4,2,data_row
4,6,Wine Grapes (Red),6154,Zinfandel,800,21200,10.1,2,data_row
4,6,Wine Grapes (Red),6154,Zinfandel,1000,100,3.4,2,data_row
4,6,Wine Grapes (Red),6154,Zinfandel,1800,100,64.2,2,data_row
4,6,Wine Grapes (Red),6154,Zinfandel,2000,100,4.2,2,data_row
4,6,Wine Grapes (Red),6154,Zinfandel,2100,100,1.8,2,data_row
4,6,Wine Grapes (Red),6154,Zinfandel,3000,100,8,2,data_row
4,6,Wine Grapes (Red),6154,Zinfandel,3200,100,54.4,2,data_row
4,6,Wine Grapes (Red),6154,Zinfandel,3207,17800,6.3,2,data_row
4,6,Wine Grapes (Red),6154,Zinfandel,3331.19,100,4.9,2,data_row
4,6,Wine Grapes (Red),6154,Zinfandel,3500,100,6.7,2,data_row
4,6,Wine Grapes (Red),6154,Zinfandel,3660,21500,46,2,data_row
4,6,Wine Grapes (Red),6154,Zinfandel,3800,100,6.3,2,data_row
4,6,Wine Grapes (Red),6154,Zinfandel,4000,100,9.8,2,data_row
4,6,Wine Grapes (Red),6154,Zinfandel,4000,24600,1,2,data_row
4,6,Wine Grapes (Red),6154,Zinfandel,4264.98,100,55.3,2,data_row
4,6,Wine Grapes (Red),6154,Zinfandel,4338,100,6.6,2,data_row
4,6,Wine Grapes (Red),6154,Zinfandel,4477.24,100,9.2,2,data_row
4,6,Wine Grapes (Red),6154,Zinfandel,4488.44,100,81,2,data_row
4,6,Wine Grapes (Red),6154,Zinfandel,4497.55,100,66.5,2,data_row
4,6,Wine Grapes (Red),6154,Zinfandel,4500,100,7.5,2,data_row
4,6,Wine Grapes (Red),6154,Zinfandel,4500,3200,11,2,data_row
4,6,Wine Grapes (Red),6154,Zinfandel,4500,21200,15.1,2,data_row
4,6,Wine Grapes (Red),6154,Zinfandel,4516.43,100,2.2,2,data_row
4,6,Wine Grapes (Red),6154,Zinfandel,4532.99,100,40.5,2,data_row
4,6,Wine Grapes (Red),6154,Zinfandel,4600,100,47.9,2,data_row
4,6,Wine Grapes (Red),6154,Zinfandel,4607.25,100,71.2,2,data_row
4,6,Wine Grapes (Red),6154,Zinfandel,4612.05,100,11.1,2,data_row
4,6,Wine Grapes (Red),6154,Zinfandel,4669.33,100,10.1,2,data_row
4,6,Wine Grapes (Red),6154,Zinfandel,4706.45,100,5.3,2,data_row
4,6,Wine Grapes (Red),6154,Zinfandel,4738.78,100,9.3,2,data_row
4,6,Wine Grapes (Red),6154,Zinfandel,4738.78,27600,34.9,2,data_row
4,6,Wine Grapes (Red),6154,Zinfandel,4738.79,21200,129.2,2,data_row
4,6,Wine Grapes (Red),6154,Zinfandel,4739,100,6.6,2,data_row
4,6,Wine Grapes (Red),6154,Zinfandel,4740.53,100,1.6,2,data_row
4,6,Wine Grapes (Red),6154,Zinfandel,4740.53,20800,128.7,2,data_row
4,6,Wine Grapes (Red),6154,Zinfandel,4785.84,100,26.2,2,data_row
4,6,Wine Grapes (Red),6154,Zinfandel,4800,100,9.8,2,data_row
4,6,Wine Grapes (Red),6154,Zinfandel,4853.66,100,181.1,2,data_row
4,6,Wine Grapes (Red),6154,Zinfandel,4853.66,13800,0.8,2,data_row
4,6,Wine Grapes (Red),6154,Zinfandel,4854,100,7.9,2,data_row
4,6,Wine Grapes (Red),6154,Zinfandel,4900.74,100,101,2,data_row
4,6,Wine Grapes (Red),6154,Zinfandel,4920.97,100,5.3,2,data_row
4,6,Wine Grapes (Red),6154,Zinfandel,4938.86,100,6.3,2,data_row
4,6,Wine Grapes (Red),6154,Zinfandel,4944.84,100,19.1,2,data_row
4,6,Wine Grapes (Red),6154,Zinfandel,4950,100,29.3,2,data_row
4,6,Wine Grapes (Red),6154,Zinfandel,4965.2,100,239.4,2,data_row
4,6,Wine Grapes (Red),6154,Zinfandel,5000,100,24.9,2,data_row
4,6,Wine Grapes (Red),6154,Zinfandel,5000,3200,13.6,2,data_row
4,6,Wine Grapes (Red),6154,Zinfandel,5100,24300,1.9,2,data_row
4,6,Wine Grapes (Red),6154,Zinfandel,5200,100,16.6,2,data_row
4,6,Wine Grapes (Red),6154,Zinfandel,5200,24800,30,2,data_row
4,6,Wine Grapes (Red),6154,Zinfandel,5302.44,100,2.4,2,data_row
4,6,Wine Grapes (Red),6154,Zinfandel,5320.58,100,29,2,data_row
4,6,Wine Grapes (Red),6154,Zinfandel,5400,100,10.3,2,data_row
4,6,Wine Grapes (Red),6154,Zinfandel,5500,100,21.4,2,data_row
4,6,Wine Grapes (Red),6154,Zinfandel,5517,3200,12.2,2,data_row
4,6,Wine Grapes (Red),6154,Zinfandel,5517.14,100,35.2,2,data_row
4,6,Wine Grapes (Red),6154,Zinfandel,5572.66,100,3.7,2,data_row
4,6,Wine Grapes (Red),6154,Zinfandel,5610,100,4.8,2,data_row
4,6,Wine Grapes (Red),6154,Zinfandel,5677,100,3.3,2,data_row
4,6,Wine Grapes (Red),6154,Zinfandel,5678.03,100,27.3,2,data_row
4,6,Wine Grapes (Red),6154,Zinfandel,5750,100,7.3,2,data_row
4,6,Wine Grapes (Red),6154,Zinfandel,5839.33,100,7.1,2,data_row
4,6,Wine Grapes (Red),6154,Zinfandel,6000,100,5,2,data_row
4,6,Wine Grapes (Red),6154,Zinfandel,6200,100,4.1,2,data_row
4,6,Wine Grapes (Red),6154,Zinfandel,6500,100,20,2,data_row
4,6,Wine Grapes (Red),6154,Zinfandel,6700,24800,5.5,2,data_row
4,6,Wine Grapes (Red),6154,Zinfandel,6989.7,100,10.6,2,data_row
4,6,Wine Grapes (Red),6154,Zinfandel,7000,100,13.1,2,data_row
4,6,Wine Grapes (Red),6154,Zinfandel,7000,13600,3.6,2,data_row
4,6,Wine Grapes (Red),6154,Zinfandel,7135.82,100,7.6,2,data_row
4,6,Wine Grapes (Red),6154,Zinfandel,7311.62,100,11.3,2,data_row
4,6,Wine Grapes (Red),6154,Zinfandel,7500,26900,14.6,2,data_row
4,6,Wine Grapes (Red),6154,Zinfandel,7532.39,100,5.8,2,data_row
4,6,Wine Grapes (Red),6154,Zinfandel,7771.38,100,14.2,2,data_row
4,6,Wine Grapes (Red),6154,Zinfandel,8160,100,6.2,2,data_row
4,6,Wine Grapes (Red),6154,Zinfandel,8189,100,5.6,2,data_row
4,6,Wine Grapes (Red),6154,Zinfandel,8261,100,5.1,2,data_row
4,6,Wine Grapes (Red),6154,Zinfandel,8700,100,5.6,2,data_row
4,6,Wine Grapes (Red),6154,Zinfandel,9500,100,2.1,2,data_row
4,6,Wine Grapes (Red),6154,Zinfandel,9785.58,100,14.5,2,data_row
4,6,Wine Grapes (Red),6154,Zinfandel,4701.96,,2063.9,3,summary_row
4,6,Wine Grapes (Red),6001,Other Red Wine 2/,4400,100,1.5,2,data_row
4,6,Wine Grapes (Red),6001,Other Red Wine 2/,4500,100,1.8,2,data_row
4,6,Wine Grapes (Red),6001,Other Red Wine 2/,4800,100,0.4,2,data_row
4,6,Wine Grapes (Red),6001,Other Red Wine 2/,5346.01,100,2.3,2,data_row
4,6,Wine Grapes (Red),6001,Other Red Wine 2/,5500,100,9.2,2,data_row
4,6,Wine Grapes (Red),6001,Other Red Wine 2/,6000,100,9.8,2,data_row
4,6,Wine Grapes (Red),6001,Other Red Wine 2/,7000,100,1.7,2,data_row
4,6,Wine Grapes (Red),6001,Other Red Wine 2/,8250,100,3.4,2,data_row
4,6,Wine Grapes (Red),6001,Other Red Wine 2/,10500,100,2.9,2,data_row
4,6,Wine Grapes (Red),6001,Other Red Wine 2/,6324.72,,33,3,summary_row
5,7,Wine Grapes (White),7062,Albarino *,1500,100,1.5,2,data_row
5,7,Wine Grapes (White),7062,Albarino *,1588.6,100,4.1,2,data_row
5,7,Wine Grapes (White),7062,Albarino *,1564.87,,5.6,3,summary_row
5,7,Wine Grapes (White),7085,Assyrtiko,1600,100,2.5,2,data_row
5,7,Wine Grapes (White),7085,Assyrtiko,2000,100,1.9,2,data_row
5,7,Wine Grapes (White),7085,Assyrtiko,1772.73,,4.4,3,summary_row
5,7,Wine Grapes (White),7004,Chardonnay *,700,100,2.9,2,data_row
5,7,Wine Grapes (White),7004,Chardonnay *,750,100,487.8,2,data_row
5,7,Wine Grapes (White),7004,Chardonnay *,1003.67,100,311.5,2,data_row
5,7,Wine Grapes (White),7004,Chardonnay *,1100,100,21.5,2,data_row
5,7,Wine Grapes (White),7004,Chardonnay *,1167,21200,383.4,2,data_row
5,7,Wine Grapes (White),7004,Chardonnay *,1400,100,2.9,2,data_row
5,7,Wine Grapes (White),7004,Chardonnay *,1500,100,3.4,2,data_row
5,7,Wine Grapes (White),7004,Chardonnay *,1600,100,164.2,2,data_row
5,7,Wine Grapes (White),7004,Chardonnay *,1600,21000,5.2,2,data_row
5,7,Wine Grapes (White),7004,Chardonnay *,1750,100,2.5,2,data_row
5,7,Wine Grapes (White),7004,Chardonnay *,1769,100,116.3,2,data_row
5,7,Wine Grapes (White),7004,Chardonnay *,2200,16900,0.1,2,data_row
5,7,Wine Grapes (White),7004,Chardonnay *,1093.51,,1501.7,3,summary_row
5,7,Wine Grapes (White),7006,Chenin Blanc,425,100,293,2,data_row
5,7,Wine Grapes (White),7006,Chenin Blanc,500,100,3.3,2,data_row
5,7,Wine Grapes (White),7006,Chenin Blanc,600,100,204.2,2,data_row
5,7,Wine Grapes (White),7006,Chenin Blanc,1200,100,1.6,2,data_row
5,7,Wine Grapes (White),7006,Chenin Blanc,1500,100,2.2,2,data_row
5,7,Wine Grapes (White),7006,Chenin Blanc,1800,100,3.8,2,data_row
5,7,Wine Grapes (White),7006,Chenin Blanc,3000,100,7.5,2,data_row
5,7,Wine Grapes (White),7006,Chenin Blanc,549.37,,515.6,3,summary_row
5,7,Wine Grapes (White),7010,French Colombard,2050,100,3.9,2,data_row
5,7,Wine Grapes (White),7010,French Colombard,2050,,3.9,3,summary_row
5,7,Wine Grapes (White),7011,Gewurztraminer,400,12300,204.6,2,data_row
5,7,Wine Grapes (White),7011,Gewurztraminer,1650,10900,2.5,2,data_row
5,7,Wine Grapes (White),7011,Gewurztraminer,415.09,,207.1,3,summary_row
5,7,Wine Grapes (White),7055,Grenache Blanc *,1800,100,2.9,2,data_row
5,7,Wine Grapes (White),7055,Grenache Blanc *,1800,,2.9,3,summary_row
5,7,Wine Grapes (White),7019,Malvasia Bianca,1891.13,100,2.3,2,data_row
5,7,Wine Grapes (White),7019,Malvasia Bianca,1891.13,,2.3,3,summary_row
5,7,Wine Grapes (White),7022,Muscat Blanc *,1262.5,100,1.7,2,data_row
5,7,Wine Grapes (White),7022,Muscat Blanc *,1600,100,18.2,2,data_row
5,7,Wine Grapes (White),7022,Muscat Blanc *,1571.17,,19.9,3,summary_row
5,7,Wine Grapes (White),7026,Palomino *,2250,100,0.2,2,data_row
5,7,Wine Grapes (White),7026,Palomino *,2250,,0.2,3,summary_row
5,7,Wine Grapes (White),7044,Pinot Gris *,250,9000,21.7,2,data_row
5,7,Wine Grapes (White),7044,Pinot Gris *,525,100,442.7,2,data_row
5,7,Wine Grapes (White),7044,Pinot Gris *,525,9000,876.4,2,data_row
5,7,Wine Grapes (White),7044,Pinot Gris *,530,38213,833.8,2,data_row
5,7,Wine Grapes (White),7044,Pinot Gris *,640,100,71.1,2,data_row
5,7,Wine Grapes (White),7044,Pinot Gris *,715,38213,353.1,2,data_row
5,7,Wine Grapes (White),7044,Pinot Gris *,1002,11100,104.2,2,data_row
5,7,Wine Grapes (White),7044,Pinot Gris *,1500,100,28.1,2,data_row
5,7,Wine Grapes (White),7044,Pinot Gris *,1545,100,60.9,2,data_row
5,7,Wine Grapes (White),7044,Pinot Gris *,1800,100,9,2,data_row
5,7,Wine Grapes (White),7044,Pinot Gris *,605.03,,2801,3,summary_row
5,7,Wine Grapes (White),7033,Sauvignon Blanc *,467,600,412.7,2,data_row
5,7,Wine Grapes (White),7033,Sauvignon Blanc *,1200,100,1.9,2,data_row
5,7,Wine Grapes (White),7033,Sauvignon Blanc *,1500,100,2.3,2,data_row
5,7,Wine Grapes (White),7033,Sauvignon Blanc *,1600,100,156.2,2,data_row
5,7,Wine Grapes (White),7033,Sauvignon Blanc *,1641.02,100,51.7,2,data_row
5,7,Wine Grapes (White),7033,Sauvignon Blanc *,1700,100,331,2,data_row
5,7,Wine Grapes (White),7033,Sauvignon Blanc *,2200,100,402.7,2,data_row
5,7,Wine Grapes (White),7033,Sauvignon Blanc *,1458.86,,1358.5,3,summary_row
5,7,Wine Grapes (White),7036,Semillon,2100,13400,45.1,2,data_row
5,7,Wine Grapes (White),7036,Semillon,2100,,45.1,3,summary_row
5,7,Wine Grapes (White),7147,Verdelho,1200,100,5,2,data_row
5,7,Wine Grapes (White),7147,Verdelho,1616,100,5.4,2,data_row
5,7,Wine Grapes (White),7147,Verdelho,1416,,10.4,3,summary_row
5,7,Wine Grapes (White),7043,Viognier,1200,100,2.9,2,data_row
5,7,Wine Grapes (White),7043,Viognier,1200,,2.9,3,summary_row
5,7,Wine Grapes (White),7038,White Riesling *,187.5,100,12.1,2,data_row
5,7,Wine Grapes (White),7038,White Riesling *,325,100,169.7,2,data_row
5,7,Wine Grapes (White),7038,White Riesling *,1262.5,100,39.4,2,data_row
5,7,Wine Grapes (White),7038,White Riesling *,1600,100,24.7,2,data_row
5,7,Wine Grapes (White),7038,White Riesling *,596.52,,245.9,3,summary_row
5,7,Wine Grapes (White),7001,Other White Wine 2/,2250,100,0.2,2,data_row
5,7,Wine Grapes (White),7001,Other White Wine 2/,2250,,0.2,3,summary_row
5,6,Wine Grapes (Red),6013,Barbera,1800,100,21.4,2,data_row
5,6,Wine Grapes (Red),6013,Barbera,1800,,21.4,3,summary_row
5,6,Wine Grapes (Red),6023,Cabernet Franc,3000,100,3,2,data_row
5,6,Wine Grapes (Red),6023,Cabernet Franc,3000,,3,3,summary_row
5,6,Wine Grapes (Red),6024,Cabernet Sauvignon,500,100,46.2,2,data_row
5,6,Wine Grapes (Red),6024,Cabernet Sauvignon,650,100,231.4,2,data_row
5,6,Wine Grapes (Red),6024,Cabernet Sauvignon,1200,100,5.6,2,data_row
5,6,Wine Grapes (Red),6024,Cabernet Sauvignon,1400,100,0.5,2,data_row
5,6,Wine Grapes (Red),6024,Cabernet Sauvignon,1650,100,232,2,data_row
5,6,Wine Grapes (Red),6024,Cabernet Sauvignon,1800,100,340.7,2,data_row
5,6,Wine Grapes (Red),6024,Cabernet Sauvignon,2523,100,94.6,2,data_row
5,6,Wine Grapes (Red),6024,Cabernet Sauvignon,2631.94,100,5,2,data_row
5,6,Wine Grapes (Red),6024,Cabernet Sauvignon,2700,100,12.7,2,data_row
5,6,Wine Grapes (Red),6024,Cabernet Sauvignon,2750,100,22.5,2,data_row
5,6,Wine Grapes (Red),6024,Cabernet Sauvignon,2800,100,11.2,2,data_row
5,6,Wine Grapes (Red),6024,Cabernet Sauvignon,3000,100,182.4,2,data_row
5,6,Wine Grapes (Red),6024,Cabernet Sauvignon,3054.68,3100,49.5,2,data_row
5,6,Wine Grapes (Red),6024,Cabernet Sauvignon,3183,100,9.7,2,data_row
5,6,Wine Grapes (Red),6024,Cabernet Sauvignon,3500,100,32.3,2,data_row
5,6,Wine Grapes (Red),6024,Cabernet Sauvignon,4500,100,44.4,2,data_row
5,6,Wine Grapes (Red),6024,Cabernet Sauvignon,6240.46,100,79.8,2,data_row
5,6,Wine Grapes (Red),6024,Cabernet Sauvignon,2210.98,,1400.5,3,summary_row
5,6,Wine Grapes (Red),6026,Carignane,250,100,1,2,data_row
5,6,Wine Grapes (Red),6026,Carignane,250,,1,3,summary_row
5,6,Wine Grapes (Red),6028,Charbono,1200,100,1.6,2,data_row
5,6,Wine Grapes (Red),6028,Charbono,1200,,1.6,3,summary_row
5,6,Wine Grapes (Red),6058,Grenache *,500,100,37.1,2,data_row
5,6,Wine Grapes (Red),6058,Grenache *,1500,100,6.8,2,data_row
5,6,Wine Grapes (Red),6058,Grenache *,2101.05,100,1.2,2,data_row
5,6,Wine Grapes (Red),6058,Grenache *,2150,11100,20,2,data_row
5,6,Wine Grapes (Red),6058,Grenache *,2227.89,100,8.6,2,data_row
5,6,Wine Grapes (Red),6058,Grenache *,2250.13,100,12.5,2,data_row
5,6,Wine Grapes (Red),6058,Grenache *,3000,100,5.9,2,data_row
5,6,Wine Grapes (Red),6058,Grenache *,1512.03,,92.1,3,summary_row
5,6,Wine Grapes (Red),6076,Malbec,650,100,17.5,2,data_row
5,6,Wine Grapes (Red),6076,Malbec,1600,100,5,2,data_row
5,6,Wine Grapes (Red),6076,Malbec,1800,100,17.4,2,data_row
5,6,Wine Grapes (Red),6076,Malbec,3000,100,7.8,2,data_row
5,6,Wine Grapes (Red),6076,Malbec,5000,100,5.6,2,data_row
5,6,Wine Grapes (Red),6076,Malbec,1915.48,,53.3,3,summary_row
5,6,Wine Grapes (Red),6084,Merlot,1800,100,11.1,2,data_row
5,6,Wine Grapes (Red),6084,Merlot,2300,24800,13,2,data_row
5,6,Wine Grapes (Red),6084,Merlot,2525,100,145.3,2,data_row
5,6,Wine Grapes (Red),6084,Merlot,3000,100,4.9,2,data_row
5,6,Wine Grapes (Red),6084,Merlot,2475.4,,174.3,3,summary_row
5,6,Wine Grapes (Red),6086,Mission *,2250,100,0.2,2,data_row
5,6,Wine Grapes (Red),6086,Mission *,2250,,0.2,3,summary_row
5,6,Wine Grapes (Red),6081,Mourvedre *,100,100,1,2,data_row
5,6,Wine Grapes (Red),6081,Mourvedre *,100,,1,3,summary_row
5,6,Wine Grapes (Red),6199,Nero D'avola *,2000,100,2.2,2,data_row
5,6,Wine Grapes (Red),6199,Nero D'avola *,2000,,2.2,3,summary_row
5,6,Wine Grapes (Red),6107,Petit Verdot,650,100,113.8,2,data_row
5,6,Wine Grapes (Red),6107,Petit Verdot,2000,100,10.5,2,data_row
5,6,Wine Grapes (Red),6107,Petit Verdot,2500,100,8.5,2,data_row
5,6,Wine Grapes (Red),6107,Petit Verdot,3000,100,2,2,data_row
5,6,Wine Grapes (Red),6107,Petit Verdot,7097,100,11.9,2,data_row
5,6,Wine Grapes (Red),6107,Petit Verdot,1408.82,,146.7,3,summary_row
5,6,Wine Grapes (Red),6106,Petite Sirah,100,100,2.7,2,data_row
5,6,Wine Grapes (Red),6106,Petite Sirah,1013.32,100,12.8,2,data_row
5,6,Wine Grapes (Red),6106,Petite Sirah,1250,100,208.2,2,data_row
5,6,Wine Grapes (Red),6106,Petite Sirah,1400,100,1.2,2,data_row
5,6,Wine Grapes (Red),6106,Petite Sirah,1800,100,5.4,2,data_row
5,6,Wine Grapes (Red),6106,Petite Sirah,2000,21500,5.4,2,data_row
5,6,Wine Grapes (Red),6106,Petite Sirah,2200,100,19.4,2,data_row
5,6,Wine Grapes (Red),6106,Petite Sirah,2383.6,100,49.5,2,data_row
5,6,Wine Grapes (Red),6106,Petite Sirah,2479.31,100,5.2,2,data_row
5,6,Wine Grapes (Red),6106,Petite Sirah,2598.24,29620,33.3,2,data_row
5,6,Wine Grapes (Red),6106,Petite Sirah,2664.24,3100,11.5,2,data_row
5,6,Wine Grapes (Red),6106,Petite Sirah,2800,100,73.2,2,data_row
5,6,Wine Grapes (Red),6106,Petite Sirah,2999,100,73.8,2,data_row
5,6,Wine Grapes (Red),6106,Petite Sirah,3000,100,67.9,2,data_row
5,6,Wine Grapes (Red),6106,Petite Sirah,3285,100,35.2,2,data_row
5,6,Wine Grapes (Red),6106,Petite Sirah,3611.75,100,1.9,2,data_row
5,6,Wine Grapes (Red),6106,Petite Sirah,3632,100,170.1,2,data_row
5,6,Wine Grapes (Red),6106,Petite Sirah,5800,100,20.6,2,data_row
5,6,Wine Grapes (Red),6106,Petite Sirah,2604.01,,797.3,3,summary_row
5,6,Wine Grapes (Red),6112,Pinot Noir *,300,100,99.2,2,data_row
5,6,Wine Grapes (Red),6112,Pinot Noir *,450,100,599.7,2,data_row
5,6,Wine Grapes (Red),6112,Pinot Noir *,500,100,97.4,2,data_row
5,6,Wine Grapes (Red),6112,Pinot Noir *,530,67607,546.3,2,data_row
5,6,Wine Grapes (Red),6112,Pinot Noir *,617,67606,675.9,2,data_row
5,6,Wine Grapes (Red),6112,Pinot Noir *,750,100,1014.8,2,data_row
5,6,Wine Grapes (Red),6112,Pinot Noir *,766.43,100,826.5,2,data_row
5,6,Wine Grapes (Red),6112,Pinot Noir *,800,100,460.1,2,data_row
5,6,Wine Grapes (Red),6112,Pinot Noir *,1500,100,2.9,2,data_row
5,6,Wine Grapes (Red),6112,Pinot Noir *,1504.47,16900,2.9,2,data_row
5,6,Wine Grapes (Red),6112,Pinot Noir *,2101.05,100,5,2,data_row
5,6,Wine Grapes (Red),6112,Pinot Noir *,655.03,,4330.7,3,summary_row
5,6,Wine Grapes (Red),6021,Primitivo,2500,100,20.5,2,data_row
5,6,Wine Grapes (Red),6021,Primitivo,2500,,20.5,3,summary_row
5,6,Wine Grapes (Red),6127,Sangiovese *,1800,100,38.3,2,data_row
5,6,Wine Grapes (Red),6127,Sangiovese *,1966.91,100,5.2,2,data_row
5,6,Wine Grapes (Red),6127,Sangiovese *,2500,100,4.1,2,data_row
5,6,Wine Grapes (Red),6127,Sangiovese *,1878.53,,47.6,3,summary_row
5,6,Wine Grapes (Red),6163,Syrah *,500,100,15.4,2,data_row
5,6,Wine Grapes (Red),6163,Syrah *,1400,100,10.4,2,data_row
5,6,Wine Grapes (Red),6163,Syrah *,1500,100,6.8,2,data_row
5,6,Wine Grapes (Red),6163,Syrah *,2000,100,24.3,2,data_row
5,6,Wine Grapes (Red),6163,Syrah *,2525,100,67.6,2,data_row
5,6,Wine Grapes (Red),6163,Syrah *,2600,21500,3,2,data_row
5,6,Wine Grapes (Red),6163,Syrah *,2035.69,,127.5,3,summary_row
5,6,Wine Grapes (Red),6136,Tannat,500,9500,4.1,2,data_row
5,6,Wine Grapes (Red),6136,Tannat,1500,100,3.9,2,data_row
5,6,Wine Grapes (Red),6136,Tannat,1588.6,100,2.8,2,data_row
5,6,Wine Grapes (Red),6136,Tannat,1143.34,,10.8,3,summary_row
5,6,Wine Grapes (Red),6176,Tempranillo *,1400,100,6.6,2,data_row
5,6,Wine Grapes (Red),6176,Tempranillo *,1400,,6.6,3,summary_row
5,6,Wine Grapes (Red),6175,Teroldego,1250,100,72.8,2,data_row
5,6,Wine Grapes (Red),6175,Teroldego,1250,,72.8,3,summary_row
5,6,Wine Grapes (Red),6052,Valdiguie *,100,100,1.8,2,data_row
5,6,Wine Grapes (Red),6052,Valdiguie *,1600,100,23.6,2,data_row
5,6,Wine Grapes (Red),6052,Valdiguie *,1683,100,3.3,2,data_row
5,6,Wine Grapes (Red),6052,Valdiguie *,2000,100,1.5,2,data_row
5,6,Wine Grapes (Red),6052,Valdiguie *,2106.74,100,10.1,2,data_row
5,6,Wine Grapes (Red),6052,Valdiguie *,2400,100,15.2,2,data_row
5,6,Wine Grapes (Red),6052,Valdiguie *,2500,100,2,2,data_row
5,6,Wine Grapes (Red),6052,Valdiguie *,2600,100,4.1,2,data_row
5,6,Wine Grapes (Red),6052,Valdiguie *,1946.62,,61.6,3,summary_row
5,6,Wine Grapes (Red),6154,Zinfandel,950,100,67.2,2,data_row
5,6,Wine Grapes (Red),6154,Zinfandel,1000,100,1.5,2,data_row
5,6,Wine Grapes (Red),6154,Zinfandel,2133,16900,1,2,data_row
5,6,Wine Grapes (Red),6154,Zinfandel,2500,100,2.4,2,data_row
5,6,Wine Grapes (Red),6154,Zinfandel,2933.13,100,3.2,2,data_row
5,6,Wine Grapes (Red),6154,Zinfandel,3000,100,79.4,2,data_row
5,6,Wine Grapes (Red),6154,Zinfandel,3074.7,100,1.8,2,data_row
5,6,Wine Grapes (Red),6154,Zinfandel,4983,100,107.4,2,data_row
5,6,Wine Grapes (Red),6154,Zinfandel,3265.51,,263.9,3,summary_row
5,6,Wine Grapes (Red),6001,Other Red Wine 2/,500,9500,1.6,2,data_row
5,6,Wine Grapes (Red),6001,Other Red Wine 2/,1800,100,5.6,2,data_row
5,6,Wine Grapes (Red),6001,Other Red Wine 2/,1511.11,,7.2,3,summary_row
6,7,Wine Grapes (White),7062,Albarino *,450,1000,8.8,2,data_row
6,7,Wine Grapes (White),7062,Albarino *,714.43,100,8.2,2,data_row
6,7,Wine Grapes (White),7062,Albarino *,1000,100,0.9,2,data_row
6,7,Wine Grapes (White),7062,Albarino *,1000,7600,2.8,2,data_row
6,7,Wine Grapes (White),7062,Albarino *,1700,100,1.5,2,data_row
6,7,Wine Grapes (White),7062,Albarino *,2300,100,2.6,2,data_row
6,7,Wine Grapes (White),7062,Albarino *,889.05,,24.8,3,summary_row
6,7,Wine Grapes (White),7004,Chardonnay *,450,59825,19.3,2,data_row
6,7,Wine Grapes (White),7004,Chardonnay *,1000,100,106.7,2,data_row
6,7,Wine Grapes (White),7004,Chardonnay *,1100,13600,3,2,data_row
6,7,Wine Grapes (White),7004,Chardonnay *,1250,100,1.6,2,data_row
6,7,Wine Grapes (White),7004,Chardonnay *,1400,20800,187.1,2,data_row
6,7,Wine Grapes (White),7004,Chardonnay *,1500,17000,1,2,data_row
6,7,Wine Grapes (White),7004,Chardonnay *,1800,100,26.4,2,data_row
6,7,Wine Grapes (White),7004,Chardonnay *,1850,100,2,2,data_row
6,7,Wine Grapes (White),7004,Chardonnay *,2000,100,11.6,2,data_row
6,7,Wine Grapes (White),7004,Chardonnay *,2000,17200,1.2,2,data_row
6,7,Wine Grapes (White),7004,Chardonnay *,2100,100,1.7,2,data_row
6,7,Wine Grapes (White),7004,Chardonnay *,2200,100,2.7,2,data_row
6,7,Wine Grapes (White),7004,Chardonnay *,2300,100,4.7,2,data_row
6,7,Wine Grapes (White),7004,Chardonnay *,2400,13600,7.5,2,data_row
6,7,Wine Grapes (White),7004,Chardonnay *,2400,15500,3.3,2,data_row
6,7,Wine Grapes (White),7004,Chardonnay *,2500,100,1.6,2,data_row
6,7,Wine Grapes (White),7004,Chardonnay *,2500,14400,1.4,2,data_row
6,7,Wine Grapes (White),7004,Chardonnay *,2800,100,0.8,2,data_row
6,7,Wine Grapes (White),7004,Chardonnay *,3000,100,1.9,2,data_row
6,7,Wine Grapes (White),7004,Chardonnay *,3000,17200,31,2,data_row
6,7,Wine Grapes (White),7004,Chardonnay *,3130,100,6.1,2,data_row
6,7,Wine Grapes (White),7004,Chardonnay *,3159.27,100,4.2,2,data_row
6,7,Wine Grapes (White),7004,Chardonnay *,3200,100,6.2,2,data_row
6,7,Wine Grapes (White),7004,Chardonnay *,3200,13600,13,2,data_row
6,7,Wine Grapes (White),7004,Chardonnay *,3350,100,10.4,2,data_row
6,7,Wine Grapes (White),7004,Chardonnay *,3400,15200,2.7,2,data_row
6,7,Wine Grapes (White),7004,Chardonnay *,3471.42,100,2,2,data_row
6,7,Wine Grapes (White),7004,Chardonnay *,3500,100,1.7,2,data_row
6,7,Wine Grapes (White),7004,Chardonnay *,3500,17200,7,2,data_row
6,7,Wine Grapes (White),7004,Chardonnay *,3502.49,100,3.7,2,data_row
6,7,Wine Grapes (White),7004,Chardonnay *,3700,100,11.8,2,data_row
6,7,Wine Grapes (White),7004,Chardonnay *,3750,100,1.6,2,data_row
6,7,Wine Grapes (White),7004,Chardonnay *,3750,9100,3.3,2,data_row
6,7,Wine Grapes (White),7004,Chardonnay *,3900,100,3.3,2,data_row
6,7,Wine Grapes (White),7004,Chardonnay *,4000,100,2.9,2,data_row
6,7,Wine Grapes (White),7004,Chardonnay *,5500,100,1.3,2,data_row
6,7,Wine Grapes (White),7004,Chardonnay *,5700,9400,1.5,2,data_row
6,7,Wine Grapes (White),7004,Chardonnay *,6000,16900,1.1,2,data_row
6,7,Wine Grapes (White),7004,Chardonnay *,6530,100,1.6,2,data_row
6,7,Wine Grapes (White),7004,Chardonnay *,1839.12,,501.9,3,summary_row
6,7,Wine Grapes (White),7006,Chenin Blanc,400,39708,28.8,2,data_row
6,7,Wine Grapes (White),7006,Chenin Blanc,4500,100,1.7,2,data_row
6,7,Wine Grapes (White),7006,Chenin Blanc,628.52,,30.5,3,summary_row
6,7,Wine Grapes (White),7055,Grenache Blanc *,400,42790,25.4,2,data_row
6,7,Wine Grapes (White),7055,Grenache Blanc *,1600,100,0.9,2,data_row
6,7,Wine Grapes (White),7055,Grenache Blanc *,2000,17200,0.5,2,data_row
6,7,Wine Grapes (White),7055,Grenache Blanc *,2200,100,4.6,2,data_row
6,7,Wine Grapes (White),7055,Grenache Blanc *,2500,100,3.3,2,data_row
6,7,Wine Grapes (White),7055,Grenache Blanc *,892.51,,34.7,3,summary_row
6,7,Wine Grapes (White),7063,Gruner Veltliner,2000,13600,1,2,data_row
6,7,Wine Grapes (White),7063,Gruner Veltliner,2200,100,8.8,2,data_row
6,7,Wine Grapes (White),7063,Gruner Veltliner,2800,100,1,2,data_row
6,7,Wine Grapes (White),7063,Gruner Veltliner,2237.04,,10.8,3,summary_row
6,7,Wine Grapes (White),7019,Malvasia Bianca,1200,100,1.7,2,data_row
6,7,Wine Grapes (White),7019,Malvasia Bianca,2000,100,3.3,2,data_row
6,7,Wine Grapes (White),7019,Malvasia Bianca,1728,,5,3,summary_row
6,7,Wine Grapes (White),7045,Marsanne,1200,100,3.9,2,data_row
6,7,Wine Grapes (White),7045,Marsanne,1200,,3.9,3,summary_row
6,7,Wine Grapes (White),7022,Muscat Blanc *,1000,100,0.5,2,data_row
6,7,Wine Grapes (White),7022,Muscat Blanc *,1200,100,5.1,2,data_row
6,7,Wine Grapes (White),7022,Muscat Blanc *,1225,100,1.1,2,data_row
6,7,Wine Grapes (White),7022,Muscat Blanc *,1250,100,3.3,2,data_row
6,7,Wine Grapes (White),7022,Muscat Blanc *,1209.25,,10,3,summary_row
6,7,Wine Grapes (White),7026,Palomino *,1000,100,1.1,2,data_row
6,7,Wine Grapes (White),7026,Palomino *,1500,100,0.3,2,data_row
6,7,Wine Grapes (White),7026,Palomino *,1107.14,,1.4,3,summary_row
6,7,Wine Grapes (White),7029,Pinot Blanc,1200,100,1.5,2,data_row
6,7,Wine Grapes (White),7029,Pinot Blanc,1200,,1.5,3,summary_row
6,7,Wine Grapes (White),7044,Pinot Gris *,600,100,197.8,2,data_row
6,7,Wine Grapes (White),7044,Pinot Gris *,1200,100,1.5,2,data_row
6,7,Wine Grapes (White),7044,Pinot Gris *,1550,100,5.4,2,data_row
6,7,Wine Grapes (White),7044,Pinot Gris *,1800,100,2.2,2,data_row
6,7,Wine Grapes (White),7044,Pinot Gris *,2400,100,3.7,2,data_row
6,7,Wine Grapes (White),7044,Pinot Gris *,3100,100,1.1,2,data_row
6,7,Wine Grapes (White),7044,Pinot Gris *,3200,100,3.6,2,data_row
6,7,Wine Grapes (White),7044,Pinot Gris *,727.45,,215.3,3,summary_row
6,7,Wine Grapes (White),7042,Roussanne,1200,100,4.1,2,data_row
6,7,Wine Grapes (White),7042,Roussanne,1200,,4.1,3,summary_row
6,7,Wine Grapes (White),7033,Sauvignon Blanc *,617,39792,180.8,2,data_row
6,7,Wine Grapes (White),7033,Sauvignon Blanc *,633.26,100,20.3,2,data_row
6,7,Wine Grapes (White),7033,Sauvignon Blanc *,1000,100,60.3,2,data_row
6,7,Wine Grapes (White),7033,Sauvignon Blanc *,1154,100,0.7,2,data_row
6,7,Wine Grapes (White),7033,Sauvignon Blanc *,1200,100,2.3,2,data_row
6,7,Wine Grapes (White),7033,Sauvignon Blanc *,1400,100,10.8,2,data_row
6,7,Wine Grapes (White),7033,Sauvignon Blanc *,1600,100,2,2,data_row
6,7,Wine Grapes (White),7033,Sauvignon Blanc *,1650,100,5.4,2,data_row
6,7,Wine Grapes (White),7033,Sauvignon Blanc *,1700,13400,8.1,2,data_row
6,7,Wine Grapes (White),7033,Sauvignon Blanc *,1840,100,1.5,2,data_row
6,7,Wine Grapes (White),7033,Sauvignon Blanc *,2000,100,10.4,2,data_row
6,7,Wine Grapes (White),7033,Sauvignon Blanc *,2000,13100,3,2,data_row
6,7,Wine Grapes (White),7033,Sauvignon Blanc *,2000,13400,0.7,2,data_row
6,7,Wine Grapes (White),7033,Sauvignon Blanc *,2000,17200,1,2,data_row
6,7,Wine Grapes (White),7033,Sauvignon Blanc *,2100,100,1.8,2,data_row
6,7,Wine Grapes (White),7033,Sauvignon Blanc *,2200,13600,0.7,2,data_row
6,7,Wine Grapes (White),7033,Sauvignon Blanc *,2300,100,0.5,2,data_row
6,7,Wine Grapes (White),7033,Sauvignon Blanc *,2500,100,2.5,2,data_row
6,7,Wine Grapes (White),7033,Sauvignon Blanc *,3000,100,0.8,2,data_row
6,7,Wine Grapes (White),7033,Sauvignon Blanc *,4500,100,3.5,2,data_row
6,7,Wine Grapes (White),7033,Sauvignon Blanc *,4500,9100,5.9,2,data_row
6,7,Wine Grapes (White),7033,Sauvignon Blanc *,989.65,,323,3,summary_row
6,7,Wine Grapes (White),7036,Semillon,1200,4920,12.7,2,data_row
6,7,Wine Grapes (White),7036,Semillon,1500,100,0.6,2,data_row
6,7,Wine Grapes (White),7036,Semillon,2300,13400,1,2,data_row
6,7,Wine Grapes (White),7036,Semillon,2500,100,0.9,2,data_row
6,7,Wine Grapes (White),7036,Semillon,1361.18,,15.2,3,summary_row
6,7,Wine Grapes (White),7075,Verdejo,400,38213,23,2,data_row
6,7,Wine Grapes (White),7075,Verdejo,400,,23,3,summary_row
6,7,Wine Grapes (White),7147,Verdelho,400,38213,23.3,2,data_row
6,7,Wine Grapes (White),7147,Verdelho,400,,23.3,3,summary_row
6,7,Wine Grapes (White),7043,Viognier,1200,9300,5.3,2,data_row
6,7,Wine Grapes (White),7043,Viognier,1800,13600,0.1,2,data_row
6,7,Wine Grapes (White),7043,Viognier,2000,100,0.6,2,data_row
6,7,Wine Grapes (White),7043,Viognier,2000,17200,1,2,data_row
6,7,Wine Grapes (White),7043,Viognier,2300,100,0.9,2,data_row
6,7,Wine Grapes (White),7043,Viognier,2500,100,1.6,2,data_row
6,7,Wine Grapes (White),7043,Viognier,3000,100,4.3,2,data_row
6,7,Wine Grapes (White),7043,Viognier,2080.43,,13.8,3,summary_row
6,7,Wine Grapes (White),7038,White Riesling *,1700,9300,1.6,2,data_row
6,7,Wine Grapes (White),7038,White Riesling *,2700,13400,1.2,2,data_row
6,7,Wine Grapes (White),7038,White Riesling *,2128.57,,2.8,3,summary_row
6,7,Wine Grapes (White),7001,Other White Wine 2/,1200,4530,29.4,2,data_row
6,7,Wine Grapes (White),7001,Other White Wine 2/,2000,100,3.4,2,data_row
6,7,Wine Grapes (White),7001,Other White Wine 2/,2800,100,1.4,2,data_row
6,7,Wine Grapes (White),7001,Other White Wine 2/,1345.03,,34.2,3,summary_row
6,6,Wine Grapes (Red),6006,Alicante Bouschet *,400,100,10.4,2,data_row
6,6,Wine Grapes (Red),6006,Alicante Bouschet *,1500,100,0.9,2,data_row
6,6,Wine Grapes (Red),6006,Alicante Bouschet *,1800,100,3,2,data_row
6,6,Wine Grapes (Red),6006,Alicante Bouschet *,762.94,,14.3,3,summary_row
6,6,Wine Grapes (Red),6013,Barbera,1000,100,1,2,data_row
6,6,Wine Grapes (Red),6013,Barbera,1800,100,4.2,2,data_row
6,6,Wine Grapes (Red),6013,Barbera,2000,100,0.5,2,data_row
6,6,Wine Grapes (Red),6013,Barbera,2100,100,4,2,data_row
6,6,Wine Grapes (Red),6013,Barbera,1851.55,,9.7,3,summary_row
6,6,Wine Grapes (Red),6023,Cabernet Franc,1000,100,1.5,2,data_row
6,6,Wine Grapes (Red),6023,Cabernet Franc,1200,20800,1.4,2,data_row
6,6,Wine Grapes (Red),6023,Cabernet Franc,1500,100,32.5,2,data_row
6,6,Wine Grapes (Red),6023,Cabernet Franc,1700,13600,0.6,2,data_row
6,6,Wine Grapes (Red),6023,Cabernet Franc,1800,100,6.7,2,data_row
6,6,Wine Grapes (Red),6023,Cabernet Franc,2000,100,14.2,2,data_row
6,6,Wine Grapes (Red),6023,Cabernet Franc,2000,7500,0.7,2,data_row
6,6,Wine Grapes (Red),6023,Cabernet Franc,2000,13100,0.8,2,data_row
6,6,Wine Grapes (Red),6023,Cabernet Franc,2000,17600,0.8,2,data_row
6,6,Wine Grapes (Red),6023,Cabernet Franc,2100,100,2.3,2,data_row
6,6,Wine Grapes (Red),6023,Cabernet Franc,2200,14400,0.9,2,data_row
6,6,Wine Grapes (Red),6023,Cabernet Franc,2500,100,6.5,2,data_row
6,6,Wine Grapes (Red),6023,Cabernet Franc,2500,20800,0.5,2,data_row
6,6,Wine Grapes (Red),6023,Cabernet Franc,2700,100,26.4,2,data_row
6,6,Wine Grapes (Red),6023,Cabernet Franc,2800,100,3.5,2,data_row
6,6,Wine Grapes (Red),6023,Cabernet Franc,3000,14000,7.6,2,data_row
6,6,Wine Grapes (Red),6023,Cabernet Franc,3000,17600,2.3,2,data_row
6,6,Wine Grapes (Red),6023,Cabernet Franc,3400,100,2.6,2,data_row
6,6,Wine Grapes (Red),6023,Cabernet Franc,3500,100,2,2,data_row
6,6,Wine Grapes (Red),6023,Cabernet Franc,3600,100,0.4,2,data_row
6,6,Wine Grapes (Red),6023,Cabernet Franc,4000,100,3.2,2,data_row
6,6,Wine Grapes (Red),6023,Cabernet Franc,8500,100,0.7,2,data_row
6,6,Wine Grapes (Red),6023,Cabernet Franc,2278.83,,118.1,3,summary_row
6,6,Wine Grapes (Red),6024,Cabernet Sauvignon,425,67890,113.5,2,data_row
6,6,Wine Grapes (Red),6024,Cabernet Sauvignon,615,67605,45.1,2,data_row
6,6,Wine Grapes (Red),6024,Cabernet Sauvignon,665,67605,132,2,data_row
6,6,Wine Grapes (Red),6024,Cabernet Sauvignon,800,100,42.3,2,data_row
6,6,Wine Grapes (Red),6024,Cabernet Sauvignon,960,100,1.2,2,data_row
6,6,Wine Grapes (Red),6024,Cabernet Sauvignon,1000,100,93.1,2,data_row
6,6,Wine Grapes (Red),6024,Cabernet Sauvignon,1200,100,13.9,2,data_row
6,6,Wine Grapes (Red),6024,Cabernet Sauvignon,1200,20800,5.9,2,data_row
6,6,Wine Grapes (Red),6024,Cabernet Sauvignon,1250,24800,94.3,2,data_row
6,6,Wine Grapes (Red),6024,Cabernet Sauvignon,1300,100,1,2,data_row
6,6,Wine Grapes (Red),6024,Cabernet Sauvignon,1500,100,58.6,2,data_row
6,6,Wine Grapes (Red),6024,Cabernet Sauvignon,1524,20600,2,2,data_row
6,6,Wine Grapes (Red),6024,Cabernet Sauvignon,1525,100,16.8,2,data_row
6,6,Wine Grapes (Red),6024,Cabernet Sauvignon,1800,100,9.4,2,data_row
6,6,Wine Grapes (Red),6024,Cabernet Sauvignon,1900,100,130.3,2,data_row
6,6,Wine Grapes (Red),6024,Cabernet Sauvignon,2000,100,8.7,2,data_row
6,6,Wine Grapes (Red),6024,Cabernet Sauvignon,2000,13600,2.7,2,data_row
6,6,Wine Grapes (Red),6024,Cabernet Sauvignon,2000,21200,3,2,data_row
6,6,Wine Grapes (Red),6024,Cabernet Sauvignon,2100,100,4,2,data_row
6,6,Wine Grapes (Red),6024,Cabernet Sauvignon,2150,100,1.8,2,data_row
6,6,Wine Grapes (Red),6024,Cabernet Sauvignon,2200,100,86.1,2,data_row
6,6,Wine Grapes (Red),6024,Cabernet Sauvignon,2500,100,9,2,data_row
6,6,Wine Grapes (Red),6024,Cabernet Sauvignon,2500,20800,0.5,2,data_row
6,6,Wine Grapes (Red),6024,Cabernet Sauvignon,2700,100,5,2,data_row
6,6,Wine Grapes (Red),6024,Cabernet Sauvignon,2800,100,32.9,2,data_row
6,6,Wine Grapes (Red),6024,Cabernet Sauvignon,3000,100,40.6,2,data_row
6,6,Wine Grapes (Red),6024,Cabernet Sauvignon,3000,17600,1.5,2,data_row
6,6,Wine Grapes (Red),6024,Cabernet Sauvignon,3200,100,0.6,2,data_row
6,6,Wine Grapes (Red),6024,Cabernet Sauvignon,3200,21000,24.3,2,data_row
6,6,Wine Grapes (Red),6024,Cabernet Sauvignon,3300,100,2,2,data_row
6,6,Wine Grapes (Red),6024,Cabernet Sauvignon,3500,100,8.9,2,data_row
6,6,Wine Grapes (Red),6024,Cabernet Sauvignon,3500,16900,0.4,2,data_row
6,6,Wine Grapes (Red),6024,Cabernet Sauvignon,3500,18900,4.9,2,data_row
6,6,Wine Grapes (Red),6024,Cabernet Sauvignon,3550,100,3.2,2,data_row
6,6,Wine Grapes (Red),6024,Cabernet Sauvignon,3700,100,12.4,2,data_row
6,6,Wine Grapes (Red),6024,Cabernet Sauvignon,3800,100,0.8,2,data_row
6,6,Wine Grapes (Red),6024,Cabernet Sauvignon,4000,100,35.6,2,data_row
6,6,Wine Grapes (Red),6024,Cabernet Sauvignon,4000,11300,7.8,2,data_row
6,6,Wine Grapes (Red),6024,Cabernet Sauvignon,4000,17400,3,2,data_row
6,6,Wine Grapes (Red),6024,Cabernet Sauvignon,4000,17600,3.7,2,data_row
6,6,Wine Grapes (Red),6024,Cabernet Sauvignon,4100,100,7.6,2,data_row
6,6,Wine Grapes (Red),6024,Cabernet Sauvignon,4200,100,1,2,data_row
6,6,Wine Grapes (Red),6024,Cabernet Sauvignon,4500,20800,1.5,2,data_row
6,6,Wine Grapes (Red),6024,Cabernet Sauvignon,4750,100,1,2,data_row
6,6,Wine Grapes (Red),6024,Cabernet Sauvignon,4800,100,1,2,data_row
6,6,Wine Grapes (Red),6024,Cabernet Sauvignon,4900,100,6.9,2,data_row
6,6,Wine Grapes (Red),6024,Cabernet Sauvignon,5060,100,1.3,2,data_row
6,6,Wine Grapes (Red),6024,Cabernet Sauvignon,5500,100,1.9,2,data_row
6,6,Wine Grapes (Red),6024,Cabernet Sauvignon,6500,100,4.4,2,data_row
6,6,Wine Grapes (Red),6024,Cabernet Sauvignon,7000,100,0.4,2,data_row
6,6,Wine Grapes (Red),6024,Cabernet Sauvignon,7250,100,0.8,2,data_row
6,6,Wine Grapes (Red),6024,Cabernet Sauvignon,7250,18900,1.2,2,data_row
6,6,Wine Grapes (Red),6024,Cabernet Sauvignon,8500,100,7.7,2,data_row
6,6,Wine Grapes (Red),6024,Cabernet Sauvignon,8500,11300,3.4,2,data_row
6,6,Wine Grapes (Red),6024,Cabernet Sauvignon,1760.27,,1102.9,3,summary_row
6,6,Wine Grapes (Red),6026,Carignane,400,100,21.3,2,data_row
6,6,Wine Grapes (Red),6026,Carignane,1100,100,1.7,2,data_row
6,6,Wine Grapes (Red),6026,Carignane,1500,100,12.1,2,data_row
6,6,Wine Grapes (Red),6026,Carignane,1500,27600,6,2,data_row
6,6,Wine Grapes (Red),6026,Carignane,1550,13100,43.6,2,data_row
6,6,Wine Grapes (Red),6026,Carignane,1600,100,2,2,data_row
6,6,Wine Grapes (Red),6026,Carignane,1700,100,21.2,2,data_row
6,6,Wine Grapes (Red),6026,Carignane,2000,100,25,2,data_row
6,6,Wine Grapes (Red),6026,Carignane,2200,14400,0.1,2,data_row
6,6,Wine Grapes (Red),6026,Carignane,2350,17200,3,2,data_row
6,6,Wine Grapes (Red),6026,Carignane,2500,100,42.1,2,data_row
6,6,Wine Grapes (Red),6026,Carignane,2700,100,9.2,2,data_row
6,6,Wine Grapes (Red),6026,Carignane,2748.55,100,29.8,2,data_row
6,6,Wine Grapes (Red),6026,Carignane,2800,100,1.1,2,data_row
6,6,Wine Grapes (Red),6026,Carignane,3000,100,8.5,2,data_row
6,6,Wine Grapes (Red),6026,Carignane,3100,100,8,2,data_row
6,6,Wine Grapes (Red),6026,Carignane,1989.8,,234.7,3,summary_row
6,6,Wine Grapes (Red),6002,Carmenere,2273,100,1.5,2,data_row
6,6,Wine Grapes (Red),6002,Carmenere,2400,100,1.6,2,data_row
6,6,Wine Grapes (Red),6002,Carmenere,2338.55,,3.1,3,summary_row
6,6,Wine Grapes (Red),6171,Cinsaut *,1400,100,2.6,2,data_row
6,6,Wine Grapes (Red),6171,Cinsaut *,1400,,2.6,3,summary_row
6,6,Wine Grapes (Red),6185,Counoise,2500,100,0.9,2,data_row
6,6,Wine Grapes (Red),6185,Counoise,2500,,0.9,3,summary_row
6,6,Wine Grapes (Red),6173,Dolcetto,3300,100,4.3,2,data_row
6,6,Wine Grapes (Red),6173,Dolcetto,3300,,4.3,3,summary_row
6,6,Wine Grapes (Red),6034,Gamay Noir Au Jus Blanc,4500,11300,2.6,2,data_row
6,6,Wine Grapes (Red),6034,Gamay Noir Au Jus Blanc,4500,,2.6,3,summary_row
6,6,Wine Grapes (Red),6058,Grenache *,617,67893,140.2,2,data_row
6,6,Wine Grapes (Red),6058,Grenache *,1000,100,4.9,2,data_row
6,6,Wine Grapes (Red),6058,Grenache *,1250,100,0.9,2,data_row
6,6,Wine Grapes (Red),6058,Grenache *,1400,13600,0.7,2,data_row
6,6,Wine Grapes (Red),6058,Grenache *,1500,100,0.9,2,data_row
6,6,Wine Grapes (Red),6058,Grenache *,1774,100,3.7,2,data_row
6,6,Wine Grapes (Red),6058,Grenache *,1774.18,100,3.4,2,data_row
6,6,Wine Grapes (Red),6058,Grenache *,1800,13600,3.7,2,data_row
6,6,Wine Grapes (Red),6058,Grenache *,1900,100,2,2,data_row
6,6,Wine Grapes (Red),6058,Grenache *,2000,100,4.8,2,data_row
6,6,Wine Grapes (Red),6058,Grenache *,2100,100,12.5,2,data_row
6,6,Wine Grapes (Red),6058,Grenache *,2250,100,3,2,data_row
6,6,Wine Grapes (Red),6058,Grenache *,2500,100,9.1,2,data_row
6,6,Wine Grapes (Red),6058,Grenache *,3300,100,18.4,2,data_row
6,6,Wine Grapes (Red),6058,Grenache *,3600,100,0.9,2,data_row
6,6,Wine Grapes (Red),6058,Grenache *,1182.33,,209.1,3,summary_row
6,6,Wine Grapes (Red),6076,Malbec,1000,100,7.6,2,data_row
6,6,Wine Grapes (Red),6076,Malbec,1250,100,3.9,2,data_row
6,6,Wine Grapes (Red),6076,Malbec,1400,100,5.6,2,data_row
6,6,Wine Grapes (Red),6076,Malbec,1400,13600,1,2,data_row
6,6,Wine Grapes (Red),6076,Malbec,1800,100,0.4,2,data_row
6,6,Wine Grapes (Red),6076,Malbec,2000,100,1.1,2,data_row
6,6,Wine Grapes (Red),6076,Malbec,2222.77,100,12,2,data_row
6,6,Wine Grapes (Red),6076,Malbec,2500,100,3.4,2,data_row
6,6,Wine Grapes (Red),6076,Malbec,2500,20800,0.5,2,data_row
6,6,Wine Grapes (Red),6076,Malbec,2800,100,3.3,2,data_row
6,6,Wine Grapes (Red),6076,Malbec,3000,100,2.2,2,data_row
6,6,Wine Grapes (Red),6076,Malbec,4200,100,2.8,2,data_row
6,6,Wine Grapes (Red),6076,Malbec,2024.16,,43.8,3,summary_row
6,6,Wine Grapes (Red),6084,Merlot,425,67605,353.1,2,data_row
6,6,Wine Grapes (Red),6084,Merlot,565,67605,80.9,2,data_row
6,6,Wine Grapes (Red),6084,Merlot,600,100,1.6,2,data_row
6,6,Wine Grapes (Red),6084,Merlot,750,100,2,2,data_row
6,6,Wine Grapes (Red),6084,Merlot,800,21000,6.8,2,data_row
6,6,Wine Grapes (Red),6084,Merlot,960,100,1,2,data_row
6,6,Wine Grapes (Red),6084,Merlot,1000,100,29.6,2,data_row
6,6,Wine Grapes (Red),6084,Merlot,1200,100,4.5,2,data_row
6,6,Wine Grapes (Red),6084,Merlot,1250,100,1.6,2,data_row
6,6,Wine Grapes (Red),6084,Merlot,1300,100,21.1,2,data_row
6,6,Wine Grapes (Red),6084,Merlot,1350,100,0.9,2,data_row
6,6,Wine Grapes (Red),6084,Merlot,1500,100,0.4,2,data_row
6,6,Wine Grapes (Red),6084,Merlot,1700,100,205.3,2,data_row
6,6,Wine Grapes (Red),6084,Merlot,2000,100,43.7,2,data_row
6,6,Wine Grapes (Red),6084,Merlot,2000,13600,2.8,2,data_row
6,6,Wine Grapes (Red),6084,Merlot,2000,21200,3.2,2,data_row
6,6,Wine Grapes (Red),6084,Merlot,2200,100,7.1,2,data_row
6,6,Wine Grapes (Red),6084,Merlot,2500,100,1.9,2,data_row
6,6,Wine Grapes (Red),6084,Merlot,3120,100,0.7,2,data_row
6,6,Wine Grapes (Red),6084,Merlot,3200,100,15.6,2,data_row
6,6,Wine Grapes (Red),6084,Merlot,3350,100,5.1,2,data_row
6,6,Wine Grapes (Red),6084,Merlot,3400,100,2.4,2,data_row
6,6,Wine Grapes (Red),6084,Merlot,3600,100,4.6,2,data_row
6,6,Wine Grapes (Red),6084,Merlot,4000,100,0.3,2,data_row
6,6,Wine Grapes (Red),6084,Merlot,8500,100,0.4,2,data_row
6,6,Wine Grapes (Red),6084,Merlot,1052.18,,796.6,3,summary_row
6,6,Wine Grapes (Red),6189,Montepulciano,800,100,7,2,data_row
6,6,Wine Grapes (Red),6189,Montepulciano,800,,7,3,summary_row
6,6,Wine Grapes (Red),6081,Mourvedre *,400,100,32.4,2,data_row
6,6,Wine Grapes (Red),6081,Mourvedre *,500,100,118.3,2,data_row
6,6,Wine Grapes (Red),6081,Mourvedre *,800,100,7,2,data_row
6,6,Wine Grapes (Red),6081,Mourvedre *,1000,5400,0.4,2,data_row
6,6,Wine Grapes (Red),6081,Mourvedre *,1200,100,0.4,2,data_row
6,6,Wine Grapes (Red),6081,Mourvedre *,1500,100,3.7,2,data_row
6,6,Wine Grapes (Red),6081,Mourvedre *,1500,24500,5.3,2,data_row
6,6,Wine Grapes (Red),6081,Mourvedre *,1550,100,13.8,2,data_row
6,6,Wine Grapes (Red),6081,Mourvedre *,1700,100,23.4,2,data_row
6,6,Wine Grapes (Red),6081,Mourvedre *,1800,100,1.5,2,data_row
6,6,Wine Grapes (Red),6081,Mourvedre *,2000,100,15.5,2,data_row
6,6,Wine Grapes (Red),6081,Mourvedre *,2400,100,7,2,data_row
6,6,Wine Grapes (Red),6081,Mourvedre *,2500,100,3.1,2,data_row
6,6,Wine Grapes (Red),6081,Mourvedre *,2600,100,30.7,2,data_row
6,6,Wine Grapes (Red),6081,Mourvedre *,2750,100,2.6,2,data_row
6,6,Wine Grapes (Red),6081,Mourvedre *,3200,16900,1,2,data_row
6,6,Wine Grapes (Red),6081,Mourvedre *,3500,100,0.6,2,data_row
6,6,Wine Grapes (Red),6081,Mourvedre *,3600,100,4.3,2,data_row
6,6,Wine Grapes (Red),6081,Mourvedre *,1178.08,,271,3,summary_row
6,6,Wine Grapes (Red),6095,Nebbiolo,3500,100,2.1,2,data_row
6,6,Wine Grapes (Red),6095,Nebbiolo,4000,13800,3,2,data_row
6,6,Wine Grapes (Red),6095,Nebbiolo,4200,21000,1,2,data_row
6,6,Wine Grapes (Red),6095,Nebbiolo,3860.66,,6.1,3,summary_row
6,6,Wine Grapes (Red),6107,Petit Verdot,1389,100,1.8,2,data_row
6,6,Wine Grapes (Red),6107,Petit Verdot,2000,100,0.8,2,data_row
6,6,Wine Grapes (Red),6107,Petit Verdot,2200,100,1.6,2,data_row
6,6,Wine Grapes (Red),6107,Petit Verdot,2400,100,0.5,2,data_row
6,6,Wine Grapes (Red),6107,Petit Verdot,2500,100,1.4,2,data_row
6,6,Wine Grapes (Red),6107,Petit Verdot,2500,20800,0.5,2,data_row
6,6,Wine Grapes (Red),6107,Petit Verdot,2700,100,27.4,2,data_row
6,6,Wine Grapes (Red),6107,Petit Verdot,2700,20800,0.5,2,data_row
6,6,Wine Grapes (Red),6107,Petit Verdot,4000,100,1,2,data_row
6,6,Wine Grapes (Red),6107,Petit Verdot,8500,100,0.8,2,data_row
6,6,Wine Grapes (Red),6107,Petit Verdot,2746.56,,36.3,3,summary_row
6,6,Wine Grapes (Red),6106,Petite Sirah,100,100,8.9,2,data_row
6,6,Wine Grapes (Red),6106,Petite Sirah,400,67904,113.7,2,data_row
6,6,Wine Grapes (Red),6106,Petite Sirah,500,100,9.7,2,data_row
6,6,Wine Grapes (Red),6106,Petite Sirah,600,100,9.7,2,data_row
6,6,Wine Grapes (Red),6106,Petite Sirah,617,67607,163.7,2,data_row
6,6,Wine Grapes (Red),6106,Petite Sirah,617,67893,54.2,2,data_row
6,6,Wine Grapes (Red),6106,Petite Sirah,665,67605,256.1,2,data_row
6,6,Wine Grapes (Red),6106,Petite Sirah,800,100,1.2,2,data_row
6,6,Wine Grapes (Red),6106,Petite Sirah,1000,100,1.2,2,data_row
6,6,Wine Grapes (Red),6106,Petite Sirah,1192,100,8.5,2,data_row
6,6,Wine Grapes (Red),6106,Petite Sirah,1200,100,8.3,2,data_row
6,6,Wine Grapes (Red),6106,Petite Sirah,1250,100,1,2,data_row
6,6,Wine Grapes (Red),6106,Petite Sirah,1500,100,0.8,2,data_row
6,6,Wine Grapes (Red),6106,Petite Sirah,1800,100,7,2,data_row
6,6,Wine Grapes (Red),6106,Petite Sirah,1800,17200,4,2,data_row
6,6,Wine Grapes (Red),6106,Petite Sirah,2000,100,1.8,2,data_row
6,6,Wine Grapes (Red),6106,Petite Sirah,2000,21200,3.8,2,data_row
6,6,Wine Grapes (Red),6106,Petite Sirah,2300,100,1.7,2,data_row
6,6,Wine Grapes (Red),6106,Petite Sirah,2400,100,0.5,2,data_row
6,6,Wine Grapes (Red),6106,Petite Sirah,2500,100,1.2,2,data_row
6,6,Wine Grapes (Red),6106,Petite Sirah,2500,20800,0.5,2,data_row
6,6,Wine Grapes (Red),6106,Petite Sirah,2748.55,100,31.1,2,data_row
6,6,Wine Grapes (Red),6106,Petite Sirah,744.02,,688.6,3,summary_row
6,6,Wine Grapes (Red),6112,Pinot Noir *,40,16900,1.3,2,data_row
6,6,Wine Grapes (Red),6112,Pinot Noir *,475,67607,4.5,2,data_row
6,6,Wine Grapes (Red),6112,Pinot Noir *,550,10700,1.7,2,data_row
6,6,Wine Grapes (Red),6112,Pinot Noir *,1500,100,2.2,2,data_row
6,6,Wine Grapes (Red),6112,Pinot Noir *,1500,17200,6.3,2,data_row
6,6,Wine Grapes (Red),6112,Pinot Noir *,1560,100,6.4,2,data_row
6,6,Wine Grapes (Red),6112,Pinot Noir *,1587.71,100,10.2,2,data_row
6,6,Wine Grapes (Red),6112,Pinot Noir *,1700,8100,8.9,2,data_row
6,6,Wine Grapes (Red),6112,Pinot Noir *,2000,100,22.6,2,data_row
6,6,Wine Grapes (Red),6112,Pinot Noir *,2000,17200,1,2,data_row
6,6,Wine Grapes (Red),6112,Pinot Noir *,2250,100,1.9,2,data_row
6,6,Wine Grapes (Red),6112,Pinot Noir *,2300,100,4.4,2,data_row
6,6,Wine Grapes (Red),6112,Pinot Noir *,2500,100,9.8,2,data_row
6,6,Wine Grapes (Red),6112,Pinot Noir *,2500,13600,2.7,2,data_row
6,6,Wine Grapes (Red),6112,Pinot Noir *,2564,14400,2,2,data_row
6,6,Wine Grapes (Red),6112,Pinot Noir *,2750,100,47.1,2,data_row
6,6,Wine Grapes (Red),6112,Pinot Noir *,3000,100,6.7,2,data_row
6,6,Wine Grapes (Red),6112,Pinot Noir *,3000,13100,2.7,2,data_row
6,6,Wine Grapes (Red),6112,Pinot Noir *,3200,100,4.5,2,data_row
6,6,Wine Grapes (Red),6112,Pinot Noir *,3250,100,2.4,2,data_row
6,6,Wine Grapes (Red),6112,Pinot Noir *,3300,100,1.5,2,data_row
6,6,Wine Grapes (Red),6112,Pinot Noir *,3370,100,2.1,2,data_row
6,6,Wine Grapes (Red),6112,Pinot Noir *,3400,17200,3,2,data_row
6,6,Wine Grapes (Red),6112,Pinot Noir *,3400,17400,3.8,2,data_row
6,6,Wine Grapes (Red),6112,Pinot Noir *,3500,100,16.3,2,data_row
6,6,Wine Grapes (Red),6112,Pinot Noir *,3589,100,26.5,2,data_row
6,6,Wine Grapes (Red),6112,Pinot Noir *,3589.18,100,8.3,2,data_row
6,6,Wine Grapes (Red),6112,Pinot Noir *,3600,100,3.2,2,data_row
6,6,Wine Grapes (Red),6112,Pinot Noir *,3700,100,2.3,2,data_row
6,6,Wine Grapes (Red),6112,Pinot Noir *,3700,13800,9.5,2,data_row
6,6,Wine Grapes (Red),6112,Pinot Noir *,3750,100,3.1,2,data_row
6,6,Wine Grapes (Red),6112,Pinot Noir *,3800,100,4.6,2,data_row
6,6,Wine Grapes (Red),6112,Pinot Noir *,3800,13400,3.6,2,data_row
6,6,Wine Grapes (Red),6112,Pinot Noir *,3800,17400,2.7,2,data_row
6,6,Wine Grapes (Red),6112,Pinot Noir *,3900,100,7.3,2,data_row
6,6,Wine Grapes (Red),6112,Pinot Noir *,3900,13600,4.9,2,data_row
6,6,Wine Grapes (Red),6112,Pinot Noir *,3950,100,4.2,2,data_row
6,6,Wine Grapes (Red),6112,Pinot Noir *,4000,100,21.7,2,data_row
6,6,Wine Grapes (Red),6112,Pinot Noir *,4000,17200,7.5,2,data_row
6,6,Wine Grapes (Red),6112,Pinot Noir *,4074.95,100,4.4,2,data_row
6,6,Wine Grapes (Red),6112,Pinot Noir *,4100,21200,13.7,2,data_row
6,6,Wine Grapes (Red),6112,Pinot Noir *,4200,100,10.8,2,data_row
6,6,Wine Grapes (Red),6112,Pinot Noir *,4200,13600,28.9,2,data_row
6,6,Wine Grapes (Red),6112,Pinot Noir *,4200,17400,1,2,data_row
6,6,Wine Grapes (Red),6112,Pinot Noir *,4250,100,1,2,data_row
6,6,Wine Grapes (Red),6112,Pinot Noir *,4300,100,6.5,2,data_row
6,6,Wine Grapes (Red),6112,Pinot Noir *,4350,100,11.1,2,data_row
6,6,Wine Grapes (Red),6112,Pinot Noir *,4400,17400,7.4,2,data_row
6,6,Wine Grapes (Red),6112,Pinot Noir *,4453,13400,1.8,2,data_row
6,6,Wine Grapes (Red),6112,Pinot Noir *,4500,100,3.5,2,data_row
6,6,Wine Grapes (Red),6112,Pinot Noir *,4500,17000,2.6,2,data_row
6,6,Wine Grapes (Red),6112,Pinot Noir *,4600,100,2.8,2,data_row
6,6,Wine Grapes (Red),6112,Pinot Noir *,4700,100,4.4,2,data_row
6,6,Wine Grapes (Red),6112,Pinot Noir *,4900,100,3.1,2,data_row
6,6,Wine Grapes (Red),6112,Pinot Noir *,5500,16900,0.7,2,data_row
6,6,Wine Grapes (Red),6112,Pinot Noir *,6000,16900,1.4,2,data_row
6,6,Wine Grapes (Red),6112,Pinot Noir *,6200,100,3,2,data_row
6,6,Wine Grapes (Red),6112,Pinot Noir *,6850,11300,3.6,2,data_row
6,6,Wine Grapes (Red),6112,Pinot Noir *,3372.4,,397.1,3,summary_row
6,6,Wine Grapes (Red),6021,Primitivo,800,100,11.7,2,data_row
6,6,Wine Grapes (Red),6021,Primitivo,2000,100,2,2,data_row
6,6,Wine Grapes (Red),6021,Primitivo,975.18,,13.7,3,summary_row
6,6,Wine Grapes (Red),6118,Refosco *,3500,100,2.4,2,data_row
6,6,Wine Grapes (Red),6118,Refosco *,3500,,2.4,3,summary_row
6,6,Wine Grapes (Red),6127,Sangiovese *,800,100,5.4,2,data_row
6,6,Wine Grapes (Red),6127,Sangiovese *,1500,100,1,2,data_row
6,6,Wine Grapes (Red),6127,Sangiovese *,1800,100,3.5,2,data_row
6,6,Wine Grapes (Red),6127,Sangiovese *,2000,100,3.5,2,data_row
6,6,Wine Grapes (Red),6127,Sangiovese *,2100,100,2,2,data_row
6,6,Wine Grapes (Red),6127,Sangiovese *,2200,100,3.5,2,data_row
6,6,Wine Grapes (Red),6127,Sangiovese *,2300,100,1.8,2,data_row
6,6,Wine Grapes (Red),6127,Sangiovese *,2500,100,2.9,2,data_row
6,6,Wine Grapes (Red),6127,Sangiovese *,2900,14000,2.1,2,data_row
6,6,Wine Grapes (Red),6127,Sangiovese *,4000,100,0.4,2,data_row
6,6,Wine Grapes (Red),6127,Sangiovese *,1919.54,,26.1,3,summary_row
6,6,Wine Grapes (Red),6163,Syrah *,800,100,4.3,2,data_row
6,6,Wine Grapes (Red),6163,Syrah *,1200,100,40.9,2,data_row
6,6,Wine Grapes (Red),6163,Syrah *,1274,100,1.1,2,data_row
6,6,Wine Grapes (Red),6163,Syrah *,1307.69,100,2,2,data_row
6,6,Wine Grapes (Red),6163,Syrah *,1500,100,2.8,2,data_row
6,6,Wine Grapes (Red),6163,Syrah *,1650,100,1.1,2,data_row
6,6,Wine Grapes (Red),6163,Syrah *,1800,100,4.9,2,data_row
6,6,Wine Grapes (Red),6163,Syrah *,1800,13600,1.3,2,data_row
6,6,Wine Grapes (Red),6163,Syrah *,2000,100,1.5,2,data_row
6,6,Wine Grapes (Red),6163,Syrah *,2000,21200,1.1,2,data_row
6,6,Wine Grapes (Red),6163,Syrah *,2200,100,1.5,2,data_row
6,6,Wine Grapes (Red),6163,Syrah *,2500,100,12.6,2,data_row
6,6,Wine Grapes (Red),6163,Syrah *,2600,100,2.1,2,data_row
6,6,Wine Grapes (Red),6163,Syrah *,2800,13600,3.8,2,data_row
6,6,Wine Grapes (Red),6163,Syrah *,1602.61,,81,3,summary_row
6,6,Wine Grapes (Red),6176,Tempranillo *,800,100,1,2,data_row
6,6,Wine Grapes (Red),6176,Tempranillo *,1700,24800,42.2,2,data_row
6,6,Wine Grapes (Red),6176,Tempranillo *,1679.17,,43.2,3,summary_row
6,6,Wine Grapes (Red),6175,Teroldego,665,67605,263.4,2,data_row
6,6,Wine Grapes (Red),6175,Teroldego,665,,263.4,3,summary_row
6,6,Wine Grapes (Red),6008,Touriga Nacional *,1038,100,0.6,2,data_row
6,6,Wine Grapes (Red),6008,Touriga Nacional *,1038,,0.6,3,summary_row
6,6,Wine Grapes (Red),6154,Zinfandel,400,100,509.6,2,data_row
6,6,Wine Grapes (Red),6154,Zinfandel,500,100,0.5,2,data_row
6,6,Wine Grapes (Red),6154,Zinfandel,600,100,254.7,2,data_row
6,6,Wine Grapes (Red),6154,Zinfandel,800,100,40.9,2,data_row
6,6,Wine Grapes (Red),6154,Zinfandel,1000,100,11,2,data_row
6,6,Wine Grapes (Red),6154,Zinfandel,1200,100,45.7,2,data_row
6,6,Wine Grapes (Red),6154,Zinfandel,1200,20800,3,2,data_row
6,6,Wine Grapes (Red),6154,Zinfandel,1250,100,1.6,2,data_row
6,6,Wine Grapes (Red),6154,Zinfandel,1400,17200,1,2,data_row
6,6,Wine Grapes (Red),6154,Zinfandel,1500,100,20.6,2,data_row
6,6,Wine Grapes (Red),6154,Zinfandel,1600,100,2,2,data_row
6,6,Wine Grapes (Red),6154,Zinfandel,1675,100,30.1,2,data_row
6,6,Wine Grapes (Red),6154,Zinfandel,1700,24800,18.5,2,data_row
6,6,Wine Grapes (Red),6154,Zinfandel,1800,17200,4,2,data_row
6,6,Wine Grapes (Red),6154,Zinfandel,2000,100,35.4,2,data_row
6,6,Wine Grapes (Red),6154,Zinfandel,2000,13600,0.5,2,data_row
6,6,Wine Grapes (Red),6154,Zinfandel,2000,17600,1,2,data_row
6,6,Wine Grapes (Red),6154,Zinfandel,2000,21500,13.1,2,data_row
6,6,Wine Grapes (Red),6154,Zinfandel,2200,100,3.1,2,data_row
6,6,Wine Grapes (Red),6154,Zinfandel,2500,100,4,2,data_row
6,6,Wine Grapes (Red),6154,Zinfandel,2748.55,100,4.4,2,data_row
6,6,Wine Grapes (Red),6154,Zinfandel,2750,100,3.5,2,data_row
6,6,Wine Grapes (Red),6154,Zinfandel,2950,100,5.6,2,data_row
6,6,Wine Grapes (Red),6154,Zinfandel,3000,100,5.7,2,data_row
6,6,Wine Grapes (Red),6154,Zinfandel,743.3,,1019.5,3,summary_row
6,6,Wine Grapes (Red),6001,Other Red Wine 2/,1350,100,0.5,2,data_row
6,6,Wine Grapes (Red),6001,Other Red Wine 2/,1500,100,0.5,2,data_row
6,6,Wine Grapes (Red),6001,Other Red Wine 2/,3100,100,5.3,2,data_row
6,6,Wine Grapes (Red),6001,Other Red Wine 2/,2834.13,,6.3,3,summary_row
7,7,Wine Grapes (White),7062,Albarino *,350,100,20.8,2,data_row
7,7,Wine Grapes (White),7062,Albarino *,960,100,0.4,2,data_row
7,7,Wine Grapes (White),7062,Albarino *,1250,100,22.7,2,data_row
7,7,Wine Grapes (White),7062,Albarino *,1300,17000,21.4,2,data_row
7,7,Wine Grapes (White),7062,Albarino *,1400,100,90.7,2,data_row
7,7,Wine Grapes (White),7062,Albarino *,1400,17000,78,2,data_row
7,7,Wine Grapes (White),7062,Albarino *,1450,100,36.3,2,data_row
7,7,Wine Grapes (White),7062,Albarino *,1597,100,5.9,2,data_row
7,7,Wine Grapes (White),7062,Albarino *,1600,100,30.8,2,data_row
7,7,Wine Grapes (White),7062,Albarino *,1600,8100,3.5,2,data_row
7,7,Wine Grapes (White),7062,Albarino *,1794,100,4,2,data_row
7,7,Wine Grapes (White),7062,Albarino *,1800,100,8.2,2,data_row
7,7,Wine Grapes (White),7062,Albarino *,1800,9100,2,2,data_row
7,7,Wine Grapes (White),7062,Albarino *,1800,13600,11.7,2,data_row
7,7,Wine Grapes (White),7062,Albarino *,1800,18900,3,2,data_row
7,7,Wine Grapes (White),7062,Albarino *,1900,100,6,2,data_row
7,7,Wine Grapes (White),7062,Albarino *,2000,100,15,2,data_row
7,7,Wine Grapes (White),7062,Albarino *,2500,100,2.6,2,data_row
7,7,Wine Grapes (White),7062,Albarino *,4000,100,0.5,2,data_row
7,7,Wine Grapes (White),7062,Albarino *,1427.43,,363.5,3,summary_row
7,7,Wine Grapes (White),7054,Arneis,2000,100,2.1,2,data_row
7,7,Wine Grapes (White),7054,Arneis,2000,,2.1,3,summary_row
7,7,Wine Grapes (White),7085,Assyrtiko,2750,100,1.3,2,data_row
7,7,Wine Grapes (White),7085,Assyrtiko,2750,,1.3,3,summary_row
7,7,Wine Grapes (White),7004,Chardonnay *,285,100,316.5,2,data_row
7,7,Wine Grapes (White),7004,Chardonnay *,300,100,237.2,2,data_row
7,7,Wine Grapes (White),7004,Chardonnay *,450,100,702.3,2,data_row
7,7,Wine Grapes (White),7004,Chardonnay *,475,100,156.7,2,data_row
7,7,Wine Grapes (White),7004,Chardonnay *,500,13100,46.6,2,data_row
7,7,Wine Grapes (White),7004,Chardonnay *,600,100,93.2,2,data_row
7,7,Wine Grapes (White),7004,Chardonnay *,600,22700,69.8,2,data_row
7,7,Wine Grapes (White),7004,Chardonnay *,675,18800,392.8,2,data_row
7,7,Wine Grapes (White),7004,Chardonnay *,700,100,90.3,2,data_row
7,7,Wine Grapes (White),7004,Chardonnay *,750,100,449.7,2,data_row
7,7,Wine Grapes (White),7004,Chardonnay *,750,13100,69.2,2,data_row
7,7,Wine Grapes (White),7004,Chardonnay *,750,19000,46.5,2,data_row
7,7,Wine Grapes (White),7004,Chardonnay *,784.64,100,2232.9,2,data_row
7,7,Wine Grapes (White),7004,Chardonnay *,800,100,1378.4,2,data_row
7,7,Wine Grapes (White),7004,Chardonnay *,800,20800,967.6,2,data_row
7,7,Wine Grapes (White),7004,Chardonnay *,900,100,89.2,2,data_row
7,7,Wine Grapes (White),7004,Chardonnay *,1000,100,11.6,2,data_row
7,7,Wine Grapes (White),7004,Chardonnay *,1000,13100,93.4,2,data_row
7,7,Wine Grapes (White),7004,Chardonnay *,1041.75,100,1480.3,2,data_row
7,7,Wine Grapes (White),7004,Chardonnay *,1050,13100,58,2,data_row
7,7,Wine Grapes (White),7004,Chardonnay *,1069.05,100,635.8,2,data_row
7,7,Wine Grapes (White),7004,Chardonnay *,1100,100,224.1,2,data_row
7,7,Wine Grapes (White),7004,Chardonnay *,1100,11100,1.9,2,data_row
7,7,Wine Grapes (White),7004,Chardonnay *,1100,24500,105,2,data_row
7,7,Wine Grapes (White),7004,Chardonnay *,1155,20800,1222.4,2,data_row
7,7,Wine Grapes (White),7004,Chardonnay *,1189.88,100,585.7,2,data_row
7,7,Wine Grapes (White),7004,Chardonnay *,1200,100,5246.3,2,data_row
7,7,Wine Grapes (White),7004,Chardonnay *,1214.58,100,499,2,data_row
7,7,Wine Grapes (White),7004,Chardonnay *,1228,100,67.5,2,data_row
7,7,Wine Grapes (White),7004,Chardonnay *,1228.13,17000,916.3,2,data_row
7,7,Wine Grapes (White),7004,Chardonnay *,1228.97,100,194.6,2,data_row
7,7,Wine Grapes (White),7004,Chardonnay *,1230.06,19100,536.2,2,data_row
7,7,Wine Grapes (White),7004,Chardonnay *,1238.16,100,27.5,2,data_row
7,7,Wine Grapes (White),7004,Chardonnay *,1250,100,1666.5,2,data_row
7,7,Wine Grapes (White),7004,Chardonnay *,1263.43,100,196.6,2,data_row
7,7,Wine Grapes (White),7004,Chardonnay *,1300,100,1873.6,2,data_row
7,7,Wine Grapes (White),7004,Chardonnay *,1300,21200,40,2,data_row
7,7,Wine Grapes (White),7004,Chardonnay *,1313.77,100,755.7,2,data_row
7,7,Wine Grapes (White),7004,Chardonnay *,1315.88,100,388.4,2,data_row
7,7,Wine Grapes (White),7004,Chardonnay *,1350,100,214.7,2,data_row
7,7,Wine Grapes (White),7004,Chardonnay *,1350,17200,183.5,2,data_row
7,7,Wine Grapes (White),7004,Chardonnay *,1350,19000,206.8,2,data_row
7,7,Wine Grapes (White),7004,Chardonnay *,1358.11,100,355.6,2,data_row
7,7,Wine Grapes (White),7004,Chardonnay *,1360.62,24500,145.4,2,data_row
7,7,Wine Grapes (White),7004,Chardonnay *,1369.02,100,863.5,2,data_row
7,7,Wine Grapes (White),7004,Chardonnay *,1395.42,21200,311,2,data_row
7,7,Wine Grapes (White),7004,Chardonnay *,1400,100,153.6,2,data_row
7,7,Wine Grapes (White),7004,Chardonnay *,1400,21200,163.6,2,data_row
7,7,Wine Grapes (White),7004,Chardonnay *,1450,100,98.6,2,data_row
7,7,Wine Grapes (White),7004,Chardonnay *,1457.49,100,220.5,2,data_row
7,7,Wine Grapes (White),7004,Chardonnay *,1485.26,100,547.5,2,data_row
7,7,Wine Grapes (White),7004,Chardonnay *,1500,100,789.4,2,data_row
7,7,Wine Grapes (White),7004,Chardonnay *,1500,7900,4.9,2,data_row
7,7,Wine Grapes (White),7004,Chardonnay *,1500,13100,19,2,data_row
7,7,Wine Grapes (White),7004,Chardonnay *,1500,13200,18.8,2,data_row
7,7,Wine Grapes (White),7004,Chardonnay *,1500,20800,1.7,2,data_row
7,7,Wine Grapes (White),7004,Chardonnay *,1506.07,100,502,2,data_row
7,7,Wine Grapes (White),7004,Chardonnay *,1532.41,21200,180.7,2,data_row
7,7,Wine Grapes (White),7004,Chardonnay *,1600,100,724.1,2,data_row
7,7,Wine Grapes (White),7004,Chardonnay *,1600,7900,4.1,2,data_row
7,7,Wine Grapes (White),7004,Chardonnay *,1600,8100,15.2,2,data_row
7,7,Wine Grapes (White),7004,Chardonnay *,1615,11100,70,2,data_row
7,7,Wine Grapes (White),7004,Chardonnay *,1676.37,100,151.1,2,data_row
7,7,Wine Grapes (White),7004,Chardonnay *,1700,100,263.7,2,data_row
7,7,Wine Grapes (White),7004,Chardonnay *,1700,17200,5.2,2,data_row
7,7,Wine Grapes (White),7004,Chardonnay *,1750,100,5.2,2,data_row
7,7,Wine Grapes (White),7004,Chardonnay *,1761,100,20,2,data_row
7,7,Wine Grapes (White),7004,Chardonnay *,1800,100,550.5,2,data_row
7,7,Wine Grapes (White),7004,Chardonnay *,1825,100,119.2,2,data_row
7,7,Wine Grapes (White),7004,Chardonnay *,1900,100,4.1,2,data_row
7,7,Wine Grapes (White),7004,Chardonnay *,1950,100,722.1,2,data_row
7,7,Wine Grapes (White),7004,Chardonnay *,1955,100,6.9,2,data_row
7,7,Wine Grapes (White),7004,Chardonnay *,1975,100,5.9,2,data_row
7,7,Wine Grapes (White),7004,Chardonnay *,2000,100,57.3,2,data_row
7,7,Wine Grapes (White),7004,Chardonnay *,2000,7900,8.7,2,data_row
7,7,Wine Grapes (White),7004,Chardonnay *,2000,17200,1,2,data_row
7,7,Wine Grapes (White),7004,Chardonnay *,2031.19,100,4.5,2,data_row
7,7,Wine Grapes (White),7004,Chardonnay *,2050,100,12.9,2,data_row
7,7,Wine Grapes (White),7004,Chardonnay *,2100,100,3.8,2,data_row
7,7,Wine Grapes (White),7004,Chardonnay *,2135,100,15.7,2,data_row
7,7,Wine Grapes (White),7004,Chardonnay *,2191,100,20.1,2,data_row
7,7,Wine Grapes (White),7004,Chardonnay *,2200,100,2,2,data_row
7,7,Wine Grapes (White),7004,Chardonnay *,2200,13600,3,2,data_row
7,7,Wine Grapes (White),7004,Chardonnay *,2250,100,28.1,2,data_row
7,7,Wine Grapes (White),7004,Chardonnay *,2250,14000,1.5,2,data_row
7,7,Wine Grapes (White),7004,Chardonnay *,2250,15500,4.1,2,data_row
7,7,Wine Grapes (White),7004,Chardonnay *,2292,100,6.9,2,data_row
7,7,Wine Grapes (White),7004,Chardonnay *,2300,100,40,2,data_row
7,7,Wine Grapes (White),7004,Chardonnay *,2340,100,4.4,2,data_row
7,7,Wine Grapes (White),7004,Chardonnay *,2400,100,46.7,2,data_row
7,7,Wine Grapes (White),7004,Chardonnay *,2400,20800,10.7,2,data_row
7,7,Wine Grapes (White),7004,Chardonnay *,2450,13000,3.2,2,data_row
7,7,Wine Grapes (White),7004,Chardonnay *,2500,100,26.3,2,data_row
7,7,Wine Grapes (White),7004,Chardonnay *,2500,10700,4.5,2,data_row
7,7,Wine Grapes (White),7004,Chardonnay *,2550,100,5.4,2,data_row
7,7,Wine Grapes (White),7004,Chardonnay *,2700,100,1.8,2,data_row
7,7,Wine Grapes (White),7004,Chardonnay *,2750,100,18.4,2,data_row
7,7,Wine Grapes (White),7004,Chardonnay *,2761.09,8100,39.4,2,data_row
7,7,Wine Grapes (White),7004,Chardonnay *,3000,100,18.5,2,data_row
7,7,Wine Grapes (White),7004,Chardonnay *,3000,13600,3.4,2,data_row
7,7,Wine Grapes (White),7004,Chardonnay *,3000,16100,1,2,data_row
7,7,Wine Grapes (White),7004,Chardonnay *,3040,100,56.5,2,data_row
7,7,Wine Grapes (White),7004,Chardonnay *,3192,100,10.3,2,data_row
7,7,Wine Grapes (White),7004,Chardonnay *,3200,100,5.5,2,data_row
7,7,Wine Grapes (White),7004,Chardonnay *,3200,11100,4.2,2,data_row
7,7,Wine Grapes (White),7004,Chardonnay *,3251,7900,3.2,2,data_row
7,7,Wine Grapes (White),7004,Chardonnay *,3300,100,3.1,2,data_row
7,7,Wine Grapes (White),7004,Chardonnay *,3400,100,3,2,data_row
7,7,Wine Grapes (White),7004,Chardonnay *,3750,19550,1.8,2,data_row
7,7,Wine Grapes (White),7004,Chardonnay *,3800,100,7.1,2,data_row
7,7,Wine Grapes (White),7004,Chardonnay *,3900,100,51.2,2,data_row
7,7,Wine Grapes (White),7004,Chardonnay *,3900,25100,2.7,2,data_row
7,7,Wine Grapes (White),7004,Chardonnay *,4000,100,3.3,2,data_row
7,7,Wine Grapes (White),7004,Chardonnay *,4000,9300,4.3,2,data_row
7,7,Wine Grapes (White),7004,Chardonnay *,4000,21850,1.3,2,data_row
7,7,Wine Grapes (White),7004,Chardonnay *,4400,100,12.2,2,data_row
7,7,Wine Grapes (White),7004,Chardonnay *,4500,100,4.4,2,data_row
7,7,Wine Grapes (White),7004,Chardonnay *,4600,100,9,2,data_row
7,7,Wine Grapes (White),7004,Chardonnay *,4600,9300,4.2,2,data_row
7,7,Wine Grapes (White),7004,Chardonnay *,4600,17400,0.9,2,data_row
7,7,Wine Grapes (White),7004,Chardonnay *,6000,100,4.1,2,data_row
7,7,Wine Grapes (White),7004,Chardonnay *,6300,100,6.4,2,data_row
7,7,Wine Grapes (White),7004,Chardonnay *,6500,100,5.2,2,data_row
7,7,Wine Grapes (White),7004,Chardonnay *,6800,9300,3,2,data_row
7,7,Wine Grapes (White),7004,Chardonnay *,1200.71,,32413.6,3,summary_row
7,7,Wine Grapes (White),7006,Chenin Blanc,1200,100,3.5,2,data_row
7,7,Wine Grapes (White),7006,Chenin Blanc,1411.35,100,96.9,2,data_row
7,7,Wine Grapes (White),7006,Chenin Blanc,1500,100,50.8,2,data_row
7,7,Wine Grapes (White),7006,Chenin Blanc,2000,100,1.1,2,data_row
7,7,Wine Grapes (White),7006,Chenin Blanc,2000,17400,2.2,2,data_row
7,7,Wine Grapes (White),7006,Chenin Blanc,2039.23,100,6.6,2,data_row
7,7,Wine Grapes (White),7006,Chenin Blanc,2200,100,5,2,data_row
7,7,Wine Grapes (White),7006,Chenin Blanc,2300,100,4.2,2,data_row
7,7,Wine Grapes (White),7006,Chenin Blanc,2400,100,1.6,2,data_row
7,7,Wine Grapes (White),7006,Chenin Blanc,2400,13600,1,2,data_row
7,7,Wine Grapes (White),7006,Chenin Blanc,2450,100,2.2,2,data_row
7,7,Wine Grapes (White),7006,Chenin Blanc,2450,13100,3.3,2,data_row
7,7,Wine Grapes (White),7006,Chenin Blanc,2500,100,5.2,2,data_row
7,7,Wine Grapes (White),7006,Chenin Blanc,2600,100,98.8,2,data_row
7,7,Wine Grapes (White),7006,Chenin Blanc,2650,100,1.7,2,data_row
7,7,Wine Grapes (White),7006,Chenin Blanc,2750,100,2.2,2,data_row
7,7,Wine Grapes (White),7006,Chenin Blanc,3250,10700,1.5,2,data_row
7,7,Wine Grapes (White),7006,Chenin Blanc,3500,17400,0.9,2,data_row
7,7,Wine Grapes (White),7006,Chenin Blanc,4000,100,0.9,2,data_row
7,7,Wine Grapes (White),7006,Chenin Blanc,6500,100,2,2,data_row
7,7,Wine Grapes (White),7006,Chenin Blanc,1998.13,,291.6,3,summary_row
7,7,Wine Grapes (White),7069,Clairette Blanche,3150,7900,2,2,data_row
7,7,Wine Grapes (White),7069,Clairette Blanche,3150,,2,3,summary_row
7,7,Wine Grapes (White),7068,Falaghina Greco,2750,9300,4,2,data_row
7,7,Wine Grapes (White),7068,Falaghina Greco,2750,10900,1.1,2,data_row
7,7,Wine Grapes (White),7068,Falaghina Greco,3000,100,2,2,data_row
7,7,Wine Grapes (White),7068,Falaghina Greco,2820.42,,7.1,3,summary_row
7,7,Wine Grapes (White),7066,Fiano,1400,100,0.7,2,data_row
7,7,Wine Grapes (White),7066,Fiano,1400,,0.7,3,summary_row
7,7,Wine Grapes (White),7011,Gewurztraminer,100,100,3.5,2,data_row
7,7,Wine Grapes (White),7011,Gewurztraminer,650,100,549.1,2,data_row
7,7,Wine Grapes (White),7011,Gewurztraminer,650,16800,452.7,2,data_row
7,7,Wine Grapes (White),7011,Gewurztraminer,667,40490,989.8,2,data_row
7,7,Wine Grapes (White),7011,Gewurztraminer,750,100,125.9,2,data_row
7,7,Wine Grapes (White),7011,Gewurztraminer,800,100,63.4,2,data_row
7,7,Wine Grapes (White),7011,Gewurztraminer,1017,40490,6.2,2,data_row
7,7,Wine Grapes (White),7011,Gewurztraminer,1200,100,10.7,2,data_row
7,7,Wine Grapes (White),7011,Gewurztraminer,1250,100,15.1,2,data_row
7,7,Wine Grapes (White),7011,Gewurztraminer,1300,100,36,2,data_row
7,7,Wine Grapes (White),7011,Gewurztraminer,1350,100,4.8,2,data_row
7,7,Wine Grapes (White),7011,Gewurztraminer,1500,100,32.3,2,data_row
7,7,Wine Grapes (White),7011,Gewurztraminer,1500,20800,9.3,2,data_row
7,7,Wine Grapes (White),7011,Gewurztraminer,1700,100,3,2,data_row
7,7,Wine Grapes (White),7011,Gewurztraminer,2150,100,16,2,data_row
7,7,Wine Grapes (White),7011,Gewurztraminer,711.91,,2317.8,3,summary_row
7,7,Wine Grapes (White),7055,Grenache Blanc *,333,100,3,2,data_row
7,7,Wine Grapes (White),7055,Grenache Blanc *,1400,100,25.5,2,data_row
7,7,Wine Grapes (White),7055,Grenache Blanc *,1400,17000,0.2,2,data_row
7,7,Wine Grapes (White),7055,Grenache Blanc *,1452.17,100,10,2,data_row
7,7,Wine Grapes (White),7055,Grenache Blanc *,1500,100,112.7,2,data_row
7,7,Wine Grapes (White),7055,Grenache Blanc *,1900,9300,5,2,data_row
7,7,Wine Grapes (White),7055,Grenache Blanc *,1955,100,10.6,2,data_row
7,7,Wine Grapes (White),7055,Grenache Blanc *,2000,100,2,2,data_row
7,7,Wine Grapes (White),7055,Grenache Blanc *,3240,19550,2.9,2,data_row
7,7,Wine Grapes (White),7055,Grenache Blanc *,1536.76,,171.9,3,summary_row
7,7,Wine Grapes (White),7082,Grenache Gris *,1300,100,44.1,2,data_row
7,7,Wine Grapes (White),7082,Grenache Gris *,1300,,44.1,3,summary_row
7,7,Wine Grapes (White),7063,Gruner Veltliner,1150,100,285.2,2,data_row
7,7,Wine Grapes (White),7063,Gruner Veltliner,1249.16,100,12.9,2,data_row
7,7,Wine Grapes (White),7063,Gruner Veltliner,1275,100,45.5,2,data_row
7,7,Wine Grapes (White),7063,Gruner Veltliner,1600,7900,4.1,2,data_row
7,7,Wine Grapes (White),7063,Gruner Veltliner,1175.34,,347.7,3,summary_row
7,7,Wine Grapes (White),7019,Malvasia Bianca,800,100,80.4,2,data_row
7,7,Wine Grapes (White),7019,Malvasia Bianca,900,21200,22,2,data_row
7,7,Wine Grapes (White),7019,Malvasia Bianca,821.48,,102.4,3,summary_row
7,7,Wine Grapes (White),7045,Marsanne,1000,100,2.1,2,data_row
7,7,Wine Grapes (White),7045,Marsanne,1950,9300,6,2,data_row
7,7,Wine Grapes (White),7045,Marsanne,3750,100,16.1,2,data_row
7,7,Wine Grapes (White),7045,Marsanne,3750,11300,1.3,2,data_row
7,7,Wine Grapes (White),7045,Marsanne,3100,,25.5,3,summary_row
7,7,Wine Grapes (White),7020,Melon,2000,100,20.5,2,data_row
7,7,Wine Grapes (White),7020,Melon,2900,100,7.8,2,data_row
7,7,Wine Grapes (White),7020,Melon,3000,100,1.7,2,data_row
7,7,Wine Grapes (White),7020,Melon,3000,19550,0.3,2,data_row
7,7,Wine Grapes (White),7020,Melon,2297.69,,30.3,3,summary_row
7,7,Wine Grapes (White),7022,Muscat Blanc *,1000,100,6.7,2,data_row
7,7,Wine Grapes (White),7022,Muscat Blanc *,1200,100,80.3,2,data_row
7,7,Wine Grapes (White),7022,Muscat Blanc *,1184.6,,87,3,summary_row
7,7,Wine Grapes (White),7023,Muscat Orange,3100,100,0.8,2,data_row
7,7,Wine Grapes (White),7023,Muscat Orange,3100,,0.8,3,summary_row
7,7,Wine Grapes (White),7065,Picpoul Blanc,1200,100,41.9,2,data_row
7,7,Wine Grapes (White),7065,Picpoul Blanc,1300,100,9.8,2,data_row
7,7,Wine Grapes (White),7065,Picpoul Blanc,1400,17000,0.2,2,data_row
7,7,Wine Grapes (White),7065,Picpoul Blanc,2750,100,0.2,2,data_row
7,7,Wine Grapes (White),7065,Picpoul Blanc,1225.53,,52.1,3,summary_row
7,7,Wine Grapes (White),7029,Pinot Blanc,1041.75,100,48.8,2,data_row
7,7,Wine Grapes (White),7029,Pinot Blanc,1200,100,22.1,2,data_row
7,7,Wine Grapes (White),7029,Pinot Blanc,1300,100,108.7,2,data_row
7,7,Wine Grapes (White),7029,Pinot Blanc,1330.87,100,3.7,2,data_row
7,7,Wine Grapes (White),7029,Pinot Blanc,1350,100,15.2,2,data_row
7,7,Wine Grapes (White),7029,Pinot Blanc,1487.96,100,5.1,2,data_row
7,7,Wine Grapes (White),7029,Pinot Blanc,1600,100,3.3,2,data_row
7,7,Wine Grapes (White),7029,Pinot Blanc,2600,100,0.8,2,data_row
7,7,Wine Grapes (White),7029,Pinot Blanc,3000,100,1.1,2,data_row
7,7,Wine Grapes (White),7029,Pinot Blanc,1256.51,,208.8,3,summary_row
7,7,Wine Grapes (White),7044,Pinot Gris *,500,100,162.3,2,data_row
7,7,Wine Grapes (White),7044,Pinot Gris *,500,9000,115.3,2,data_row
7,7,Wine Grapes (White),7044,Pinot Gris *,515,100,220.4,2,data_row
7,7,Wine Grapes (White),7044,Pinot Gris *,550,100,382.1,2,data_row
7,7,Wine Grapes (White),7044,Pinot Gris *,600,100,31.9,2,data_row
7,7,Wine Grapes (White),7044,Pinot Gris *,700,100,22.6,2,data_row
7,7,Wine Grapes (White),7044,Pinot Gris *,767,1000,503.6,2,data_row
7,7,Wine Grapes (White),7044,Pinot Gris *,800,100,379.8,2,data_row
7,7,Wine Grapes (White),7044,Pinot Gris *,900,100,297.6,2,data_row
7,7,Wine Grapes (White),7044,Pinot Gris *,900,17000,49.2,2,data_row
7,7,Wine Grapes (White),7044,Pinot Gris *,965.72,100,103.5,2,data_row
7,7,Wine Grapes (White),7044,Pinot Gris *,1000,100,225.4,2,data_row
7,7,Wine Grapes (White),7044,Pinot Gris *,1026.54,100,199.8,2,data_row
7,7,Wine Grapes (White),7044,Pinot Gris *,1026.54,17000,736,2,data_row
7,7,Wine Grapes (White),7044,Pinot Gris *,1050,100,66.6,2,data_row
7,7,Wine Grapes (White),7044,Pinot Gris *,1052.03,15700,286,2,data_row
7,7,Wine Grapes (White),7044,Pinot Gris *,1071.74,100,140.3,2,data_row
7,7,Wine Grapes (White),7044,Pinot Gris *,1092.73,100,417.6,2,data_row
7,7,Wine Grapes (White),7044,Pinot Gris *,1100,100,216.5,2,data_row
7,7,Wine Grapes (White),7044,Pinot Gris *,1100,13100,8,2,data_row
7,7,Wine Grapes (White),7044,Pinot Gris *,1200,100,64.4,2,data_row
7,7,Wine Grapes (White),7044,Pinot Gris *,1200,15300,400,2,data_row
7,7,Wine Grapes (White),7044,Pinot Gris *,1200,17000,8,2,data_row
7,7,Wine Grapes (White),7044,Pinot Gris *,1275,100,1136.4,2,data_row
7,7,Wine Grapes (White),7044,Pinot Gris *,1285,100,22.5,2,data_row
7,7,Wine Grapes (White),7044,Pinot Gris *,1300,100,34.4,2,data_row
7,7,Wine Grapes (White),7044,Pinot Gris *,1350,100,25.3,2,data_row
7,7,Wine Grapes (White),7044,Pinot Gris *,1500,100,21.8,2,data_row
7,7,Wine Grapes (White),7044,Pinot Gris *,1600,100,13.4,2,data_row
7,7,Wine Grapes (White),7044,Pinot Gris *,1700,100,3,2,data_row
7,7,Wine Grapes (White),7044,Pinot Gris *,2000,100,17.2,2,data_row
7,7,Wine Grapes (White),7044,Pinot Gris *,2184,100,1.1,2,data_row
7,7,Wine Grapes (White),7044,Pinot Gris *,3000,100,2,2,data_row
7,7,Wine Grapes (White),7044,Pinot Gris *,987.6,,6314,3,summary_row
7,7,Wine Grapes (White),7042,Roussanne,1400,17000,0.1,2,data_row
7,7,Wine Grapes (White),7042,Roussanne,1400,,0.1,3,summary_row
7,7,Wine Grapes (White),7033,Sauvignon Blanc *,200,100,183.8,2,data_row
7,7,Wine Grapes (White),7033,Sauvignon Blanc *,400,100,42.2,2,data_row
7,7,Wine Grapes (White),7033,Sauvignon Blanc *,475,100,20,2,data_row
7,7,Wine Grapes (White),7033,Sauvignon Blanc *,500,100,371.7,2,data_row
7,7,Wine Grapes (White),7033,Sauvignon Blanc *,700,100,152.7,2,data_row
7,7,Wine Grapes (White),7033,Sauvignon Blanc *,700,45460,777.8,2,data_row
7,7,Wine Grapes (White),7033,Sauvignon Blanc *,725,100,92,2,data_row
7,7,Wine Grapes (White),7033,Sauvignon Blanc *,725,45460,287.9,2,data_row
7,7,Wine Grapes (White),7033,Sauvignon Blanc *,900,100,115.7,2,data_row
7,7,Wine Grapes (White),7033,Sauvignon Blanc *,1000,100,200.8,2,data_row
7,7,Wine Grapes (White),7033,Sauvignon Blanc *,1041.75,100,344.9,2,data_row
7,7,Wine Grapes (White),7033,Sauvignon Blanc *,1100,100,863.5,2,data_row
7,7,Wine Grapes (White),7033,Sauvignon Blanc *,1147.13,100,288.4,2,data_row
7,7,Wine Grapes (White),7033,Sauvignon Blanc *,1194.45,15700,141.8,2,data_row
7,7,Wine Grapes (White),7033,Sauvignon Blanc *,1200,100,131.1,2,data_row
7,7,Wine Grapes (White),7033,Sauvignon Blanc *,1200,15700,325.4,2,data_row
7,7,Wine Grapes (White),7033,Sauvignon Blanc *,1200,17000,72,2,data_row
7,7,Wine Grapes (White),7033,Sauvignon Blanc *,1250,100,2.7,2,data_row
7,7,Wine Grapes (White),7033,Sauvignon Blanc *,1250,13400,474.3,2,data_row
7,7,Wine Grapes (White),7033,Sauvignon Blanc *,1250,17200,21.1,2,data_row
7,7,Wine Grapes (White),7033,Sauvignon Blanc *,1250,50772,260.5,2,data_row
7,7,Wine Grapes (White),7033,Sauvignon Blanc *,1250.67,100,237.6,2,data_row
7,7,Wine Grapes (White),7033,Sauvignon Blanc *,1275,13100,306.7,2,data_row
7,7,Wine Grapes (White),7033,Sauvignon Blanc *,1300,100,281.9,2,data_row
7,7,Wine Grapes (White),7033,Sauvignon Blanc *,1318.1,100,17.7,2,data_row
7,7,Wine Grapes (White),7033,Sauvignon Blanc *,1318.1,45460,265.7,2,data_row
7,7,Wine Grapes (White),7033,Sauvignon Blanc *,1350,13100,35.7,2,data_row
7,7,Wine Grapes (White),7033,Sauvignon Blanc *,1350,17000,127,2,data_row
7,7,Wine Grapes (White),7033,Sauvignon Blanc *,1350,17200,72,2,data_row
7,7,Wine Grapes (White),7033,Sauvignon Blanc *,1350,20800,75,2,data_row
7,7,Wine Grapes (White),7033,Sauvignon Blanc *,1398.74,100,298.1,2,data_row
7,7,Wine Grapes (White),7033,Sauvignon Blanc *,1400,19100,182.7,2,data_row
7,7,Wine Grapes (White),7033,Sauvignon Blanc *,1412.22,19100,141.9,2,data_row
7,7,Wine Grapes (White),7033,Sauvignon Blanc *,1425,13100,105.2,2,data_row
7,7,Wine Grapes (White),7033,Sauvignon Blanc *,1450,17000,139.1,2,data_row
7,7,Wine Grapes (White),7033,Sauvignon Blanc *,1475,13100,213,2,data_row
7,7,Wine Grapes (White),7033,Sauvignon Blanc *,1500,17200,5,2,data_row
7,7,Wine Grapes (White),7033,Sauvignon Blanc *,1508.58,17200,94.9,2,data_row
7,7,Wine Grapes (White),7033,Sauvignon Blanc *,1550,100,17,2,data_row
7,7,Wine Grapes (White),7033,Sauvignon Blanc *,1600,100,9.7,2,data_row
7,7,Wine Grapes (White),7033,Sauvignon Blanc *,1600,17000,10,2,data_row
7,7,Wine Grapes (White),7033,Sauvignon Blanc *,1675,100,21.5,2,data_row
7,7,Wine Grapes (White),7033,Sauvignon Blanc *,1700,100,3.1,2,data_row
7,7,Wine Grapes (White),7033,Sauvignon Blanc *,1725,100,118.4,2,data_row
7,7,Wine Grapes (White),7033,Sauvignon Blanc *,1750,100,34,2,data_row
7,7,Wine Grapes (White),7033,Sauvignon Blanc *,1798,100,24,2,data_row
7,7,Wine Grapes (White),7033,Sauvignon Blanc *,1800,100,93.5,2,data_row
7,7,Wine Grapes (White),7033,Sauvignon Blanc *,1850,100,5.2,2,data_row
7,7,Wine Grapes (White),7033,Sauvignon Blanc *,1900,19550,3.2,2,data_row
7,7,Wine Grapes (White),7033,Sauvignon Blanc *,2000,100,12,2,data_row
7,7,Wine Grapes (White),7033,Sauvignon Blanc *,2031.19,100,4.5,2,data_row
7,7,Wine Grapes (White),7033,Sauvignon Blanc *,2100,100,3.7,2,data_row
7,7,Wine Grapes (White),7033,Sauvignon Blanc *,2100,17200,5.6,2,data_row
7,7,Wine Grapes (White),7033,Sauvignon Blanc *,2200,100,1.6,2,data_row
7,7,Wine Grapes (White),7033,Sauvignon Blanc *,2250,100,1,2,data_row
7,7,Wine Grapes (White),7033,Sauvignon Blanc *,2500,100,2.7,2,data_row
7,7,Wine Grapes (White),7033,Sauvignon Blanc *,3200,100,2.8,2,data_row
7,7,Wine Grapes (White),7033,Sauvignon Blanc *,3450,100,5.2,2,data_row
7,7,Wine Grapes (White),7033,Sauvignon Blanc *,3700,100,2,2,data_row
7,7,Wine Grapes (White),7033,Sauvignon Blanc *,1116.28,,8150.2,3,summary_row
7,7,Wine Grapes (White),7077,Sauvignon Gris,1400,100,5.5,2,data_row
7,7,Wine Grapes (White),7077,Sauvignon Gris,1400,,5.5,3,summary_row
7,7,Wine Grapes (White),7036,Semillon,1725,100,10.6,2,data_row
7,7,Wine Grapes (White),7036,Semillon,1725,,10.6,3,summary_row
7,7,Wine Grapes (White),7075,Verdejo,2750,100,2.2,2,data_row
7,7,Wine Grapes (White),7075,Verdejo,2750,,2.2,3,summary_row
7,7,Wine Grapes (White),7147,Verdelho,1700,9100,0.9,2,data_row
7,7,Wine Grapes (White),7147,Verdelho,1800,100,1,2,data_row
7,7,Wine Grapes (White),7147,Verdelho,1752.63,,1.9,3,summary_row
7,7,Wine Grapes (White),7064,Vermentino *,1800,13600,5.7,2,data_row
7,7,Wine Grapes (White),7064,Vermentino *,2000,100,2,2,data_row
7,7,Wine Grapes (White),7064,Vermentino *,1851.95,,7.7,3,summary_row
7,7,Wine Grapes (White),7043,Viognier,1100,100,2.3,2,data_row
7,7,Wine Grapes (White),7043,Viognier,1200,100,9.6,2,data_row
7,7,Wine Grapes (White),7043,Viognier,1950,10900,5,2,data_row
7,7,Wine Grapes (White),7043,Viognier,2405.24,100,2.3,2,data_row
7,7,Wine Grapes (White),7043,Viognier,2502.08,100,18.4,2,data_row
7,7,Wine Grapes (White),7043,Viognier,3800,100,0.3,2,data_row
7,7,Wine Grapes (White),7043,Viognier,4250,100,5.3,2,data_row
7,7,Wine Grapes (White),7043,Viognier,2292.48,,43.2,3,summary_row
7,7,Wine Grapes (White),7038,White Riesling *,200,100,3.2,2,data_row
7,7,Wine Grapes (White),7038,White Riesling *,350,100,100.1,2,data_row
7,7,Wine Grapes (White),7038,White Riesling *,500,100,1.7,2,data_row
7,7,Wine Grapes (White),7038,White Riesling *,600,100,177.2,2,data_row
7,7,Wine Grapes (White),7038,White Riesling *,1000,100,291.6,2,data_row
7,7,Wine Grapes (White),7038,White Riesling *,1038.08,100,10.9,2,data_row
7,7,Wine Grapes (White),7038,White Riesling *,1041.75,100,83.6,2,data_row
7,7,Wine Grapes (White),7038,White Riesling *,1100,100,141.1,2,data_row
7,7,Wine Grapes (White),7038,White Riesling *,1250,100,227.1,2,data_row
7,7,Wine Grapes (White),7038,White Riesling *,1300,100,63.3,2,data_row
7,7,Wine Grapes (White),7038,White Riesling *,1500,100,9.8,2,data_row
7,7,Wine Grapes (White),7038,White Riesling *,1700,100,35.2,2,data_row
7,7,Wine Grapes (White),7038,White Riesling *,1800,100,20.2,2,data_row
7,7,Wine Grapes (White),7038,White Riesling *,1800,13500,9.9,2,data_row
7,7,Wine Grapes (White),7038,White Riesling *,1836,11100,5.1,2,data_row
7,7,Wine Grapes (White),7038,White Riesling *,2200,100,1,2,data_row
7,7,Wine Grapes (White),7038,White Riesling *,2400,100,5.7,2,data_row
7,7,Wine Grapes (White),7038,White Riesling *,2600,17000,3,2,data_row
7,7,Wine Grapes (White),7038,White Riesling *,2674,100,13.4,2,data_row
7,7,Wine Grapes (White),7038,White Riesling *,2800,11100,2.9,2,data_row
7,7,Wine Grapes (White),7038,White Riesling *,1044.73,,1206,3,summary_row
7,7,Wine Grapes (White),7001,Other White Wine 2/,1500,100,0.7,2,data_row
7,7,Wine Grapes (White),7001,Other White Wine 2/,1800,100,0.7,2,data_row
7,7,Wine Grapes (White),7001,Other White Wine 2/,2000,100,9.7,2,data_row
7,7,Wine Grapes (White),7001,Other White Wine 2/,2000,9100,1.1,2,data_row
7,7,Wine Grapes (White),7001,Other White Wine 2/,2750,100,1,2,data_row
7,7,Wine Grapes (White),7001,Other White Wine 2/,2750,10900,1.1,2,data_row
7,7,Wine Grapes (White),7001,Other White Wine 2/,3000,100,5.2,2,data_row
7,7,Wine Grapes (White),7001,Other White Wine 2/,3000,6650,1,2,data_row
7,7,Wine Grapes (White),7001,Other White Wine 2/,2355.37,,20.5,3,summary_row
7,6,Wine Grapes (Red),6013,Barbera,2500,100,3.3,2,data_row
7,6,Wine Grapes (Red),6013,Barbera,2750,11100,0.8,2,data_row
7,6,Wine Grapes (Red),6013,Barbera,2548.78,,4.1,3,summary_row
7,6,Wine Grapes (Red),6023,Cabernet Franc,1000,100,0.6,2,data_row
7,6,Wine Grapes (Red),6023,Cabernet Franc,1450,100,7,2,data_row
7,6,Wine Grapes (Red),6023,Cabernet Franc,1600,100,1.3,2,data_row
7,6,Wine Grapes (Red),6023,Cabernet Franc,1650,100,24.1,2,data_row
7,6,Wine Grapes (Red),6023,Cabernet Franc,2000,100,1.9,2,data_row
7,6,Wine Grapes (Red),6023,Cabernet Franc,2750,11100,2,2,data_row
7,6,Wine Grapes (Red),6023,Cabernet Franc,2808,100,2.2,2,data_row
7,6,Wine Grapes (Red),6023,Cabernet Franc,2900,100,2.7,2,data_row
7,6,Wine Grapes (Red),6023,Cabernet Franc,3400,100,5.6,2,data_row
7,6,Wine Grapes (Red),6023,Cabernet Franc,3500,100,0.9,2,data_row
7,6,Wine Grapes (Red),6023,Cabernet Franc,2030.9,,48.3,3,summary_row
7,6,Wine Grapes (Red),6024,Cabernet Sauvignon,425,100,250,2,data_row
7,6,Wine Grapes (Red),6024,Cabernet Sauvignon,600,20800,480.1,2,data_row
7,6,Wine Grapes (Red),6024,Cabernet Sauvignon,750,100,86.2,2,data_row
7,6,Wine Grapes (Red),6024,Cabernet Sauvignon,917,27800,229.7,2,data_row
7,6,Wine Grapes (Red),6024,Cabernet Sauvignon,1000,100,6,2,data_row
7,6,Wine Grapes (Red),6024,Cabernet Sauvignon,1000,21000,13.5,2,data_row
7,6,Wine Grapes (Red),6024,Cabernet Sauvignon,1250,100,1.6,2,data_row
7,6,Wine Grapes (Red),6024,Cabernet Sauvignon,1284.12,100,283.3,2,data_row
7,6,Wine Grapes (Red),6024,Cabernet Sauvignon,1350,100,11.1,2,data_row
7,6,Wine Grapes (Red),6024,Cabernet Sauvignon,1409.19,17000,343,2,data_row
7,6,Wine Grapes (Red),6024,Cabernet Sauvignon,1409.19,20800,639.1,2,data_row
7,6,Wine Grapes (Red),6024,Cabernet Sauvignon,1410.03,100,66.7,2,data_row
7,6,Wine Grapes (Red),6024,Cabernet Sauvignon,1448.64,100,603.9,2,data_row
7,6,Wine Grapes (Red),6024,Cabernet Sauvignon,1450,100,368,2,data_row
7,6,Wine Grapes (Red),6024,Cabernet Sauvignon,1450,24500,152.9,2,data_row
7,6,Wine Grapes (Red),6024,Cabernet Sauvignon,1500,100,694.7,2,data_row
7,6,Wine Grapes (Red),6024,Cabernet Sauvignon,1500,21000,2.6,2,data_row
7,6,Wine Grapes (Red),6024,Cabernet Sauvignon,1550,100,65.8,2,data_row
7,6,Wine Grapes (Red),6024,Cabernet Sauvignon,1573.76,100,362.6,2,data_row
7,6,Wine Grapes (Red),6024,Cabernet Sauvignon,1591,100,322.5,2,data_row
7,6,Wine Grapes (Red),6024,Cabernet Sauvignon,1600,100,235.3,2,data_row
7,6,Wine Grapes (Red),6024,Cabernet Sauvignon,1650,100,74.2,2,data_row
7,6,Wine Grapes (Red),6024,Cabernet Sauvignon,1800,24500,0.7,2,data_row
7,6,Wine Grapes (Red),6024,Cabernet Sauvignon,2000,100,285.4,2,data_row
7,6,Wine Grapes (Red),6024,Cabernet Sauvignon,2250,100,3.4,2,data_row
7,6,Wine Grapes (Red),6024,Cabernet Sauvignon,2360,100,12.3,2,data_row
7,6,Wine Grapes (Red),6024,Cabernet Sauvignon,2400,100,7.1,2,data_row
7,6,Wine Grapes (Red),6024,Cabernet Sauvignon,2750,17200,11,2,data_row
7,6,Wine Grapes (Red),6024,Cabernet Sauvignon,3384.07,100,13.7,2,data_row
7,6,Wine Grapes (Red),6024,Cabernet Sauvignon,4000,100,19.8,2,data_row
7,6,Wine Grapes (Red),6024,Cabernet Sauvignon,4800,100,2.4,2,data_row
7,6,Wine Grapes (Red),6024,Cabernet Sauvignon,6810,100,3.9,2,data_row
7,6,Wine Grapes (Red),6024,Cabernet Sauvignon,1367.23,,5652.5,3,summary_row
7,6,Wine Grapes (Red),6026,Carignane,1700,17200,1,2,data_row
7,6,Wine Grapes (Red),6026,Carignane,2000,100,6.5,2,data_row
7,6,Wine Grapes (Red),6026,Carignane,2750,100,0.2,2,data_row
7,6,Wine Grapes (Red),6026,Carignane,1980.52,,7.7,3,summary_row
7,6,Wine Grapes (Red),6171,Cinsaut *,517,7900,22.4,2,data_row
7,6,Wine Grapes (Red),6171,Cinsaut *,1200,100,42,2,data_row
7,6,Wine Grapes (Red),6171,Cinsaut *,1400,100,7.3,2,data_row
7,6,Wine Grapes (Red),6171,Cinsaut *,1900,100,0.5,2,data_row
7,6,Wine Grapes (Red),6171,Cinsaut *,1013.17,,72.2,3,summary_row
7,6,Wine Grapes (Red),6014,Dornfelder,1000,21000,11.3,2,data_row
7,6,Wine Grapes (Red),6014,Dornfelder,1000,,11.3,3,summary_row
7,6,Wine Grapes (Red),6034,Gamay Noir Au Jus Blanc,1867,3100,5,2,data_row
7,6,Wine Grapes (Red),6034,Gamay Noir Au Jus Blanc,2000,100,7,2,data_row
7,6,Wine Grapes (Red),6034,Gamay Noir Au Jus Blanc,1944.58,,12,3,summary_row
7,6,Wine Grapes (Red),6196,Graciano,2000,13400,1.1,2,data_row
7,6,Wine Grapes (Red),6196,Graciano,2000,,1.1,3,summary_row
7,6,Wine Grapes (Red),6058,Grenache *,325,100,203.4,2,data_row
7,6,Wine Grapes (Red),6058,Grenache *,400,100,168.9,2,data_row
7,6,Wine Grapes (Red),6058,Grenache *,500,100,220.2,2,data_row
7,6,Wine Grapes (Red),6058,Grenache *,500,18000,0.5,2,data_row
7,6,Wine Grapes (Red),6058,Grenache *,1000,100,9.1,2,data_row
7,6,Wine Grapes (Red),6058,Grenache *,1107.78,22800,498.1,2,data_row
7,6,Wine Grapes (Red),6058,Grenache *,1200,100,176.7,2,data_row
7,6,Wine Grapes (Red),6058,Grenache *,1250,100,1,2,data_row
7,6,Wine Grapes (Red),6058,Grenache *,1300,100,31.1,2,data_row
7,6,Wine Grapes (Red),6058,Grenache *,1300,21000,0.2,2,data_row
7,6,Wine Grapes (Red),6058,Grenache *,1400,100,51.3,2,data_row
7,6,Wine Grapes (Red),6058,Grenache *,1440.99,100,19.7,2,data_row
7,6,Wine Grapes (Red),6058,Grenache *,1500,11100,4.1,2,data_row
7,6,Wine Grapes (Red),6058,Grenache *,1800,8100,1.5,2,data_row
7,6,Wine Grapes (Red),6058,Grenache *,1800,17400,6.2,2,data_row
7,6,Wine Grapes (Red),6058,Grenache *,1850,100,193.9,2,data_row
7,6,Wine Grapes (Red),6058,Grenache *,1997,100,12.5,2,data_row
7,6,Wine Grapes (Red),6058,Grenache *,2000,100,15.2,2,data_row
7,6,Wine Grapes (Red),6058,Grenache *,2000,13600,1,2,data_row
7,6,Wine Grapes (Red),6058,Grenache *,2100,100,2,2,data_row
7,6,Wine Grapes (Red),6058,Grenache *,2200,13400,34,2,data_row
7,6,Wine Grapes (Red),6058,Grenache *,2400,100,2,2,data_row
7,6,Wine Grapes (Red),6058,Grenache *,2500,100,2.1,2,data_row
7,6,Wine Grapes (Red),6058,Grenache *,2500,23400,2.5,2,data_row
7,6,Wine Grapes (Red),6058,Grenache *,2750,100,7.9,2,data_row
7,6,Wine Grapes (Red),6058,Grenache *,2750,13400,1.4,2,data_row
7,6,Wine Grapes (Red),6058,Grenache *,2800,100,1.9,2,data_row
7,6,Wine Grapes (Red),6058,Grenache *,2816.23,100,17.6,2,data_row
7,6,Wine Grapes (Red),6058,Grenache *,2900,100,4.7,2,data_row
7,6,Wine Grapes (Red),6058,Grenache *,3500,19550,1,2,data_row
7,6,Wine Grapes (Red),6058,Grenache *,3600,13400,3.1,2,data_row
7,6,Wine Grapes (Red),6058,Grenache *,4300,24500,3.4,2,data_row
7,6,Wine Grapes (Red),6058,Grenache *,4478,11100,1.6,2,data_row
7,6,Wine Grapes (Red),6058,Grenache *,1071.31,,1699.8,3,summary_row
7,6,Wine Grapes (Red),6076,Malbec,800,100,1.2,2,data_row
7,6,Wine Grapes (Red),6076,Malbec,1000,21000,10.8,2,data_row
7,6,Wine Grapes (Red),6076,Malbec,1300,100,100.4,2,data_row
7,6,Wine Grapes (Red),6076,Malbec,1400,100,1.6,2,data_row
7,6,Wine Grapes (Red),6076,Malbec,1450,100,417,2,data_row
7,6,Wine Grapes (Red),6076,Malbec,1500,100,288.8,2,data_row
7,6,Wine Grapes (Red),6076,Malbec,1534.65,100,393.9,2,data_row
7,6,Wine Grapes (Red),6076,Malbec,1700,21000,1.1,2,data_row
7,6,Wine Grapes (Red),6076,Malbec,3250,100,0.6,2,data_row
7,6,Wine Grapes (Red),6076,Malbec,1473.33,,1215.4,3,summary_row
7,6,Wine Grapes (Red),6200,Mencia,2750,100,3.7,2,data_row
7,6,Wine Grapes (Red),6200,Mencia,2750,,3.7,3,summary_row
7,6,Wine Grapes (Red),6084,Merlot,600,20800,43.6,2,data_row
7,6,Wine Grapes (Red),6084,Merlot,900,100,22.9,2,data_row
7,6,Wine Grapes (Red),6084,Merlot,1000,100,5,2,data_row
7,6,Wine Grapes (Red),6084,Merlot,1100,100,26.2,2,data_row
7,6,Wine Grapes (Red),6084,Merlot,1100,17000,235.3,2,data_row
7,6,Wine Grapes (Red),6084,Merlot,1150,100,510,2,data_row
7,6,Wine Grapes (Red),6084,Merlot,1236.77,17000,362.6,2,data_row
7,6,Wine Grapes (Red),6084,Merlot,1236.77,20800,531.3,2,data_row
7,6,Wine Grapes (Red),6084,Merlot,1250,100,1.5,2,data_row
7,6,Wine Grapes (Red),6084,Merlot,1250,24800,3.8,2,data_row
7,6,Wine Grapes (Red),6084,Merlot,1300,100,267.8,2,data_row
7,6,Wine Grapes (Red),6084,Merlot,1450,100,36.1,2,data_row
7,6,Wine Grapes (Red),6084,Merlot,1581.87,100,47.1,2,data_row
7,6,Wine Grapes (Red),6084,Merlot,1800,100,0.5,2,data_row
7,6,Wine Grapes (Red),6084,Merlot,1800,24500,1.5,2,data_row
7,6,Wine Grapes (Red),6084,Merlot,1900,100,2.4,2,data_row
7,6,Wine Grapes (Red),6084,Merlot,2000,100,0.4,2,data_row
7,6,Wine Grapes (Red),6084,Merlot,2000,20800,1.1,2,data_row
7,6,Wine Grapes (Red),6084,Merlot,2400,100,4.1,2,data_row
7,6,Wine Grapes (Red),6084,Merlot,2400,18900,3.2,2,data_row
7,6,Wine Grapes (Red),6084,Merlot,2704,100,7.3,2,data_row
7,6,Wine Grapes (Red),6084,Merlot,2995.85,100,1,2,data_row
7,6,Wine Grapes (Red),6084,Merlot,1212.7,,2114.7,3,summary_row
7,6,Wine Grapes (Red),6086,Mission *,2500,100,0.8,2,data_row
7,6,Wine Grapes (Red),6086,Mission *,2500,,0.8,3,summary_row
7,6,Wine Grapes (Red),6189,Montepulciano,2750,13400,1.4,2,data_row
7,6,Wine Grapes (Red),6189,Montepulciano,2750,,1.4,3,summary_row
7,6,Wine Grapes (Red),6081,Mourvedre *,1000,100,12,2,data_row
7,6,Wine Grapes (Red),6081,Mourvedre *,1250,100,0.5,2,data_row
7,6,Wine Grapes (Red),6081,Mourvedre *,1800,8100,1.6,2,data_row
7,6,Wine Grapes (Red),6081,Mourvedre *,1850,100,17.8,2,data_row
7,6,Wine Grapes (Red),6081,Mourvedre *,2000,21000,0.4,2,data_row
7,6,Wine Grapes (Red),6081,Mourvedre *,2250,100,1.5,2,data_row
7,6,Wine Grapes (Red),6081,Mourvedre *,2500,100,3.9,2,data_row
7,6,Wine Grapes (Red),6081,Mourvedre *,2500,23400,1.4,2,data_row
7,6,Wine Grapes (Red),6081,Mourvedre *,2716.28,100,2.6,2,data_row
7,6,Wine Grapes (Red),6081,Mourvedre *,2750,100,1,2,data_row
7,6,Wine Grapes (Red),6081,Mourvedre *,3000,100,39.4,2,data_row
7,6,Wine Grapes (Red),6081,Mourvedre *,3200,100,3.2,2,data_row
7,6,Wine Grapes (Red),6081,Mourvedre *,3600,100,0.3,2,data_row
7,6,Wine Grapes (Red),6081,Mourvedre *,4200,100,8.4,2,data_row
7,6,Wine Grapes (Red),6081,Mourvedre *,4700,8100,1.1,2,data_row
7,6,Wine Grapes (Red),6081,Mourvedre *,2582.99,,95.1,3,summary_row
7,6,Wine Grapes (Red),6107,Petit Verdot,1250,100,2.7,2,data_row
7,6,Wine Grapes (Red),6107,Petit Verdot,2000,100,1.8,2,data_row
7,6,Wine Grapes (Red),6107,Petit Verdot,2100,17200,1.1,2,data_row
7,6,Wine Grapes (Red),6107,Petit Verdot,1658.04,,5.6,3,summary_row
7,6,Wine Grapes (Red),6106,Petite Sirah,717,27800,25,2,data_row
7,6,Wine Grapes (Red),6106,Petite Sirah,800,100,1.2,2,data_row
7,6,Wine Grapes (Red),6106,Petite Sirah,1200,100,3.6,2,data_row
7,6,Wine Grapes (Red),6106,Petite Sirah,1350,100,6.2,2,data_row
7,6,Wine Grapes (Red),6106,Petite Sirah,1497.05,100,149,2,data_row
7,6,Wine Grapes (Red),6106,Petite Sirah,1740.05,100,51.5,2,data_row
7,6,Wine Grapes (Red),6106,Petite Sirah,1792.78,100,18.8,2,data_row
7,6,Wine Grapes (Red),6106,Petite Sirah,2000,100,3.3,2,data_row
7,6,Wine Grapes (Red),6106,Petite Sirah,2500,100,1.9,2,data_row
7,6,Wine Grapes (Red),6106,Petite Sirah,2500,13600,1.4,2,data_row
7,6,Wine Grapes (Red),6106,Petite Sirah,3600,100,2.3,2,data_row
7,6,Wine Grapes (Red),6106,Petite Sirah,3600,24800,3.2,2,data_row
7,6,Wine Grapes (Red),6106,Petite Sirah,1543.02,,267.4,3,summary_row
7,6,Wine Grapes (Red),6112,Pinot Noir *,75,100,35,2,data_row
7,6,Wine Grapes (Red),6112,Pinot Noir *,400,100,621.6,2,data_row
7,6,Wine Grapes (Red),6112,Pinot Noir *,500,100,1.1,2,data_row
7,6,Wine Grapes (Red),6112,Pinot Noir *,515,100,571.4,2,data_row
7,6,Wine Grapes (Red),6112,Pinot Noir *,600,20800,776.2,2,data_row
7,6,Wine Grapes (Red),6112,Pinot Noir *,617,2300,425.5,2,data_row
7,6,Wine Grapes (Red),6112,Pinot Noir *,617,22900,124.1,2,data_row
7,6,Wine Grapes (Red),6112,Pinot Noir *,617,24500,299.9,2,data_row
7,6,Wine Grapes (Red),6112,Pinot Noir *,667,2300,38.8,2,data_row
7,6,Wine Grapes (Red),6112,Pinot Noir *,667,24500,16.1,2,data_row
7,6,Wine Grapes (Red),6112,Pinot Noir *,675,13000,201,2,data_row
7,6,Wine Grapes (Red),6112,Pinot Noir *,743,22700,799.9,2,data_row
7,6,Wine Grapes (Red),6112,Pinot Noir *,750,100,29.5,2,data_row
7,6,Wine Grapes (Red),6112,Pinot Noir *,750,24500,3,2,data_row
7,6,Wine Grapes (Red),6112,Pinot Noir *,800,100,179.9,2,data_row
7,6,Wine Grapes (Red),6112,Pinot Noir *,875.62,100,1950.9,2,data_row
7,6,Wine Grapes (Red),6112,Pinot Noir *,950,64535,277,2,data_row
7,6,Wine Grapes (Red),6112,Pinot Noir *,1000,100,466.7,2,data_row
7,6,Wine Grapes (Red),6112,Pinot Noir *,1000,13600,0.5,2,data_row
7,6,Wine Grapes (Red),6112,Pinot Noir *,1000,21200,48.2,2,data_row
7,6,Wine Grapes (Red),6112,Pinot Noir *,1050,100,262.9,2,data_row
7,6,Wine Grapes (Red),6112,Pinot Noir *,1200,21200,19.7,2,data_row
7,6,Wine Grapes (Red),6112,Pinot Noir *,1250,26800,21.5,2,data_row
7,6,Wine Grapes (Red),6112,Pinot Noir *,1300,100,2.1,2,data_row
7,6,Wine Grapes (Red),6112,Pinot Noir *,1300,20800,22.5,2,data_row
7,6,Wine Grapes (Red),6112,Pinot Noir *,1300,21200,46.8,2,data_row
7,6,Wine Grapes (Red),6112,Pinot Noir *,1400,100,100.8,2,data_row
7,6,Wine Grapes (Red),6112,Pinot Noir *,1450,64535,294.7,2,data_row
7,6,Wine Grapes (Red),6112,Pinot Noir *,1500,100,668.5,2,data_row
7,6,Wine Grapes (Red),6112,Pinot Noir *,1500,9500,20.2,2,data_row
7,6,Wine Grapes (Red),6112,Pinot Noir *,1586.12,100,273.4,2,data_row
7,6,Wine Grapes (Red),6112,Pinot Noir *,1600,100,30.8,2,data_row
7,6,Wine Grapes (Red),6112,Pinot Noir *,1600,7900,5.2,2,data_row
7,6,Wine Grapes (Red),6112,Pinot Noir *,1600,24500,64.6,2,data_row
7,6,Wine Grapes (Red),6112,Pinot Noir *,1646.85,100,1004.2,2,data_row
7,6,Wine Grapes (Red),6112,Pinot Noir *,1650,100,588.5,2,data_row
7,6,Wine Grapes (Red),6112,Pinot Noir *,1650,24500,24.2,2,data_row
7,6,Wine Grapes (Red),6112,Pinot Noir *,1675,24500,191.1,2,data_row
7,6,Wine Grapes (Red),6112,Pinot Noir *,1700,100,1117.6,2,data_row
7,6,Wine Grapes (Red),6112,Pinot Noir *,1750,100,18.6,2,data_row
7,6,Wine Grapes (Red),6112,Pinot Noir *,1767.77,100,1422.2,2,data_row
7,6,Wine Grapes (Red),6112,Pinot Noir *,1773.94,100,22.6,2,data_row
7,6,Wine Grapes (Red),6112,Pinot Noir *,1774.23,20800,189,2,data_row
7,6,Wine Grapes (Red),6112,Pinot Noir *,1792.49,59694,423.6,2,data_row
7,6,Wine Grapes (Red),6112,Pinot Noir *,1797.1,100,210.6,2,data_row
7,6,Wine Grapes (Red),6112,Pinot Noir *,1800,100,2817.9,2,data_row
7,6,Wine Grapes (Red),6112,Pinot Noir *,1800,17400,1.1,2,data_row
7,6,Wine Grapes (Red),6112,Pinot Noir *,1800,21200,45.3,2,data_row
7,6,Wine Grapes (Red),6112,Pinot Noir *,1800,24500,563.4,2,data_row
7,6,Wine Grapes (Red),6112,Pinot Noir *,1806.99,100,133.2,2,data_row
7,6,Wine Grapes (Red),6112,Pinot Noir *,1820,24500,481.7,2,data_row
7,6,Wine Grapes (Red),6112,Pinot Noir *,1828.86,100,974.6,2,data_row
7,6,Wine Grapes (Red),6112,Pinot Noir *,1847.24,100,289.5,2,data_row
7,6,Wine Grapes (Red),6112,Pinot Noir *,1870,24500,262,2,data_row
7,6,Wine Grapes (Red),6112,Pinot Noir *,1886.8,100,148.4,2,data_row
7,6,Wine Grapes (Red),6112,Pinot Noir *,1900,100,1241.9,2,data_row
7,6,Wine Grapes (Red),6112,Pinot Noir *,1920,100,66.5,2,data_row
7,6,Wine Grapes (Red),6112,Pinot Noir *,1938.24,100,435.2,2,data_row
7,6,Wine Grapes (Red),6112,Pinot Noir *,1950,100,216.4,2,data_row
7,6,Wine Grapes (Red),6112,Pinot Noir *,1965.38,25100,142.4,2,data_row
7,6,Wine Grapes (Red),6112,Pinot Noir *,2000,100,624.6,2,data_row
7,6,Wine Grapes (Red),6112,Pinot Noir *,2000,11100,1.8,2,data_row
7,6,Wine Grapes (Red),6112,Pinot Noir *,2000,21200,66.2,2,data_row
7,6,Wine Grapes (Red),6112,Pinot Noir *,2008.11,11100,70,2,data_row
7,6,Wine Grapes (Red),6112,Pinot Noir *,2152.46,100,123.6,2,data_row
7,6,Wine Grapes (Red),6112,Pinot Noir *,2152.46,21000,67.6,2,data_row
7,6,Wine Grapes (Red),6112,Pinot Noir *,2200,100,16.5,2,data_row
7,6,Wine Grapes (Red),6112,Pinot Noir *,2200.16,100,234.1,2,data_row
7,6,Wine Grapes (Red),6112,Pinot Noir *,2300,100,5.1,2,data_row
7,6,Wine Grapes (Red),6112,Pinot Noir *,2335.68,24500,460.7,2,data_row
7,6,Wine Grapes (Red),6112,Pinot Noir *,2392,100,6.9,2,data_row
7,6,Wine Grapes (Red),6112,Pinot Noir *,2400,100,2.4,2,data_row
7,6,Wine Grapes (Red),6112,Pinot Noir *,2500,100,83.7,2,data_row
7,6,Wine Grapes (Red),6112,Pinot Noir *,2560.93,100,6,2,data_row
7,6,Wine Grapes (Red),6112,Pinot Noir *,2645.42,100,45.8,2,data_row
7,6,Wine Grapes (Red),6112,Pinot Noir *,2750,100,19.6,2,data_row
7,6,Wine Grapes (Red),6112,Pinot Noir *,2800,100,95.9,2,data_row
7,6,Wine Grapes (Red),6112,Pinot Noir *,2850,24500,74.9,2,data_row
7,6,Wine Grapes (Red),6112,Pinot Noir *,2912,100,9.7,2,data_row
7,6,Wine Grapes (Red),6112,Pinot Noir *,2976.69,100,18.6,2,data_row
7,6,Wine Grapes (Red),6112,Pinot Noir *,3000,100,114.3,2,data_row
7,6,Wine Grapes (Red),6112,Pinot Noir *,3000,11300,3.7,2,data_row
7,6,Wine Grapes (Red),6112,Pinot Noir *,3000,13600,1.5,2,data_row
7,6,Wine Grapes (Red),6112,Pinot Noir *,3000,18900,10.2,2,data_row
7,6,Wine Grapes (Red),6112,Pinot Noir *,3176.25,100,6,2,data_row
7,6,Wine Grapes (Red),6112,Pinot Noir *,3200,100,5,2,data_row
7,6,Wine Grapes (Red),6112,Pinot Noir *,3212,7900,3.1,2,data_row
7,6,Wine Grapes (Red),6112,Pinot Noir *,3250,25100,1.4,2,data_row
7,6,Wine Grapes (Red),6112,Pinot Noir *,3300,100,12.9,2,data_row
7,6,Wine Grapes (Red),6112,Pinot Noir *,3400,100,3,2,data_row
7,6,Wine Grapes (Red),6112,Pinot Noir *,3420,100,50.3,2,data_row
7,6,Wine Grapes (Red),6112,Pinot Noir *,3450,100,1.5,2,data_row
7,6,Wine Grapes (Red),6112,Pinot Noir *,3492,100,4.8,2,data_row
7,6,Wine Grapes (Red),6112,Pinot Noir *,3500,100,15.4,2,data_row
7,6,Wine Grapes (Red),6112,Pinot Noir *,3500,21200,0.7,2,data_row
7,6,Wine Grapes (Red),6112,Pinot Noir *,3510,17400,2.5,2,data_row
7,6,Wine Grapes (Red),6112,Pinot Noir *,3600,100,9.5,2,data_row
7,6,Wine Grapes (Red),6112,Pinot Noir *,3767,2200,40.2,2,data_row
7,6,Wine Grapes (Red),6112,Pinot Noir *,3800,100,22.9,2,data_row
7,6,Wine Grapes (Red),6112,Pinot Noir *,3879.39,9520,69.6,2,data_row
7,6,Wine Grapes (Red),6112,Pinot Noir *,3900,100,6.5,2,data_row
7,6,Wine Grapes (Red),6112,Pinot Noir *,3917,2200,81.6,2,data_row
7,6,Wine Grapes (Red),6112,Pinot Noir *,4000,100,120.7,2,data_row
7,6,Wine Grapes (Red),6112,Pinot Noir *,4000,1700,10.3,2,data_row
7,6,Wine Grapes (Red),6112,Pinot Noir *,4000,20800,2.2,2,data_row
7,6,Wine Grapes (Red),6112,Pinot Noir *,4000,22800,9.1,2,data_row
7,6,Wine Grapes (Red),6112,Pinot Noir *,4050,100,2,2,data_row
7,6,Wine Grapes (Red),6112,Pinot Noir *,4180,100,77.8,2,data_row
7,6,Wine Grapes (Red),6112,Pinot Noir *,4200,100,178,2,data_row
7,6,Wine Grapes (Red),6112,Pinot Noir *,4250,100,11.7,2,data_row
7,6,Wine Grapes (Red),6112,Pinot Noir *,4400,100,15.9,2,data_row
7,6,Wine Grapes (Red),6112,Pinot Noir *,4400,17400,5.7,2,data_row
7,6,Wine Grapes (Red),6112,Pinot Noir *,4500,100,37.5,2,data_row
7,6,Wine Grapes (Red),6112,Pinot Noir *,4500,17400,10.3,2,data_row
7,6,Wine Grapes (Red),6112,Pinot Noir *,4500,24500,30.4,2,data_row
7,6,Wine Grapes (Red),6112,Pinot Noir *,4617,2200,33.9,2,data_row
7,6,Wine Grapes (Red),6112,Pinot Noir *,4635,11100,10.9,2,data_row
7,6,Wine Grapes (Red),6112,Pinot Noir *,4650,17400,15,2,data_row
7,6,Wine Grapes (Red),6112,Pinot Noir *,4800,100,2.1,2,data_row
7,6,Wine Grapes (Red),6112,Pinot Noir *,5000,100,0.9,2,data_row
7,6,Wine Grapes (Red),6112,Pinot Noir *,5200,11100,2.1,2,data_row
7,6,Wine Grapes (Red),6112,Pinot Noir *,5528.68,100,3.6,2,data_row
7,6,Wine Grapes (Red),6112,Pinot Noir *,5700,100,11.3,2,data_row
7,6,Wine Grapes (Red),6112,Pinot Noir *,6000,100,13.4,2,data_row
7,6,Wine Grapes (Red),6112,Pinot Noir *,6200,100,15.9,2,data_row
7,6,Wine Grapes (Red),6112,Pinot Noir *,6300,100,47.8,2,data_row
7,6,Wine Grapes (Red),6112,Pinot Noir *,6414.84,24500,22.5,2,data_row
7,6,Wine Grapes (Red),6112,Pinot Noir *,6489,17800,11.5,2,data_row
7,6,Wine Grapes (Red),6112,Pinot Noir *,6500,100,49.5,2,data_row
7,6,Wine Grapes (Red),6112,Pinot Noir *,6500,21850,5.2,2,data_row
7,6,Wine Grapes (Red),6112,Pinot Noir *,6500,25100,3.6,2,data_row
7,6,Wine Grapes (Red),6112,Pinot Noir *,6700,100,19.8,2,data_row
7,6,Wine Grapes (Red),6112,Pinot Noir *,6800,100,55.8,2,data_row
7,6,Wine Grapes (Red),6112,Pinot Noir *,6800,11100,3.8,2,data_row
7,6,Wine Grapes (Red),6112,Pinot Noir *,6947,2200,71.2,2,data_row
7,6,Wine Grapes (Red),6112,Pinot Noir *,6964,2200,26.1,2,data_row
7,6,Wine Grapes (Red),6112,Pinot Noir *,7000,100,8.2,2,data_row
7,6,Wine Grapes (Red),6112,Pinot Noir *,7000,11100,1.9,2,data_row
7,6,Wine Grapes (Red),6112,Pinot Noir *,7004,17800,31,2,data_row
7,6,Wine Grapes (Red),6112,Pinot Noir *,7218.24,24500,21.9,2,data_row
7,6,Wine Grapes (Red),6112,Pinot Noir *,7300,11100,2.2,2,data_row
7,6,Wine Grapes (Red),6112,Pinot Noir *,7600,100,20,2,data_row
7,6,Wine Grapes (Red),6112,Pinot Noir *,7600,14000,5.1,2,data_row
7,6,Wine Grapes (Red),6112,Pinot Noir *,7776.5,17800,8.6,2,data_row
7,6,Wine Grapes (Red),6112,Pinot Noir *,8000,100,4.4,2,data_row
7,6,Wine Grapes (Red),6112,Pinot Noir *,10462.54,100,10.6,2,data_row
7,6,Wine Grapes (Red),6112,Pinot Noir *,1693.54,,25283.4,3,summary_row
7,6,Wine Grapes (Red),6021,Primitivo,1500,100,3.4,2,data_row
7,6,Wine Grapes (Red),6021,Primitivo,1500,,3.4,3,summary_row
7,6,Wine Grapes (Red),6018,Sagrantino,2750,13400,1,2,data_row
7,6,Wine Grapes (Red),6018,Sagrantino,2850,100,2,2,data_row
7,6,Wine Grapes (Red),6018,Sagrantino,2816.67,,3,3,summary_row
7,6,Wine Grapes (Red),6127,Sangiovese *,1000,100,5.2,2,data_row
7,6,Wine Grapes (Red),6127,Sangiovese *,1900,100,2.2,2,data_row
7,6,Wine Grapes (Red),6127,Sangiovese *,2000,100,6.9,2,data_row
7,6,Wine Grapes (Red),6127,Sangiovese *,2200,100,2.3,2,data_row
7,6,Wine Grapes (Red),6127,Sangiovese *,2400,100,4.3,2,data_row
7,6,Wine Grapes (Red),6127,Sangiovese *,2700,11300,0.8,2,data_row
7,6,Wine Grapes (Red),6127,Sangiovese *,2750,11100,0.3,2,data_row
7,6,Wine Grapes (Red),6127,Sangiovese *,1888.41,,22,3,summary_row
7,6,Wine Grapes (Red),6163,Syrah *,500,100,1.3,2,data_row
7,6,Wine Grapes (Red),6163,Syrah *,717,27800,24.9,2,data_row
7,6,Wine Grapes (Red),6163,Syrah *,800,100,0.3,2,data_row
7,6,Wine Grapes (Red),6163,Syrah *,1100,100,21.6,2,data_row
7,6,Wine Grapes (Red),6163,Syrah *,1200,100,33.7,2,data_row
7,6,Wine Grapes (Red),6163,Syrah *,1300,20800,24.5,2,data_row
7,6,Wine Grapes (Red),6163,Syrah *,1374.71,100,76.4,2,data_row
7,6,Wine Grapes (Red),6163,Syrah *,1377,100,433.5,2,data_row
7,6,Wine Grapes (Red),6163,Syrah *,1400,100,149.9,2,data_row
7,6,Wine Grapes (Red),6163,Syrah *,1400,21000,0.2,2,data_row
7,6,Wine Grapes (Red),6163,Syrah *,1424.52,3100,129.9,2,data_row
7,6,Wine Grapes (Red),6163,Syrah *,1500,100,1.5,2,data_row
7,6,Wine Grapes (Red),6163,Syrah *,1527.74,100,81.7,2,data_row
7,6,Wine Grapes (Red),6163,Syrah *,1528.56,100,12.7,2,data_row
7,6,Wine Grapes (Red),6163,Syrah *,1528.56,17000,374.7,2,data_row
7,6,Wine Grapes (Red),6163,Syrah *,1600,21000,0.2,2,data_row
7,6,Wine Grapes (Red),6163,Syrah *,1800,17400,6.7,2,data_row
7,6,Wine Grapes (Red),6163,Syrah *,1836.83,100,33.3,2,data_row
7,6,Wine Grapes (Red),6163,Syrah *,1850,100,42.5,2,data_row
7,6,Wine Grapes (Red),6163,Syrah *,2000,100,7.9,2,data_row
7,6,Wine Grapes (Red),6163,Syrah *,2000,13600,1,2,data_row
7,6,Wine Grapes (Red),6163,Syrah *,2100,100,12.7,2,data_row
7,6,Wine Grapes (Red),6163,Syrah *,2200,100,26,2,data_row
7,6,Wine Grapes (Red),6163,Syrah *,2250,100,7.1,2,data_row
7,6,Wine Grapes (Red),6163,Syrah *,2400,100,2,2,data_row
7,6,Wine Grapes (Red),6163,Syrah *,2500,100,11,2,data_row
7,6,Wine Grapes (Red),6163,Syrah *,2600,100,1.5,2,data_row
7,6,Wine Grapes (Red),6163,Syrah *,2600,17400,2,2,data_row
7,6,Wine Grapes (Red),6163,Syrah *,2750,100,0.6,2,data_row
7,6,Wine Grapes (Red),6163,Syrah *,2850,11100,1.9,2,data_row
7,6,Wine Grapes (Red),6163,Syrah *,3000,100,6.9,2,data_row
7,6,Wine Grapes (Red),6163,Syrah *,3400,100,3.2,2,data_row
7,6,Wine Grapes (Red),6163,Syrah *,3500,100,1.7,2,data_row
7,6,Wine Grapes (Red),6163,Syrah *,3700,17400,5.1,2,data_row
7,6,Wine Grapes (Red),6163,Syrah *,3750,19550,0.9,2,data_row
7,6,Wine Grapes (Red),6163,Syrah *,3800,100,0.9,2,data_row
7,6,Wine Grapes (Red),6163,Syrah *,4000,100,1.8,2,data_row
7,6,Wine Grapes (Red),6163,Syrah *,4050,21000,1.6,2,data_row
7,6,Wine Grapes (Red),6163,Syrah *,4300,100,2,2,data_row
7,6,Wine Grapes (Red),6163,Syrah *,4300,24500,1.6,2,data_row
7,6,Wine Grapes (Red),6163,Syrah *,4300,25100,1.4,2,data_row
7,6,Wine Grapes (Red),6163,Syrah *,4317,25100,1.9,2,data_row
7,6,Wine Grapes (Red),6163,Syrah *,4446,100,1.3,2,data_row
7,6,Wine Grapes (Red),6163,Syrah *,5000,13400,3.2,2,data_row
7,6,Wine Grapes (Red),6163,Syrah *,1527.47,,1556.7,3,summary_row
7,6,Wine Grapes (Red),6136,Tannat,1850,100,18,2,data_row
7,6,Wine Grapes (Red),6136,Tannat,1850,,18,3,summary_row
7,6,Wine Grapes (Red),6176,Tempranillo *,1200,100,87.9,2,data_row
7,6,Wine Grapes (Red),6176,Tempranillo *,1700,17400,2.2,2,data_row
7,6,Wine Grapes (Red),6176,Tempranillo *,2500,100,2.7,2,data_row
7,6,Wine Grapes (Red),6176,Tempranillo *,1249.68,,92.8,3,summary_row
7,6,Wine Grapes (Red),6175,Teroldego,1300,20800,69.7,2,data_row
7,6,Wine Grapes (Red),6175,Teroldego,1650,100,4.2,2,data_row
7,6,Wine Grapes (Red),6175,Teroldego,1319.89,,73.9,3,summary_row
7,6,Wine Grapes (Red),6052,Valdiguie *,1000,100,240.1,2,data_row
7,6,Wine Grapes (Red),6052,Valdiguie *,1200,100,19.1,2,data_row
7,6,Wine Grapes (Red),6052,Valdiguie *,1800,100,9.1,2,data_row
7,6,Wine Grapes (Red),6052,Valdiguie *,2000,100,2.2,2,data_row
7,6,Wine Grapes (Red),6052,Valdiguie *,2100,100,2.1,2,data_row
7,6,Wine Grapes (Red),6052,Valdiguie *,2200,9300,7,2,data_row
7,6,Wine Grapes (Red),6052,Valdiguie *,2379.51,100,12,2,data_row
7,6,Wine Grapes (Red),6052,Valdiguie *,2750,100,8.6,2,data_row
7,6,Wine Grapes (Red),6052,Valdiguie *,3000,100,1.4,2,data_row
7,6,Wine Grapes (Red),6052,Valdiguie *,3100,100,3.2,2,data_row
7,6,Wine Grapes (Red),6052,Valdiguie *,3200,100,6.1,2,data_row
7,6,Wine Grapes (Red),6052,Valdiguie *,3200,11300,18.4,2,data_row
7,6,Wine Grapes (Red),6052,Valdiguie *,3500,100,0.9,2,data_row
7,6,Wine Grapes (Red),6052,Valdiguie *,1367.31,,330.2,3,summary_row
7,6,Wine Grapes (Red),6154,Zinfandel,850,21000,2.8,2,data_row
7,6,Wine Grapes (Red),6154,Zinfandel,1000,100,9.6,2,data_row
7,6,Wine Grapes (Red),6154,Zinfandel,1200,100,5,2,data_row
7,6,Wine Grapes (Red),6154,Zinfandel,1250,100,2,2,data_row
7,6,Wine Grapes (Red),6154,Zinfandel,1400,21000,0.3,2,data_row
7,6,Wine Grapes (Red),6154,Zinfandel,1792.81,100,107.4,2,data_row
7,6,Wine Grapes (Red),6154,Zinfandel,2500,100,4.1,2,data_row
7,6,Wine Grapes (Red),6154,Zinfandel,2700,13600,3.2,2,data_row
7,6,Wine Grapes (Red),6154,Zinfandel,3500,19550,3.3,2,data_row
7,6,Wine Grapes (Red),6154,Zinfandel,3800,100,2.1,2,data_row
7,6,Wine Grapes (Red),6154,Zinfandel,1801.63,,139.8,3,summary_row
7,6,Wine Grapes (Red),6001,Other Red Wine 2/,500,100,0.6,2,data_row
7,6,Wine Grapes (Red),6001,Other Red Wine 2/,1600,100,1.1,2,data_row
7,6,Wine Grapes (Red),6001,Other Red Wine 2/,1800,100,114.9,2,data_row
7,6,Wine Grapes (Red),6001,Other Red Wine 2/,2283,16900,11.2,2,data_row
7,6,Wine Grapes (Red),6001,Other Red Wine 2/,2500,100,5.6,2,data_row
7,6,Wine Grapes (Red),6001,Other Red Wine 2/,2750,100,4.2,2,data_row
7,6,Wine Grapes (Red),6001,Other Red Wine 2/,2750,13400,1.8,2,data_row
7,6,Wine Grapes (Red),6001,Other Red Wine 2/,2850,100,4.2,2,data_row
7,6,Wine Grapes (Red),6001,Other Red Wine 2/,2900,100,1.9,2,data_row
7,6,Wine Grapes (Red),6001,Other Red Wine 2/,3500,100,2.2,2,data_row
7,6,Wine Grapes (Red),6001,Other Red Wine 2/,3600,100,6.2,2,data_row
7,6,Wine Grapes (Red),6001,Other Red Wine 2/,3800,100,4.4,2,data_row
7,6,Wine Grapes (Red),6001,Other Red Wine 2/,2079.4,,158.3,3,summary_row
8,7,Wine Grapes (White),7062,Albarino *,500,100,8.6,2,data_row
8,7,Wine Grapes (White),7062,Albarino *,1000,100,17.9,2,data_row
8,7,Wine Grapes (White),7062,Albarino *,1200,100,5.4,2,data_row
8,7,Wine Grapes (White),7062,Albarino *,1200,20600,1.8,2,data_row
8,7,Wine Grapes (White),7062,Albarino *,1300,100,53.4,2,data_row
8,7,Wine Grapes (White),7062,Albarino *,1500,100,1,2,data_row
8,7,Wine Grapes (White),7062,Albarino *,1600,100,8.2,2,data_row
8,7,Wine Grapes (White),7062,Albarino *,1656,100,16,2,data_row
8,7,Wine Grapes (White),7062,Albarino *,1750,13100,8.5,2,data_row
8,7,Wine Grapes (White),7062,Albarino *,1950,100,2,2,data_row
8,7,Wine Grapes (White),7062,Albarino *,2000,100,5.6,2,data_row
8,7,Wine Grapes (White),7062,Albarino *,2061.56,100,11.6,2,data_row
8,7,Wine Grapes (White),7062,Albarino *,2078.88,100,8,2,data_row
8,7,Wine Grapes (White),7062,Albarino *,2100,100,52,2,data_row
8,7,Wine Grapes (White),7062,Albarino *,2200,100,10.1,2,data_row
8,7,Wine Grapes (White),7062,Albarino *,2300,10900,3.1,2,data_row
8,7,Wine Grapes (White),7062,Albarino *,2300,17000,1,2,data_row
8,7,Wine Grapes (White),7062,Albarino *,2350,100,5.4,2,data_row
8,7,Wine Grapes (White),7062,Albarino *,2400,100,35.6,2,data_row
8,7,Wine Grapes (White),7062,Albarino *,2400,19100,2,2,data_row
8,7,Wine Grapes (White),7062,Albarino *,2450,100,11.4,2,data_row
8,7,Wine Grapes (White),7062,Albarino *,2450,13100,2,2,data_row
8,7,Wine Grapes (White),7062,Albarino *,2500,100,10.5,2,data_row
8,7,Wine Grapes (White),7062,Albarino *,2552,100,6.6,2,data_row
8,7,Wine Grapes (White),7062,Albarino *,2615.84,100,5.9,2,data_row
8,7,Wine Grapes (White),7062,Albarino *,2650,100,1.6,2,data_row
8,7,Wine Grapes (White),7062,Albarino *,2700,100,5.9,2,data_row
8,7,Wine Grapes (White),7062,Albarino *,2750,100,7.4,2,data_row
8,7,Wine Grapes (White),7062,Albarino *,2800,100,3.2,2,data_row
8,7,Wine Grapes (White),7062,Albarino *,2825,100,5.8,2,data_row
8,7,Wine Grapes (White),7062,Albarino *,2850,100,4.5,2,data_row
8,7,Wine Grapes (White),7062,Albarino *,3000,100,17.7,2,data_row
8,7,Wine Grapes (White),7062,Albarino *,3150,100,2,2,data_row
8,7,Wine Grapes (White),7062,Albarino *,3200,100,2.8,2,data_row
8,7,Wine Grapes (White),7062,Albarino *,3250,11100,1,2,data_row
8,7,Wine Grapes (White),7062,Albarino *,13379,100,3.7,2,data_row
8,7,Wine Grapes (White),7062,Albarino *,2138.7,,349.2,3,summary_row
8,7,Wine Grapes (White),7054,Arneis,2300,100,7,2,data_row
8,7,Wine Grapes (White),7054,Arneis,2350,100,3.4,2,data_row
8,7,Wine Grapes (White),7054,Arneis,2316.35,,10.4,3,summary_row
8,7,Wine Grapes (White),7085,Assyrtiko,1600,100,1.9,2,data_row
8,7,Wine Grapes (White),7085,Assyrtiko,2000,100,1.1,2,data_row
8,7,Wine Grapes (White),7085,Assyrtiko,2249,100,2.4,2,data_row
8,7,Wine Grapes (White),7085,Assyrtiko,1969.93,,5.4,3,summary_row
8,7,Wine Grapes (White),7004,Chardonnay *,150,100,634.7,2,data_row
8,7,Wine Grapes (White),7004,Chardonnay *,214.41,100,111.5,2,data_row
8,7,Wine Grapes (White),7004,Chardonnay *,300,100,208.4,2,data_row
8,7,Wine Grapes (White),7004,Chardonnay *,450,100,267.1,2,data_row
8,7,Wine Grapes (White),7004,Chardonnay *,600,100,118.6,2,data_row
8,7,Wine Grapes (White),7004,Chardonnay *,800,100,1646.2,2,data_row
8,7,Wine Grapes (White),7004,Chardonnay *,900,100,47.7,2,data_row
8,7,Wine Grapes (White),7004,Chardonnay *,950,24500,295.4,2,data_row
8,7,Wine Grapes (White),7004,Chardonnay *,1000,100,84.6,2,data_row
8,7,Wine Grapes (White),7004,Chardonnay *,1000,20800,97,2,data_row
8,7,Wine Grapes (White),7004,Chardonnay *,1050,100,159.6,2,data_row
8,7,Wine Grapes (White),7004,Chardonnay *,1100,100,318.5,2,data_row
8,7,Wine Grapes (White),7004,Chardonnay *,1100,13100,95.8,2,data_row
8,7,Wine Grapes (White),7004,Chardonnay *,1125,100,234.7,2,data_row
8,7,Wine Grapes (White),7004,Chardonnay *,1150,100,129.2,2,data_row
8,7,Wine Grapes (White),7004,Chardonnay *,1200,100,218,2,data_row
8,7,Wine Grapes (White),7004,Chardonnay *,1300,100,48,2,data_row
8,7,Wine Grapes (White),7004,Chardonnay *,1350,100,65.3,2,data_row
8,7,Wine Grapes (White),7004,Chardonnay *,1350,13100,121.8,2,data_row
8,7,Wine Grapes (White),7004,Chardonnay *,1386.58,100,1.7,2,data_row
8,7,Wine Grapes (White),7004,Chardonnay *,1400,100,60.4,2,data_row
8,7,Wine Grapes (White),7004,Chardonnay *,1458,100,737.2,2,data_row
8,7,Wine Grapes (White),7004,Chardonnay *,1486.63,100,99.3,2,data_row
8,7,Wine Grapes (White),7004,Chardonnay *,1500,100,52.2,2,data_row
8,7,Wine Grapes (White),7004,Chardonnay *,1507.35,100,16,2,data_row
8,7,Wine Grapes (White),7004,Chardonnay *,1561.21,100,24.7,2,data_row
8,7,Wine Grapes (White),7004,Chardonnay *,1600,100,216.1,2,data_row
8,7,Wine Grapes (White),7004,Chardonnay *,1700,100,90.6,2,data_row
8,7,Wine Grapes (White),7004,Chardonnay *,1700,13100,80.1,2,data_row
8,7,Wine Grapes (White),7004,Chardonnay *,1700,20800,403.3,2,data_row
8,7,Wine Grapes (White),7004,Chardonnay *,1700.25,100,135.2,2,data_row
8,7,Wine Grapes (White),7004,Chardonnay *,1709.95,19500,234.8,2,data_row
8,7,Wine Grapes (White),7004,Chardonnay *,1750,100,17.5,2,data_row
8,7,Wine Grapes (White),7004,Chardonnay *,1800,100,194.8,2,data_row
8,7,Wine Grapes (White),7004,Chardonnay *,1800,6300,0.9,2,data_row
8,7,Wine Grapes (White),7004,Chardonnay *,1800,14100,8.3,2,data_row
8,7,Wine Grapes (White),7004,Chardonnay *,1803,20800,5.8,2,data_row
8,7,Wine Grapes (White),7004,Chardonnay *,1842.92,19100,148.5,2,data_row
8,7,Wine Grapes (White),7004,Chardonnay *,1850,100,69.1,2,data_row
8,7,Wine Grapes (White),7004,Chardonnay *,1850,20800,71.9,2,data_row
8,7,Wine Grapes (White),7004,Chardonnay *,1872.79,19000,3,2,data_row
8,7,Wine Grapes (White),7004,Chardonnay *,1875,100,34.6,2,data_row
8,7,Wine Grapes (White),7004,Chardonnay *,1880.85,100,19.8,2,data_row
8,7,Wine Grapes (White),7004,Chardonnay *,1882.63,19100,147.3,2,data_row
8,7,Wine Grapes (White),7004,Chardonnay *,1900,100,107.1,2,data_row
8,7,Wine Grapes (White),7004,Chardonnay *,1900,6300,1.9,2,data_row
8,7,Wine Grapes (White),7004,Chardonnay *,1900,20800,10.2,2,data_row
8,7,Wine Grapes (White),7004,Chardonnay *,1942.15,2000,12.3,2,data_row
8,7,Wine Grapes (White),7004,Chardonnay *,1950,100,21.7,2,data_row
8,7,Wine Grapes (White),7004,Chardonnay *,1960,21000,17.7,2,data_row
8,7,Wine Grapes (White),7004,Chardonnay *,1975,100,124.6,2,data_row
8,7,Wine Grapes (White),7004,Chardonnay *,1983.75,100,27.1,2,data_row
8,7,Wine Grapes (White),7004,Chardonnay *,1993.72,100,45.4,2,data_row
8,7,Wine Grapes (White),7004,Chardonnay *,2000,100,405.1,2,data_row
8,7,Wine Grapes (White),7004,Chardonnay *,2000,7600,1.5,2,data_row
8,7,Wine Grapes (White),7004,Chardonnay *,2000,14000,2.8,2,data_row
8,7,Wine Grapes (White),7004,Chardonnay *,2000,17200,24.7,2,data_row
8,7,Wine Grapes (White),7004,Chardonnay *,2000,20800,1,2,data_row
8,7,Wine Grapes (White),7004,Chardonnay *,2000,21200,19.9,2,data_row
8,7,Wine Grapes (White),7004,Chardonnay *,2000,24800,14.2,2,data_row
8,7,Wine Grapes (White),7004,Chardonnay *,2100,100,94.6,2,data_row
8,7,Wine Grapes (White),7004,Chardonnay *,2100,20800,20.2,2,data_row
8,7,Wine Grapes (White),7004,Chardonnay *,2140.02,19000,6,2,data_row
8,7,Wine Grapes (White),7004,Chardonnay *,2150,100,8.7,2,data_row
8,7,Wine Grapes (White),7004,Chardonnay *,2184,100,24.4,2,data_row
8,7,Wine Grapes (White),7004,Chardonnay *,2200,100,182.4,2,data_row
8,7,Wine Grapes (White),7004,Chardonnay *,2200,11300,9,2,data_row
8,7,Wine Grapes (White),7004,Chardonnay *,2200,13100,8,2,data_row
8,7,Wine Grapes (White),7004,Chardonnay *,2200,17200,1.6,2,data_row
8,7,Wine Grapes (White),7004,Chardonnay *,2200,21200,20,2,data_row
8,7,Wine Grapes (White),7004,Chardonnay *,2208.37,100,12.2,2,data_row
8,7,Wine Grapes (White),7004,Chardonnay *,2214.4,100,30,2,data_row
8,7,Wine Grapes (White),7004,Chardonnay *,2254.18,100,4.4,2,data_row
8,7,Wine Grapes (White),7004,Chardonnay *,2280,100,24.4,2,data_row
8,7,Wine Grapes (White),7004,Chardonnay *,2300,100,105.9,2,data_row
8,7,Wine Grapes (White),7004,Chardonnay *,2300,13100,1,2,data_row
8,7,Wine Grapes (White),7004,Chardonnay *,2300,24500,2.9,2,data_row
8,7,Wine Grapes (White),7004,Chardonnay *,2350,100,138.4,2,data_row
8,7,Wine Grapes (White),7004,Chardonnay *,2364.63,100,10.2,2,data_row
8,7,Wine Grapes (White),7004,Chardonnay *,2367.33,100,10.6,2,data_row
8,7,Wine Grapes (White),7004,Chardonnay *,2400,100,547.2,2,data_row
8,7,Wine Grapes (White),7004,Chardonnay *,2400,21200,11,2,data_row
8,7,Wine Grapes (White),7004,Chardonnay *,2450,17100,60.8,2,data_row
8,7,Wine Grapes (White),7004,Chardonnay *,2496.8,100,2.1,2,data_row
8,7,Wine Grapes (White),7004,Chardonnay *,2500,100,105.9,2,data_row
8,7,Wine Grapes (White),7004,Chardonnay *,2500,9400,2,2,data_row
8,7,Wine Grapes (White),7004,Chardonnay *,2500,17000,4,2,data_row
8,7,Wine Grapes (White),7004,Chardonnay *,2502.68,100,25.1,2,data_row
8,7,Wine Grapes (White),7004,Chardonnay *,2548,100,1.9,2,data_row
8,7,Wine Grapes (White),7004,Chardonnay *,2600,100,18.8,2,data_row
8,7,Wine Grapes (White),7004,Chardonnay *,2600,13100,11.4,2,data_row
8,7,Wine Grapes (White),7004,Chardonnay *,2600,17400,38.3,2,data_row
8,7,Wine Grapes (White),7004,Chardonnay *,2600,19100,128.8,2,data_row
8,7,Wine Grapes (White),7004,Chardonnay *,2612,100,2,2,data_row
8,7,Wine Grapes (White),7004,Chardonnay *,2700,100,101.6,2,data_row
8,7,Wine Grapes (White),7004,Chardonnay *,2700,13600,3.6,2,data_row
8,7,Wine Grapes (White),7004,Chardonnay *,2750,100,36.7,2,data_row
8,7,Wine Grapes (White),7004,Chardonnay *,2750,7600,2.6,2,data_row
8,7,Wine Grapes (White),7004,Chardonnay *,2750,9300,2.9,2,data_row
8,7,Wine Grapes (White),7004,Chardonnay *,2750,9530,1.1,2,data_row
8,7,Wine Grapes (White),7004,Chardonnay *,2781,19100,31.2,2,data_row
8,7,Wine Grapes (White),7004,Chardonnay *,2800,100,6.8,2,data_row
8,7,Wine Grapes (White),7004,Chardonnay *,2800,17200,8.9,2,data_row
8,7,Wine Grapes (White),7004,Chardonnay *,2850,100,2.1,2,data_row
8,7,Wine Grapes (White),7004,Chardonnay *,2850,19100,64.1,2,data_row
8,7,Wine Grapes (White),7004,Chardonnay *,2882,100,1,2,data_row
8,7,Wine Grapes (White),7004,Chardonnay *,3000,100,120.6,2,data_row
8,7,Wine Grapes (White),7004,Chardonnay *,3000,7600,1.1,2,data_row
8,7,Wine Grapes (White),7004,Chardonnay *,3000,11300,0.9,2,data_row
8,7,Wine Grapes (White),7004,Chardonnay *,3000,13400,4.4,2,data_row
8,7,Wine Grapes (White),7004,Chardonnay *,3000,13500,1.5,2,data_row
8,7,Wine Grapes (White),7004,Chardonnay *,3000,20800,3.4,2,data_row
8,7,Wine Grapes (White),7004,Chardonnay *,3090,100,4.9,2,data_row
8,7,Wine Grapes (White),7004,Chardonnay *,3100,7600,1,2,data_row
8,7,Wine Grapes (White),7004,Chardonnay *,3100,21200,8.2,2,data_row
8,7,Wine Grapes (White),7004,Chardonnay *,3103.87,100,9,2,data_row
8,7,Wine Grapes (White),7004,Chardonnay *,3120.49,100,34.3,2,data_row
8,7,Wine Grapes (White),7004,Chardonnay *,3200,100,32.6,2,data_row
8,7,Wine Grapes (White),7004,Chardonnay *,3200,17600,2,2,data_row
8,7,Wine Grapes (White),7004,Chardonnay *,3294.88,55330,323.3,2,data_row
8,7,Wine Grapes (White),7004,Chardonnay *,3333.67,21850,1.1,2,data_row
8,7,Wine Grapes (White),7004,Chardonnay *,3400,100,1.5,2,data_row
8,7,Wine Grapes (White),7004,Chardonnay *,3500,100,16.4,2,data_row
8,7,Wine Grapes (White),7004,Chardonnay *,3500,11300,3.2,2,data_row
8,7,Wine Grapes (White),7004,Chardonnay *,3600,100,27.7,2,data_row
8,7,Wine Grapes (White),7004,Chardonnay *,3700,100,7.6,2,data_row
8,7,Wine Grapes (White),7004,Chardonnay *,3800,100,3.2,2,data_row
8,7,Wine Grapes (White),7004,Chardonnay *,3850,100,1.8,2,data_row
8,7,Wine Grapes (White),7004,Chardonnay *,3900,100,12.3,2,data_row
8,7,Wine Grapes (White),7004,Chardonnay *,3950,21000,6,2,data_row
8,7,Wine Grapes (White),7004,Chardonnay *,3975,20800,14.8,2,data_row
8,7,Wine Grapes (White),7004,Chardonnay *,4000,100,115.7,2,data_row
8,7,Wine Grapes (White),7004,Chardonnay *,4000,11300,3.4,2,data_row
8,7,Wine Grapes (White),7004,Chardonnay *,4000,15500,1.2,2,data_row
8,7,Wine Grapes (White),7004,Chardonnay *,4000,43710,0.5,2,data_row
8,7,Wine Grapes (White),7004,Chardonnay *,4120,100,5.2,2,data_row
8,7,Wine Grapes (White),7004,Chardonnay *,4125,7600,1,2,data_row
8,7,Wine Grapes (White),7004,Chardonnay *,4154,100,5.5,2,data_row
8,7,Wine Grapes (White),7004,Chardonnay *,4200,100,19.4,2,data_row
8,7,Wine Grapes (White),7004,Chardonnay *,4235,100,25.6,2,data_row
8,7,Wine Grapes (White),7004,Chardonnay *,4250,100,8.3,2,data_row
8,7,Wine Grapes (White),7004,Chardonnay *,4300,100,8.1,2,data_row
8,7,Wine Grapes (White),7004,Chardonnay *,4300,9100,2.2,2,data_row
8,7,Wine Grapes (White),7004,Chardonnay *,4300,13400,5.1,2,data_row
8,7,Wine Grapes (White),7004,Chardonnay *,4363.64,17400,5.5,2,data_row
8,7,Wine Grapes (White),7004,Chardonnay *,4400,100,9.5,2,data_row
8,7,Wine Grapes (White),7004,Chardonnay *,4413.22,100,5,2,data_row
8,7,Wine Grapes (White),7004,Chardonnay *,4429,100,4.9,2,data_row
8,7,Wine Grapes (White),7004,Chardonnay *,4480,100,15.8,2,data_row
8,7,Wine Grapes (White),7004,Chardonnay *,4494,100,6.6,2,data_row
8,7,Wine Grapes (White),7004,Chardonnay *,4494.64,100,4.9,2,data_row
8,7,Wine Grapes (White),7004,Chardonnay *,4500,100,19,2,data_row
8,7,Wine Grapes (White),7004,Chardonnay *,4500,13400,17.9,2,data_row
8,7,Wine Grapes (White),7004,Chardonnay *,4550.65,100,3.1,2,data_row
8,7,Wine Grapes (White),7004,Chardonnay *,4700,100,9.3,2,data_row
8,7,Wine Grapes (White),7004,Chardonnay *,4700,20800,1,2,data_row
8,7,Wine Grapes (White),7004,Chardonnay *,4850,100,2,2,data_row
8,7,Wine Grapes (White),7004,Chardonnay *,5000,100,1.9,2,data_row
8,7,Wine Grapes (White),7004,Chardonnay *,5000,4323,2,2,data_row
8,7,Wine Grapes (White),7004,Chardonnay *,5000,10700,1.9,2,data_row
8,7,Wine Grapes (White),7004,Chardonnay *,5057,100,10,2,data_row
8,7,Wine Grapes (White),7004,Chardonnay *,5250,100,17.5,2,data_row
8,7,Wine Grapes (White),7004,Chardonnay *,5250,13800,2,2,data_row
8,7,Wine Grapes (White),7004,Chardonnay *,5250,21850,1.7,2,data_row
8,7,Wine Grapes (White),7004,Chardonnay *,5268,100,2,2,data_row
8,7,Wine Grapes (White),7004,Chardonnay *,5500,100,5.7,2,data_row
8,7,Wine Grapes (White),7004,Chardonnay *,5558,100,4.4,2,data_row
8,7,Wine Grapes (White),7004,Chardonnay *,5967,100,4.5,2,data_row
8,7,Wine Grapes (White),7004,Chardonnay *,6000,100,2.3,2,data_row
8,7,Wine Grapes (White),7004,Chardonnay *,6450,100,2.9,2,data_row
8,7,Wine Grapes (White),7004,Chardonnay *,6450.01,100,0.8,2,data_row
8,7,Wine Grapes (White),7004,Chardonnay *,6950,100,1.4,2,data_row
8,7,Wine Grapes (White),7004,Chardonnay *,7000,100,20.2,2,data_row
8,7,Wine Grapes (White),7004,Chardonnay *,7000,21500,5.3,2,data_row
8,7,Wine Grapes (White),7004,Chardonnay *,7150,100,6.5,2,data_row
8,7,Wine Grapes (White),7004,Chardonnay *,7150,9530,1,2,data_row
8,7,Wine Grapes (White),7004,Chardonnay *,7487.06,100,2,2,data_row
8,7,Wine Grapes (White),7004,Chardonnay *,7500,100,3.2,2,data_row
8,7,Wine Grapes (White),7004,Chardonnay *,7650,9530,1,2,data_row
8,7,Wine Grapes (White),7004,Chardonnay *,7650,13600,2.1,2,data_row
8,7,Wine Grapes (White),7004,Chardonnay *,8000,100,1.6,2,data_row
8,7,Wine Grapes (White),7004,Chardonnay *,13379,100,33.9,2,data_row
8,7,Wine Grapes (White),7004,Chardonnay *,1664.63,,11635.5,3,summary_row
8,7,Wine Grapes (White),7006,Chenin Blanc,400,100,43.8,2,data_row
8,7,Wine Grapes (White),7006,Chenin Blanc,450,100,7.7,2,data_row
8,7,Wine Grapes (White),7006,Chenin Blanc,1200,100,70.5,2,data_row
8,7,Wine Grapes (White),7006,Chenin Blanc,1250,100,22.4,2,data_row
8,7,Wine Grapes (White),7006,Chenin Blanc,1500,13600,1,2,data_row
8,7,Wine Grapes (White),7006,Chenin Blanc,1600,13100,2.1,2,data_row
8,7,Wine Grapes (White),7006,Chenin Blanc,1700,100,1.6,2,data_row
8,7,Wine Grapes (White),7006,Chenin Blanc,1800,100,16.1,2,data_row
8,7,Wine Grapes (White),7006,Chenin Blanc,2000,100,17.8,2,data_row
8,7,Wine Grapes (White),7006,Chenin Blanc,2000,7900,12.6,2,data_row
8,7,Wine Grapes (White),7006,Chenin Blanc,2100,100,2.1,2,data_row
8,7,Wine Grapes (White),7006,Chenin Blanc,2200,100,14.9,2,data_row
8,7,Wine Grapes (White),7006,Chenin Blanc,2200,13600,3.2,2,data_row
8,7,Wine Grapes (White),7006,Chenin Blanc,2400,100,1,2,data_row
8,7,Wine Grapes (White),7006,Chenin Blanc,2500,100,46.6,2,data_row
8,7,Wine Grapes (White),7006,Chenin Blanc,2500,11100,1.1,2,data_row
8,7,Wine Grapes (White),7006,Chenin Blanc,2600,100,7.9,2,data_row
8,7,Wine Grapes (White),7006,Chenin Blanc,2650,100,0.9,2,data_row
8,7,Wine Grapes (White),7006,Chenin Blanc,2700,100,21.4,2,data_row
8,7,Wine Grapes (White),7006,Chenin Blanc,2750,13800,0.9,2,data_row
8,7,Wine Grapes (White),7006,Chenin Blanc,2800,8200,2,2,data_row
8,7,Wine Grapes (White),7006,Chenin Blanc,2800,17400,2.9,2,data_row
8,7,Wine Grapes (White),7006,Chenin Blanc,3000,100,2.8,2,data_row
8,7,Wine Grapes (White),7006,Chenin Blanc,3091.33,100,4.1,2,data_row
8,7,Wine Grapes (White),7006,Chenin Blanc,3100,100,0.9,2,data_row
8,7,Wine Grapes (White),7006,Chenin Blanc,3200,100,0.9,2,data_row
8,7,Wine Grapes (White),7006,Chenin Blanc,3500,100,10.1,2,data_row
8,7,Wine Grapes (White),7006,Chenin Blanc,4000,100,1.1,2,data_row
8,7,Wine Grapes (White),7006,Chenin Blanc,1748.5,,320.4,3,summary_row
8,7,Wine Grapes (White),7069,Clairette Blanche,1500,100,4.8,2,data_row
8,7,Wine Grapes (White),7069,Clairette Blanche,1900,100,5.6,2,data_row
8,7,Wine Grapes (White),7069,Clairette Blanche,2000,100,1,2,data_row
8,7,Wine Grapes (White),7069,Clairette Blanche,2000,17000,1,2,data_row
8,7,Wine Grapes (White),7069,Clairette Blanche,2300,100,6,2,data_row
8,7,Wine Grapes (White),7069,Clairette Blanche,2385.71,100,16.8,2,data_row
8,7,Wine Grapes (White),7069,Clairette Blanche,2500,100,4,2,data_row
8,7,Wine Grapes (White),7069,Clairette Blanche,2600,100,5.2,2,data_row
8,7,Wine Grapes (White),7069,Clairette Blanche,2600,16800,1.5,2,data_row
8,7,Wine Grapes (White),7069,Clairette Blanche,2657,100,3.7,2,data_row
8,7,Wine Grapes (White),7069,Clairette Blanche,2700,100,0.5,2,data_row
8,7,Wine Grapes (White),7069,Clairette Blanche,2750,100,1.6,2,data_row
8,7,Wine Grapes (White),7069,Clairette Blanche,2750,11300,1.9,2,data_row
8,7,Wine Grapes (White),7069,Clairette Blanche,3500,100,2,2,data_row
8,7,Wine Grapes (White),7069,Clairette Blanche,4000,100,1,2,data_row
8,7,Wine Grapes (White),7069,Clairette Blanche,4750,100,1.4,2,data_row
8,7,Wine Grapes (White),7069,Clairette Blanche,5000,100,0.4,2,data_row
8,7,Wine Grapes (White),7069,Clairette Blanche,5500,100,0.9,2,data_row
8,7,Wine Grapes (White),7069,Clairette Blanche,2504.99,,59.3,3,summary_row
8,7,Wine Grapes (White),7068,Falaghina Greco,1900,100,1,2,data_row
8,7,Wine Grapes (White),7068,Falaghina Greco,2500,100,15.5,2,data_row
8,7,Wine Grapes (White),7068,Falaghina Greco,2463.64,,16.5,3,summary_row
8,7,Wine Grapes (White),7066,Fiano,1900,100,8.3,2,data_row
8,7,Wine Grapes (White),7066,Fiano,1900,,8.3,3,summary_row
8,7,Wine Grapes (White),7011,Gewurztraminer,2000,100,1,2,data_row
8,7,Wine Grapes (White),7011,Gewurztraminer,2219.28,100,2.6,2,data_row
8,7,Wine Grapes (White),7011,Gewurztraminer,2250,7050,1.8,2,data_row
8,7,Wine Grapes (White),7011,Gewurztraminer,2400,100,11.3,2,data_row
8,7,Wine Grapes (White),7011,Gewurztraminer,2331.74,,16.7,3,summary_row
8,7,Wine Grapes (White),7012,Gray Riesling *,1200,100,49.2,2,data_row
8,7,Wine Grapes (White),7012,Gray Riesling *,1200,,49.2,3,summary_row
8,7,Wine Grapes (White),7055,Grenache Blanc *,200,100,1,2,data_row
8,7,Wine Grapes (White),7055,Grenache Blanc *,500,100,2.5,2,data_row
8,7,Wine Grapes (White),7055,Grenache Blanc *,1000,11100,1.3,2,data_row
8,7,Wine Grapes (White),7055,Grenache Blanc *,1100,100,8.5,2,data_row
8,7,Wine Grapes (White),7055,Grenache Blanc *,1200,100,1.1,2,data_row
8,7,Wine Grapes (White),7055,Grenache Blanc *,1250,100,66.1,2,data_row
8,7,Wine Grapes (White),7055,Grenache Blanc *,1250,13600,2,2,data_row
8,7,Wine Grapes (White),7055,Grenache Blanc *,1350,13100,63.5,2,data_row
8,7,Wine Grapes (White),7055,Grenache Blanc *,1400,100,8.2,2,data_row
8,7,Wine Grapes (White),7055,Grenache Blanc *,1500,100,101.2,2,data_row
8,7,Wine Grapes (White),7055,Grenache Blanc *,1650,100,8.2,2,data_row
8,7,Wine Grapes (White),7055,Grenache Blanc *,1900,100,9.7,2,data_row
8,7,Wine Grapes (White),7055,Grenache Blanc *,1929,100,16.8,2,data_row
8,7,Wine Grapes (White),7055,Grenache Blanc *,1950,13400,4.1,2,data_row
8,7,Wine Grapes (White),7055,Grenache Blanc *,2000,100,6.7,2,data_row
8,7,Wine Grapes (White),7055,Grenache Blanc *,2000,13800,0.9,2,data_row
8,7,Wine Grapes (White),7055,Grenache Blanc *,2100,100,3.4,2,data_row
8,7,Wine Grapes (White),7055,Grenache Blanc *,2200,100,13.6,2,data_row
8,7,Wine Grapes (White),7055,Grenache Blanc *,2200,10900,5.6,2,data_row
8,7,Wine Grapes (White),7055,Grenache Blanc *,2300,100,3.2,2,data_row
8,7,Wine Grapes (White),7055,Grenache Blanc *,2350,100,0.4,2,data_row
8,7,Wine Grapes (White),7055,Grenache Blanc *,2350,10900,21.8,2,data_row
8,7,Wine Grapes (White),7055,Grenache Blanc *,2400,100,3.1,2,data_row
8,7,Wine Grapes (White),7055,Grenache Blanc *,2400,13100,1,2,data_row
8,7,Wine Grapes (White),7055,Grenache Blanc *,2450,100,2.2,2,data_row
8,7,Wine Grapes (White),7055,Grenache Blanc *,2480,100,3.8,2,data_row
8,7,Wine Grapes (White),7055,Grenache Blanc *,2500,100,53.3,2,data_row
8,7,Wine Grapes (White),7055,Grenache Blanc *,2500,11100,0.9,2,data_row
8,7,Wine Grapes (White),7055,Grenache Blanc *,2500,17800,5.8,2,data_row
8,7,Wine Grapes (White),7055,Grenache Blanc *,2600,100,9.4,2,data_row
8,7,Wine Grapes (White),7055,Grenache Blanc *,2600,9300,4.9,2,data_row
8,7,Wine Grapes (White),7055,Grenache Blanc *,2600,11300,1.1,2,data_row
8,7,Wine Grapes (White),7055,Grenache Blanc *,2600,17000,2.5,2,data_row
8,7,Wine Grapes (White),7055,Grenache Blanc *,2700,100,2,2,data_row
8,7,Wine Grapes (White),7055,Grenache Blanc *,2700,13600,3.3,2,data_row
8,7,Wine Grapes (White),7055,Grenache Blanc *,2750,100,1.1,2,data_row
8,7,Wine Grapes (White),7055,Grenache Blanc *,2800,100,3.7,2,data_row
8,7,Wine Grapes (White),7055,Grenache Blanc *,2900,100,5.8,2,data_row
8,7,Wine Grapes (White),7055,Grenache Blanc *,2908.37,11100,8.1,2,data_row
8,7,Wine Grapes (White),7055,Grenache Blanc *,3000,100,6.5,2,data_row
8,7,Wine Grapes (White),7055,Grenache Blanc *,3009.61,100,0.9,2,data_row
8,7,Wine Grapes (White),7055,Grenache Blanc *,3050,100,9.6,2,data_row
8,7,Wine Grapes (White),7055,Grenache Blanc *,3050,17000,2.1,2,data_row
8,7,Wine Grapes (White),7055,Grenache Blanc *,3100,11100,2.5,2,data_row
8,7,Wine Grapes (White),7055,Grenache Blanc *,3138,100,2.8,2,data_row
8,7,Wine Grapes (White),7055,Grenache Blanc *,3192.66,100,7.6,2,data_row
8,7,Wine Grapes (White),7055,Grenache Blanc *,3250,100,3.8,2,data_row
8,7,Wine Grapes (White),7055,Grenache Blanc *,3500,100,38.2,2,data_row
8,7,Wine Grapes (White),7055,Grenache Blanc *,4000,100,3.4,2,data_row
8,7,Wine Grapes (White),7055,Grenache Blanc *,4500,100,0.6,2,data_row
8,7,Wine Grapes (White),7055,Grenache Blanc *,5000,100,3.2,2,data_row
8,7,Wine Grapes (White),7055,Grenache Blanc *,5500,100,11.8,2,data_row
8,7,Wine Grapes (White),7055,Grenache Blanc *,6000,100,5.6,2,data_row
8,7,Wine Grapes (White),7055,Grenache Blanc *,2157.09,,560.4,3,summary_row
8,7,Wine Grapes (White),7082,Grenache Gris *,1901.89,100,8.8,2,data_row
8,7,Wine Grapes (White),7082,Grenache Gris *,2000,100,4.5,2,data_row
8,7,Wine Grapes (White),7082,Grenache Gris *,2200,100,1,2,data_row
8,7,Wine Grapes (White),7082,Grenache Gris *,2600,100,2.8,2,data_row
8,7,Wine Grapes (White),7082,Grenache Gris *,2059.45,,17.1,3,summary_row
8,7,Wine Grapes (White),7063,Gruner Veltliner,500,100,9.8,2,data_row
8,7,Wine Grapes (White),7063,Gruner Veltliner,1500,100,2,2,data_row
8,7,Wine Grapes (White),7063,Gruner Veltliner,1800,100,0.7,2,data_row
8,7,Wine Grapes (White),7063,Gruner Veltliner,2000,100,4.3,2,data_row
8,7,Wine Grapes (White),7063,Gruner Veltliner,2300,100,6.1,2,data_row
8,7,Wine Grapes (White),7063,Gruner Veltliner,2350,100,25.9,2,data_row
8,7,Wine Grapes (White),7063,Gruner Veltliner,2400,100,12.5,2,data_row
8,7,Wine Grapes (White),7063,Gruner Veltliner,2500,9450,8.4,2,data_row
8,7,Wine Grapes (White),7063,Gruner Veltliner,2650,11200,3,2,data_row
8,7,Wine Grapes (White),7063,Gruner Veltliner,3000,100,4.3,2,data_row
8,7,Wine Grapes (White),7063,Gruner Veltliner,3200,5000,2.1,2,data_row
8,7,Wine Grapes (White),7063,Gruner Veltliner,3288.79,100,0.9,2,data_row
8,7,Wine Grapes (White),7063,Gruner Veltliner,3300,10900,2.2,2,data_row
8,7,Wine Grapes (White),7063,Gruner Veltliner,3450,100,1.3,2,data_row
8,7,Wine Grapes (White),7063,Gruner Veltliner,4000,100,3.6,2,data_row
8,7,Wine Grapes (White),7063,Gruner Veltliner,4000,9530,1,2,data_row
8,7,Wine Grapes (White),7063,Gruner Veltliner,4080,100,5.7,2,data_row
8,7,Wine Grapes (White),7063,Gruner Veltliner,2426.29,,93.8,3,summary_row
8,7,Wine Grapes (White),7019,Malvasia Bianca,1200,100,46.8,2,data_row
8,7,Wine Grapes (White),7019,Malvasia Bianca,1600,100,4.6,2,data_row
8,7,Wine Grapes (White),7019,Malvasia Bianca,1800,100,1.4,2,data_row
8,7,Wine Grapes (White),7019,Malvasia Bianca,2200,100,8.1,2,data_row
8,7,Wine Grapes (White),7019,Malvasia Bianca,2250,100,4,2,data_row
8,7,Wine Grapes (White),7019,Malvasia Bianca,2600,100,4.8,2,data_row
8,7,Wine Grapes (White),7019,Malvasia Bianca,2700,100,2,2,data_row
8,7,Wine Grapes (White),7019,Malvasia Bianca,3000,100,1,2,data_row
8,7,Wine Grapes (White),7019,Malvasia Bianca,6616,100,0.9,2,data_row
8,7,Wine Grapes (White),7019,Malvasia Bianca,1626.28,,73.6,3,summary_row
8,7,Wine Grapes (White),7045,Marsanne,1929,100,5.6,2,data_row
8,7,Wine Grapes (White),7045,Marsanne,2300,13100,5.7,2,data_row
8,7,Wine Grapes (White),7045,Marsanne,2500,100,1.5,2,data_row
8,7,Wine Grapes (White),7045,Marsanne,2600,100,0.4,2,data_row
8,7,Wine Grapes (White),7045,Marsanne,2800,100,1.5,2,data_row
8,7,Wine Grapes (White),7045,Marsanne,3038,24500,10.4,2,data_row
8,7,Wine Grapes (White),7045,Marsanne,3200,100,5.1,2,data_row
8,7,Wine Grapes (White),7045,Marsanne,3800,100,1,2,data_row
8,7,Wine Grapes (White),7045,Marsanne,4000,10900,0.5,2,data_row
8,7,Wine Grapes (White),7045,Marsanne,6175.3,21500,0.6,2,data_row
8,7,Wine Grapes (White),7045,Marsanne,2796.37,,32.3,3,summary_row
8,7,Wine Grapes (White),7020,Melon,1800,100,0.6,2,data_row
8,7,Wine Grapes (White),7020,Melon,2000,100,0.5,2,data_row
8,7,Wine Grapes (White),7020,Melon,1890.91,,1.1,3,summary_row
8,7,Wine Grapes (White),7021,Moscato Gaillo *,1500,13600,4.9,2,data_row
8,7,Wine Grapes (White),7021,Moscato Gaillo *,1500,,4.9,3,summary_row
8,7,Wine Grapes (White),7022,Muscat Blanc *,500,100,22.8,2,data_row
8,7,Wine Grapes (White),7022,Muscat Blanc *,900,100,8.4,2,data_row
8,7,Wine Grapes (White),7022,Muscat Blanc *,1250,100,2.2,2,data_row
8,7,Wine Grapes (White),7022,Muscat Blanc *,1438.77,100,19.5,2,data_row
8,7,Wine Grapes (White),7022,Muscat Blanc *,2000,100,37.2,2,data_row
8,7,Wine Grapes (White),7022,Muscat Blanc *,2160,100,2,2,data_row
8,7,Wine Grapes (White),7022,Muscat Blanc *,2500,100,1.1,2,data_row
8,7,Wine Grapes (White),7022,Muscat Blanc *,1408.11,,93.2,3,summary_row
8,7,Wine Grapes (White),7023,Muscat Orange,450,100,3.1,2,data_row
8,7,Wine Grapes (White),7023,Muscat Orange,1500,100,15.7,2,data_row
8,7,Wine Grapes (White),7023,Muscat Orange,2000,100,3.2,2,data_row
8,7,Wine Grapes (White),7023,Muscat Orange,2000,17000,2.3,2,data_row
8,7,Wine Grapes (White),7023,Muscat Orange,2200,100,9.3,2,data_row
8,7,Wine Grapes (White),7023,Muscat Orange,1678.72,,33.6,3,summary_row
8,7,Wine Grapes (White),7065,Picpoul Blanc,500,100,2.1,2,data_row
8,7,Wine Grapes (White),7065,Picpoul Blanc,600,100,13.4,2,data_row
8,7,Wine Grapes (White),7065,Picpoul Blanc,1200,100,5.9,2,data_row
8,7,Wine Grapes (White),7065,Picpoul Blanc,1500,100,5.2,2,data_row
8,7,Wine Grapes (White),7065,Picpoul Blanc,1929,100,3.8,2,data_row
8,7,Wine Grapes (White),7065,Picpoul Blanc,2000,100,8.4,2,data_row
8,7,Wine Grapes (White),7065,Picpoul Blanc,2000,11300,2.9,2,data_row
8,7,Wine Grapes (White),7065,Picpoul Blanc,2000,13100,1.9,2,data_row
8,7,Wine Grapes (White),7065,Picpoul Blanc,2200,100,0.5,2,data_row
8,7,Wine Grapes (White),7065,Picpoul Blanc,2300,100,1.6,2,data_row
8,7,Wine Grapes (White),7065,Picpoul Blanc,2500,100,11.5,2,data_row
8,7,Wine Grapes (White),7065,Picpoul Blanc,2600,100,4.5,2,data_row
8,7,Wine Grapes (White),7065,Picpoul Blanc,2750,100,0.7,2,data_row
8,7,Wine Grapes (White),7065,Picpoul Blanc,2800,100,4.5,2,data_row
8,7,Wine Grapes (White),7065,Picpoul Blanc,2900,100,2.1,2,data_row
8,7,Wine Grapes (White),7065,Picpoul Blanc,2900,17000,4.2,2,data_row
8,7,Wine Grapes (White),7065,Picpoul Blanc,2997,100,1,2,data_row
8,7,Wine Grapes (White),7065,Picpoul Blanc,3250,100,4.1,2,data_row
8,7,Wine Grapes (White),7065,Picpoul Blanc,3250,15300,1,2,data_row
8,7,Wine Grapes (White),7065,Picpoul Blanc,3250,16800,1.4,2,data_row
8,7,Wine Grapes (White),7065,Picpoul Blanc,3448,100,2.5,2,data_row
8,7,Wine Grapes (White),7065,Picpoul Blanc,3500,100,4.3,2,data_row
8,7,Wine Grapes (White),7065,Picpoul Blanc,3547,100,1.8,2,data_row
8,7,Wine Grapes (White),7065,Picpoul Blanc,3800,100,2.1,2,data_row
8,7,Wine Grapes (White),7065,Picpoul Blanc,4057,100,1.9,2,data_row
8,7,Wine Grapes (White),7065,Picpoul Blanc,6000,100,2.6,2,data_row
8,7,Wine Grapes (White),7065,Picpoul Blanc,2306.47,,95.9,3,summary_row
8,7,Wine Grapes (White),7029,Pinot Blanc,1400,100,2.8,2,data_row
8,7,Wine Grapes (White),7029,Pinot Blanc,1600,100,0.1,2,data_row
8,7,Wine Grapes (White),7029,Pinot Blanc,2500,100,10,2,data_row
8,7,Wine Grapes (White),7029,Pinot Blanc,2500,17000,4.3,2,data_row
8,7,Wine Grapes (White),7029,Pinot Blanc,3700,100,3.8,2,data_row
8,7,Wine Grapes (White),7029,Pinot Blanc,3900,100,2.6,2,data_row
8,7,Wine Grapes (White),7029,Pinot Blanc,2713.14,,23.6,3,summary_row
8,7,Wine Grapes (White),7044,Pinot Gris *,500,100,18.9,2,data_row
8,7,Wine Grapes (White),7044,Pinot Gris *,700,100,41.5,2,data_row
8,7,Wine Grapes (White),7044,Pinot Gris *,800,17000,92.8,2,data_row
8,7,Wine Grapes (White),7044,Pinot Gris *,900,100,159.8,2,data_row
8,7,Wine Grapes (White),7044,Pinot Gris *,1100,100,143.2,2,data_row
8,7,Wine Grapes (White),7044,Pinot Gris *,1100,17000,447.6,2,data_row
8,7,Wine Grapes (White),7044,Pinot Gris *,1210.17,17000,298.7,2,data_row
8,7,Wine Grapes (White),7044,Pinot Gris *,1250,100,165.5,2,data_row
8,7,Wine Grapes (White),7044,Pinot Gris *,1500,17000,143.3,2,data_row
8,7,Wine Grapes (White),7044,Pinot Gris *,1600,100,5.9,2,data_row
8,7,Wine Grapes (White),7044,Pinot Gris *,1800,100,6.6,2,data_row
8,7,Wine Grapes (White),7044,Pinot Gris *,1880,100,4.1,2,data_row
8,7,Wine Grapes (White),7044,Pinot Gris *,1887,100,2.6,2,data_row
8,7,Wine Grapes (White),7044,Pinot Gris *,2000,100,30.7,2,data_row
8,7,Wine Grapes (White),7044,Pinot Gris *,2138.46,100,4.9,2,data_row
8,7,Wine Grapes (White),7044,Pinot Gris *,2160,100,8,2,data_row
8,7,Wine Grapes (White),7044,Pinot Gris *,2200,100,49.1,2,data_row
8,7,Wine Grapes (White),7044,Pinot Gris *,2200,17000,2.2,2,data_row
8,7,Wine Grapes (White),7044,Pinot Gris *,2272,20800,2.1,2,data_row
8,7,Wine Grapes (White),7044,Pinot Gris *,2400,100,4.6,2,data_row
8,7,Wine Grapes (White),7044,Pinot Gris *,2500,100,1,2,data_row
8,7,Wine Grapes (White),7044,Pinot Gris *,2550,100,1.9,2,data_row
8,7,Wine Grapes (White),7044,Pinot Gris *,2800,100,2.1,2,data_row
8,7,Wine Grapes (White),7044,Pinot Gris *,2800,8000,1,2,data_row
8,7,Wine Grapes (White),7044,Pinot Gris *,2985.7,100,2.2,2,data_row
8,7,Wine Grapes (White),7044,Pinot Gris *,3000,100,3.8,2,data_row
8,7,Wine Grapes (White),7044,Pinot Gris *,3200,100,3.4,2,data_row
8,7,Wine Grapes (White),7044,Pinot Gris *,3400,100,1.1,2,data_row
8,7,Wine Grapes (White),7044,Pinot Gris *,3500,100,4.6,2,data_row
8,7,Wine Grapes (White),7044,Pinot Gris *,3700,100,1.3,2,data_row
8,7,Wine Grapes (White),7044,Pinot Gris *,1215.49,,1654.5,3,summary_row
8,7,Wine Grapes (White),7056,Ribolla Gialla *,1900,100,1.1,2,data_row
8,7,Wine Grapes (White),7056,Ribolla Gialla *,2800,100,0.1,2,data_row
8,7,Wine Grapes (White),7056,Ribolla Gialla *,1975,,1.2,3,summary_row
8,7,Wine Grapes (White),7042,Roussanne,1000,13100,1.5,2,data_row
8,7,Wine Grapes (White),7042,Roussanne,1500,100,4.4,2,data_row
8,7,Wine Grapes (White),7042,Roussanne,1929,100,5.4,2,data_row
8,7,Wine Grapes (White),7042,Roussanne,2000,100,0.9,2,data_row
8,7,Wine Grapes (White),7042,Roussanne,2000,13100,8,2,data_row
8,7,Wine Grapes (White),7042,Roussanne,2100,100,1.9,2,data_row
8,7,Wine Grapes (White),7042,Roussanne,2500,100,17,2,data_row
8,7,Wine Grapes (White),7042,Roussanne,2600,100,0.6,2,data_row
8,7,Wine Grapes (White),7042,Roussanne,3000,100,1,2,data_row
8,7,Wine Grapes (White),7042,Roussanne,3448,100,5.1,2,data_row
8,7,Wine Grapes (White),7042,Roussanne,3500,100,9.6,2,data_row
8,7,Wine Grapes (White),7042,Roussanne,3600,100,0.7,2,data_row
8,7,Wine Grapes (White),7042,Roussanne,3689.4,100,9.7,2,data_row
8,7,Wine Grapes (White),7042,Roussanne,3763,24500,22.2,2,data_row
8,7,Wine Grapes (White),7042,Roussanne,3800,100,2,2,data_row
8,7,Wine Grapes (White),7042,Roussanne,4000,100,4.8,2,data_row
8,7,Wine Grapes (White),7042,Roussanne,4000,10900,1.1,2,data_row
8,7,Wine Grapes (White),7042,Roussanne,4165,100,2.1,2,data_row
8,7,Wine Grapes (White),7042,Roussanne,4200,100,1.8,2,data_row
8,7,Wine Grapes (White),7042,Roussanne,4400,100,1,2,data_row
8,7,Wine Grapes (White),7042,Roussanne,4500,100,8.3,2,data_row
8,7,Wine Grapes (White),7042,Roussanne,4500,17400,1.8,2,data_row
8,7,Wine Grapes (White),7042,Roussanne,5183,100,4.7,2,data_row
8,7,Wine Grapes (White),7042,Roussanne,5500,100,5.4,2,data_row
8,7,Wine Grapes (White),7042,Roussanne,6000,100,1,2,data_row
8,7,Wine Grapes (White),7042,Roussanne,6000,17800,1.9,2,data_row
8,7,Wine Grapes (White),7042,Roussanne,6459,100,1.5,2,data_row
8,7,Wine Grapes (White),7042,Roussanne,6800,100,3,2,data_row
8,7,Wine Grapes (White),7042,Roussanne,7000,100,2.4,2,data_row
8,7,Wine Grapes (White),7042,Roussanne,7912.04,100,1.3,2,data_row
8,7,Wine Grapes (White),7042,Roussanne,11177.29,21500,0.4,2,data_row
8,7,Wine Grapes (White),7042,Roussanne,3704.6,,132.5,3,summary_row
8,7,Wine Grapes (White),7033,Sauvignon Blanc *,200,100,274,2,data_row
8,7,Wine Grapes (White),7033,Sauvignon Blanc *,250,100,115.5,2,data_row
8,7,Wine Grapes (White),7033,Sauvignon Blanc *,300,100,19.8,2,data_row
8,7,Wine Grapes (White),7033,Sauvignon Blanc *,401.12,100,2.2,2,data_row
8,7,Wine Grapes (White),7033,Sauvignon Blanc *,450,100,47.4,2,data_row
8,7,Wine Grapes (White),7033,Sauvignon Blanc *,500,100,1431.5,2,data_row
8,7,Wine Grapes (White),7033,Sauvignon Blanc *,600,100,25.2,2,data_row
8,7,Wine Grapes (White),7033,Sauvignon Blanc *,650,15500,46,2,data_row
8,7,Wine Grapes (White),7033,Sauvignon Blanc *,750,100,43.1,2,data_row
8,7,Wine Grapes (White),7033,Sauvignon Blanc *,750,45460,75.4,2,data_row
8,7,Wine Grapes (White),7033,Sauvignon Blanc *,800,45460,59.8,2,data_row
8,7,Wine Grapes (White),7033,Sauvignon Blanc *,1000,100,47.4,2,data_row
8,7,Wine Grapes (White),7033,Sauvignon Blanc *,1000,13600,1,2,data_row
8,7,Wine Grapes (White),7033,Sauvignon Blanc *,1050,20800,189,2,data_row
8,7,Wine Grapes (White),7033,Sauvignon Blanc *,1100,100,335.3,2,data_row
8,7,Wine Grapes (White),7033,Sauvignon Blanc *,1125,100,375.1,2,data_row
8,7,Wine Grapes (White),7033,Sauvignon Blanc *,1200,100,443.7,2,data_row
8,7,Wine Grapes (White),7033,Sauvignon Blanc *,1225,100,91.3,2,data_row
8,7,Wine Grapes (White),7033,Sauvignon Blanc *,1250,100,94.2,2,data_row
8,7,Wine Grapes (White),7033,Sauvignon Blanc *,1280.39,100,172,2,data_row
8,7,Wine Grapes (White),7033,Sauvignon Blanc *,1300,100,957.1,2,data_row
8,7,Wine Grapes (White),7033,Sauvignon Blanc *,1350,13100,273.4,2,data_row
8,7,Wine Grapes (White),7033,Sauvignon Blanc *,1365.27,15500,350.5,2,data_row
8,7,Wine Grapes (White),7033,Sauvignon Blanc *,1375,100,30.9,2,data_row
8,7,Wine Grapes (White),7033,Sauvignon Blanc *,1375,13100,301.3,2,data_row
8,7,Wine Grapes (White),7033,Sauvignon Blanc *,1400,100,201.2,2,data_row
8,7,Wine Grapes (White),7033,Sauvignon Blanc *,1450,13100,31.3,2,data_row
8,7,Wine Grapes (White),7033,Sauvignon Blanc *,1500,100,99.6,2,data_row
8,7,Wine Grapes (White),7033,Sauvignon Blanc *,1500,13800,1.8,2,data_row
8,7,Wine Grapes (White),7033,Sauvignon Blanc *,1500,24500,1,2,data_row
8,7,Wine Grapes (White),7033,Sauvignon Blanc *,1553.97,100,7.6,2,data_row
8,7,Wine Grapes (White),7033,Sauvignon Blanc *,1560,24800,3,2,data_row
8,7,Wine Grapes (White),7033,Sauvignon Blanc *,1560.33,100,34.2,2,data_row
8,7,Wine Grapes (White),7033,Sauvignon Blanc *,1560.41,100,225,2,data_row
8,7,Wine Grapes (White),7033,Sauvignon Blanc *,1560.62,100,72.7,2,data_row
8,7,Wine Grapes (White),7033,Sauvignon Blanc *,1560.62,17000,270,2,data_row
8,7,Wine Grapes (White),7033,Sauvignon Blanc *,1575,13100,12.8,2,data_row
8,7,Wine Grapes (White),7033,Sauvignon Blanc *,1600,100,60.2,2,data_row
8,7,Wine Grapes (White),7033,Sauvignon Blanc *,1625,13100,10.6,2,data_row
8,7,Wine Grapes (White),7033,Sauvignon Blanc *,1650,100,157.6,2,data_row
8,7,Wine Grapes (White),7033,Sauvignon Blanc *,1700,100,219.2,2,data_row
8,7,Wine Grapes (White),7033,Sauvignon Blanc *,1700,17000,854.2,2,data_row
8,7,Wine Grapes (White),7033,Sauvignon Blanc *,1700,20800,145,2,data_row
8,7,Wine Grapes (White),7033,Sauvignon Blanc *,1750,13100,93.2,2,data_row
8,7,Wine Grapes (White),7033,Sauvignon Blanc *,1795.42,100,8.3,2,data_row
8,7,Wine Grapes (White),7033,Sauvignon Blanc *,1800,100,45.4,2,data_row
8,7,Wine Grapes (White),7033,Sauvignon Blanc *,1850,11100,1.6,2,data_row
8,7,Wine Grapes (White),7033,Sauvignon Blanc *,1850,17200,183.3,2,data_row
8,7,Wine Grapes (White),7033,Sauvignon Blanc *,1900,100,19,2,data_row
8,7,Wine Grapes (White),7033,Sauvignon Blanc *,1900,17000,126.5,2,data_row
8,7,Wine Grapes (White),7033,Sauvignon Blanc *,1900,17200,48,2,data_row
8,7,Wine Grapes (White),7033,Sauvignon Blanc *,1946.88,100,48.7,2,data_row
8,7,Wine Grapes (White),7033,Sauvignon Blanc *,1955.48,17200,100.6,2,data_row
8,7,Wine Grapes (White),7033,Sauvignon Blanc *,1996.1,100,2.7,2,data_row
8,7,Wine Grapes (White),7033,Sauvignon Blanc *,2000,100,198.7,2,data_row
8,7,Wine Grapes (White),7033,Sauvignon Blanc *,2000,11300,11.3,2,data_row
8,7,Wine Grapes (White),7033,Sauvignon Blanc *,2078,100,241.2,2,data_row
8,7,Wine Grapes (White),7033,Sauvignon Blanc *,2078,13400,51.8,2,data_row
8,7,Wine Grapes (White),7033,Sauvignon Blanc *,2100,100,21.7,2,data_row
8,7,Wine Grapes (White),7033,Sauvignon Blanc *,2129.33,100,2,2,data_row
8,7,Wine Grapes (White),7033,Sauvignon Blanc *,2129.34,100,3,2,data_row
8,7,Wine Grapes (White),7033,Sauvignon Blanc *,2200,100,107.5,2,data_row
8,7,Wine Grapes (White),7033,Sauvignon Blanc *,2200,9100,3.5,2,data_row
8,7,Wine Grapes (White),7033,Sauvignon Blanc *,2200,9530,1,2,data_row
8,7,Wine Grapes (White),7033,Sauvignon Blanc *,2200,15300,2.8,2,data_row
8,7,Wine Grapes (White),7033,Sauvignon Blanc *,2200,17000,25.5,2,data_row
8,7,Wine Grapes (White),7033,Sauvignon Blanc *,2200,17200,1.5,2,data_row
8,7,Wine Grapes (White),7033,Sauvignon Blanc *,2250,100,0.6,2,data_row
8,7,Wine Grapes (White),7033,Sauvignon Blanc *,2251.02,15700,682.5,2,data_row
8,7,Wine Grapes (White),7033,Sauvignon Blanc *,2259.45,13200,2.5,2,data_row
8,7,Wine Grapes (White),7033,Sauvignon Blanc *,2283.61,100,2.3,2,data_row
8,7,Wine Grapes (White),7033,Sauvignon Blanc *,2288,100,43.4,2,data_row
8,7,Wine Grapes (White),7033,Sauvignon Blanc *,2297.37,13600,244,2,data_row
8,7,Wine Grapes (White),7033,Sauvignon Blanc *,2300,100,125.4,2,data_row
8,7,Wine Grapes (White),7033,Sauvignon Blanc *,2300,9400,4,2,data_row
8,7,Wine Grapes (White),7033,Sauvignon Blanc *,2350,100,49.2,2,data_row
8,7,Wine Grapes (White),7033,Sauvignon Blanc *,2350,17000,3.1,2,data_row
8,7,Wine Grapes (White),7033,Sauvignon Blanc *,2400,100,5.6,2,data_row
8,7,Wine Grapes (White),7033,Sauvignon Blanc *,2400,13400,0.5,2,data_row
8,7,Wine Grapes (White),7033,Sauvignon Blanc *,2450,100,6.6,2,data_row
8,7,Wine Grapes (White),7033,Sauvignon Blanc *,2500,100,191.5,2,data_row
8,7,Wine Grapes (White),7033,Sauvignon Blanc *,2500,7900,2.2,2,data_row
8,7,Wine Grapes (White),7033,Sauvignon Blanc *,2500,11100,1,2,data_row
8,7,Wine Grapes (White),7033,Sauvignon Blanc *,2500,13400,21.7,2,data_row
8,7,Wine Grapes (White),7033,Sauvignon Blanc *,2500,13600,1.2,2,data_row
8,7,Wine Grapes (White),7033,Sauvignon Blanc *,2500,15800,2.1,2,data_row
8,7,Wine Grapes (White),7033,Sauvignon Blanc *,2500,17800,4.6,2,data_row
8,7,Wine Grapes (White),7033,Sauvignon Blanc *,2546.01,100,4,2,data_row
8,7,Wine Grapes (White),7033,Sauvignon Blanc *,2550,100,2.3,2,data_row
8,7,Wine Grapes (White),7033,Sauvignon Blanc *,2600,100,9.3,2,data_row
8,7,Wine Grapes (White),7033,Sauvignon Blanc *,2600,17600,4,2,data_row
8,7,Wine Grapes (White),7033,Sauvignon Blanc *,2650,100,4,2,data_row
8,7,Wine Grapes (White),7033,Sauvignon Blanc *,2650,10900,2,2,data_row
8,7,Wine Grapes (White),7033,Sauvignon Blanc *,2657,100,3.1,2,data_row
8,7,Wine Grapes (White),7033,Sauvignon Blanc *,2670.14,100,3.3,2,data_row
8,7,Wine Grapes (White),7033,Sauvignon Blanc *,2675,100,1.8,2,data_row
8,7,Wine Grapes (White),7033,Sauvignon Blanc *,2675,13400,4.4,2,data_row
8,7,Wine Grapes (White),7033,Sauvignon Blanc *,2700,9500,3.2,2,data_row
8,7,Wine Grapes (White),7033,Sauvignon Blanc *,2750,100,7,2,data_row
8,7,Wine Grapes (White),7033,Sauvignon Blanc *,2800,100,16,2,data_row
8,7,Wine Grapes (White),7033,Sauvignon Blanc *,2800,9400,1.1,2,data_row
8,7,Wine Grapes (White),7033,Sauvignon Blanc *,2800,11300,1.2,2,data_row
8,7,Wine Grapes (White),7033,Sauvignon Blanc *,2850,100,14.9,2,data_row
8,7,Wine Grapes (White),7033,Sauvignon Blanc *,2850,9500,3.1,2,data_row
8,7,Wine Grapes (White),7033,Sauvignon Blanc *,2850,11100,3.1,2,data_row
8,7,Wine Grapes (White),7033,Sauvignon Blanc *,2850,11300,5.4,2,data_row
8,7,Wine Grapes (White),7033,Sauvignon Blanc *,2850.43,100,3.3,2,data_row
8,7,Wine Grapes (White),7033,Sauvignon Blanc *,2900,5000,4.9,2,data_row
8,7,Wine Grapes (White),7033,Sauvignon Blanc *,3000,100,9.7,2,data_row
8,7,Wine Grapes (White),7033,Sauvignon Blanc *,3125.2,100,1,2,data_row
8,7,Wine Grapes (White),7033,Sauvignon Blanc *,3147.19,100,4.5,2,data_row
8,7,Wine Grapes (White),7033,Sauvignon Blanc *,3150,10900,1.1,2,data_row
8,7,Wine Grapes (White),7033,Sauvignon Blanc *,3200,100,1.6,2,data_row
8,7,Wine Grapes (White),7033,Sauvignon Blanc *,3200,13100,1.6,2,data_row
8,7,Wine Grapes (White),7033,Sauvignon Blanc *,3339.77,100,5.3,2,data_row
8,7,Wine Grapes (White),7033,Sauvignon Blanc *,3500,100,1.3,2,data_row
8,7,Wine Grapes (White),7033,Sauvignon Blanc *,3624.68,100,4.2,2,data_row
8,7,Wine Grapes (White),7033,Sauvignon Blanc *,4264,100,5,2,data_row
8,7,Wine Grapes (White),7033,Sauvignon Blanc *,5500,100,5,2,data_row
8,7,Wine Grapes (White),7033,Sauvignon Blanc *,5720,100,2.1,2,data_row
8,7,Wine Grapes (White),7033,Sauvignon Blanc *,13379,100,25.7,2,data_row
8,7,Wine Grapes (White),7033,Sauvignon Blanc *,1451.61,,11121.4,3,summary_row
8,7,Wine Grapes (White),7077,Sauvignon Gris,1800,100,0.6,2,data_row
8,7,Wine Grapes (White),7077,Sauvignon Gris,1800,,0.6,3,summary_row
8,7,Wine Grapes (White),7036,Semillon,1600,100,12.2,2,data_row
8,7,Wine Grapes (White),7036,Semillon,1750,100,14.3,2,data_row
8,7,Wine Grapes (White),7036,Semillon,2350,100,1.2,2,data_row
8,7,Wine Grapes (White),7036,Semillon,2400,100,3.5,2,data_row
8,7,Wine Grapes (White),7036,Semillon,2500,100,3.5,2,data_row
8,7,Wine Grapes (White),7036,Semillon,1859.22,,34.7,3,summary_row
8,7,Wine Grapes (White),7032,St. Emilion *,1900,100,5,2,data_row
8,7,Wine Grapes (White),7032,St. Emilion *,2600,100,0.5,2,data_row
8,7,Wine Grapes (White),7032,St. Emilion *,2600,9100,3.7,2,data_row
8,7,Wine Grapes (White),7032,St. Emilion *,4000,100,3.4,2,data_row
8,7,Wine Grapes (White),7032,St. Emilion *,2700,,12.6,3,summary_row
8,7,Wine Grapes (White),7037,Sylvaner,2000,100,3.3,2,data_row
8,7,Wine Grapes (White),7037,Sylvaner,2000,,3.3,3,summary_row
8,7,Wine Grapes (White),7051,Tocai Friulano,2600,100,0.9,2,data_row
8,7,Wine Grapes (White),7051,Tocai Friulano,2600,,0.9,3,summary_row
8,7,Wine Grapes (White),7075,Verdejo,2000,100,3.3,2,data_row
8,7,Wine Grapes (White),7075,Verdejo,2000,,3.3,3,summary_row
8,7,Wine Grapes (White),7147,Verdelho,1000,24400,2.3,2,data_row
8,7,Wine Grapes (White),7147,Verdelho,2800,100,4,2,data_row
8,7,Wine Grapes (White),7147,Verdelho,2142.86,,6.3,3,summary_row
8,7,Wine Grapes (White),7064,Vermentino *,500,100,7.4,2,data_row
8,7,Wine Grapes (White),7064,Vermentino *,1200,100,7.9,2,data_row
8,7,Wine Grapes (White),7064,Vermentino *,1370,100,1.8,2,data_row
8,7,Wine Grapes (White),7064,Vermentino *,1400,100,5.7,2,data_row
8,7,Wine Grapes (White),7064,Vermentino *,1500,100,25.6,2,data_row
8,7,Wine Grapes (White),7064,Vermentino *,1600,100,1.4,2,data_row
8,7,Wine Grapes (White),7064,Vermentino *,1700,100,9.5,2,data_row
8,7,Wine Grapes (White),7064,Vermentino *,1800,100,1.9,2,data_row
8,7,Wine Grapes (White),7064,Vermentino *,1900,100,10.1,2,data_row
8,7,Wine Grapes (White),7064,Vermentino *,2000,100,5.8,2,data_row
8,7,Wine Grapes (White),7064,Vermentino *,2000,9100,1.2,2,data_row
8,7,Wine Grapes (White),7064,Vermentino *,2200,100,5.9,2,data_row
8,7,Wine Grapes (White),7064,Vermentino *,2330,24800,1.5,2,data_row
8,7,Wine Grapes (White),7064,Vermentino *,2350,100,22.6,2,data_row
8,7,Wine Grapes (White),7064,Vermentino *,2400,13600,3,2,data_row
8,7,Wine Grapes (White),7064,Vermentino *,2600,100,5.2,2,data_row
8,7,Wine Grapes (White),7064,Vermentino *,2750,100,2.1,2,data_row
8,7,Wine Grapes (White),7064,Vermentino *,2937.42,100,3.1,2,data_row
8,7,Wine Grapes (White),7064,Vermentino *,3000,13400,2.5,2,data_row
8,7,Wine Grapes (White),7064,Vermentino *,3250,100,1.7,2,data_row
8,7,Wine Grapes (White),7064,Vermentino *,3300,13000,3.5,2,data_row
8,7,Wine Grapes (White),7064,Vermentino *,3300,16800,2,2,data_row
8,7,Wine Grapes (White),7064,Vermentino *,4000,100,0.8,2,data_row
8,7,Wine Grapes (White),7064,Vermentino *,6115,100,2.4,2,data_row
8,7,Wine Grapes (White),7064,Vermentino *,6130,100,1.7,2,data_row
8,7,Wine Grapes (White),7064,Vermentino *,6153,100,1.7,2,data_row
8,7,Wine Grapes (White),7064,Vermentino *,2116.99,,138,3,summary_row
8,7,Wine Grapes (White),7043,Viognier,500,100,5.6,2,data_row
8,7,Wine Grapes (White),7043,Viognier,800,100,50.4,2,data_row
8,7,Wine Grapes (White),7043,Viognier,1100,100,27.5,2,data_row
8,7,Wine Grapes (White),7043,Viognier,1200,13100,2.3,2,data_row
8,7,Wine Grapes (White),7043,Viognier,1200,17200,1.5,2,data_row
8,7,Wine Grapes (White),7043,Viognier,1400,100,20.3,2,data_row
8,7,Wine Grapes (White),7043,Viognier,1426.44,100,10.5,2,data_row
8,7,Wine Grapes (White),7043,Viognier,1450,100,0.8,2,data_row
8,7,Wine Grapes (White),7043,Viognier,1500,100,46.6,2,data_row
8,7,Wine Grapes (White),7043,Viognier,1600,100,4.2,2,data_row
8,7,Wine Grapes (White),7043,Viognier,1625,100,25.2,2,data_row
8,7,Wine Grapes (White),7043,Viognier,1650,100,11.1,2,data_row
8,7,Wine Grapes (White),7043,Viognier,1700,100,1,2,data_row
8,7,Wine Grapes (White),7043,Viognier,1800,100,4.1,2,data_row
8,7,Wine Grapes (White),7043,Viognier,1929,100,10.3,2,data_row
8,7,Wine Grapes (White),7043,Viognier,2000,100,24,2,data_row
8,7,Wine Grapes (White),7043,Viognier,2000,13100,7.2,2,data_row
8,7,Wine Grapes (White),7043,Viognier,2200,100,10.7,2,data_row
8,7,Wine Grapes (White),7043,Viognier,2287.69,100,2.8,2,data_row
8,7,Wine Grapes (White),7043,Viognier,2300,100,1.8,2,data_row
8,7,Wine Grapes (White),7043,Viognier,2300,13100,7.2,2,data_row
8,7,Wine Grapes (White),7043,Viognier,2350,100,2,2,data_row
8,7,Wine Grapes (White),7043,Viognier,2400,100,6.3,2,data_row
8,7,Wine Grapes (White),7043,Viognier,2443,24500,37.2,2,data_row
8,7,Wine Grapes (White),7043,Viognier,2451.79,100,9.6,2,data_row
8,7,Wine Grapes (White),7043,Viognier,2500,100,51,2,data_row
8,7,Wine Grapes (White),7043,Viognier,2500,13100,1.7,2,data_row
8,7,Wine Grapes (White),7043,Viognier,2600,100,7.3,2,data_row
8,7,Wine Grapes (White),7043,Viognier,2600,10900,2,2,data_row
8,7,Wine Grapes (White),7043,Viognier,2600,13400,6.1,2,data_row
8,7,Wine Grapes (White),7043,Viognier,2750,20800,2.8,2,data_row
8,7,Wine Grapes (White),7043,Viognier,2800,100,2.3,2,data_row
8,7,Wine Grapes (White),7043,Viognier,2950,100,2.7,2,data_row
8,7,Wine Grapes (White),7043,Viognier,3000,100,13.2,2,data_row
8,7,Wine Grapes (White),7043,Viognier,3000,25100,2.2,2,data_row
8,7,Wine Grapes (White),7043,Viognier,3017,2600,3.1,2,data_row
8,7,Wine Grapes (White),7043,Viognier,3150,100,1.1,2,data_row
8,7,Wine Grapes (White),7043,Viognier,3200,100,4.4,2,data_row
8,7,Wine Grapes (White),7043,Viognier,3200,43710,0.1,2,data_row
8,7,Wine Grapes (White),7043,Viognier,3300,10700,2.3,2,data_row
8,7,Wine Grapes (White),7043,Viognier,3465,13100,30.7,2,data_row
8,7,Wine Grapes (White),7043,Viognier,3500,100,4.4,2,data_row
8,7,Wine Grapes (White),7043,Viognier,3500,21500,1.1,2,data_row
8,7,Wine Grapes (White),7043,Viognier,3800,100,1,2,data_row
8,7,Wine Grapes (White),7043,Viognier,4000,100,0.1,2,data_row
8,7,Wine Grapes (White),7043,Viognier,4000,15300,2.3,2,data_row
8,7,Wine Grapes (White),7043,Viognier,4500,100,8.5,2,data_row
8,7,Wine Grapes (White),7043,Viognier,5125,100,1.9,2,data_row
8,7,Wine Grapes (White),7043,Viognier,5500,100,14,2,data_row
8,7,Wine Grapes (White),7043,Viognier,6000,100,0.4,2,data_row
8,7,Wine Grapes (White),7043,Viognier,6207,100,0.1,2,data_row
8,7,Wine Grapes (White),7043,Viognier,9100,100,0.1,2,data_row
8,7,Wine Grapes (White),7043,Viognier,2167.47,,497.1,3,summary_row
8,7,Wine Grapes (White),7038,White Riesling *,500,100,44.7,2,data_row
8,7,Wine Grapes (White),7038,White Riesling *,1250,100,22.4,2,data_row
8,7,Wine Grapes (White),7038,White Riesling *,1300,100,22,2,data_row
8,7,Wine Grapes (White),7038,White Riesling *,1397.95,100,38.7,2,data_row
8,7,Wine Grapes (White),7038,White Riesling *,1700,15500,2,2,data_row
8,7,Wine Grapes (White),7038,White Riesling *,1900,100,2.1,2,data_row
8,7,Wine Grapes (White),7038,White Riesling *,1900,13500,7.1,2,data_row
8,7,Wine Grapes (White),7038,White Riesling *,1950,100,14.7,2,data_row
8,7,Wine Grapes (White),7038,White Riesling *,2000,100,2.7,2,data_row
8,7,Wine Grapes (White),7038,White Riesling *,2000,9300,5.6,2,data_row
8,7,Wine Grapes (White),7038,White Riesling *,2000,17400,1.9,2,data_row
8,7,Wine Grapes (White),7038,White Riesling *,2100,100,8.2,2,data_row
8,7,Wine Grapes (White),7038,White Riesling *,2200,11100,0.3,2,data_row
8,7,Wine Grapes (White),7038,White Riesling *,2294.72,100,2.6,2,data_row
8,7,Wine Grapes (White),7038,White Riesling *,2450,100,2.2,2,data_row
8,7,Wine Grapes (White),7038,White Riesling *,2500,17000,1.1,2,data_row
8,7,Wine Grapes (White),7038,White Riesling *,2600,17600,2,2,data_row
8,7,Wine Grapes (White),7038,White Riesling *,2717.77,100,5.9,2,data_row
8,7,Wine Grapes (White),7038,White Riesling *,2800,100,5,2,data_row
8,7,Wine Grapes (White),7038,White Riesling *,3150,9500,1.6,2,data_row
8,7,Wine Grapes (White),7038,White Riesling *,3292,100,2.6,2,data_row
8,7,Wine Grapes (White),7038,White Riesling *,3450,100,1.7,2,data_row
8,7,Wine Grapes (White),7038,White Riesling *,3458,100,7.1,2,data_row
8,7,Wine Grapes (White),7038,White Riesling *,3461.46,100,2.2,2,data_row
8,7,Wine Grapes (White),7038,White Riesling *,8000,100,4.8,2,data_row
8,7,Wine Grapes (White),7038,White Riesling *,1705.72,,211.2,3,summary_row
8,7,Wine Grapes (White),7001,Other White Wine 2/,1000,100,0.5,2,data_row
8,7,Wine Grapes (White),7001,Other White Wine 2/,1200,100,20.2,2,data_row
8,7,Wine Grapes (White),7001,Other White Wine 2/,1400,100,17.9,2,data_row
8,7,Wine Grapes (White),7001,Other White Wine 2/,1800,100,2.8,2,data_row
8,7,Wine Grapes (White),7001,Other White Wine 2/,2000,100,5.2,2,data_row
8,7,Wine Grapes (White),7001,Other White Wine 2/,2200,100,1.9,2,data_row
8,7,Wine Grapes (White),7001,Other White Wine 2/,2350,100,0.8,2,data_row
8,7,Wine Grapes (White),7001,Other White Wine 2/,2500,100,11.5,2,data_row
8,7,Wine Grapes (White),7001,Other White Wine 2/,2568.8,100,1,2,data_row
8,7,Wine Grapes (White),7001,Other White Wine 2/,2600,100,3.5,2,data_row
8,7,Wine Grapes (White),7001,Other White Wine 2/,2665.87,100,1.5,2,data_row
8,7,Wine Grapes (White),7001,Other White Wine 2/,2850,100,0.8,2,data_row
8,7,Wine Grapes (White),7001,Other White Wine 2/,3000,100,5,2,data_row
8,7,Wine Grapes (White),7001,Other White Wine 2/,3000,7900,1.4,2,data_row
8,7,Wine Grapes (White),7001,Other White Wine 2/,3200,10650,1.5,2,data_row
8,7,Wine Grapes (White),7001,Other White Wine 2/,3250,100,0.3,2,data_row
8,7,Wine Grapes (White),7001,Other White Wine 2/,3456.79,100,2.3,2,data_row
8,7,Wine Grapes (White),7001,Other White Wine 2/,3800,100,1.6,2,data_row
8,7,Wine Grapes (White),7001,Other White Wine 2/,1969.93,,79.7,3,summary_row
8,6,Wine Grapes (Red),6177,Aglianico,1211.05,100,8.2,2,data_row
8,6,Wine Grapes (Red),6177,Aglianico,1260.06,13600,7.9,2,data_row
8,6,Wine Grapes (Red),6177,Aglianico,1900,100,5,2,data_row
8,6,Wine Grapes (Red),6177,Aglianico,2000,100,0.5,2,data_row
8,6,Wine Grapes (Red),6177,Aglianico,1406.72,,21.6,3,summary_row
8,6,Wine Grapes (Red),6006,Alicante Bouschet *,2000,100,1.7,2,data_row
8,6,Wine Grapes (Red),6006,Alicante Bouschet *,2200,100,0.9,2,data_row
8,6,Wine Grapes (Red),6006,Alicante Bouschet *,2600,17400,2.9,2,data_row
8,6,Wine Grapes (Red),6006,Alicante Bouschet *,2600,21000,1.8,2,data_row
8,6,Wine Grapes (Red),6006,Alicante Bouschet *,2900,100,1.5,2,data_row
8,6,Wine Grapes (Red),6006,Alicante Bouschet *,2494.32,,8.8,3,summary_row
8,6,Wine Grapes (Red),6013,Barbera,300,100,1.2,2,data_row
8,6,Wine Grapes (Red),6013,Barbera,1200,100,17.7,2,data_row
8,6,Wine Grapes (Red),6013,Barbera,1600,100,6.5,2,data_row
8,6,Wine Grapes (Red),6013,Barbera,1750,100,6.2,2,data_row
8,6,Wine Grapes (Red),6013,Barbera,1758.21,27800,20.5,2,data_row
8,6,Wine Grapes (Red),6013,Barbera,1800,100,5.7,2,data_row
8,6,Wine Grapes (Red),6013,Barbera,1870,100,5.7,2,data_row
8,6,Wine Grapes (Red),6013,Barbera,2000,100,4,2,data_row
8,6,Wine Grapes (Red),6013,Barbera,2044.51,100,40.1,2,data_row
8,6,Wine Grapes (Red),6013,Barbera,2500,100,13,2,data_row
8,6,Wine Grapes (Red),6013,Barbera,2500,21200,5.9,2,data_row
8,6,Wine Grapes (Red),6013,Barbera,2600,100,1.8,2,data_row
8,6,Wine Grapes (Red),6013,Barbera,2600,24500,10,2,data_row
8,6,Wine Grapes (Red),6013,Barbera,2944.44,100,2.7,2,data_row
8,6,Wine Grapes (Red),6013,Barbera,3000,100,12.5,2,data_row
8,6,Wine Grapes (Red),6013,Barbera,3100,100,1.7,2,data_row
8,6,Wine Grapes (Red),6013,Barbera,3200,100,1.1,2,data_row
8,6,Wine Grapes (Red),6013,Barbera,2059.93,,156.3,3,summary_row
8,6,Wine Grapes (Red),6187,Blaufraenkisch *,1200,100,5.4,2,data_row
8,6,Wine Grapes (Red),6187,Blaufraenkisch *,1600,100,6.9,2,data_row
8,6,Wine Grapes (Red),6187,Blaufraenkisch *,1424.39,,12.3,3,summary_row
8,6,Wine Grapes (Red),6023,Cabernet Franc,400,100,12.9,2,data_row
8,6,Wine Grapes (Red),6023,Cabernet Franc,1200,100,15.1,2,data_row
8,6,Wine Grapes (Red),6023,Cabernet Franc,1201.71,100,29.8,2,data_row
8,6,Wine Grapes (Red),6023,Cabernet Franc,1230,100,24.3,2,data_row
8,6,Wine Grapes (Red),6023,Cabernet Franc,1250,100,292.2,2,data_row
8,6,Wine Grapes (Red),6023,Cabernet Franc,1349.28,100,25.1,2,data_row
8,6,Wine Grapes (Red),6023,Cabernet Franc,1349.29,100,25,2,data_row
8,6,Wine Grapes (Red),6023,Cabernet Franc,1400,100,148,2,data_row
8,6,Wine Grapes (Red),6023,Cabernet Franc,1426.44,100,6.4,2,data_row
8,6,Wine Grapes (Red),6023,Cabernet Franc,1450,100,15.7,2,data_row
8,6,Wine Grapes (Red),6023,Cabernet Franc,1500,100,63.5,2,data_row
8,6,Wine Grapes (Red),6023,Cabernet Franc,1500,25100,9.7,2,data_row
8,6,Wine Grapes (Red),6023,Cabernet Franc,1500,27500,3.9,2,data_row
8,6,Wine Grapes (Red),6023,Cabernet Franc,1550,100,21.2,2,data_row
8,6,Wine Grapes (Red),6023,Cabernet Franc,1600,100,29.4,2,data_row
8,6,Wine Grapes (Red),6023,Cabernet Franc,1650,100,42.4,2,data_row
8,6,Wine Grapes (Red),6023,Cabernet Franc,1800,100,150.4,2,data_row
8,6,Wine Grapes (Red),6023,Cabernet Franc,1800,20800,2,2,data_row
8,6,Wine Grapes (Red),6023,Cabernet Franc,1850,100,28.5,2,data_row
8,6,Wine Grapes (Red),6023,Cabernet Franc,1975,100,16.5,2,data_row
8,6,Wine Grapes (Red),6023,Cabernet Franc,2000,100,32.3,2,data_row
8,6,Wine Grapes (Red),6023,Cabernet Franc,2000,9500,2.1,2,data_row
8,6,Wine Grapes (Red),6023,Cabernet Franc,2025,100,38.4,2,data_row
8,6,Wine Grapes (Red),6023,Cabernet Franc,2050,24800,15.2,2,data_row
8,6,Wine Grapes (Red),6023,Cabernet Franc,2100,100,2.6,2,data_row
8,6,Wine Grapes (Red),6023,Cabernet Franc,2200,100,25.6,2,data_row
8,6,Wine Grapes (Red),6023,Cabernet Franc,2375.54,100,31.6,2,data_row
8,6,Wine Grapes (Red),6023,Cabernet Franc,2499.59,100,11,2,data_row
8,6,Wine Grapes (Red),6023,Cabernet Franc,2500,100,76.9,2,data_row
8,6,Wine Grapes (Red),6023,Cabernet Franc,2500,14100,4.7,2,data_row
8,6,Wine Grapes (Red),6023,Cabernet Franc,2500,24800,1,2,data_row
8,6,Wine Grapes (Red),6023,Cabernet Franc,2500,27800,10.5,2,data_row
8,6,Wine Grapes (Red),6023,Cabernet Franc,2600,24500,2.4,2,data_row
8,6,Wine Grapes (Red),6023,Cabernet Franc,2700,100,0.8,2,data_row
8,6,Wine Grapes (Red),6023,Cabernet Franc,2711.47,100,31.1,2,data_row
8,6,Wine Grapes (Red),6023,Cabernet Franc,2750,100,9.3,2,data_row
8,6,Wine Grapes (Red),6023,Cabernet Franc,2797.41,100,19.6,2,data_row
8,6,Wine Grapes (Red),6023,Cabernet Franc,2800,100,64.7,2,data_row
8,6,Wine Grapes (Red),6023,Cabernet Franc,2850,100,23.2,2,data_row
8,6,Wine Grapes (Red),6023,Cabernet Franc,2900,100,3.3,2,data_row
8,6,Wine Grapes (Red),6023,Cabernet Franc,3000,100,8.6,2,data_row
8,6,Wine Grapes (Red),6023,Cabernet Franc,3000,17400,1.6,2,data_row
8,6,Wine Grapes (Red),6023,Cabernet Franc,3000,20800,0.5,2,data_row
8,6,Wine Grapes (Red),6023,Cabernet Franc,3006,100,9.3,2,data_row
8,6,Wine Grapes (Red),6023,Cabernet Franc,3250,100,21.6,2,data_row
8,6,Wine Grapes (Red),6023,Cabernet Franc,3300,100,2.3,2,data_row
8,6,Wine Grapes (Red),6023,Cabernet Franc,3300,5000,2,2,data_row
8,6,Wine Grapes (Red),6023,Cabernet Franc,3350,100,23.6,2,data_row
8,6,Wine Grapes (Red),6023,Cabernet Franc,3400,100,2.4,2,data_row
8,6,Wine Grapes (Red),6023,Cabernet Franc,3400,17600,2,2,data_row
8,6,Wine Grapes (Red),6023,Cabernet Franc,3450,100,6.8,2,data_row
8,6,Wine Grapes (Red),6023,Cabernet Franc,3500,100,4,2,data_row
8,6,Wine Grapes (Red),6023,Cabernet Franc,3550,100,3.9,2,data_row
8,6,Wine Grapes (Red),6023,Cabernet Franc,3600,100,34,2,data_row
8,6,Wine Grapes (Red),6023,Cabernet Franc,3650,100,2.7,2,data_row
8,6,Wine Grapes (Red),6023,Cabernet Franc,3650,20800,1.5,2,data_row
8,6,Wine Grapes (Red),6023,Cabernet Franc,3685,100,3.5,2,data_row
8,6,Wine Grapes (Red),6023,Cabernet Franc,3750,5000,2.4,2,data_row
8,6,Wine Grapes (Red),6023,Cabernet Franc,3800,100,16,2,data_row
8,6,Wine Grapes (Red),6023,Cabernet Franc,3800,17200,1.6,2,data_row
8,6,Wine Grapes (Red),6023,Cabernet Franc,3800,21000,2.7,2,data_row
8,6,Wine Grapes (Red),6023,Cabernet Franc,4000,100,0.8,2,data_row
8,6,Wine Grapes (Red),6023,Cabernet Franc,4000,25100,2.8,2,data_row
8,6,Wine Grapes (Red),6023,Cabernet Franc,4200,100,8.5,2,data_row
8,6,Wine Grapes (Red),6023,Cabernet Franc,4250,9500,1,2,data_row
8,6,Wine Grapes (Red),6023,Cabernet Franc,4300,100,11.8,2,data_row
8,6,Wine Grapes (Red),6023,Cabernet Franc,4350,100,2.5,2,data_row
8,6,Wine Grapes (Red),6023,Cabernet Franc,4400,13800,2,2,data_row
8,6,Wine Grapes (Red),6023,Cabernet Franc,4480,100,6.2,2,data_row
8,6,Wine Grapes (Red),6023,Cabernet Franc,4500,100,11.1,2,data_row
8,6,Wine Grapes (Red),6023,Cabernet Franc,5000,100,10.1,2,data_row
8,6,Wine Grapes (Red),6023,Cabernet Franc,5058,24500,66.8,2,data_row
8,6,Wine Grapes (Red),6023,Cabernet Franc,6616,100,5,2,data_row
8,6,Wine Grapes (Red),6023,Cabernet Franc,7000,100,1,2,data_row
8,6,Wine Grapes (Red),6023,Cabernet Franc,7700,100,24,2,data_row
8,6,Wine Grapes (Red),6023,Cabernet Franc,2228.88,,1674.9,3,summary_row
8,6,Wine Grapes (Red),6024,Cabernet Sauvignon,75,100,49.5,2,data_row
8,6,Wine Grapes (Red),6024,Cabernet Sauvignon,100,100,91,2,data_row
8,6,Wine Grapes (Red),6024,Cabernet Sauvignon,200,100,3013.6,2,data_row
8,6,Wine Grapes (Red),6024,Cabernet Sauvignon,400,100,14.4,2,data_row
8,6,Wine Grapes (Red),6024,Cabernet Sauvignon,499.86,100,334.6,2,data_row
8,6,Wine Grapes (Red),6024,Cabernet Sauvignon,500,100,1045.4,2,data_row
8,6,Wine Grapes (Red),6024,Cabernet Sauvignon,500,27500,75.9,2,data_row
8,6,Wine Grapes (Red),6024,Cabernet Sauvignon,600,100,50.2,2,data_row
8,6,Wine Grapes (Red),6024,Cabernet Sauvignon,617,2600,43.6,2,data_row
8,6,Wine Grapes (Red),6024,Cabernet Sauvignon,620.74,100,2.2,2,data_row
8,6,Wine Grapes (Red),6024,Cabernet Sauvignon,650,100,520.3,2,data_row
8,6,Wine Grapes (Red),6024,Cabernet Sauvignon,725,100,299.4,2,data_row
8,6,Wine Grapes (Red),6024,Cabernet Sauvignon,725.27,24500,26.1,2,data_row
8,6,Wine Grapes (Red),6024,Cabernet Sauvignon,750,100,371,2,data_row
8,6,Wine Grapes (Red),6024,Cabernet Sauvignon,800,100,947.2,2,data_row
8,6,Wine Grapes (Red),6024,Cabernet Sauvignon,817,2600,118.3,2,data_row
8,6,Wine Grapes (Red),6024,Cabernet Sauvignon,850,100,540.4,2,data_row
8,6,Wine Grapes (Red),6024,Cabernet Sauvignon,875,100,88.8,2,data_row
8,6,Wine Grapes (Red),6024,Cabernet Sauvignon,900,100,20,2,data_row
8,6,Wine Grapes (Red),6024,Cabernet Sauvignon,950,100,36.1,2,data_row
8,6,Wine Grapes (Red),6024,Cabernet Sauvignon,1000,100,357.6,2,data_row
8,6,Wine Grapes (Red),6024,Cabernet Sauvignon,1000,17200,28.2,2,data_row
8,6,Wine Grapes (Red),6024,Cabernet Sauvignon,1000,24500,4,2,data_row
8,6,Wine Grapes (Red),6024,Cabernet Sauvignon,1073,100,2.1,2,data_row
8,6,Wine Grapes (Red),6024,Cabernet Sauvignon,1100,100,5.1,2,data_row
8,6,Wine Grapes (Red),6024,Cabernet Sauvignon,1100,20800,2.1,2,data_row
8,6,Wine Grapes (Red),6024,Cabernet Sauvignon,1119.05,100,1097.3,2,data_row
8,6,Wine Grapes (Red),6024,Cabernet Sauvignon,1150,100,76.4,2,data_row
8,6,Wine Grapes (Red),6024,Cabernet Sauvignon,1151.65,100,270.4,2,data_row
8,6,Wine Grapes (Red),6024,Cabernet Sauvignon,1200,100,485.3,2,data_row
8,6,Wine Grapes (Red),6024,Cabernet Sauvignon,1200,24800,146.3,2,data_row
8,6,Wine Grapes (Red),6024,Cabernet Sauvignon,1230,100,414.2,2,data_row
8,6,Wine Grapes (Red),6024,Cabernet Sauvignon,1250,100,32.9,2,data_row
8,6,Wine Grapes (Red),6024,Cabernet Sauvignon,1300,100,3819.9,2,data_row
8,6,Wine Grapes (Red),6024,Cabernet Sauvignon,1300,24500,145.5,2,data_row
8,6,Wine Grapes (Red),6024,Cabernet Sauvignon,1315.43,100,19.4,2,data_row
8,6,Wine Grapes (Red),6024,Cabernet Sauvignon,1328.57,100,95.6,2,data_row
8,6,Wine Grapes (Red),6024,Cabernet Sauvignon,1373.4,100,24.6,2,data_row
8,6,Wine Grapes (Red),6024,Cabernet Sauvignon,1373.4,24500,256.3,2,data_row
8,6,Wine Grapes (Red),6024,Cabernet Sauvignon,1375,100,54.9,2,data_row
8,6,Wine Grapes (Red),6024,Cabernet Sauvignon,1380.77,100,47.8,2,data_row
8,6,Wine Grapes (Red),6024,Cabernet Sauvignon,1380.77,24500,152.5,2,data_row
8,6,Wine Grapes (Red),6024,Cabernet Sauvignon,1400,100,5598.8,2,data_row
8,6,Wine Grapes (Red),6024,Cabernet Sauvignon,1426.44,100,101.2,2,data_row
8,6,Wine Grapes (Red),6024,Cabernet Sauvignon,1450,100,2119.2,2,data_row
8,6,Wine Grapes (Red),6024,Cabernet Sauvignon,1450,24500,49.1,2,data_row
8,6,Wine Grapes (Red),6024,Cabernet Sauvignon,1500,100,3050.3,2,data_row
8,6,Wine Grapes (Red),6024,Cabernet Sauvignon,1500,21850,1.9,2,data_row
8,6,Wine Grapes (Red),6024,Cabernet Sauvignon,1500,24500,50.9,2,data_row
8,6,Wine Grapes (Red),6024,Cabernet Sauvignon,1500,24800,76.4,2,data_row
8,6,Wine Grapes (Red),6024,Cabernet Sauvignon,1500,25100,0.9,2,data_row
8,6,Wine Grapes (Red),6024,Cabernet Sauvignon,1515,100,100.9,2,data_row
8,6,Wine Grapes (Red),6024,Cabernet Sauvignon,1525,100,539.3,2,data_row
8,6,Wine Grapes (Red),6024,Cabernet Sauvignon,1525,24800,297.2,2,data_row
8,6,Wine Grapes (Red),6024,Cabernet Sauvignon,1550,100,703.8,2,data_row
8,6,Wine Grapes (Red),6024,Cabernet Sauvignon,1550,25100,107.5,2,data_row
8,6,Wine Grapes (Red),6024,Cabernet Sauvignon,1578.27,27100,149.5,2,data_row
8,6,Wine Grapes (Red),6024,Cabernet Sauvignon,1591,100,144.8,2,data_row
8,6,Wine Grapes (Red),6024,Cabernet Sauvignon,1599.38,100,283.9,2,data_row
8,6,Wine Grapes (Red),6024,Cabernet Sauvignon,1600,100,1358.6,2,data_row
8,6,Wine Grapes (Red),6024,Cabernet Sauvignon,1600,24500,26.1,2,data_row
8,6,Wine Grapes (Red),6024,Cabernet Sauvignon,1600,24800,190.1,2,data_row
8,6,Wine Grapes (Red),6024,Cabernet Sauvignon,1640,100,1008.7,2,data_row
8,6,Wine Grapes (Red),6024,Cabernet Sauvignon,1642.92,100,198.2,2,data_row
8,6,Wine Grapes (Red),6024,Cabernet Sauvignon,1648,24800,92.8,2,data_row
8,6,Wine Grapes (Red),6024,Cabernet Sauvignon,1650,100,364.5,2,data_row
8,6,Wine Grapes (Red),6024,Cabernet Sauvignon,1650,24500,542.7,2,data_row
8,6,Wine Grapes (Red),6024,Cabernet Sauvignon,1670,24500,137.7,2,data_row
8,6,Wine Grapes (Red),6024,Cabernet Sauvignon,1680,100,53.4,2,data_row
8,6,Wine Grapes (Red),6024,Cabernet Sauvignon,1688.5,100,105.8,2,data_row
8,6,Wine Grapes (Red),6024,Cabernet Sauvignon,1697.44,100,115.4,2,data_row
8,6,Wine Grapes (Red),6024,Cabernet Sauvignon,1700,100,691.4,2,data_row
8,6,Wine Grapes (Red),6024,Cabernet Sauvignon,1720.98,100,115.5,2,data_row
8,6,Wine Grapes (Red),6024,Cabernet Sauvignon,1726.37,20800,237.7,2,data_row
8,6,Wine Grapes (Red),6024,Cabernet Sauvignon,1726.97,100,16.2,2,data_row
8,6,Wine Grapes (Red),6024,Cabernet Sauvignon,1746.77,100,21.1,2,data_row
8,6,Wine Grapes (Red),6024,Cabernet Sauvignon,1750,100,88.3,2,data_row
8,6,Wine Grapes (Red),6024,Cabernet Sauvignon,1750,24800,46.9,2,data_row
8,6,Wine Grapes (Red),6024,Cabernet Sauvignon,1750,25100,117.5,2,data_row
8,6,Wine Grapes (Red),6024,Cabernet Sauvignon,1751.4,100,23.7,2,data_row
8,6,Wine Grapes (Red),6024,Cabernet Sauvignon,1764,100,205.2,2,data_row
8,6,Wine Grapes (Red),6024,Cabernet Sauvignon,1787,24500,41.9,2,data_row
8,6,Wine Grapes (Red),6024,Cabernet Sauvignon,1794.03,20800,395.1,2,data_row
8,6,Wine Grapes (Red),6024,Cabernet Sauvignon,1794.6,100,467.1,2,data_row
8,6,Wine Grapes (Red),6024,Cabernet Sauvignon,1795,24800,3.2,2,data_row
8,6,Wine Grapes (Red),6024,Cabernet Sauvignon,1800,100,730.9,2,data_row
8,6,Wine Grapes (Red),6024,Cabernet Sauvignon,1800,21000,2.7,2,data_row
8,6,Wine Grapes (Red),6024,Cabernet Sauvignon,1800,24500,87.3,2,data_row
8,6,Wine Grapes (Red),6024,Cabernet Sauvignon,1800,24800,54.5,2,data_row
8,6,Wine Grapes (Red),6024,Cabernet Sauvignon,1815,100,126.9,2,data_row
8,6,Wine Grapes (Red),6024,Cabernet Sauvignon,1850,100,242.6,2,data_row
8,6,Wine Grapes (Red),6024,Cabernet Sauvignon,1851.71,100,8.6,2,data_row
8,6,Wine Grapes (Red),6024,Cabernet Sauvignon,1854,100,416.6,2,data_row
8,6,Wine Grapes (Red),6024,Cabernet Sauvignon,1870,100,45.5,2,data_row
8,6,Wine Grapes (Red),6024,Cabernet Sauvignon,1880,100,204.1,2,data_row
8,6,Wine Grapes (Red),6024,Cabernet Sauvignon,1900,100,432.8,2,data_row
8,6,Wine Grapes (Red),6024,Cabernet Sauvignon,1900,20800,1.1,2,data_row
8,6,Wine Grapes (Red),6024,Cabernet Sauvignon,1900,24500,242.8,2,data_row
8,6,Wine Grapes (Red),6024,Cabernet Sauvignon,1950,100,10,2,data_row
8,6,Wine Grapes (Red),6024,Cabernet Sauvignon,1971.19,100,114.1,2,data_row
8,6,Wine Grapes (Red),6024,Cabernet Sauvignon,1989.71,100,76.3,2,data_row
8,6,Wine Grapes (Red),6024,Cabernet Sauvignon,1999.52,100,24.8,2,data_row
8,6,Wine Grapes (Red),6024,Cabernet Sauvignon,2000,100,2105.4,2,data_row
8,6,Wine Grapes (Red),6024,Cabernet Sauvignon,2000,13600,1,2,data_row
8,6,Wine Grapes (Red),6024,Cabernet Sauvignon,2000,14100,1.2,2,data_row
8,6,Wine Grapes (Red),6024,Cabernet Sauvignon,2000,17400,1,2,data_row
8,6,Wine Grapes (Red),6024,Cabernet Sauvignon,2000,24500,67.6,2,data_row
8,6,Wine Grapes (Red),6024,Cabernet Sauvignon,2000,27600,1,2,data_row
8,6,Wine Grapes (Red),6024,Cabernet Sauvignon,2002.67,100,17.6,2,data_row
8,6,Wine Grapes (Red),6024,Cabernet Sauvignon,2002.87,100,20.9,2,data_row
8,6,Wine Grapes (Red),6024,Cabernet Sauvignon,2025.97,100,297.6,2,data_row
8,6,Wine Grapes (Red),6024,Cabernet Sauvignon,2050,24500,137.8,2,data_row
8,6,Wine Grapes (Red),6024,Cabernet Sauvignon,2100,100,123.1,2,data_row
8,6,Wine Grapes (Red),6024,Cabernet Sauvignon,2108.06,100,11.7,2,data_row
8,6,Wine Grapes (Red),6024,Cabernet Sauvignon,2120,24500,391.6,2,data_row
8,6,Wine Grapes (Red),6024,Cabernet Sauvignon,2123.92,100,129.2,2,data_row
8,6,Wine Grapes (Red),6024,Cabernet Sauvignon,2150,100,53.7,2,data_row
8,6,Wine Grapes (Red),6024,Cabernet Sauvignon,2200,100,254.9,2,data_row
8,6,Wine Grapes (Red),6024,Cabernet Sauvignon,2200,17400,1,2,data_row
8,6,Wine Grapes (Red),6024,Cabernet Sauvignon,2200,21200,0.9,2,data_row
8,6,Wine Grapes (Red),6024,Cabernet Sauvignon,2200,24500,8.9,2,data_row
8,6,Wine Grapes (Red),6024,Cabernet Sauvignon,2204,100,705,2,data_row
8,6,Wine Grapes (Red),6024,Cabernet Sauvignon,2225,100,11.1,2,data_row
8,6,Wine Grapes (Red),6024,Cabernet Sauvignon,2250,100,214.5,2,data_row
8,6,Wine Grapes (Red),6024,Cabernet Sauvignon,2287.36,100,621.1,2,data_row
8,6,Wine Grapes (Red),6024,Cabernet Sauvignon,2300,100,54.1,2,data_row
8,6,Wine Grapes (Red),6024,Cabernet Sauvignon,2318.01,100,129.1,2,data_row
8,6,Wine Grapes (Red),6024,Cabernet Sauvignon,2350,100,100.2,2,data_row
8,6,Wine Grapes (Red),6024,Cabernet Sauvignon,2350,24800,15.8,2,data_row
8,6,Wine Grapes (Red),6024,Cabernet Sauvignon,2350,25100,47.8,2,data_row
8,6,Wine Grapes (Red),6024,Cabernet Sauvignon,2365,100,4.5,2,data_row
8,6,Wine Grapes (Red),6024,Cabernet Sauvignon,2372.48,100,88.9,2,data_row
8,6,Wine Grapes (Red),6024,Cabernet Sauvignon,2375,100,38.5,2,data_row
8,6,Wine Grapes (Red),6024,Cabernet Sauvignon,2400,100,153.3,2,data_row
8,6,Wine Grapes (Red),6024,Cabernet Sauvignon,2400,24800,24.2,2,data_row
8,6,Wine Grapes (Red),6024,Cabernet Sauvignon,2466,100,6.2,2,data_row
8,6,Wine Grapes (Red),6024,Cabernet Sauvignon,2500,100,557.4,2,data_row
8,6,Wine Grapes (Red),6024,Cabernet Sauvignon,2500,11100,1,2,data_row
8,6,Wine Grapes (Red),6024,Cabernet Sauvignon,2500,17800,8.7,2,data_row
8,6,Wine Grapes (Red),6024,Cabernet Sauvignon,2500,20800,92.5,2,data_row
8,6,Wine Grapes (Red),6024,Cabernet Sauvignon,2500,24800,99.4,2,data_row
8,6,Wine Grapes (Red),6024,Cabernet Sauvignon,2500,27800,10.2,2,data_row
8,6,Wine Grapes (Red),6024,Cabernet Sauvignon,2520,24500,145.5,2,data_row
8,6,Wine Grapes (Red),6024,Cabernet Sauvignon,2550,25100,98.1,2,data_row
8,6,Wine Grapes (Red),6024,Cabernet Sauvignon,2560,21200,7.6,2,data_row
8,6,Wine Grapes (Red),6024,Cabernet Sauvignon,2600,100,82.1,2,data_row
8,6,Wine Grapes (Red),6024,Cabernet Sauvignon,2600,24500,7.2,2,data_row
8,6,Wine Grapes (Red),6024,Cabernet Sauvignon,2675.5,100,7.9,2,data_row
8,6,Wine Grapes (Red),6024,Cabernet Sauvignon,2700,100,8.7,2,data_row
8,6,Wine Grapes (Red),6024,Cabernet Sauvignon,2700,24500,49.5,2,data_row
8,6,Wine Grapes (Red),6024,Cabernet Sauvignon,2731.82,100,10.3,2,data_row
8,6,Wine Grapes (Red),6024,Cabernet Sauvignon,2740.39,25100,124.2,2,data_row
8,6,Wine Grapes (Red),6024,Cabernet Sauvignon,2750,100,3,2,data_row
8,6,Wine Grapes (Red),6024,Cabernet Sauvignon,2800,100,20.5,2,data_row
8,6,Wine Grapes (Red),6024,Cabernet Sauvignon,2800,24500,23.2,2,data_row
8,6,Wine Grapes (Red),6024,Cabernet Sauvignon,2800,69482,49.3,2,data_row
8,6,Wine Grapes (Red),6024,Cabernet Sauvignon,2900,100,221.2,2,data_row
8,6,Wine Grapes (Red),6024,Cabernet Sauvignon,3000,100,333.9,2,data_row
8,6,Wine Grapes (Red),6024,Cabernet Sauvignon,3000,17400,1.1,2,data_row
8,6,Wine Grapes (Red),6024,Cabernet Sauvignon,3016.26,100,2.9,2,data_row
8,6,Wine Grapes (Red),6024,Cabernet Sauvignon,3025,100,40.5,2,data_row
8,6,Wine Grapes (Red),6024,Cabernet Sauvignon,3062.05,100,3.3,2,data_row
8,6,Wine Grapes (Red),6024,Cabernet Sauvignon,3090,100,7.9,2,data_row
8,6,Wine Grapes (Red),6024,Cabernet Sauvignon,3100,100,92.8,2,data_row
8,6,Wine Grapes (Red),6024,Cabernet Sauvignon,3138.74,100,19.3,2,data_row
8,6,Wine Grapes (Red),6024,Cabernet Sauvignon,3183,100,84.1,2,data_row
8,6,Wine Grapes (Red),6024,Cabernet Sauvignon,3200,100,24.5,2,data_row
8,6,Wine Grapes (Red),6024,Cabernet Sauvignon,3200,27800,30.5,2,data_row
8,6,Wine Grapes (Red),6024,Cabernet Sauvignon,3250,100,96.3,2,data_row
8,6,Wine Grapes (Red),6024,Cabernet Sauvignon,3276,100,3,2,data_row
8,6,Wine Grapes (Red),6024,Cabernet Sauvignon,3278,100,62,2,data_row
8,6,Wine Grapes (Red),6024,Cabernet Sauvignon,3300,100,3,2,data_row
8,6,Wine Grapes (Red),6024,Cabernet Sauvignon,3350,100,41,2,data_row
8,6,Wine Grapes (Red),6024,Cabernet Sauvignon,3399,100,8.7,2,data_row
8,6,Wine Grapes (Red),6024,Cabernet Sauvignon,3400,100,14.4,2,data_row
8,6,Wine Grapes (Red),6024,Cabernet Sauvignon,3400,17600,2,2,data_row
8,6,Wine Grapes (Red),6024,Cabernet Sauvignon,3448,100,82.1,2,data_row
8,6,Wine Grapes (Red),6024,Cabernet Sauvignon,3500,100,34.4,2,data_row
8,6,Wine Grapes (Red),6024,Cabernet Sauvignon,3500,21200,2.7,2,data_row
8,6,Wine Grapes (Red),6024,Cabernet Sauvignon,3500,25100,7,2,data_row
8,6,Wine Grapes (Red),6024,Cabernet Sauvignon,3540,100,43.1,2,data_row
8,6,Wine Grapes (Red),6024,Cabernet Sauvignon,3600,100,64.4,2,data_row
8,6,Wine Grapes (Red),6024,Cabernet Sauvignon,3600,21200,1.6,2,data_row
8,6,Wine Grapes (Red),6024,Cabernet Sauvignon,3600,21500,3.4,2,data_row
8,6,Wine Grapes (Red),6024,Cabernet Sauvignon,3653.85,100,11,2,data_row
8,6,Wine Grapes (Red),6024,Cabernet Sauvignon,3700,100,103.7,2,data_row
8,6,Wine Grapes (Red),6024,Cabernet Sauvignon,3789,24500,48.8,2,data_row
8,6,Wine Grapes (Red),6024,Cabernet Sauvignon,3800,100,50.9,2,data_row
8,6,Wine Grapes (Red),6024,Cabernet Sauvignon,3800,27800,10.2,2,data_row
8,6,Wine Grapes (Red),6024,Cabernet Sauvignon,3900,100,2.6,2,data_row
8,6,Wine Grapes (Red),6024,Cabernet Sauvignon,3900.02,100,10.8,2,data_row
8,6,Wine Grapes (Red),6024,Cabernet Sauvignon,4000,100,94.9,2,data_row
8,6,Wine Grapes (Red),6024,Cabernet Sauvignon,4000,25100,34.6,2,data_row
8,6,Wine Grapes (Red),6024,Cabernet Sauvignon,4000,27800,10.7,2,data_row
8,6,Wine Grapes (Red),6024,Cabernet Sauvignon,4066.01,100,6.1,2,data_row
8,6,Wine Grapes (Red),6024,Cabernet Sauvignon,4139.34,100,6.1,2,data_row
8,6,Wine Grapes (Red),6024,Cabernet Sauvignon,4200,100,24.5,2,data_row
8,6,Wine Grapes (Red),6024,Cabernet Sauvignon,4244,100,5.4,2,data_row
8,6,Wine Grapes (Red),6024,Cabernet Sauvignon,4250,100,1,2,data_row
8,6,Wine Grapes (Red),6024,Cabernet Sauvignon,4300,100,17.1,2,data_row
8,6,Wine Grapes (Red),6024,Cabernet Sauvignon,4350,100,11.5,2,data_row
8,6,Wine Grapes (Red),6024,Cabernet Sauvignon,4355,100,1.4,2,data_row
8,6,Wine Grapes (Red),6024,Cabernet Sauvignon,4433.69,100,41.1,2,data_row
8,6,Wine Grapes (Red),6024,Cabernet Sauvignon,4444.98,100,10,2,data_row
8,6,Wine Grapes (Red),6024,Cabernet Sauvignon,4450,100,5.1,2,data_row
8,6,Wine Grapes (Red),6024,Cabernet Sauvignon,4450,9530,3.2,2,data_row
8,6,Wine Grapes (Red),6024,Cabernet Sauvignon,4476.38,100,1.5,2,data_row
8,6,Wine Grapes (Red),6024,Cabernet Sauvignon,4480,100,271.1,2,data_row
8,6,Wine Grapes (Red),6024,Cabernet Sauvignon,4496,24500,26.4,2,data_row
8,6,Wine Grapes (Red),6024,Cabernet Sauvignon,4500,100,140.8,2,data_row
8,6,Wine Grapes (Red),6024,Cabernet Sauvignon,4600,100,40.8,2,data_row
8,6,Wine Grapes (Red),6024,Cabernet Sauvignon,4635,100,7,2,data_row
8,6,Wine Grapes (Red),6024,Cabernet Sauvignon,4650,100,19.6,2,data_row
8,6,Wine Grapes (Red),6024,Cabernet Sauvignon,4700,100,13.1,2,data_row
8,6,Wine Grapes (Red),6024,Cabernet Sauvignon,4725,100,5.5,2,data_row
8,6,Wine Grapes (Red),6024,Cabernet Sauvignon,4750,100,4,2,data_row
8,6,Wine Grapes (Red),6024,Cabernet Sauvignon,4750,17800,1.3,2,data_row
8,6,Wine Grapes (Red),6024,Cabernet Sauvignon,4775,100,8,2,data_row
8,6,Wine Grapes (Red),6024,Cabernet Sauvignon,4775,24800,46.8,2,data_row
8,6,Wine Grapes (Red),6024,Cabernet Sauvignon,4900,100,0.9,2,data_row
8,6,Wine Grapes (Red),6024,Cabernet Sauvignon,5000,100,28.7,2,data_row
8,6,Wine Grapes (Red),6024,Cabernet Sauvignon,5058,24500,86.3,2,data_row
8,6,Wine Grapes (Red),6024,Cabernet Sauvignon,5262.9,17800,3.2,2,data_row
8,6,Wine Grapes (Red),6024,Cabernet Sauvignon,5500,100,7,2,data_row
8,6,Wine Grapes (Red),6024,Cabernet Sauvignon,5500,24500,3.4,2,data_row
8,6,Wine Grapes (Red),6024,Cabernet Sauvignon,5650,100,2,2,data_row
8,6,Wine Grapes (Red),6024,Cabernet Sauvignon,5850,100,5.4,2,data_row
8,6,Wine Grapes (Red),6024,Cabernet Sauvignon,6000,100,25.8,2,data_row
8,6,Wine Grapes (Red),6024,Cabernet Sauvignon,6000,21000,4.7,2,data_row
8,6,Wine Grapes (Red),6024,Cabernet Sauvignon,6000,25100,4.4,2,data_row
8,6,Wine Grapes (Red),6024,Cabernet Sauvignon,6497.72,100,13.6,2,data_row
8,6,Wine Grapes (Red),6024,Cabernet Sauvignon,6500,100,7,2,data_row
8,6,Wine Grapes (Red),6024,Cabernet Sauvignon,6616,100,124.5,2,data_row
8,6,Wine Grapes (Red),6024,Cabernet Sauvignon,7000,100,20.1,2,data_row
8,6,Wine Grapes (Red),6024,Cabernet Sauvignon,7150,100,2,2,data_row
8,6,Wine Grapes (Red),6024,Cabernet Sauvignon,7200,100,1.6,2,data_row
8,6,Wine Grapes (Red),6024,Cabernet Sauvignon,7322.15,100,5.5,2,data_row
8,6,Wine Grapes (Red),6024,Cabernet Sauvignon,7370,100,2.4,2,data_row
8,6,Wine Grapes (Red),6024,Cabernet Sauvignon,7500,100,8.5,2,data_row
8,6,Wine Grapes (Red),6024,Cabernet Sauvignon,7500,9530,1,2,data_row
8,6,Wine Grapes (Red),6024,Cabernet Sauvignon,7700,100,35.7,2,data_row
8,6,Wine Grapes (Red),6024,Cabernet Sauvignon,7700,25100,1.9,2,data_row
8,6,Wine Grapes (Red),6024,Cabernet Sauvignon,8000,100,2.6,2,data_row
8,6,Wine Grapes (Red),6024,Cabernet Sauvignon,8500,100,2,2,data_row
8,6,Wine Grapes (Red),6024,Cabernet Sauvignon,8500,25100,1,2,data_row
8,6,Wine Grapes (Red),6024,Cabernet Sauvignon,12500,100,1.6,2,data_row
8,6,Wine Grapes (Red),6024,Cabernet Sauvignon,1587.52,,48165.6,3,summary_row
8,6,Wine Grapes (Red),6026,Carignane,1638.61,100,128.5,2,data_row
8,6,Wine Grapes (Red),6026,Carignane,1900,100,2.2,2,data_row
8,6,Wine Grapes (Red),6026,Carignane,2000,100,5.2,2,data_row
8,6,Wine Grapes (Red),6026,Carignane,2350,100,1.7,2,data_row
8,6,Wine Grapes (Red),6026,Carignane,2450,100,3.2,2,data_row
8,6,Wine Grapes (Red),6026,Carignane,2500,100,5.4,2,data_row
8,6,Wine Grapes (Red),6026,Carignane,2540,100,5.7,2,data_row
8,6,Wine Grapes (Red),6026,Carignane,2735.19,100,5.2,2,data_row
8,6,Wine Grapes (Red),6026,Carignane,2736,100,1,2,data_row
8,6,Wine Grapes (Red),6026,Carignane,2800,100,1.1,2,data_row
8,6,Wine Grapes (Red),6026,Carignane,3000,100,1.6,2,data_row
8,6,Wine Grapes (Red),6026,Carignane,3000,24500,2,2,data_row
8,6,Wine Grapes (Red),6026,Carignane,3150,100,2.6,2,data_row
8,6,Wine Grapes (Red),6026,Carignane,3250,20800,1.1,2,data_row
8,6,Wine Grapes (Red),6026,Carignane,3500,100,5.6,2,data_row
8,6,Wine Grapes (Red),6026,Carignane,3750,100,2.1,2,data_row
8,6,Wine Grapes (Red),6026,Carignane,4000,100,3.7,2,data_row
8,6,Wine Grapes (Red),6026,Carignane,4500,100,3.7,2,data_row
8,6,Wine Grapes (Red),6026,Carignane,5000,100,1.3,2,data_row
8,6,Wine Grapes (Red),6026,Carignane,6000,100,1,2,data_row
8,6,Wine Grapes (Red),6026,Carignane,7000,100,3.3,2,data_row
8,6,Wine Grapes (Red),6026,Carignane,2147.88,,187.2,3,summary_row
8,6,Wine Grapes (Red),6002,Carmenere,1450,100,0.4,2,data_row
8,6,Wine Grapes (Red),6002,Carmenere,1600,100,10.5,2,data_row
8,6,Wine Grapes (Red),6002,Carmenere,1850,100,1.9,2,data_row
8,6,Wine Grapes (Red),6002,Carmenere,2000,100,0.8,2,data_row
8,6,Wine Grapes (Red),6002,Carmenere,3000,100,4,2,data_row
8,6,Wine Grapes (Red),6002,Carmenere,6616,100,1.5,2,data_row
8,6,Wine Grapes (Red),6002,Carmenere,2325.6,,19.1,3,summary_row
8,6,Wine Grapes (Red),6028,Charbono,1600,100,18.4,2,data_row
8,6,Wine Grapes (Red),6028,Charbono,2000,13600,5.4,2,data_row
8,6,Wine Grapes (Red),6028,Charbono,1690.76,,23.8,3,summary_row
8,6,Wine Grapes (Red),6171,Cinsaut *,550,100,48.5,2,data_row
8,6,Wine Grapes (Red),6171,Cinsaut *,1200,100,99.6,2,data_row
8,6,Wine Grapes (Red),6171,Cinsaut *,1600,100,2.1,2,data_row
8,6,Wine Grapes (Red),6171,Cinsaut *,1831.35,100,6.9,2,data_row
8,6,Wine Grapes (Red),6171,Cinsaut *,1929,100,9.2,2,data_row
8,6,Wine Grapes (Red),6171,Cinsaut *,2000,100,10,2,data_row
8,6,Wine Grapes (Red),6171,Cinsaut *,2395.21,100,5,2,data_row
8,6,Wine Grapes (Red),6171,Cinsaut *,2455,100,1.7,2,data_row
8,6,Wine Grapes (Red),6171,Cinsaut *,2500,13100,3.9,2,data_row
8,6,Wine Grapes (Red),6171,Cinsaut *,2500,24300,6.5,2,data_row
8,6,Wine Grapes (Red),6171,Cinsaut *,2500,24500,1,2,data_row
8,6,Wine Grapes (Red),6171,Cinsaut *,2750,100,2.9,2,data_row
8,6,Wine Grapes (Red),6171,Cinsaut *,2800,100,2.3,2,data_row
8,6,Wine Grapes (Red),6171,Cinsaut *,3000,100,10.2,2,data_row
8,6,Wine Grapes (Red),6171,Cinsaut *,3000,13600,1.5,2,data_row
8,6,Wine Grapes (Red),6171,Cinsaut *,3500,100,9.7,2,data_row
8,6,Wine Grapes (Red),6171,Cinsaut *,4262.03,100,2.4,2,data_row
8,6,Wine Grapes (Red),6171,Cinsaut *,5000,100,1.8,2,data_row
8,6,Wine Grapes (Red),6171,Cinsaut *,1542.1,,225.2,3,summary_row
8,6,Wine Grapes (Red),6185,Counoise,1500,20800,1.5,2,data_row
8,6,Wine Grapes (Red),6185,Counoise,1929,100,12.5,2,data_row
8,6,Wine Grapes (Red),6185,Counoise,2800,100,0.8,2,data_row
8,6,Wine Grapes (Red),6185,Counoise,2800,9500,1.1,2,data_row
8,6,Wine Grapes (Red),6185,Counoise,2882.5,100,9,2,data_row
8,6,Wine Grapes (Red),6185,Counoise,3000,100,3,2,data_row
8,6,Wine Grapes (Red),6185,Counoise,3500,100,1.9,2,data_row
8,6,Wine Grapes (Red),6185,Counoise,4235,100,1.1,2,data_row
8,6,Wine Grapes (Red),6185,Counoise,5000,100,1.4,2,data_row
8,6,Wine Grapes (Red),6185,Counoise,5575,100,3.1,2,data_row
8,6,Wine Grapes (Red),6185,Counoise,2887.46,,35.4,3,summary_row
8,6,Wine Grapes (Red),6173,Dolcetto,1000,100,0.4,2,data_row
8,6,Wine Grapes (Red),6173,Dolcetto,2700,100,8,2,data_row
8,6,Wine Grapes (Red),6173,Dolcetto,2619.05,,8.4,3,summary_row
8,6,Wine Grapes (Red),6014,Dornfelder,3600,100,2.5,2,data_row
8,6,Wine Grapes (Red),6014,Dornfelder,3600,,2.5,3,summary_row
8,6,Wine Grapes (Red),6194,Durif,9100,100,0.1,2,data_row
8,6,Wine Grapes (Red),6194,Durif,9100,,0.1,3,summary_row
8,6,Wine Grapes (Red),6034,Gamay Noir Au Jus Blanc,2500,100,1.5,2,data_row
8,6,Wine Grapes (Red),6034,Gamay Noir Au Jus Blanc,3700,100,0.8,2,data_row
8,6,Wine Grapes (Red),6034,Gamay Noir Au Jus Blanc,3800,100,1.6,2,data_row
8,6,Wine Grapes (Red),6034,Gamay Noir Au Jus Blanc,3279.49,,3.9,3,summary_row
8,6,Wine Grapes (Red),6196,Graciano,100,100,1.7,2,data_row
8,6,Wine Grapes (Red),6196,Graciano,1600,100,22.6,2,data_row
8,6,Wine Grapes (Red),6196,Graciano,1800,100,0.9,2,data_row
8,6,Wine Grapes (Red),6196,Graciano,2000,100,6.8,2,data_row
8,6,Wine Grapes (Red),6196,Graciano,2293,100,3.5,2,data_row
8,6,Wine Grapes (Red),6196,Graciano,2400,100,1,2,data_row
8,6,Wine Grapes (Red),6196,Graciano,2400,11300,1,2,data_row
8,6,Wine Grapes (Red),6196,Graciano,2500,100,0.4,2,data_row
8,6,Wine Grapes (Red),6196,Graciano,2700,17400,1.7,2,data_row
8,6,Wine Grapes (Red),6196,Graciano,2800,100,2.5,2,data_row
8,6,Wine Grapes (Red),6196,Graciano,2850,100,11.7,2,data_row
8,6,Wine Grapes (Red),6196,Graciano,3200,24500,1,2,data_row
8,6,Wine Grapes (Red),6196,Graciano,3300,100,2.4,2,data_row
8,6,Wine Grapes (Red),6196,Graciano,3333.33,100,3.6,2,data_row
8,6,Wine Grapes (Red),6196,Graciano,3400,100,2.1,2,data_row
8,6,Wine Grapes (Red),6196,Graciano,3400,21200,1.2,2,data_row
8,6,Wine Grapes (Red),6196,Graciano,3448,100,8.3,2,data_row
8,6,Wine Grapes (Red),6196,Graciano,3450,100,2.1,2,data_row
8,6,Wine Grapes (Red),6196,Graciano,3500,100,8,2,data_row
8,6,Wine Grapes (Red),6196,Graciano,3750,21000,9.4,2,data_row
8,6,Wine Grapes (Red),6196,Graciano,4000,100,3.2,2,data_row
8,6,Wine Grapes (Red),6196,Graciano,4000,21500,3.9,2,data_row
8,6,Wine Grapes (Red),6196,Graciano,5000,100,1.7,2,data_row
8,6,Wine Grapes (Red),6196,Graciano,5000,24500,1.7,2,data_row
8,6,Wine Grapes (Red),6196,Graciano,5500,100,1.1,2,data_row
8,6,Wine Grapes (Red),6196,Graciano,7000,100,4.7,2,data_row
8,6,Wine Grapes (Red),6196,Graciano,8000,100,4.7,2,data_row
8,6,Wine Grapes (Red),6196,Graciano,8500,100,1.2,2,data_row
8,6,Wine Grapes (Red),6196,Graciano,9100,100,3.5,2,data_row
8,6,Wine Grapes (Red),6196,Graciano,9325,100,9.1,2,data_row
8,6,Wine Grapes (Red),6196,Graciano,9325,25100,0.6,2,data_row
8,6,Wine Grapes (Red),6196,Graciano,9350,100,7.5,2,data_row
8,6,Wine Grapes (Red),6196,Graciano,4216.18,,134.8,3,summary_row
8,6,Wine Grapes (Red),6058,Grenache *,450,100,2.2,2,data_row
8,6,Wine Grapes (Red),6058,Grenache *,500,100,411.3,2,data_row
8,6,Wine Grapes (Red),6058,Grenache *,500,13600,1.7,2,data_row
8,6,Wine Grapes (Red),6058,Grenache *,575,100,325.6,2,data_row
8,6,Wine Grapes (Red),6058,Grenache *,577,100,101.7,2,data_row
8,6,Wine Grapes (Red),6058,Grenache *,600,100,210.8,2,data_row
8,6,Wine Grapes (Red),6058,Grenache *,750,100,5,2,data_row
8,6,Wine Grapes (Red),6058,Grenache *,750,25100,1.4,2,data_row
8,6,Wine Grapes (Red),6058,Grenache *,900,100,46.6,2,data_row
8,6,Wine Grapes (Red),6058,Grenache *,950,100,15.2,2,data_row
8,6,Wine Grapes (Red),6058,Grenache *,1000,100,26,2,data_row
8,6,Wine Grapes (Red),6058,Grenache *,1017,1400,17.7,2,data_row
8,6,Wine Grapes (Red),6058,Grenache *,1125,100,92.9,2,data_row
8,6,Wine Grapes (Red),6058,Grenache *,1200,100,62.1,2,data_row
8,6,Wine Grapes (Red),6058,Grenache *,1216.5,100,11.3,2,data_row
8,6,Wine Grapes (Red),6058,Grenache *,1250,100,27.9,2,data_row
8,6,Wine Grapes (Red),6058,Grenache *,1273.08,100,48.5,2,data_row
8,6,Wine Grapes (Red),6058,Grenache *,1300,100,72.9,2,data_row
8,6,Wine Grapes (Red),6058,Grenache *,1300,26700,3.2,2,data_row
8,6,Wine Grapes (Red),6058,Grenache *,1400,100,3.1,2,data_row
8,6,Wine Grapes (Red),6058,Grenache *,1426.44,100,20.4,2,data_row
8,6,Wine Grapes (Red),6058,Grenache *,1500,100,13.2,2,data_row
8,6,Wine Grapes (Red),6058,Grenache *,1500,13100,2.9,2,data_row
8,6,Wine Grapes (Red),6058,Grenache *,1500,21000,1,2,data_row
8,6,Wine Grapes (Red),6058,Grenache *,1547,100,1.6,2,data_row
8,6,Wine Grapes (Red),6058,Grenache *,1560.62,100,238.8,2,data_row
8,6,Wine Grapes (Red),6058,Grenache *,1600,100,2.6,2,data_row
8,6,Wine Grapes (Red),6058,Grenache *,1650,100,23.3,2,data_row
8,6,Wine Grapes (Red),6058,Grenache *,1750,100,5,2,data_row
8,6,Wine Grapes (Red),6058,Grenache *,1800,100,27.7,2,data_row
8,6,Wine Grapes (Red),6058,Grenache *,1800,20800,2,2,data_row
8,6,Wine Grapes (Red),6058,Grenache *,1867,100,30.2,2,data_row
8,6,Wine Grapes (Red),6058,Grenache *,1900,100,58.6,2,data_row
8,6,Wine Grapes (Red),6058,Grenache *,1900,16800,5,2,data_row
8,6,Wine Grapes (Red),6058,Grenache *,1929,100,15.2,2,data_row
8,6,Wine Grapes (Red),6058,Grenache *,2000,100,62.1,2,data_row
8,6,Wine Grapes (Red),6058,Grenache *,2000,7900,8,2,data_row
8,6,Wine Grapes (Red),6058,Grenache *,2000,9500,3,2,data_row
8,6,Wine Grapes (Red),6058,Grenache *,2000,10700,1,2,data_row
8,6,Wine Grapes (Red),6058,Grenache *,2000,13400,0.5,2,data_row
8,6,Wine Grapes (Red),6058,Grenache *,2000,13600,3.2,2,data_row
8,6,Wine Grapes (Red),6058,Grenache *,2000,17000,3.3,2,data_row
8,6,Wine Grapes (Red),6058,Grenache *,2051.04,100,12.2,2,data_row
8,6,Wine Grapes (Red),6058,Grenache *,2100,100,4,2,data_row
8,6,Wine Grapes (Red),6058,Grenache *,2100,21200,3.2,2,data_row
8,6,Wine Grapes (Red),6058,Grenache *,2105.79,100,36.4,2,data_row
8,6,Wine Grapes (Red),6058,Grenache *,2191.65,24800,4.3,2,data_row
8,6,Wine Grapes (Red),6058,Grenache *,2200,100,58.4,2,data_row
8,6,Wine Grapes (Red),6058,Grenache *,2200,17400,1,2,data_row
8,6,Wine Grapes (Red),6058,Grenache *,2250,15500,2.6,2,data_row
8,6,Wine Grapes (Red),6058,Grenache *,2267,100,2.7,2,data_row
8,6,Wine Grapes (Red),6058,Grenache *,2298,24500,31.6,2,data_row
8,6,Wine Grapes (Red),6058,Grenache *,2300,100,1,2,data_row
8,6,Wine Grapes (Red),6058,Grenache *,2300,25100,2,2,data_row
8,6,Wine Grapes (Red),6058,Grenache *,2400,100,2.4,2,data_row
8,6,Wine Grapes (Red),6058,Grenache *,2500,100,133.1,2,data_row
8,6,Wine Grapes (Red),6058,Grenache *,2500,11400,2.1,2,data_row
8,6,Wine Grapes (Red),6058,Grenache *,2500,13100,18.1,2,data_row
8,6,Wine Grapes (Red),6058,Grenache *,2500,13400,7.7,2,data_row
8,6,Wine Grapes (Red),6058,Grenache *,2500,14000,0.6,2,data_row
8,6,Wine Grapes (Red),6058,Grenache *,2500,17800,11.4,2,data_row
8,6,Wine Grapes (Red),6058,Grenache *,2500,27800,0.6,2,data_row
8,6,Wine Grapes (Red),6058,Grenache *,2540,100,4.6,2,data_row
8,6,Wine Grapes (Red),6058,Grenache *,2550,100,9.6,2,data_row
8,6,Wine Grapes (Red),6058,Grenache *,2600,100,4,2,data_row
8,6,Wine Grapes (Red),6058,Grenache *,2612,100,8.3,2,data_row
8,6,Wine Grapes (Red),6058,Grenache *,2675,100,7.3,2,data_row
8,6,Wine Grapes (Red),6058,Grenache *,2700,100,35.9,2,data_row
8,6,Wine Grapes (Red),6058,Grenache *,2750,100,4.5,2,data_row
8,6,Wine Grapes (Red),6058,Grenache *,2753.04,100,5,2,data_row
8,6,Wine Grapes (Red),6058,Grenache *,2790.97,100,39,2,data_row
8,6,Wine Grapes (Red),6058,Grenache *,2800,100,15.4,2,data_row
8,6,Wine Grapes (Red),6058,Grenache *,2800,17200,3.5,2,data_row
8,6,Wine Grapes (Red),6058,Grenache *,2800,18900,1.1,2,data_row
8,6,Wine Grapes (Red),6058,Grenache *,2800,21000,21.7,2,data_row
8,6,Wine Grapes (Red),6058,Grenache *,2850,100,10.6,2,data_row
8,6,Wine Grapes (Red),6058,Grenache *,2850,11100,2.5,2,data_row
8,6,Wine Grapes (Red),6058,Grenache *,2850,17400,1.8,2,data_row
8,6,Wine Grapes (Red),6058,Grenache *,2900,100,2.1,2,data_row
8,6,Wine Grapes (Red),6058,Grenache *,2932.14,100,11.2,2,data_row
8,6,Wine Grapes (Red),6058,Grenache *,2970,20800,6,2,data_row
8,6,Wine Grapes (Red),6058,Grenache *,3000,100,30.3,2,data_row
8,6,Wine Grapes (Red),6058,Grenache *,3000,20800,2.5,2,data_row
8,6,Wine Grapes (Red),6058,Grenache *,3000,27560,2.2,2,data_row
8,6,Wine Grapes (Red),6058,Grenache *,3017,2600,13,2,data_row
8,6,Wine Grapes (Red),6058,Grenache *,3100,100,10.6,2,data_row
8,6,Wine Grapes (Red),6058,Grenache *,3100,20800,1,2,data_row
8,6,Wine Grapes (Red),6058,Grenache *,3135,100,2.5,2,data_row
8,6,Wine Grapes (Red),6058,Grenache *,3200,100,9.4,2,data_row
8,6,Wine Grapes (Red),6058,Grenache *,3200,17400,12.9,2,data_row
8,6,Wine Grapes (Red),6058,Grenache *,3250,100,26.4,2,data_row
8,6,Wine Grapes (Red),6058,Grenache *,3300,100,21.7,2,data_row
8,6,Wine Grapes (Red),6058,Grenache *,3300,9500,3,2,data_row
8,6,Wine Grapes (Red),6058,Grenache *,3300,11400,15.6,2,data_row
8,6,Wine Grapes (Red),6058,Grenache *,3300,21000,1.6,2,data_row
8,6,Wine Grapes (Red),6058,Grenache *,3302.52,100,9.5,2,data_row
8,6,Wine Grapes (Red),6058,Grenache *,3350,27800,10,2,data_row
8,6,Wine Grapes (Red),6058,Grenache *,3400,100,6.4,2,data_row
8,6,Wine Grapes (Red),6058,Grenache *,3448,100,11.7,2,data_row
8,6,Wine Grapes (Red),6058,Grenache *,3500,100,52.9,2,data_row
8,6,Wine Grapes (Red),6058,Grenache *,3500,20800,3.3,2,data_row
8,6,Wine Grapes (Red),6058,Grenache *,3596,100,3.2,2,data_row
8,6,Wine Grapes (Red),6058,Grenache *,3650,100,1.5,2,data_row
8,6,Wine Grapes (Red),6058,Grenache *,3674.42,100,5.2,2,data_row
8,6,Wine Grapes (Red),6058,Grenache *,3750,100,1.7,2,data_row
8,6,Wine Grapes (Red),6058,Grenache *,3750,17000,3.1,2,data_row
8,6,Wine Grapes (Red),6058,Grenache *,3800,100,6.7,2,data_row
8,6,Wine Grapes (Red),6058,Grenache *,3825,100,4.9,2,data_row
8,6,Wine Grapes (Red),6058,Grenache *,3980,100,1.6,2,data_row
8,6,Wine Grapes (Red),6058,Grenache *,4000,100,42,2,data_row
8,6,Wine Grapes (Red),6058,Grenache *,4000,20800,3,2,data_row
8,6,Wine Grapes (Red),6058,Grenache *,4000,22700,2,2,data_row
8,6,Wine Grapes (Red),6058,Grenache *,4100,100,2.9,2,data_row
8,6,Wine Grapes (Red),6058,Grenache *,4100,24500,2.5,2,data_row
8,6,Wine Grapes (Red),6058,Grenache *,4200,100,18.7,2,data_row
8,6,Wine Grapes (Red),6058,Grenache *,4250,100,2.4,2,data_row
8,6,Wine Grapes (Red),6058,Grenache *,4275.86,100,6.1,2,data_row
8,6,Wine Grapes (Red),6058,Grenache *,4300,100,1,2,data_row
8,6,Wine Grapes (Red),6058,Grenache *,4400,100,4.7,2,data_row
8,6,Wine Grapes (Red),6058,Grenache *,4480,100,3.8,2,data_row
8,6,Wine Grapes (Red),6058,Grenache *,4500,100,16.9,2,data_row
8,6,Wine Grapes (Red),6058,Grenache *,4500,20800,6.6,2,data_row
8,6,Wine Grapes (Red),6058,Grenache *,4600,100,2,2,data_row
8,6,Wine Grapes (Red),6058,Grenache *,4635,100,8.9,2,data_row
8,6,Wine Grapes (Red),6058,Grenache *,4635,25100,3.2,2,data_row
8,6,Wine Grapes (Red),6058,Grenache *,4700,100,0.5,2,data_row
8,6,Wine Grapes (Red),6058,Grenache *,4750,17800,4,2,data_row
8,6,Wine Grapes (Red),6058,Grenache *,4800,29900,9,2,data_row
8,6,Wine Grapes (Red),6058,Grenache *,4953.85,100,1.3,2,data_row
8,6,Wine Grapes (Red),6058,Grenache *,5000,100,13.7,2,data_row
8,6,Wine Grapes (Red),6058,Grenache *,5000,24500,7.1,2,data_row
8,6,Wine Grapes (Red),6058,Grenache *,5000,26800,14,2,data_row
8,6,Wine Grapes (Red),6058,Grenache *,5024.22,100,2,2,data_row
8,6,Wine Grapes (Red),6058,Grenache *,5058,24500,8.2,2,data_row
8,6,Wine Grapes (Red),6058,Grenache *,5076.9,21500,2.7,2,data_row
8,6,Wine Grapes (Red),6058,Grenache *,5091,100,1.7,2,data_row
8,6,Wine Grapes (Red),6058,Grenache *,5141.19,100,3.3,2,data_row
8,6,Wine Grapes (Red),6058,Grenache *,5197.67,100,5.2,2,data_row
8,6,Wine Grapes (Red),6058,Grenache *,5200,100,2.9,2,data_row
8,6,Wine Grapes (Red),6058,Grenache *,5250,100,5.4,2,data_row
8,6,Wine Grapes (Red),6058,Grenache *,5271,100,2,2,data_row
8,6,Wine Grapes (Red),6058,Grenache *,5500,100,8,2,data_row
8,6,Wine Grapes (Red),6058,Grenache *,5500,24500,1.5,2,data_row
8,6,Wine Grapes (Red),6058,Grenache *,5662,21500,0.5,2,data_row
8,6,Wine Grapes (Red),6058,Grenache *,6000,100,11,2,data_row
8,6,Wine Grapes (Red),6058,Grenache *,6200,100,2.1,2,data_row
8,6,Wine Grapes (Red),6058,Grenache *,6500,100,4.6,2,data_row
8,6,Wine Grapes (Red),6058,Grenache *,6737,100,3.3,2,data_row
8,6,Wine Grapes (Red),6058,Grenache *,7000,100,59.8,2,data_row
8,6,Wine Grapes (Red),6058,Grenache *,7000,25100,1.6,2,data_row
8,6,Wine Grapes (Red),6058,Grenache *,7322.15,100,13,2,data_row
8,6,Wine Grapes (Red),6058,Grenache *,7350,100,1,2,data_row
8,6,Wine Grapes (Red),6058,Grenache *,7491,100,2,2,data_row
8,6,Wine Grapes (Red),6058,Grenache *,7527.44,17800,24.1,2,data_row
8,6,Wine Grapes (Red),6058,Grenache *,8000,100,10.8,2,data_row
8,6,Wine Grapes (Red),6058,Grenache *,8181.2,100,13.5,2,data_row
8,6,Wine Grapes (Red),6058,Grenache *,9325,100,21.1,2,data_row
8,6,Wine Grapes (Red),6058,Grenache *,9325,21500,2.8,2,data_row
8,6,Wine Grapes (Red),6058,Grenache *,9325,25100,3.3,2,data_row
8,6,Wine Grapes (Red),6058,Grenache *,9350,100,9,2,data_row
8,6,Wine Grapes (Red),6058,Grenache *,9714,100,0.6,2,data_row
8,6,Wine Grapes (Red),6058,Grenache *,13379,100,8.4,2,data_row
8,6,Wine Grapes (Red),6058,Grenache *,13840,100,1.7,2,data_row
8,6,Wine Grapes (Red),6058,Grenache *,16000,100,0.3,2,data_row
8,6,Wine Grapes (Red),6058,Grenache *,2093.14,,3233.3,3,summary_row
8,6,Wine Grapes (Red),6197,Lagrein,1500,100,15.2,2,data_row
8,6,Wine Grapes (Red),6197,Lagrein,1625,100,65.5,2,data_row
8,6,Wine Grapes (Red),6197,Lagrein,1700,100,38.4,2,data_row
8,6,Wine Grapes (Red),6197,Lagrein,2600,13400,10,2,data_row
8,6,Wine Grapes (Red),6197,Lagrein,2600,24500,12.2,2,data_row
8,6,Wine Grapes (Red),6197,Lagrein,2700,100,4.1,2,data_row
8,6,Wine Grapes (Red),6197,Lagrein,1810.92,,145.4,3,summary_row
8,6,Wine Grapes (Red),6076,Malbec,500,17000,1.5,2,data_row
8,6,Wine Grapes (Red),6076,Malbec,1000,100,1.9,2,data_row
8,6,Wine Grapes (Red),6076,Malbec,1200,100,3.5,2,data_row
8,6,Wine Grapes (Red),6076,Malbec,1300,100,116.3,2,data_row
8,6,Wine Grapes (Red),6076,Malbec,1350,100,20.5,2,data_row
8,6,Wine Grapes (Red),6076,Malbec,1400,100,191.1,2,data_row
8,6,Wine Grapes (Red),6076,Malbec,1426.44,100,12.3,2,data_row
8,6,Wine Grapes (Red),6076,Malbec,1600,100,13.8,2,data_row
8,6,Wine Grapes (Red),6076,Malbec,1600,26700,6.3,2,data_row
8,6,Wine Grapes (Red),6076,Malbec,1700,100,16.5,2,data_row
8,6,Wine Grapes (Red),6076,Malbec,1720,100,25.5,2,data_row
8,6,Wine Grapes (Red),6076,Malbec,1750,100,2.9,2,data_row
8,6,Wine Grapes (Red),6076,Malbec,1764,100,31.4,2,data_row
8,6,Wine Grapes (Red),6076,Malbec,1800,100,32.1,2,data_row
8,6,Wine Grapes (Red),6076,Malbec,1850,100,29.8,2,data_row
8,6,Wine Grapes (Red),6076,Malbec,1900,100,32,2,data_row
8,6,Wine Grapes (Red),6076,Malbec,1950,100,4.4,2,data_row
8,6,Wine Grapes (Red),6076,Malbec,2000,100,33.8,2,data_row
8,6,Wine Grapes (Red),6076,Malbec,2200,100,67.8,2,data_row
8,6,Wine Grapes (Red),6076,Malbec,2250,24800,54.9,2,data_row
8,6,Wine Grapes (Red),6076,Malbec,2350,25100,21.5,2,data_row
8,6,Wine Grapes (Red),6076,Malbec,2436,24500,3.8,2,data_row
8,6,Wine Grapes (Red),6076,Malbec,2437.74,100,46.5,2,data_row
8,6,Wine Grapes (Red),6076,Malbec,2475,100,4,2,data_row
8,6,Wine Grapes (Red),6076,Malbec,2500,100,20.5,2,data_row
8,6,Wine Grapes (Red),6076,Malbec,2644.95,67992,67.2,2,data_row
8,6,Wine Grapes (Red),6076,Malbec,2733.84,100,17.7,2,data_row
8,6,Wine Grapes (Red),6076,Malbec,2850,100,0.6,2,data_row
8,6,Wine Grapes (Red),6076,Malbec,3000,100,8.9,2,data_row
8,6,Wine Grapes (Red),6076,Malbec,3000,17600,1,2,data_row
8,6,Wine Grapes (Red),6076,Malbec,3150,100,3.2,2,data_row
8,6,Wine Grapes (Red),6076,Malbec,3183,100,5.3,2,data_row
8,6,Wine Grapes (Red),6076,Malbec,3200,100,29.2,2,data_row
8,6,Wine Grapes (Red),6076,Malbec,3250,100,1.6,2,data_row
8,6,Wine Grapes (Red),6076,Malbec,3500,100,8,2,data_row
8,6,Wine Grapes (Red),6076,Malbec,3670,100,1.4,2,data_row
8,6,Wine Grapes (Red),6076,Malbec,3700,100,1.1,2,data_row
8,6,Wine Grapes (Red),6076,Malbec,3900,100,2.2,2,data_row
8,6,Wine Grapes (Red),6076,Malbec,4000,25100,3.1,2,data_row
8,6,Wine Grapes (Red),6076,Malbec,4650,100,3.5,2,data_row
8,6,Wine Grapes (Red),6076,Malbec,4817,24500,2,2,data_row
8,6,Wine Grapes (Red),6076,Malbec,6616,100,29.9,2,data_row
8,6,Wine Grapes (Red),6076,Malbec,2098.16,,980.5,3,summary_row
8,6,Wine Grapes (Red),6201,Marselan,500,100,1,2,data_row
8,6,Wine Grapes (Red),6201,Marselan,1230,100,17.7,2,data_row
8,6,Wine Grapes (Red),6201,Marselan,1900,14100,0.7,2,data_row
8,6,Wine Grapes (Red),6201,Marselan,1216.55,,19.4,3,summary_row
8,6,Wine Grapes (Red),6200,Mencia,1000,100,3.6,2,data_row
8,6,Wine Grapes (Red),6200,Mencia,1800,100,0.3,2,data_row
8,6,Wine Grapes (Red),6200,Mencia,2805.61,100,3,2,data_row
8,6,Wine Grapes (Red),6200,Mencia,3300,17000,1.9,2,data_row
8,6,Wine Grapes (Red),6200,Mencia,3850,11100,1.1,2,data_row
8,6,Wine Grapes (Red),6200,Mencia,4000,100,5.5,2,data_row
8,6,Wine Grapes (Red),6200,Mencia,2926.09,,15.4,3,summary_row
8,6,Wine Grapes (Red),6084,Merlot,250,100,269,2,data_row
8,6,Wine Grapes (Red),6084,Merlot,400,100,5,2,data_row
8,6,Wine Grapes (Red),6084,Merlot,650,100,94.9,2,data_row
8,6,Wine Grapes (Red),6084,Merlot,700,100,2.2,2,data_row
8,6,Wine Grapes (Red),6084,Merlot,800,100,791.2,2,data_row
8,6,Wine Grapes (Red),6084,Merlot,900,100,45.4,2,data_row
8,6,Wine Grapes (Red),6084,Merlot,1000,100,44.6,2,data_row
8,6,Wine Grapes (Red),6084,Merlot,1200,100,70.6,2,data_row
8,6,Wine Grapes (Red),6084,Merlot,1230,100,7.1,2,data_row
8,6,Wine Grapes (Red),6084,Merlot,1250,100,492,2,data_row
8,6,Wine Grapes (Red),6084,Merlot,1350,100,1.1,2,data_row
8,6,Wine Grapes (Red),6084,Merlot,1400,100,580.1,2,data_row
8,6,Wine Grapes (Red),6084,Merlot,1407,24500,1.4,2,data_row
8,6,Wine Grapes (Red),6084,Merlot,1412.9,100,292.3,2,data_row
8,6,Wine Grapes (Red),6084,Merlot,1413,24800,1.2,2,data_row
8,6,Wine Grapes (Red),6084,Merlot,1426.44,100,7.7,2,data_row
8,6,Wine Grapes (Red),6084,Merlot,1450,100,4.8,2,data_row
8,6,Wine Grapes (Red),6084,Merlot,1500,100,504.1,2,data_row
8,6,Wine Grapes (Red),6084,Merlot,1550,24800,197.6,2,data_row
8,6,Wine Grapes (Red),6084,Merlot,1630,100,24.2,2,data_row
8,6,Wine Grapes (Red),6084,Merlot,1694.9,100,5.4,2,data_row
8,6,Wine Grapes (Red),6084,Merlot,1800,100,43.4,2,data_row
8,6,Wine Grapes (Red),6084,Merlot,1850,100,41.8,2,data_row
8,6,Wine Grapes (Red),6084,Merlot,1852.33,100,12.2,2,data_row
8,6,Wine Grapes (Red),6084,Merlot,2000,100,99.3,2,data_row
8,6,Wine Grapes (Red),6084,Merlot,2000,21200,1,2,data_row
8,6,Wine Grapes (Red),6084,Merlot,2000,27800,7.8,2,data_row
8,6,Wine Grapes (Red),6084,Merlot,2050,100,49.7,2,data_row
8,6,Wine Grapes (Red),6084,Merlot,2050,24800,15.6,2,data_row
8,6,Wine Grapes (Red),6084,Merlot,2100.83,100,72.5,2,data_row
8,6,Wine Grapes (Red),6084,Merlot,2200,20800,1,2,data_row
8,6,Wine Grapes (Red),6084,Merlot,2200,21000,0.5,2,data_row
8,6,Wine Grapes (Red),6084,Merlot,2250,100,1.1,2,data_row
8,6,Wine Grapes (Red),6084,Merlot,2300,100,104.2,2,data_row
8,6,Wine Grapes (Red),6084,Merlot,2300,27500,0.5,2,data_row
8,6,Wine Grapes (Red),6084,Merlot,2400,100,3,2,data_row
8,6,Wine Grapes (Red),6084,Merlot,2400,24500,33.4,2,data_row
8,6,Wine Grapes (Red),6084,Merlot,2425.5,100,17.4,2,data_row
8,6,Wine Grapes (Red),6084,Merlot,2500,100,15.7,2,data_row
8,6,Wine Grapes (Red),6084,Merlot,2500,14100,1.5,2,data_row
8,6,Wine Grapes (Red),6084,Merlot,2620,100,6.5,2,data_row
8,6,Wine Grapes (Red),6084,Merlot,2700,100,5.9,2,data_row
8,6,Wine Grapes (Red),6084,Merlot,2700,17600,4,2,data_row
8,6,Wine Grapes (Red),6084,Merlot,2800,100,30.8,2,data_row
8,6,Wine Grapes (Red),6084,Merlot,3000,100,7.5,2,data_row
8,6,Wine Grapes (Red),6084,Merlot,3100,100,2.7,2,data_row
8,6,Wine Grapes (Red),6084,Merlot,3150,100,6.4,2,data_row
8,6,Wine Grapes (Red),6084,Merlot,3183,17400,5,2,data_row
8,6,Wine Grapes (Red),6084,Merlot,3250,100,3,2,data_row
8,6,Wine Grapes (Red),6084,Merlot,3500,100,4.9,2,data_row
8,6,Wine Grapes (Red),6084,Merlot,3540,100,3.9,2,data_row
8,6,Wine Grapes (Red),6084,Merlot,3700,100,3.2,2,data_row
8,6,Wine Grapes (Red),6084,Merlot,3750,100,2.4,2,data_row
8,6,Wine Grapes (Red),6084,Merlot,4500,100,1.5,2,data_row
8,6,Wine Grapes (Red),6084,Merlot,4509,100,3.1,2,data_row
8,6,Wine Grapes (Red),6084,Merlot,5058,24500,30.2,2,data_row
8,6,Wine Grapes (Red),6084,Merlot,7000,100,1.2,2,data_row
8,6,Wine Grapes (Red),6084,Merlot,7700,100,3.3,2,data_row
8,6,Wine Grapes (Red),6084,Merlot,1341.15,,4089,3,summary_row
8,6,Wine Grapes (Red),6085,Meunier *,1400,100,2,2,data_row
8,6,Wine Grapes (Red),6085,Meunier *,1500,100,1.5,2,data_row
8,6,Wine Grapes (Red),6085,Meunier *,3000,100,1.7,2,data_row
8,6,Wine Grapes (Red),6085,Meunier *,3250,15700,1,2,data_row
8,6,Wine Grapes (Red),6085,Meunier *,13379,100,2.3,2,data_row
8,6,Wine Grapes (Red),6085,Meunier *,5196.67,,8.5,3,summary_row
8,6,Wine Grapes (Red),6189,Montepulciano,1900,100,3.3,2,data_row
8,6,Wine Grapes (Red),6189,Montepulciano,2800,100,1.5,2,data_row
8,6,Wine Grapes (Red),6189,Montepulciano,2181.25,,4.8,3,summary_row
8,6,Wine Grapes (Red),6081,Mourvedre *,400,100,20.2,2,data_row
8,6,Wine Grapes (Red),6081,Mourvedre *,500,13600,0.8,2,data_row
8,6,Wine Grapes (Red),6081,Mourvedre *,550,100,13.9,2,data_row
8,6,Wine Grapes (Red),6081,Mourvedre *,950,100,10.3,2,data_row
8,6,Wine Grapes (Red),6081,Mourvedre *,1000,100,2.1,2,data_row
8,6,Wine Grapes (Red),6081,Mourvedre *,1200,25400,1,2,data_row
8,6,Wine Grapes (Red),6081,Mourvedre *,1250,100,70.4,2,data_row
8,6,Wine Grapes (Red),6081,Mourvedre *,1426.44,100,9.5,2,data_row
8,6,Wine Grapes (Red),6081,Mourvedre *,1500,100,1.5,2,data_row
8,6,Wine Grapes (Red),6081,Mourvedre *,1638.61,20800,88.4,2,data_row
8,6,Wine Grapes (Red),6081,Mourvedre *,1800,100,2.7,2,data_row
8,6,Wine Grapes (Red),6081,Mourvedre *,1900,100,2,2,data_row
8,6,Wine Grapes (Red),6081,Mourvedre *,1929,100,3.1,2,data_row
8,6,Wine Grapes (Red),6081,Mourvedre *,2000,100,8.5,2,data_row
8,6,Wine Grapes (Red),6081,Mourvedre *,2000,13100,10.2,2,data_row
8,6,Wine Grapes (Red),6081,Mourvedre *,2000,17200,1.2,2,data_row
8,6,Wine Grapes (Red),6081,Mourvedre *,2028.19,100,6.5,2,data_row
8,6,Wine Grapes (Red),6081,Mourvedre *,2200,100,2.5,2,data_row
8,6,Wine Grapes (Red),6081,Mourvedre *,2200,21200,11.9,2,data_row
8,6,Wine Grapes (Red),6081,Mourvedre *,2500,100,32.9,2,data_row
8,6,Wine Grapes (Red),6081,Mourvedre *,2500,9500,1,2,data_row
8,6,Wine Grapes (Red),6081,Mourvedre *,2500,11100,0.7,2,data_row
8,6,Wine Grapes (Red),6081,Mourvedre *,2500,17800,3.9,2,data_row
8,6,Wine Grapes (Red),6081,Mourvedre *,2600,100,14.7,2,data_row
8,6,Wine Grapes (Red),6081,Mourvedre *,2700,100,1.7,2,data_row
8,6,Wine Grapes (Red),6081,Mourvedre *,2800,100,18.3,2,data_row
8,6,Wine Grapes (Red),6081,Mourvedre *,2850,100,0.3,2,data_row
8,6,Wine Grapes (Red),6081,Mourvedre *,2860.4,100,26.6,2,data_row
8,6,Wine Grapes (Red),6081,Mourvedre *,2868.41,100,6.4,2,data_row
8,6,Wine Grapes (Red),6081,Mourvedre *,2887.46,100,2.1,2,data_row
8,6,Wine Grapes (Red),6081,Mourvedre *,2900,100,3.1,2,data_row
8,6,Wine Grapes (Red),6081,Mourvedre *,2900,17400,1,2,data_row
8,6,Wine Grapes (Red),6081,Mourvedre *,2915,24500,25.8,2,data_row
8,6,Wine Grapes (Red),6081,Mourvedre *,3000,100,24.2,2,data_row
8,6,Wine Grapes (Red),6081,Mourvedre *,3100,100,12.3,2,data_row
8,6,Wine Grapes (Red),6081,Mourvedre *,3280,100,9.2,2,data_row
8,6,Wine Grapes (Red),6081,Mourvedre *,3300,100,2.5,2,data_row
8,6,Wine Grapes (Red),6081,Mourvedre *,3400,100,3.5,2,data_row
8,6,Wine Grapes (Red),6081,Mourvedre *,3500,100,18,2,data_row
8,6,Wine Grapes (Red),6081,Mourvedre *,3500,25100,3,2,data_row
8,6,Wine Grapes (Red),6081,Mourvedre *,3700,100,3.1,2,data_row
8,6,Wine Grapes (Red),6081,Mourvedre *,3700,22500,1.1,2,data_row
8,6,Wine Grapes (Red),6081,Mourvedre *,3800,100,6.4,2,data_row
8,6,Wine Grapes (Red),6081,Mourvedre *,3900,100,2,2,data_row
8,6,Wine Grapes (Red),6081,Mourvedre *,3900,24500,2,2,data_row
8,6,Wine Grapes (Red),6081,Mourvedre *,4000,100,15.3,2,data_row
8,6,Wine Grapes (Red),6081,Mourvedre *,4000,24500,3.2,2,data_row
8,6,Wine Grapes (Red),6081,Mourvedre *,4200,100,4.8,2,data_row
8,6,Wine Grapes (Red),6081,Mourvedre *,4217,24500,4.5,2,data_row
8,6,Wine Grapes (Red),6081,Mourvedre *,4244,100,1.7,2,data_row
8,6,Wine Grapes (Red),6081,Mourvedre *,4252,100,3,2,data_row
8,6,Wine Grapes (Red),6081,Mourvedre *,4480,100,1.7,2,data_row
8,6,Wine Grapes (Red),6081,Mourvedre *,4500,100,11.8,2,data_row
8,6,Wine Grapes (Red),6081,Mourvedre *,4600,100,2.5,2,data_row
8,6,Wine Grapes (Red),6081,Mourvedre *,4775,100,1.4,2,data_row
8,6,Wine Grapes (Red),6081,Mourvedre *,4828,100,2,2,data_row
8,6,Wine Grapes (Red),6081,Mourvedre *,5000,100,8,2,data_row
8,6,Wine Grapes (Red),6081,Mourvedre *,5022,100,2.2,2,data_row
8,6,Wine Grapes (Red),6081,Mourvedre *,5200,100,2,2,data_row
8,6,Wine Grapes (Red),6081,Mourvedre *,5244,100,2.7,2,data_row
8,6,Wine Grapes (Red),6081,Mourvedre *,5500,100,3.1,2,data_row
8,6,Wine Grapes (Red),6081,Mourvedre *,5500,25100,0.5,2,data_row
8,6,Wine Grapes (Red),6081,Mourvedre *,5517.3,100,2.7,2,data_row
8,6,Wine Grapes (Red),6081,Mourvedre *,5683,100,2.8,2,data_row
8,6,Wine Grapes (Red),6081,Mourvedre *,5800,28000,1,2,data_row
8,6,Wine Grapes (Red),6081,Mourvedre *,6000,100,3.6,2,data_row
8,6,Wine Grapes (Red),6081,Mourvedre *,6066.23,100,1.5,2,data_row
8,6,Wine Grapes (Red),6081,Mourvedre *,6200,100,2.8,2,data_row
8,6,Wine Grapes (Red),6081,Mourvedre *,7000,100,41.2,2,data_row
8,6,Wine Grapes (Red),6081,Mourvedre *,7000,25100,1.4,2,data_row
8,6,Wine Grapes (Red),6081,Mourvedre *,7400,100,0.8,2,data_row
8,6,Wine Grapes (Red),6081,Mourvedre *,7888.19,17800,5.3,2,data_row
8,6,Wine Grapes (Red),6081,Mourvedre *,8000,100,5.2,2,data_row
8,6,Wine Grapes (Red),6081,Mourvedre *,8022,100,3.9,2,data_row
8,6,Wine Grapes (Red),6081,Mourvedre *,8500,100,0.8,2,data_row
8,6,Wine Grapes (Red),6081,Mourvedre *,9108,100,0.9,2,data_row
8,6,Wine Grapes (Red),6081,Mourvedre *,9156.75,100,2.1,2,data_row
8,6,Wine Grapes (Red),6081,Mourvedre *,9250,100,2.5,2,data_row
8,6,Wine Grapes (Red),6081,Mourvedre *,9325,100,15.1,2,data_row
8,6,Wine Grapes (Red),6081,Mourvedre *,9325,25100,0.5,2,data_row
8,6,Wine Grapes (Red),6081,Mourvedre *,9350,100,6.3,2,data_row
8,6,Wine Grapes (Red),6081,Mourvedre *,9368.87,21500,0.4,2,data_row
8,6,Wine Grapes (Red),6081,Mourvedre *,10015,100,1,2,data_row
8,6,Wine Grapes (Red),6081,Mourvedre *,3222.48,,664.7,3,summary_row
8,6,Wine Grapes (Red),6095,Nebbiolo,1200,100,7.7,2,data_row
8,6,Wine Grapes (Red),6095,Nebbiolo,1500,100,10.1,2,data_row
8,6,Wine Grapes (Red),6095,Nebbiolo,1789,20800,1.4,2,data_row
8,6,Wine Grapes (Red),6095,Nebbiolo,2000,100,2.4,2,data_row
8,6,Wine Grapes (Red),6095,Nebbiolo,2400,21200,9.1,2,data_row
8,6,Wine Grapes (Red),6095,Nebbiolo,2600,100,1.6,2,data_row
8,6,Wine Grapes (Red),6095,Nebbiolo,2700,100,7.3,2,data_row
8,6,Wine Grapes (Red),6095,Nebbiolo,2800,100,11.3,2,data_row
8,6,Wine Grapes (Red),6095,Nebbiolo,2850,100,4,2,data_row
8,6,Wine Grapes (Red),6095,Nebbiolo,3000,100,3.4,2,data_row
8,6,Wine Grapes (Red),6095,Nebbiolo,3785.23,100,3.4,2,data_row
8,6,Wine Grapes (Red),6095,Nebbiolo,4000,100,1,2,data_row
8,6,Wine Grapes (Red),6095,Nebbiolo,5500,100,2.6,2,data_row
8,6,Wine Grapes (Red),6095,Nebbiolo,7500,100,4.6,2,data_row
8,6,Wine Grapes (Red),6095,Nebbiolo,2808.5,,69.9,3,summary_row
8,6,Wine Grapes (Red),6199,Nero D'avola *,1650,100,2.1,2,data_row
8,6,Wine Grapes (Red),6199,Nero D'avola *,1900,100,2.6,2,data_row
8,6,Wine Grapes (Red),6199,Nero D'avola *,2200,100,0.4,2,data_row
8,6,Wine Grapes (Red),6199,Nero D'avola *,2800,100,2.2,2,data_row
8,6,Wine Grapes (Red),6199,Nero D'avola *,3100,21200,1.1,2,data_row
8,6,Wine Grapes (Red),6199,Nero D'avola *,3600,100,1,2,data_row
8,6,Wine Grapes (Red),6199,Nero D'avola *,4000,100,1,2,data_row
8,6,Wine Grapes (Red),6199,Nero D'avola *,2543.75,,10.4,3,summary_row
8,6,Wine Grapes (Red),6107,Petit Verdot,400,100,57.2,2,data_row
8,6,Wine Grapes (Red),6107,Petit Verdot,400,20800,67.7,2,data_row
8,6,Wine Grapes (Red),6107,Petit Verdot,600,100,13.8,2,data_row
8,6,Wine Grapes (Red),6107,Petit Verdot,620.73,100,1,2,data_row
8,6,Wine Grapes (Red),6107,Petit Verdot,650,100,2,2,data_row
8,6,Wine Grapes (Red),6107,Petit Verdot,800,100,47.1,2,data_row
8,6,Wine Grapes (Red),6107,Petit Verdot,900,100,44.4,2,data_row
8,6,Wine Grapes (Red),6107,Petit Verdot,1100,100,48,2,data_row
8,6,Wine Grapes (Red),6107,Petit Verdot,1151.65,100,46,2,data_row
8,6,Wine Grapes (Red),6107,Petit Verdot,1200,100,55.2,2,data_row
8,6,Wine Grapes (Red),6107,Petit Verdot,1250,100,46.2,2,data_row
8,6,Wine Grapes (Red),6107,Petit Verdot,1300,26700,4.5,2,data_row
8,6,Wine Grapes (Red),6107,Petit Verdot,1375,100,73,2,data_row
8,6,Wine Grapes (Red),6107,Petit Verdot,1400,100,494,2,data_row
8,6,Wine Grapes (Red),6107,Petit Verdot,1450,100,83.8,2,data_row
8,6,Wine Grapes (Red),6107,Petit Verdot,1500,21850,1.9,2,data_row
8,6,Wine Grapes (Red),6107,Petit Verdot,1600,100,74.5,2,data_row
8,6,Wine Grapes (Red),6107,Petit Verdot,1640,100,61.1,2,data_row
8,6,Wine Grapes (Red),6107,Petit Verdot,1700,100,96.5,2,data_row
8,6,Wine Grapes (Red),6107,Petit Verdot,1765.6,20800,46.5,2,data_row
8,6,Wine Grapes (Red),6107,Petit Verdot,1800,100,52.4,2,data_row
8,6,Wine Grapes (Red),6107,Petit Verdot,1800,20800,4.5,2,data_row
8,6,Wine Grapes (Red),6107,Petit Verdot,1850,100,13.4,2,data_row
8,6,Wine Grapes (Red),6107,Petit Verdot,1853,24800,1.2,2,data_row
8,6,Wine Grapes (Red),6107,Petit Verdot,1853.42,100,36.3,2,data_row
8,6,Wine Grapes (Red),6107,Petit Verdot,1861,24500,7.4,2,data_row
8,6,Wine Grapes (Red),6107,Petit Verdot,1875,100,17,2,data_row
8,6,Wine Grapes (Red),6107,Petit Verdot,1900,20800,1.1,2,data_row
8,6,Wine Grapes (Red),6107,Petit Verdot,2000,100,123.6,2,data_row
8,6,Wine Grapes (Red),6107,Petit Verdot,2050,100,17.4,2,data_row
8,6,Wine Grapes (Red),6107,Petit Verdot,2100,100,40.3,2,data_row
8,6,Wine Grapes (Red),6107,Petit Verdot,2200,21200,0.5,2,data_row
8,6,Wine Grapes (Red),6107,Petit Verdot,2218.11,100,9.1,2,data_row
8,6,Wine Grapes (Red),6107,Petit Verdot,2400,100,1,2,data_row
8,6,Wine Grapes (Red),6107,Petit Verdot,2400,20900,1,2,data_row
8,6,Wine Grapes (Red),6107,Petit Verdot,2500,100,12.9,2,data_row
8,6,Wine Grapes (Red),6107,Petit Verdot,2500,17800,6.4,2,data_row
8,6,Wine Grapes (Red),6107,Petit Verdot,2500,27800,10.7,2,data_row
8,6,Wine Grapes (Red),6107,Petit Verdot,2600,100,6.4,2,data_row
8,6,Wine Grapes (Red),6107,Petit Verdot,2600,27800,10.8,2,data_row
8,6,Wine Grapes (Red),6107,Petit Verdot,2750,100,1.2,2,data_row
8,6,Wine Grapes (Red),6107,Petit Verdot,2800,100,9.6,2,data_row
8,6,Wine Grapes (Red),6107,Petit Verdot,2850,100,5.6,2,data_row
8,6,Wine Grapes (Red),6107,Petit Verdot,2980,100,7,2,data_row
8,6,Wine Grapes (Red),6107,Petit Verdot,3000,100,16.8,2,data_row
8,6,Wine Grapes (Red),6107,Petit Verdot,3100,100,1.7,2,data_row
8,6,Wine Grapes (Red),6107,Petit Verdot,3183,100,1.4,2,data_row
8,6,Wine Grapes (Red),6107,Petit Verdot,3200,100,3.4,2,data_row
8,6,Wine Grapes (Red),6107,Petit Verdot,3250,100,10.5,2,data_row
8,6,Wine Grapes (Red),6107,Petit Verdot,3300,100,0.5,2,data_row
8,6,Wine Grapes (Red),6107,Petit Verdot,3364.15,100,3.1,2,data_row
8,6,Wine Grapes (Red),6107,Petit Verdot,3400,100,1.2,2,data_row
8,6,Wine Grapes (Red),6107,Petit Verdot,3448,100,18.1,2,data_row
8,6,Wine Grapes (Red),6107,Petit Verdot,3500,100,6.6,2,data_row
8,6,Wine Grapes (Red),6107,Petit Verdot,3600,100,9.1,2,data_row
8,6,Wine Grapes (Red),6107,Petit Verdot,3729.23,100,6.5,2,data_row
8,6,Wine Grapes (Red),6107,Petit Verdot,3764.91,100,54.2,2,data_row
8,6,Wine Grapes (Red),6107,Petit Verdot,3800,100,1,2,data_row
8,6,Wine Grapes (Red),6107,Petit Verdot,4000,25100,3.4,2,data_row
8,6,Wine Grapes (Red),6107,Petit Verdot,4200,100,1,2,data_row
8,6,Wine Grapes (Red),6107,Petit Verdot,4225,100,4.4,2,data_row
8,6,Wine Grapes (Red),6107,Petit Verdot,4500,100,11.2,2,data_row
8,6,Wine Grapes (Red),6107,Petit Verdot,4650,100,2.7,2,data_row
8,6,Wine Grapes (Red),6107,Petit Verdot,4754.72,100,8,2,data_row
8,6,Wine Grapes (Red),6107,Petit Verdot,4775,100,9.9,2,data_row
8,6,Wine Grapes (Red),6107,Petit Verdot,4775,25100,2.2,2,data_row
8,6,Wine Grapes (Red),6107,Petit Verdot,4817,24500,7.5,2,data_row
8,6,Wine Grapes (Red),6107,Petit Verdot,5535.89,17800,2.2,2,data_row
8,6,Wine Grapes (Red),6107,Petit Verdot,6500,100,1,2,data_row
8,6,Wine Grapes (Red),6107,Petit Verdot,6616,100,26.8,2,data_row
8,6,Wine Grapes (Red),6107,Petit Verdot,7000,100,1.2,2,data_row
8,6,Wine Grapes (Red),6107,Petit Verdot,8500,25100,0.5,2,data_row
8,6,Wine Grapes (Red),6107,Petit Verdot,1765.86,,1977.3,3,summary_row
8,6,Wine Grapes (Red),6106,Petite Sirah,250,100,2.3,2,data_row
8,6,Wine Grapes (Red),6106,Petite Sirah,250,17200,84.8,2,data_row
8,6,Wine Grapes (Red),6106,Petite Sirah,300,100,0.8,2,data_row
8,6,Wine Grapes (Red),6106,Petite Sirah,400,20800,86.8,2,data_row
8,6,Wine Grapes (Red),6106,Petite Sirah,500,100,1,2,data_row
8,6,Wine Grapes (Red),6106,Petite Sirah,600,24500,2.3,2,data_row
8,6,Wine Grapes (Red),6106,Petite Sirah,650,100,92.6,2,data_row
8,6,Wine Grapes (Red),6106,Petite Sirah,800,100,785.7,2,data_row
8,6,Wine Grapes (Red),6106,Petite Sirah,944.29,100,5.3,2,data_row
8,6,Wine Grapes (Red),6106,Petite Sirah,1000,100,96.1,2,data_row
8,6,Wine Grapes (Red),6106,Petite Sirah,1000,25100,1.2,2,data_row
8,6,Wine Grapes (Red),6106,Petite Sirah,1000,28000,3,2,data_row
8,6,Wine Grapes (Red),6106,Petite Sirah,1150,100,41.5,2,data_row
8,6,Wine Grapes (Red),6106,Petite Sirah,1200,100,46.1,2,data_row
8,6,Wine Grapes (Red),6106,Petite Sirah,1200,17400,1,2,data_row
8,6,Wine Grapes (Red),6106,Petite Sirah,1230,100,12.3,2,data_row
8,6,Wine Grapes (Red),6106,Petite Sirah,1250,100,5.7,2,data_row
8,6,Wine Grapes (Red),6106,Petite Sirah,1300,100,10.3,2,data_row
8,6,Wine Grapes (Red),6106,Petite Sirah,1350,100,17.4,2,data_row
8,6,Wine Grapes (Red),6106,Petite Sirah,1375,100,156,2,data_row
8,6,Wine Grapes (Red),6106,Petite Sirah,1400,100,457.6,2,data_row
8,6,Wine Grapes (Red),6106,Petite Sirah,1400,24500,22.4,2,data_row
8,6,Wine Grapes (Red),6106,Petite Sirah,1426.44,100,21.4,2,data_row
8,6,Wine Grapes (Red),6106,Petite Sirah,1430.93,100,96.8,2,data_row
8,6,Wine Grapes (Red),6106,Petite Sirah,1450,100,248.9,2,data_row
8,6,Wine Grapes (Red),6106,Petite Sirah,1500,100,140.4,2,data_row
8,6,Wine Grapes (Red),6106,Petite Sirah,1500,26700,3.7,2,data_row
8,6,Wine Grapes (Red),6106,Petite Sirah,1525,100,202.1,2,data_row
8,6,Wine Grapes (Red),6106,Petite Sirah,1550,100,597.7,2,data_row
8,6,Wine Grapes (Red),6106,Petite Sirah,1559.61,100,11.1,2,data_row
8,6,Wine Grapes (Red),6106,Petite Sirah,1600,100,534.8,2,data_row
8,6,Wine Grapes (Red),6106,Petite Sirah,1625,100,22.5,2,data_row
8,6,Wine Grapes (Red),6106,Petite Sirah,1637,24500,2.8,2,data_row
8,6,Wine Grapes (Red),6106,Petite Sirah,1638.61,100,17.2,2,data_row
8,6,Wine Grapes (Red),6106,Petite Sirah,1638.61,20800,235,2,data_row
8,6,Wine Grapes (Red),6106,Petite Sirah,1640,100,97.3,2,data_row
8,6,Wine Grapes (Red),6106,Petite Sirah,1640,24800,1.1,2,data_row
8,6,Wine Grapes (Red),6106,Petite Sirah,1650,100,6.2,2,data_row
8,6,Wine Grapes (Red),6106,Petite Sirah,1675,100,112.1,2,data_row
8,6,Wine Grapes (Red),6106,Petite Sirah,1700,100,5.3,2,data_row
8,6,Wine Grapes (Red),6106,Petite Sirah,1741.25,100,2.2,2,data_row
8,6,Wine Grapes (Red),6106,Petite Sirah,1764,100,29.2,2,data_row
8,6,Wine Grapes (Red),6106,Petite Sirah,1800,100,114.8,2,data_row
8,6,Wine Grapes (Red),6106,Petite Sirah,1800,14100,4.9,2,data_row
8,6,Wine Grapes (Red),6106,Petite Sirah,1800,21000,4,2,data_row
8,6,Wine Grapes (Red),6106,Petite Sirah,1800,21200,2.9,2,data_row
8,6,Wine Grapes (Red),6106,Petite Sirah,1800,25100,2.1,2,data_row
8,6,Wine Grapes (Red),6106,Petite Sirah,1825,100,127,2,data_row
8,6,Wine Grapes (Red),6106,Petite Sirah,1850,100,68.5,2,data_row
8,6,Wine Grapes (Red),6106,Petite Sirah,1900,100,193.6,2,data_row
8,6,Wine Grapes (Red),6106,Petite Sirah,1950,100,77.5,2,data_row
8,6,Wine Grapes (Red),6106,Petite Sirah,1975,100,38.9,2,data_row
8,6,Wine Grapes (Red),6106,Petite Sirah,2000,100,71,2,data_row
8,6,Wine Grapes (Red),6106,Petite Sirah,2000,24800,24.2,2,data_row
8,6,Wine Grapes (Red),6106,Petite Sirah,2000,25100,1,2,data_row
8,6,Wine Grapes (Red),6106,Petite Sirah,2050,24800,49.4,2,data_row
8,6,Wine Grapes (Red),6106,Petite Sirah,2120,24500,49.3,2,data_row
8,6,Wine Grapes (Red),6106,Petite Sirah,2200,100,189.5,2,data_row
8,6,Wine Grapes (Red),6106,Petite Sirah,2200,20800,5.4,2,data_row
8,6,Wine Grapes (Red),6106,Petite Sirah,2200,29125,1,2,data_row
8,6,Wine Grapes (Red),6106,Petite Sirah,2275.26,100,10.5,2,data_row
8,6,Wine Grapes (Red),6106,Petite Sirah,2300,100,109.5,2,data_row
8,6,Wine Grapes (Red),6106,Petite Sirah,2300,25100,2,2,data_row
8,6,Wine Grapes (Red),6106,Petite Sirah,2345.34,25100,2.8,2,data_row
8,6,Wine Grapes (Red),6106,Petite Sirah,2375,100,0.5,2,data_row
8,6,Wine Grapes (Red),6106,Petite Sirah,2400,100,16.2,2,data_row
8,6,Wine Grapes (Red),6106,Petite Sirah,2500,100,59.3,2,data_row
8,6,Wine Grapes (Red),6106,Petite Sirah,2500,17800,5.5,2,data_row
8,6,Wine Grapes (Red),6106,Petite Sirah,2500,19300,1,2,data_row
8,6,Wine Grapes (Red),6106,Petite Sirah,2500,25100,6.2,2,data_row
8,6,Wine Grapes (Red),6106,Petite Sirah,2500,27800,9.5,2,data_row
8,6,Wine Grapes (Red),6106,Petite Sirah,2501.23,100,54.5,2,data_row
8,6,Wine Grapes (Red),6106,Petite Sirah,2517,24500,7.5,2,data_row
8,6,Wine Grapes (Red),6106,Petite Sirah,2550,100,14.7,2,data_row
8,6,Wine Grapes (Red),6106,Petite Sirah,2560,24800,3,2,data_row
8,6,Wine Grapes (Red),6106,Petite Sirah,2600,100,1.8,2,data_row
8,6,Wine Grapes (Red),6106,Petite Sirah,2644.95,25100,46.8,2,data_row
8,6,Wine Grapes (Red),6106,Petite Sirah,2800,100,0.5,2,data_row
8,6,Wine Grapes (Red),6106,Petite Sirah,2800,24500,0.5,2,data_row
8,6,Wine Grapes (Red),6106,Petite Sirah,2850,100,0.2,2,data_row
8,6,Wine Grapes (Red),6106,Petite Sirah,3000,100,6.4,2,data_row
8,6,Wine Grapes (Red),6106,Petite Sirah,3024,100,11.9,2,data_row
8,6,Wine Grapes (Red),6106,Petite Sirah,3100,20800,1.2,2,data_row
8,6,Wine Grapes (Red),6106,Petite Sirah,3125,100,8.8,2,data_row
8,6,Wine Grapes (Red),6106,Petite Sirah,3200,100,3.8,2,data_row
8,6,Wine Grapes (Red),6106,Petite Sirah,3300,100,3.2,2,data_row
8,6,Wine Grapes (Red),6106,Petite Sirah,3400,100,25.2,2,data_row
8,6,Wine Grapes (Red),6106,Petite Sirah,3448,100,10.2,2,data_row
8,6,Wine Grapes (Red),6106,Petite Sirah,3500,100,21.8,2,data_row
8,6,Wine Grapes (Red),6106,Petite Sirah,3500,27800,13.3,2,data_row
8,6,Wine Grapes (Red),6106,Petite Sirah,3515,100,3,2,data_row
8,6,Wine Grapes (Red),6106,Petite Sirah,3600,100,5.3,2,data_row
8,6,Wine Grapes (Red),6106,Petite Sirah,3800.31,100,8.3,2,data_row
8,6,Wine Grapes (Red),6106,Petite Sirah,4000,100,11.5,2,data_row
8,6,Wine Grapes (Red),6106,Petite Sirah,4125,100,3.8,2,data_row
8,6,Wine Grapes (Red),6106,Petite Sirah,4200,100,1,2,data_row
8,6,Wine Grapes (Red),6106,Petite Sirah,4225,100,7.1,2,data_row
8,6,Wine Grapes (Red),6106,Petite Sirah,4250,100,1.5,2,data_row
8,6,Wine Grapes (Red),6106,Petite Sirah,4300,100,2.8,2,data_row
8,6,Wine Grapes (Red),6106,Petite Sirah,4349.69,100,3.6,2,data_row
8,6,Wine Grapes (Red),6106,Petite Sirah,4414.55,100,4.8,2,data_row
8,6,Wine Grapes (Red),6106,Petite Sirah,4500,21000,4.1,2,data_row
8,6,Wine Grapes (Red),6106,Petite Sirah,4650,100,4.1,2,data_row
8,6,Wine Grapes (Red),6106,Petite Sirah,4700,100,0.5,2,data_row
8,6,Wine Grapes (Red),6106,Petite Sirah,4750,100,3.9,2,data_row
8,6,Wine Grapes (Red),6106,Petite Sirah,4750,17800,2.5,2,data_row
8,6,Wine Grapes (Red),6106,Petite Sirah,4817,24500,4.5,2,data_row
8,6,Wine Grapes (Red),6106,Petite Sirah,5000,100,10.6,2,data_row
8,6,Wine Grapes (Red),6106,Petite Sirah,6000,100,5.2,2,data_row
8,6,Wine Grapes (Red),6106,Petite Sirah,7000,100,8.3,2,data_row
8,6,Wine Grapes (Red),6106,Petite Sirah,7500,100,1.7,2,data_row
8,6,Wine Grapes (Red),6106,Petite Sirah,1580.06,,5901.4,3,summary_row
8,6,Wine Grapes (Red),6112,Pinot Noir *,500,100,146.9,2,data_row
8,6,Wine Grapes (Red),6112,Pinot Noir *,550,100,6.4,2,data_row
8,6,Wine Grapes (Red),6112,Pinot Noir *,600,100,1401.2,2,data_row
8,6,Wine Grapes (Red),6112,Pinot Noir *,745,100,2.6,2,data_row
8,6,Wine Grapes (Red),6112,Pinot Noir *,800,20800,389.8,2,data_row
8,6,Wine Grapes (Red),6112,Pinot Noir *,817,2200,26.2,2,data_row
8,6,Wine Grapes (Red),6112,Pinot Noir *,875,100,11.9,2,data_row
8,6,Wine Grapes (Red),6112,Pinot Noir *,900,100,40.6,2,data_row
8,6,Wine Grapes (Red),6112,Pinot Noir *,1000,100,2.2,2,data_row
8,6,Wine Grapes (Red),6112,Pinot Noir *,1000,16800,1.5,2,data_row
8,6,Wine Grapes (Red),6112,Pinot Noir *,1200,100,317.3,2,data_row
8,6,Wine Grapes (Red),6112,Pinot Noir *,1200,21200,4.1,2,data_row
8,6,Wine Grapes (Red),6112,Pinot Noir *,1217,2200,53.1,2,data_row
8,6,Wine Grapes (Red),6112,Pinot Noir *,1300,100,48.6,2,data_row
8,6,Wine Grapes (Red),6112,Pinot Noir *,1350,100,343,2,data_row
8,6,Wine Grapes (Red),6112,Pinot Noir *,1400,100,65.5,2,data_row
8,6,Wine Grapes (Red),6112,Pinot Noir *,1406.25,100,0.6,2,data_row
8,6,Wine Grapes (Red),6112,Pinot Noir *,1493.75,100,0.6,2,data_row
8,6,Wine Grapes (Red),6112,Pinot Noir *,1500,100,49.9,2,data_row
8,6,Wine Grapes (Red),6112,Pinot Noir *,1500,13400,1.9,2,data_row
8,6,Wine Grapes (Red),6112,Pinot Noir *,1600,100,26.7,2,data_row
8,6,Wine Grapes (Red),6112,Pinot Noir *,1663.59,100,85.4,2,data_row
8,6,Wine Grapes (Red),6112,Pinot Noir *,1800,100,80.4,2,data_row
8,6,Wine Grapes (Red),6112,Pinot Noir *,1822.36,100,535.9,2,data_row
8,6,Wine Grapes (Red),6112,Pinot Noir *,1878.42,100,622.1,2,data_row
8,6,Wine Grapes (Red),6112,Pinot Noir *,1889,100,3.8,2,data_row
8,6,Wine Grapes (Red),6112,Pinot Noir *,1900,100,1.9,2,data_row
8,6,Wine Grapes (Red),6112,Pinot Noir *,2000,100,449.2,2,data_row
8,6,Wine Grapes (Red),6112,Pinot Noir *,2000,13100,0.5,2,data_row
8,6,Wine Grapes (Red),6112,Pinot Noir *,2000,17400,0.6,2,data_row
8,6,Wine Grapes (Red),6112,Pinot Noir *,2000,21200,10.2,2,data_row
8,6,Wine Grapes (Red),6112,Pinot Noir *,2000,24500,3.5,2,data_row
8,6,Wine Grapes (Red),6112,Pinot Noir *,2000,24800,23.4,2,data_row
8,6,Wine Grapes (Red),6112,Pinot Noir *,2200,100,55.2,2,data_row
8,6,Wine Grapes (Red),6112,Pinot Noir *,2200,21200,10.1,2,data_row
8,6,Wine Grapes (Red),6112,Pinot Noir *,2300,21200,20.2,2,data_row
8,6,Wine Grapes (Red),6112,Pinot Noir *,2333,100,60.6,2,data_row
8,6,Wine Grapes (Red),6112,Pinot Noir *,2350,100,46,2,data_row
8,6,Wine Grapes (Red),6112,Pinot Noir *,2350,21000,240.1,2,data_row
8,6,Wine Grapes (Red),6112,Pinot Noir *,2400,100,25,2,data_row
8,6,Wine Grapes (Red),6112,Pinot Noir *,2440.07,21000,96.4,2,data_row
8,6,Wine Grapes (Red),6112,Pinot Noir *,2483.42,100,165.3,2,data_row
8,6,Wine Grapes (Red),6112,Pinot Noir *,2500,100,105.9,2,data_row
8,6,Wine Grapes (Red),6112,Pinot Noir *,2500,11300,1.3,2,data_row
8,6,Wine Grapes (Red),6112,Pinot Noir *,2500,21200,21.3,2,data_row
8,6,Wine Grapes (Red),6112,Pinot Noir *,2510.96,100,292.6,2,data_row
8,6,Wine Grapes (Red),6112,Pinot Noir *,2600,100,282.2,2,data_row
8,6,Wine Grapes (Red),6112,Pinot Noir *,2600,13500,5.2,2,data_row
8,6,Wine Grapes (Red),6112,Pinot Noir *,2608.91,100,12,2,data_row
8,6,Wine Grapes (Red),6112,Pinot Noir *,2632.88,100,31.9,2,data_row
8,6,Wine Grapes (Red),6112,Pinot Noir *,2639.18,100,15.6,2,data_row
8,6,Wine Grapes (Red),6112,Pinot Noir *,2650,100,8.8,2,data_row
8,6,Wine Grapes (Red),6112,Pinot Noir *,2692.22,100,5.1,2,data_row
8,6,Wine Grapes (Red),6112,Pinot Noir *,2700,100,89.6,2,data_row
8,6,Wine Grapes (Red),6112,Pinot Noir *,2711.1,100,133.7,2,data_row
8,6,Wine Grapes (Red),6112,Pinot Noir *,2720.68,100,1.2,2,data_row
8,6,Wine Grapes (Red),6112,Pinot Noir *,2800,100,98,2,data_row
8,6,Wine Grapes (Red),6112,Pinot Noir *,2835,100,59.1,2,data_row
8,6,Wine Grapes (Red),6112,Pinot Noir *,2850,100,1,2,data_row
8,6,Wine Grapes (Red),6112,Pinot Noir *,2850,8900,1.9,2,data_row
8,6,Wine Grapes (Red),6112,Pinot Noir *,2850,10900,6.6,2,data_row
8,6,Wine Grapes (Red),6112,Pinot Noir *,2900,20800,10.4,2,data_row
8,6,Wine Grapes (Red),6112,Pinot Noir *,2990,100,6.4,2,data_row
8,6,Wine Grapes (Red),6112,Pinot Noir *,3000,100,101.9,2,data_row
8,6,Wine Grapes (Red),6112,Pinot Noir *,3000,13400,18.8,2,data_row
8,6,Wine Grapes (Red),6112,Pinot Noir *,3000,13500,2.5,2,data_row
8,6,Wine Grapes (Red),6112,Pinot Noir *,3000,15900,0.5,2,data_row
8,6,Wine Grapes (Red),6112,Pinot Noir *,3000,17200,32.7,2,data_row
8,6,Wine Grapes (Red),6112,Pinot Noir *,3000,20800,12.4,2,data_row
8,6,Wine Grapes (Red),6112,Pinot Noir *,3038,100,7.7,2,data_row
8,6,Wine Grapes (Red),6112,Pinot Noir *,3040.14,1900,6,2,data_row
8,6,Wine Grapes (Red),6112,Pinot Noir *,3054.32,100,24.2,2,data_row
8,6,Wine Grapes (Red),6112,Pinot Noir *,3083,20800,6.9,2,data_row
8,6,Wine Grapes (Red),6112,Pinot Noir *,3100,100,61.6,2,data_row
8,6,Wine Grapes (Red),6112,Pinot Noir *,3100,17200,4.1,2,data_row
8,6,Wine Grapes (Red),6112,Pinot Noir *,3122,100,4,2,data_row
8,6,Wine Grapes (Red),6112,Pinot Noir *,3163.89,100,44.7,2,data_row
8,6,Wine Grapes (Red),6112,Pinot Noir *,3200,100,87.4,2,data_row
8,6,Wine Grapes (Red),6112,Pinot Noir *,3200,9530,1.2,2,data_row
8,6,Wine Grapes (Red),6112,Pinot Noir *,3200,17200,1,2,data_row
8,6,Wine Grapes (Red),6112,Pinot Noir *,3200,17400,8.7,2,data_row
8,6,Wine Grapes (Red),6112,Pinot Noir *,3224,100,2,2,data_row
8,6,Wine Grapes (Red),6112,Pinot Noir *,3247.75,100,14.9,2,data_row
8,6,Wine Grapes (Red),6112,Pinot Noir *,3300,100,8.2,2,data_row
8,6,Wine Grapes (Red),6112,Pinot Noir *,3333.67,21850,1.3,2,data_row
8,6,Wine Grapes (Red),6112,Pinot Noir *,3350,19300,40.6,2,data_row
8,6,Wine Grapes (Red),6112,Pinot Noir *,3400,100,7.9,2,data_row
8,6,Wine Grapes (Red),6112,Pinot Noir *,3415.6,100,50.7,2,data_row
8,6,Wine Grapes (Red),6112,Pinot Noir *,3443.72,100,5.5,2,data_row
8,6,Wine Grapes (Red),6112,Pinot Noir *,3500,100,69.1,2,data_row
8,6,Wine Grapes (Red),6112,Pinot Noir *,3500,9500,1.3,2,data_row
8,6,Wine Grapes (Red),6112,Pinot Noir *,3500,15900,0.5,2,data_row
8,6,Wine Grapes (Red),6112,Pinot Noir *,3500,17200,5.8,2,data_row
8,6,Wine Grapes (Red),6112,Pinot Noir *,3500,20800,3.4,2,data_row
8,6,Wine Grapes (Red),6112,Pinot Noir *,3500.73,100,51.3,2,data_row
8,6,Wine Grapes (Red),6112,Pinot Noir *,3507.78,19000,4.2,2,data_row
8,6,Wine Grapes (Red),6112,Pinot Noir *,3600,100,41.4,2,data_row
8,6,Wine Grapes (Red),6112,Pinot Noir *,3600,17000,2.1,2,data_row
8,6,Wine Grapes (Red),6112,Pinot Noir *,3600,17400,119.7,2,data_row
8,6,Wine Grapes (Red),6112,Pinot Noir *,3605,100,35.9,2,data_row
8,6,Wine Grapes (Red),6112,Pinot Noir *,3650,13500,8.5,2,data_row
8,6,Wine Grapes (Red),6112,Pinot Noir *,3680.36,100,2.1,2,data_row
8,6,Wine Grapes (Red),6112,Pinot Noir *,3700,100,0.9,2,data_row
8,6,Wine Grapes (Red),6112,Pinot Noir *,3800,13100,14.9,2,data_row
8,6,Wine Grapes (Red),6112,Pinot Noir *,3800,20800,1.8,2,data_row
8,6,Wine Grapes (Red),6112,Pinot Noir *,3804.82,100,9.7,2,data_row
8,6,Wine Grapes (Red),6112,Pinot Noir *,3900,100,1,2,data_row
8,6,Wine Grapes (Red),6112,Pinot Noir *,3947.4,100,21.4,2,data_row
8,6,Wine Grapes (Red),6112,Pinot Noir *,4000,100,268,2,data_row
8,6,Wine Grapes (Red),6112,Pinot Noir *,4000,17000,2.3,2,data_row
8,6,Wine Grapes (Red),6112,Pinot Noir *,4000,17200,0.9,2,data_row
8,6,Wine Grapes (Red),6112,Pinot Noir *,4003.38,21850,8.3,2,data_row
8,6,Wine Grapes (Red),6112,Pinot Noir *,4088.85,100,9,2,data_row
8,6,Wine Grapes (Red),6112,Pinot Noir *,4158,20600,1,2,data_row
8,6,Wine Grapes (Red),6112,Pinot Noir *,4200,100,15.3,2,data_row
8,6,Wine Grapes (Red),6112,Pinot Noir *,4200,7600,1.2,2,data_row
8,6,Wine Grapes (Red),6112,Pinot Noir *,4200,10900,1.1,2,data_row
8,6,Wine Grapes (Red),6112,Pinot Noir *,4200,21200,11.3,2,data_row
8,6,Wine Grapes (Red),6112,Pinot Noir *,4243.6,21500,12.5,2,data_row
8,6,Wine Grapes (Red),6112,Pinot Noir *,4250,100,12.6,2,data_row
8,6,Wine Grapes (Red),6112,Pinot Noir *,4300,100,0.9,2,data_row
8,6,Wine Grapes (Red),6112,Pinot Noir *,4500,100,187.5,2,data_row
8,6,Wine Grapes (Red),6112,Pinot Noir *,4500,7600,3.8,2,data_row
8,6,Wine Grapes (Red),6112,Pinot Noir *,4500,11300,12.3,2,data_row
8,6,Wine Grapes (Red),6112,Pinot Noir *,4500,17200,4.3,2,data_row
8,6,Wine Grapes (Red),6112,Pinot Noir *,4500,20700,3.3,2,data_row
8,6,Wine Grapes (Red),6112,Pinot Noir *,4500,21200,9.7,2,data_row
8,6,Wine Grapes (Red),6112,Pinot Noir *,4600,100,14,2,data_row
8,6,Wine Grapes (Red),6112,Pinot Noir *,4650,7600,1.1,2,data_row
8,6,Wine Grapes (Red),6112,Pinot Noir *,4665,100,40.9,2,data_row
8,6,Wine Grapes (Red),6112,Pinot Noir *,4675,7600,1.1,2,data_row
8,6,Wine Grapes (Red),6112,Pinot Noir *,4750,100,1,2,data_row
8,6,Wine Grapes (Red),6112,Pinot Noir *,4800,100,5.3,2,data_row
8,6,Wine Grapes (Red),6112,Pinot Noir *,4850,100,1.5,2,data_row
8,6,Wine Grapes (Red),6112,Pinot Noir *,4950,20800,25.6,2,data_row
8,6,Wine Grapes (Red),6112,Pinot Noir *,4972.5,100,2,2,data_row
8,6,Wine Grapes (Red),6112,Pinot Noir *,4987.5,100,8.7,2,data_row
8,6,Wine Grapes (Red),6112,Pinot Noir *,5000,100,76.6,2,data_row
8,6,Wine Grapes (Red),6112,Pinot Noir *,5000,15900,1.1,2,data_row
8,6,Wine Grapes (Red),6112,Pinot Noir *,5067,25100,16.4,2,data_row
8,6,Wine Grapes (Red),6112,Pinot Noir *,5098.5,100,9.7,2,data_row
8,6,Wine Grapes (Red),6112,Pinot Noir *,5100,100,3.8,2,data_row
8,6,Wine Grapes (Red),6112,Pinot Noir *,5100,20800,2.5,2,data_row
8,6,Wine Grapes (Red),6112,Pinot Noir *,5200,100,1.2,2,data_row
8,6,Wine Grapes (Red),6112,Pinot Noir *,5225,100,6.3,2,data_row
8,6,Wine Grapes (Red),6112,Pinot Noir *,5245.08,100,6.1,2,data_row
8,6,Wine Grapes (Red),6112,Pinot Noir *,5250,9530,1.5,2,data_row
8,6,Wine Grapes (Red),6112,Pinot Noir *,5250,17200,0.9,2,data_row
8,6,Wine Grapes (Red),6112,Pinot Noir *,5264.92,19300,66.5,2,data_row
8,6,Wine Grapes (Red),6112,Pinot Noir *,5500,100,65.7,2,data_row
8,6,Wine Grapes (Red),6112,Pinot Noir *,5500,11100,1.2,2,data_row
8,6,Wine Grapes (Red),6112,Pinot Noir *,5500,13500,1.8,2,data_row
8,6,Wine Grapes (Red),6112,Pinot Noir *,5500,15900,1.1,2,data_row
8,6,Wine Grapes (Red),6112,Pinot Noir *,5500,18900,2.1,2,data_row
8,6,Wine Grapes (Red),6112,Pinot Noir *,5558,100,6.2,2,data_row
8,6,Wine Grapes (Red),6112,Pinot Noir *,5562,100,2.9,2,data_row
8,6,Wine Grapes (Red),6112,Pinot Noir *,5569.73,100,2.4,2,data_row
8,6,Wine Grapes (Red),6112,Pinot Noir *,5700,100,1,2,data_row
8,6,Wine Grapes (Red),6112,Pinot Noir *,5700,21000,2.6,2,data_row
8,6,Wine Grapes (Red),6112,Pinot Noir *,5750,100,13.2,2,data_row
8,6,Wine Grapes (Red),6112,Pinot Noir *,5825,100,2,2,data_row
8,6,Wine Grapes (Red),6112,Pinot Noir *,5835,100,3.2,2,data_row
8,6,Wine Grapes (Red),6112,Pinot Noir *,5836.64,100,19.7,2,data_row
8,6,Wine Grapes (Red),6112,Pinot Noir *,5850,100,7.7,2,data_row
8,6,Wine Grapes (Red),6112,Pinot Noir *,5896.07,100,8.4,2,data_row
8,6,Wine Grapes (Red),6112,Pinot Noir *,5900,100,4.7,2,data_row
8,6,Wine Grapes (Red),6112,Pinot Noir *,5950,100,2.9,2,data_row
8,6,Wine Grapes (Red),6112,Pinot Noir *,5956.88,100,3.7,2,data_row
8,6,Wine Grapes (Red),6112,Pinot Noir *,6000,100,26.4,2,data_row
8,6,Wine Grapes (Red),6112,Pinot Noir *,6000,17200,5.1,2,data_row
8,6,Wine Grapes (Red),6112,Pinot Noir *,6000,17400,18.3,2,data_row
8,6,Wine Grapes (Red),6112,Pinot Noir *,6000,24500,6.1,2,data_row
8,6,Wine Grapes (Red),6112,Pinot Noir *,6025.5,100,5.3,2,data_row
8,6,Wine Grapes (Red),6112,Pinot Noir *,6100,100,4.1,2,data_row
8,6,Wine Grapes (Red),6112,Pinot Noir *,6100,21500,4.2,2,data_row
8,6,Wine Grapes (Red),6112,Pinot Noir *,6163.06,100,4.9,2,data_row
8,6,Wine Grapes (Red),6112,Pinot Noir *,6200,100,14.1,2,data_row
8,6,Wine Grapes (Red),6112,Pinot Noir *,6221.68,100,1.6,2,data_row
8,6,Wine Grapes (Red),6112,Pinot Noir *,6300,17200,1,2,data_row
8,6,Wine Grapes (Red),6112,Pinot Noir *,6350,100,1.2,2,data_row
8,6,Wine Grapes (Red),6112,Pinot Noir *,6350,24500,12.3,2,data_row
8,6,Wine Grapes (Red),6112,Pinot Noir *,6365.4,100,3.1,2,data_row
8,6,Wine Grapes (Red),6112,Pinot Noir *,6399.43,100,1.4,2,data_row
8,6,Wine Grapes (Red),6112,Pinot Noir *,6450,100,6.7,2,data_row
8,6,Wine Grapes (Red),6112,Pinot Noir *,6450.01,100,0.8,2,data_row
8,6,Wine Grapes (Red),6112,Pinot Noir *,6500,100,48.5,2,data_row
8,6,Wine Grapes (Red),6112,Pinot Noir *,6500,4050,3.1,2,data_row
8,6,Wine Grapes (Red),6112,Pinot Noir *,6500,14000,3.5,2,data_row
8,6,Wine Grapes (Red),6112,Pinot Noir *,6500,21500,5.4,2,data_row
8,6,Wine Grapes (Red),6112,Pinot Noir *,6650,100,8,2,data_row
8,6,Wine Grapes (Red),6112,Pinot Noir *,6695,100,1.7,2,data_row
8,6,Wine Grapes (Red),6112,Pinot Noir *,6750,100,2,2,data_row
8,6,Wine Grapes (Red),6112,Pinot Noir *,6798,100,2.2,2,data_row
8,6,Wine Grapes (Red),6112,Pinot Noir *,6800,100,2.7,2,data_row
8,6,Wine Grapes (Red),6112,Pinot Noir *,6950,100,9.1,2,data_row
8,6,Wine Grapes (Red),6112,Pinot Noir *,6999.84,100,1.7,2,data_row
8,6,Wine Grapes (Red),6112,Pinot Noir *,7000,100,104.8,2,data_row
8,6,Wine Grapes (Red),6112,Pinot Noir *,7000,15900,0.7,2,data_row
8,6,Wine Grapes (Red),6112,Pinot Noir *,7150,100,4.1,2,data_row
8,6,Wine Grapes (Red),6112,Pinot Noir *,7150,9530,1.1,2,data_row
8,6,Wine Grapes (Red),6112,Pinot Noir *,7200,100,4.9,2,data_row
8,6,Wine Grapes (Red),6112,Pinot Noir *,7250,100,3.9,2,data_row
8,6,Wine Grapes (Red),6112,Pinot Noir *,7250,17200,1.1,2,data_row
8,6,Wine Grapes (Red),6112,Pinot Noir *,7250,17400,2.1,2,data_row
8,6,Wine Grapes (Red),6112,Pinot Noir *,7465.03,100,12,2,data_row
8,6,Wine Grapes (Red),6112,Pinot Noir *,7500,100,19,2,data_row
8,6,Wine Grapes (Red),6112,Pinot Noir *,7650,100,8.6,2,data_row
8,6,Wine Grapes (Red),6112,Pinot Noir *,7650,9530,1.2,2,data_row
8,6,Wine Grapes (Red),6112,Pinot Noir *,7650,20800,2.2,2,data_row
8,6,Wine Grapes (Red),6112,Pinot Noir *,7733.21,100,10.7,2,data_row
8,6,Wine Grapes (Red),6112,Pinot Noir *,8000,100,7.3,2,data_row
8,6,Wine Grapes (Red),6112,Pinot Noir *,13379,100,25.7,2,data_row
8,6,Wine Grapes (Red),6112,Pinot Noir *,2388.97,,9044.1,3,summary_row
8,6,Wine Grapes (Red),6182,Pinotage,1836,100,0.1,2,data_row
8,6,Wine Grapes (Red),6182,Pinotage,1836,,0.1,3,summary_row
8,6,Wine Grapes (Red),6021,Primitivo,600,21500,4,2,data_row
8,6,Wine Grapes (Red),6021,Primitivo,725,100,48.2,2,data_row
8,6,Wine Grapes (Red),6021,Primitivo,1426.44,100,21,2,data_row
8,6,Wine Grapes (Red),6021,Primitivo,1450,100,46.4,2,data_row
8,6,Wine Grapes (Red),6021,Primitivo,1500,17400,1,2,data_row
8,6,Wine Grapes (Red),6021,Primitivo,1600,24500,3.4,2,data_row
8,6,Wine Grapes (Red),6021,Primitivo,1812.08,100,14.7,2,data_row
8,6,Wine Grapes (Red),6021,Primitivo,1812.08,27800,26,2,data_row
8,6,Wine Grapes (Red),6021,Primitivo,2000,27800,6.1,2,data_row
8,6,Wine Grapes (Red),6021,Primitivo,2400,24800,1.2,2,data_row
8,6,Wine Grapes (Red),6021,Primitivo,2500,100,7.9,2,data_row
8,6,Wine Grapes (Red),6021,Primitivo,1390.23,,179.9,3,summary_row
8,6,Wine Grapes (Red),6118,Refosco *,1000,100,1.5,2,data_row
8,6,Wine Grapes (Red),6118,Refosco *,1200,100,9.3,2,data_row
8,6,Wine Grapes (Red),6118,Refosco *,2000,100,37.8,2,data_row
8,6,Wine Grapes (Red),6118,Refosco *,1816.05,,48.6,3,summary_row
8,6,Wine Grapes (Red),6127,Sangiovese *,350,100,10.8,2,data_row
8,6,Wine Grapes (Red),6127,Sangiovese *,500,100,3,2,data_row
8,6,Wine Grapes (Red),6127,Sangiovese *,1000,100,0.8,2,data_row
8,6,Wine Grapes (Red),6127,Sangiovese *,1100,100,4.4,2,data_row
8,6,Wine Grapes (Red),6127,Sangiovese *,1200,100,6.6,2,data_row
8,6,Wine Grapes (Red),6127,Sangiovese *,1300,100,34.9,2,data_row
8,6,Wine Grapes (Red),6127,Sangiovese *,1400,100,7.6,2,data_row
8,6,Wine Grapes (Red),6127,Sangiovese *,1500,100,24.9,2,data_row
8,6,Wine Grapes (Red),6127,Sangiovese *,1750,100,3.1,2,data_row
8,6,Wine Grapes (Red),6127,Sangiovese *,2000,100,13.1,2,data_row
8,6,Wine Grapes (Red),6127,Sangiovese *,2192.57,100,20.7,2,data_row
8,6,Wine Grapes (Red),6127,Sangiovese *,2193,24800,2.1,2,data_row
8,6,Wine Grapes (Red),6127,Sangiovese *,2200,100,13,2,data_row
8,6,Wine Grapes (Red),6127,Sangiovese *,2250,100,10.6,2,data_row
8,6,Wine Grapes (Red),6127,Sangiovese *,2400,100,1.6,2,data_row
8,6,Wine Grapes (Red),6127,Sangiovese *,2500,100,17.5,2,data_row
8,6,Wine Grapes (Red),6127,Sangiovese *,2500,24800,3.3,2,data_row
8,6,Wine Grapes (Red),6127,Sangiovese *,2650,100,5.1,2,data_row
8,6,Wine Grapes (Red),6127,Sangiovese *,2750,100,7.5,2,data_row
8,6,Wine Grapes (Red),6127,Sangiovese *,2778.69,100,7.2,2,data_row
8,6,Wine Grapes (Red),6127,Sangiovese *,2800,100,46.7,2,data_row
8,6,Wine Grapes (Red),6127,Sangiovese *,2850,100,8.2,2,data_row
8,6,Wine Grapes (Red),6127,Sangiovese *,2850,17600,1.8,2,data_row
8,6,Wine Grapes (Red),6127,Sangiovese *,3000,100,3.4,2,data_row
8,6,Wine Grapes (Red),6127,Sangiovese *,3042.2,100,1,2,data_row
8,6,Wine Grapes (Red),6127,Sangiovese *,3200,20800,1.1,2,data_row
8,6,Wine Grapes (Red),6127,Sangiovese *,3300,100,2.6,2,data_row
8,6,Wine Grapes (Red),6127,Sangiovese *,3500,100,2.8,2,data_row
8,6,Wine Grapes (Red),6127,Sangiovese *,3850,100,1.5,2,data_row
8,6,Wine Grapes (Red),6127,Sangiovese *,2084.79,,266.9,3,summary_row
8,6,Wine Grapes (Red),6133,Souzao,3500,100,0.8,2,data_row
8,6,Wine Grapes (Red),6133,Souzao,6500,17400,4.8,2,data_row
8,6,Wine Grapes (Red),6133,Souzao,6071.43,,5.6,3,summary_row
8,6,Wine Grapes (Red),6125,St Macaire,1600,100,51.3,2,data_row
8,6,Wine Grapes (Red),6125,St Macaire,1850,100,3.5,2,data_row
8,6,Wine Grapes (Red),6125,St Macaire,2000,100,5.3,2,data_row
8,6,Wine Grapes (Red),6125,St Macaire,2500,100,5.3,2,data_row
8,6,Wine Grapes (Red),6125,St Macaire,1718.73,,65.4,3,summary_row
8,6,Wine Grapes (Red),6163,Syrah *,400,100,49.1,2,data_row
8,6,Wine Grapes (Red),6163,Syrah *,500,100,26,2,data_row
8,6,Wine Grapes (Red),6163,Syrah *,500,20800,23,2,data_row
8,6,Wine Grapes (Red),6163,Syrah *,600,100,31.5,2,data_row
8,6,Wine Grapes (Red),6163,Syrah *,650,100,3,2,data_row
8,6,Wine Grapes (Red),6163,Syrah *,750,25100,2.8,2,data_row
8,6,Wine Grapes (Red),6163,Syrah *,800,100,83,2,data_row
8,6,Wine Grapes (Red),6163,Syrah *,870,100,1,2,data_row
8,6,Wine Grapes (Red),6163,Syrah *,1000,100,18.6,2,data_row
8,6,Wine Grapes (Red),6163,Syrah *,1000,25100,7,2,data_row
8,6,Wine Grapes (Red),6163,Syrah *,1100,100,0.8,2,data_row
8,6,Wine Grapes (Red),6163,Syrah *,1200,100,96.8,2,data_row
8,6,Wine Grapes (Red),6163,Syrah *,1230,100,16,2,data_row
8,6,Wine Grapes (Red),6163,Syrah *,1250,100,2,2,data_row
8,6,Wine Grapes (Red),6163,Syrah *,1300,100,28.2,2,data_row
8,6,Wine Grapes (Red),6163,Syrah *,1300,26700,2,2,data_row
8,6,Wine Grapes (Red),6163,Syrah *,1300,27500,102.1,2,data_row
8,6,Wine Grapes (Red),6163,Syrah *,1400,100,71.4,2,data_row
8,6,Wine Grapes (Red),6163,Syrah *,1426.44,100,19,2,data_row
8,6,Wine Grapes (Red),6163,Syrah *,1450,100,313.3,2,data_row
8,6,Wine Grapes (Red),6163,Syrah *,1500,100,87.9,2,data_row
8,6,Wine Grapes (Red),6163,Syrah *,1500,13100,5.9,2,data_row
8,6,Wine Grapes (Red),6163,Syrah *,1500,20800,3.4,2,data_row
8,6,Wine Grapes (Red),6163,Syrah *,1547,100,3.2,2,data_row
8,6,Wine Grapes (Red),6163,Syrah *,1550,100,98.7,2,data_row
8,6,Wine Grapes (Red),6163,Syrah *,1580,100,21.3,2,data_row
8,6,Wine Grapes (Red),6163,Syrah *,1600,100,19.5,2,data_row
8,6,Wine Grapes (Red),6163,Syrah *,1625,100,22.2,2,data_row
8,6,Wine Grapes (Red),6163,Syrah *,1630,100,46.4,2,data_row
8,6,Wine Grapes (Red),6163,Syrah *,1661.98,100,116.3,2,data_row
8,6,Wine Grapes (Red),6163,Syrah *,1675,100,132.7,2,data_row
8,6,Wine Grapes (Red),6163,Syrah *,1800,100,14.2,2,data_row
8,6,Wine Grapes (Red),6163,Syrah *,1850,100,23.1,2,data_row
8,6,Wine Grapes (Red),6163,Syrah *,1900,100,40.1,2,data_row
8,6,Wine Grapes (Red),6163,Syrah *,1929,100,25.3,2,data_row
8,6,Wine Grapes (Red),6163,Syrah *,1980,100,12.8,2,data_row
8,6,Wine Grapes (Red),6163,Syrah *,2000,100,368,2,data_row
8,6,Wine Grapes (Red),6163,Syrah *,2000,11400,0.9,2,data_row
8,6,Wine Grapes (Red),6163,Syrah *,2000,14100,2.6,2,data_row
8,6,Wine Grapes (Red),6163,Syrah *,2000,17400,0.9,2,data_row
8,6,Wine Grapes (Red),6163,Syrah *,2000,17600,8.8,2,data_row
8,6,Wine Grapes (Red),6163,Syrah *,2000,24500,2,2,data_row
8,6,Wine Grapes (Red),6163,Syrah *,2000,24800,48.6,2,data_row
8,6,Wine Grapes (Red),6163,Syrah *,2000,25100,3.3,2,data_row
8,6,Wine Grapes (Red),6163,Syrah *,2050,100,67.8,2,data_row
8,6,Wine Grapes (Red),6163,Syrah *,2050,24800,16.3,2,data_row
8,6,Wine Grapes (Red),6163,Syrah *,2061,100,6,2,data_row
8,6,Wine Grapes (Red),6163,Syrah *,2100,100,108.9,2,data_row
8,6,Wine Grapes (Red),6163,Syrah *,2200,100,18.7,2,data_row
8,6,Wine Grapes (Red),6163,Syrah *,2300,100,1,2,data_row
8,6,Wine Grapes (Red),6163,Syrah *,2350,100,1,2,data_row
8,6,Wine Grapes (Red),6163,Syrah *,2400,100,2.7,2,data_row
8,6,Wine Grapes (Red),6163,Syrah *,2427.28,100,5.7,2,data_row
8,6,Wine Grapes (Red),6163,Syrah *,2470,100,1.1,2,data_row
8,6,Wine Grapes (Red),6163,Syrah *,2500,100,158.4,2,data_row
8,6,Wine Grapes (Red),6163,Syrah *,2500,13100,0.7,2,data_row
8,6,Wine Grapes (Red),6163,Syrah *,2500,13600,6.2,2,data_row
8,6,Wine Grapes (Red),6163,Syrah *,2500,17800,13.3,2,data_row
8,6,Wine Grapes (Red),6163,Syrah *,2500,21000,2,2,data_row
8,6,Wine Grapes (Red),6163,Syrah *,2500,21200,1.7,2,data_row
8,6,Wine Grapes (Red),6163,Syrah *,2529.81,100,5.1,2,data_row
8,6,Wine Grapes (Red),6163,Syrah *,2600,100,11.9,2,data_row
8,6,Wine Grapes (Red),6163,Syrah *,2600,11400,1.5,2,data_row
8,6,Wine Grapes (Red),6163,Syrah *,2612,100,2,2,data_row
8,6,Wine Grapes (Red),6163,Syrah *,2650,27800,13.1,2,data_row
8,6,Wine Grapes (Red),6163,Syrah *,2662,24500,20.9,2,data_row
8,6,Wine Grapes (Red),6163,Syrah *,2700,100,5.9,2,data_row
8,6,Wine Grapes (Red),6163,Syrah *,2714.86,100,6.3,2,data_row
8,6,Wine Grapes (Red),6163,Syrah *,2750,100,9.8,2,data_row
8,6,Wine Grapes (Red),6163,Syrah *,2750,19975,1.1,2,data_row
8,6,Wine Grapes (Red),6163,Syrah *,2800,100,9.2,2,data_row
8,6,Wine Grapes (Red),6163,Syrah *,2800,10900,3.3,2,data_row
8,6,Wine Grapes (Red),6163,Syrah *,2800,13100,5.6,2,data_row
8,6,Wine Grapes (Red),6163,Syrah *,2800,19300,3.6,2,data_row
8,6,Wine Grapes (Red),6163,Syrah *,2800,21000,29.6,2,data_row
8,6,Wine Grapes (Red),6163,Syrah *,2800,24500,0.7,2,data_row
8,6,Wine Grapes (Red),6163,Syrah *,2850,100,6.2,2,data_row
8,6,Wine Grapes (Red),6163,Syrah *,2900,100,0.6,2,data_row
8,6,Wine Grapes (Red),6163,Syrah *,2900,17600,0.3,2,data_row
8,6,Wine Grapes (Red),6163,Syrah *,3000,100,72,2,data_row
8,6,Wine Grapes (Red),6163,Syrah *,3000,20800,1.1,2,data_row
8,6,Wine Grapes (Red),6163,Syrah *,3017,2600,19.9,2,data_row
8,6,Wine Grapes (Red),6163,Syrah *,3100,17000,1.6,2,data_row
8,6,Wine Grapes (Red),6163,Syrah *,3113,100,2.2,2,data_row
8,6,Wine Grapes (Red),6163,Syrah *,3121.2,100,4,2,data_row
8,6,Wine Grapes (Red),6163,Syrah *,3200,100,4.5,2,data_row
8,6,Wine Grapes (Red),6163,Syrah *,3200,17400,16.2,2,data_row
8,6,Wine Grapes (Red),6163,Syrah *,3200,21200,24.7,2,data_row
8,6,Wine Grapes (Red),6163,Syrah *,3250,100,17.6,2,data_row
8,6,Wine Grapes (Red),6163,Syrah *,3300,100,21,2,data_row
8,6,Wine Grapes (Red),6163,Syrah *,3400,100,1,2,data_row
8,6,Wine Grapes (Red),6163,Syrah *,3400,5000,3.6,2,data_row
8,6,Wine Grapes (Red),6163,Syrah *,3420,20800,9.1,2,data_row
8,6,Wine Grapes (Red),6163,Syrah *,3448,100,37.3,2,data_row
8,6,Wine Grapes (Red),6163,Syrah *,3450,100,7.3,2,data_row
8,6,Wine Grapes (Red),6163,Syrah *,3500,100,89.5,2,data_row
8,6,Wine Grapes (Red),6163,Syrah *,3593.29,100,16.2,2,data_row
8,6,Wine Grapes (Red),6163,Syrah *,3600,100,1.5,2,data_row
8,6,Wine Grapes (Red),6163,Syrah *,3605,100,3,2,data_row
8,6,Wine Grapes (Red),6163,Syrah *,3610,100,2.6,2,data_row
8,6,Wine Grapes (Red),6163,Syrah *,3617,24800,10.3,2,data_row
8,6,Wine Grapes (Red),6163,Syrah *,3691.5,100,40.7,2,data_row
8,6,Wine Grapes (Red),6163,Syrah *,3698,100,1,2,data_row
8,6,Wine Grapes (Red),6163,Syrah *,3750,100,5.1,2,data_row
8,6,Wine Grapes (Red),6163,Syrah *,3800,100,5.9,2,data_row
8,6,Wine Grapes (Red),6163,Syrah *,3817.89,100,1.9,2,data_row
8,6,Wine Grapes (Red),6163,Syrah *,3960,100,1,2,data_row
8,6,Wine Grapes (Red),6163,Syrah *,4000,100,42.4,2,data_row
8,6,Wine Grapes (Red),6163,Syrah *,4000,13400,2.3,2,data_row
8,6,Wine Grapes (Red),6163,Syrah *,4000,25100,4.2,2,data_row
8,6,Wine Grapes (Red),6163,Syrah *,4000,27500,26.7,2,data_row
8,6,Wine Grapes (Red),6163,Syrah *,4033.41,100,7,2,data_row
8,6,Wine Grapes (Red),6163,Syrah *,4200,100,2.4,2,data_row
8,6,Wine Grapes (Red),6163,Syrah *,4217,24500,13.7,2,data_row
8,6,Wine Grapes (Red),6163,Syrah *,4249,25100,4.8,2,data_row
8,6,Wine Grapes (Red),6163,Syrah *,4250,100,7,2,data_row
8,6,Wine Grapes (Red),6163,Syrah *,4342.5,100,1.4,2,data_row
8,6,Wine Grapes (Red),6163,Syrah *,4369.68,100,6.6,2,data_row
8,6,Wine Grapes (Red),6163,Syrah *,4400,100,3,2,data_row
8,6,Wine Grapes (Red),6163,Syrah *,4448.19,100,21.7,2,data_row
8,6,Wine Grapes (Red),6163,Syrah *,4475,100,13.7,2,data_row
8,6,Wine Grapes (Red),6163,Syrah *,4480,100,26.3,2,data_row
8,6,Wine Grapes (Red),6163,Syrah *,4500,100,48.5,2,data_row
8,6,Wine Grapes (Red),6163,Syrah *,4500,20800,6.4,2,data_row
8,6,Wine Grapes (Red),6163,Syrah *,4500,21000,12.5,2,data_row
8,6,Wine Grapes (Red),6163,Syrah *,4500,21500,4.1,2,data_row
8,6,Wine Grapes (Red),6163,Syrah *,4500,25100,2,2,data_row
8,6,Wine Grapes (Red),6163,Syrah *,4550,100,1,2,data_row
8,6,Wine Grapes (Red),6163,Syrah *,4600,100,2.1,2,data_row
8,6,Wine Grapes (Red),6163,Syrah *,4650,100,11.3,2,data_row
8,6,Wine Grapes (Red),6163,Syrah *,4700,25100,9.1,2,data_row
8,6,Wine Grapes (Red),6163,Syrah *,4745,100,1,2,data_row
8,6,Wine Grapes (Red),6163,Syrah *,4750,100,4.4,2,data_row
8,6,Wine Grapes (Red),6163,Syrah *,4750,11000,2.2,2,data_row
8,6,Wine Grapes (Red),6163,Syrah *,4775,25100,2.9,2,data_row
8,6,Wine Grapes (Red),6163,Syrah *,4800,100,4.9,2,data_row
8,6,Wine Grapes (Red),6163,Syrah *,4824.56,100,1.4,2,data_row
8,6,Wine Grapes (Red),6163,Syrah *,4872,100,2,2,data_row
8,6,Wine Grapes (Red),6163,Syrah *,4880.14,100,2,2,data_row
8,6,Wine Grapes (Red),6163,Syrah *,4950,100,3.6,2,data_row
8,6,Wine Grapes (Red),6163,Syrah *,4982,100,2.8,2,data_row
8,6,Wine Grapes (Red),6163,Syrah *,5000,100,47.9,2,data_row
8,6,Wine Grapes (Red),6163,Syrah *,5000,20800,1.1,2,data_row
8,6,Wine Grapes (Red),6163,Syrah *,5002.97,100,6.4,2,data_row
8,6,Wine Grapes (Red),6163,Syrah *,5082,100,3,2,data_row
8,6,Wine Grapes (Red),6163,Syrah *,5100,100,2.3,2,data_row
8,6,Wine Grapes (Red),6163,Syrah *,5200,100,19,2,data_row
8,6,Wine Grapes (Red),6163,Syrah *,5200,26800,3.4,2,data_row
8,6,Wine Grapes (Red),6163,Syrah *,5250,100,5,2,data_row
8,6,Wine Grapes (Red),6163,Syrah *,5304.5,100,1.8,2,data_row
8,6,Wine Grapes (Red),6163,Syrah *,5400,100,11.1,2,data_row
8,6,Wine Grapes (Red),6163,Syrah *,5500,100,5.9,2,data_row
8,6,Wine Grapes (Red),6163,Syrah *,5500,25100,4.1,2,data_row
8,6,Wine Grapes (Red),6163,Syrah *,5617,24500,8.4,2,data_row
8,6,Wine Grapes (Red),6163,Syrah *,5750,100,1.4,2,data_row
8,6,Wine Grapes (Red),6163,Syrah *,5800,100,6.5,2,data_row
8,6,Wine Grapes (Red),6163,Syrah *,5939,100,3.4,2,data_row
8,6,Wine Grapes (Red),6163,Syrah *,6000,100,1.4,2,data_row
8,6,Wine Grapes (Red),6163,Syrah *,6000,25100,5.8,2,data_row
8,6,Wine Grapes (Red),6163,Syrah *,6100,100,5.2,2,data_row
8,6,Wine Grapes (Red),6163,Syrah *,6160,100,4,2,data_row
8,6,Wine Grapes (Red),6163,Syrah *,6185.02,100,1.5,2,data_row
8,6,Wine Grapes (Red),6163,Syrah *,6194.76,100,1.3,2,data_row
8,6,Wine Grapes (Red),6163,Syrah *,6200,100,2.5,2,data_row
8,6,Wine Grapes (Red),6163,Syrah *,6290.5,100,5.7,2,data_row
8,6,Wine Grapes (Red),6163,Syrah *,6300,100,8.6,2,data_row
8,6,Wine Grapes (Red),6163,Syrah *,6300,24500,1,2,data_row
8,6,Wine Grapes (Red),6163,Syrah *,6400,100,8.6,2,data_row
8,6,Wine Grapes (Red),6163,Syrah *,6417,21000,2.1,2,data_row
8,6,Wine Grapes (Red),6163,Syrah *,6500,100,4.2,2,data_row
8,6,Wine Grapes (Red),6163,Syrah *,6500,25100,1.5,2,data_row
8,6,Wine Grapes (Red),6163,Syrah *,6600,21500,2.1,2,data_row
8,6,Wine Grapes (Red),6163,Syrah *,6616,100,24.5,2,data_row
8,6,Wine Grapes (Red),6163,Syrah *,6667.68,100,2.3,2,data_row
8,6,Wine Grapes (Red),6163,Syrah *,7008.23,100,2,2,data_row
8,6,Wine Grapes (Red),6163,Syrah *,7025,100,8,2,data_row
8,6,Wine Grapes (Red),6163,Syrah *,7043,100,4.1,2,data_row
8,6,Wine Grapes (Red),6163,Syrah *,7122.31,100,3.6,2,data_row
8,6,Wine Grapes (Red),6163,Syrah *,7395.84,17800,34.6,2,data_row
8,6,Wine Grapes (Red),6163,Syrah *,7539.21,100,1,2,data_row
8,6,Wine Grapes (Red),6163,Syrah *,7638.68,100,1,2,data_row
8,6,Wine Grapes (Red),6163,Syrah *,7700,100,0.9,2,data_row
8,6,Wine Grapes (Red),6163,Syrah *,7700,25100,3.5,2,data_row
8,6,Wine Grapes (Red),6163,Syrah *,7846,100,4.5,2,data_row
8,6,Wine Grapes (Red),6163,Syrah *,7927.37,100,2.6,2,data_row
8,6,Wine Grapes (Red),6163,Syrah *,7938,100,3.5,2,data_row
8,6,Wine Grapes (Red),6163,Syrah *,8000,100,97.4,2,data_row
8,6,Wine Grapes (Red),6163,Syrah *,8000,4900,5,2,data_row
8,6,Wine Grapes (Red),6163,Syrah *,8000,25100,4.5,2,data_row
8,6,Wine Grapes (Red),6163,Syrah *,8013,100,2.1,2,data_row
8,6,Wine Grapes (Red),6163,Syrah *,8026.15,100,4,2,data_row
8,6,Wine Grapes (Red),6163,Syrah *,8500,100,4.6,2,data_row
8,6,Wine Grapes (Red),6163,Syrah *,8500,25100,1,2,data_row
8,6,Wine Grapes (Red),6163,Syrah *,8699,21500,10.1,2,data_row
8,6,Wine Grapes (Red),6163,Syrah *,9100,100,7.1,2,data_row
8,6,Wine Grapes (Red),6163,Syrah *,9300,100,2.5,2,data_row
8,6,Wine Grapes (Red),6163,Syrah *,9325,100,7.8,2,data_row
8,6,Wine Grapes (Red),6163,Syrah *,9325,25100,6.6,2,data_row
8,6,Wine Grapes (Red),6163,Syrah *,9350,100,18.4,2,data_row
8,6,Wine Grapes (Red),6163,Syrah *,9926,100,0.6,2,data_row
8,6,Wine Grapes (Red),6163,Syrah *,13379,100,11.1,2,data_row
8,6,Wine Grapes (Red),6163,Syrah *,14982.15,100,2.4,2,data_row
8,6,Wine Grapes (Red),6163,Syrah *,16000,100,2.7,2,data_row
8,6,Wine Grapes (Red),6163,Syrah *,2798.1,,3752.3,3,summary_row
8,6,Wine Grapes (Red),6136,Tannat,600,24500,4.2,2,data_row
8,6,Wine Grapes (Red),6136,Tannat,1170,100,0.5,2,data_row
8,6,Wine Grapes (Red),6136,Tannat,1500,100,1.4,2,data_row
8,6,Wine Grapes (Red),6136,Tannat,1800,100,1.6,2,data_row
8,6,Wine Grapes (Red),6136,Tannat,1800,14100,5.9,2,data_row
8,6,Wine Grapes (Red),6136,Tannat,1800,21000,3,2,data_row
8,6,Wine Grapes (Red),6136,Tannat,1870,100,10.1,2,data_row
8,6,Wine Grapes (Red),6136,Tannat,2000,100,23.9,2,data_row
8,6,Wine Grapes (Red),6136,Tannat,2000,25100,3.8,2,data_row
8,6,Wine Grapes (Red),6136,Tannat,2100,100,0.5,2,data_row
8,6,Wine Grapes (Red),6136,Tannat,2200,100,0.9,2,data_row
8,6,Wine Grapes (Red),6136,Tannat,2500,100,2.6,2,data_row
8,6,Wine Grapes (Red),6136,Tannat,2500,21000,2.1,2,data_row
8,6,Wine Grapes (Red),6136,Tannat,2500,21200,0.3,2,data_row
8,6,Wine Grapes (Red),6136,Tannat,2800,100,2.5,2,data_row
8,6,Wine Grapes (Red),6136,Tannat,3800,100,1.5,2,data_row
8,6,Wine Grapes (Red),6136,Tannat,7453.65,100,1.4,2,data_row
8,6,Wine Grapes (Red),6136,Tannat,9000,25100,1,2,data_row
8,6,Wine Grapes (Red),6136,Tannat,9325,100,2.4,2,data_row
8,6,Wine Grapes (Red),6136,Tannat,9471,100,3,2,data_row
8,6,Wine Grapes (Red),6136,Tannat,2711.43,,72.6,3,summary_row
8,6,Wine Grapes (Red),6176,Tempranillo *,1000,100,5.3,2,data_row
8,6,Wine Grapes (Red),6176,Tempranillo *,1200,100,0.9,2,data_row
8,6,Wine Grapes (Red),6176,Tempranillo *,1500,100,12.2,2,data_row
8,6,Wine Grapes (Red),6176,Tempranillo *,1600,100,1.4,2,data_row
8,6,Wine Grapes (Red),6176,Tempranillo *,1650,100,5.3,2,data_row
8,6,Wine Grapes (Red),6176,Tempranillo *,1700,100,2.8,2,data_row
8,6,Wine Grapes (Red),6176,Tempranillo *,1750,100,4.7,2,data_row
8,6,Wine Grapes (Red),6176,Tempranillo *,1800,20800,3.1,2,data_row
8,6,Wine Grapes (Red),6176,Tempranillo *,1900,100,2.5,2,data_row
8,6,Wine Grapes (Red),6176,Tempranillo *,2000,100,22.7,2,data_row
8,6,Wine Grapes (Red),6176,Tempranillo *,2120,27500,25.8,2,data_row
8,6,Wine Grapes (Red),6176,Tempranillo *,2200,100,5,2,data_row
8,6,Wine Grapes (Red),6176,Tempranillo *,2205,27500,4.9,2,data_row
8,6,Wine Grapes (Red),6176,Tempranillo *,2300,100,3.1,2,data_row
8,6,Wine Grapes (Red),6176,Tempranillo *,2300,25100,2,2,data_row
8,6,Wine Grapes (Red),6176,Tempranillo *,2500,100,3.1,2,data_row
8,6,Wine Grapes (Red),6176,Tempranillo *,2500,21200,0.8,2,data_row
8,6,Wine Grapes (Red),6176,Tempranillo *,2600,100,1.5,2,data_row
8,6,Wine Grapes (Red),6176,Tempranillo *,2700,100,3.1,2,data_row
8,6,Wine Grapes (Red),6176,Tempranillo *,2800,100,16.1,2,data_row
8,6,Wine Grapes (Red),6176,Tempranillo *,2850,100,1.8,2,data_row
8,6,Wine Grapes (Red),6176,Tempranillo *,2899,100,10.7,2,data_row
8,6,Wine Grapes (Red),6176,Tempranillo *,3000,100,1,2,data_row
8,6,Wine Grapes (Red),6176,Tempranillo *,3000,21000,1,2,data_row
8,6,Wine Grapes (Red),6176,Tempranillo *,3024,100,10.2,2,data_row
8,6,Wine Grapes (Red),6176,Tempranillo *,3400,100,1.9,2,data_row
8,6,Wine Grapes (Red),6176,Tempranillo *,3429.32,100,23.5,2,data_row
8,6,Wine Grapes (Red),6176,Tempranillo *,3500,22900,2.1,2,data_row
8,6,Wine Grapes (Red),6176,Tempranillo *,3500.97,100,5.8,2,data_row
8,6,Wine Grapes (Red),6176,Tempranillo *,3690,100,1.5,2,data_row
8,6,Wine Grapes (Red),6176,Tempranillo *,3800,100,2.2,2,data_row
8,6,Wine Grapes (Red),6176,Tempranillo *,4480,100,6.4,2,data_row
8,6,Wine Grapes (Red),6176,Tempranillo *,4600,100,2.9,2,data_row
8,6,Wine Grapes (Red),6176,Tempranillo *,4750,100,7.2,2,data_row
8,6,Wine Grapes (Red),6176,Tempranillo *,4750,17800,0.9,2,data_row
8,6,Wine Grapes (Red),6176,Tempranillo *,5000,100,3.2,2,data_row
8,6,Wine Grapes (Red),6176,Tempranillo *,6500,100,1.1,2,data_row
8,6,Wine Grapes (Red),6176,Tempranillo *,7000,100,16.9,2,data_row
8,6,Wine Grapes (Red),6176,Tempranillo *,8000,100,1.7,2,data_row
8,6,Wine Grapes (Red),6176,Tempranillo *,3052.31,,228.3,3,summary_row
8,6,Wine Grapes (Red),6175,Teroldego,2700,100,3,2,data_row
8,6,Wine Grapes (Red),6175,Teroldego,3150,100,6.4,2,data_row
8,6,Wine Grapes (Red),6175,Teroldego,4480,100,0.7,2,data_row
8,6,Wine Grapes (Red),6175,Teroldego,3108.51,,10.1,3,summary_row
8,6,Wine Grapes (Red),6165,Tinta Cao,2500,100,3.9,2,data_row
8,6,Wine Grapes (Red),6165,Tinta Cao,6500,100,3,2,data_row
8,6,Wine Grapes (Red),6165,Tinta Cao,4239.13,,6.9,3,summary_row
8,6,Wine Grapes (Red),6008,Touriga Nacional *,2048,24500,1.5,2,data_row
8,6,Wine Grapes (Red),6008,Touriga Nacional *,2100,100,6.3,2,data_row
8,6,Wine Grapes (Red),6008,Touriga Nacional *,2450,100,4,2,data_row
8,6,Wine Grapes (Red),6008,Touriga Nacional *,2498.75,100,1.6,2,data_row
8,6,Wine Grapes (Red),6008,Touriga Nacional *,2500,17400,2.6,2,data_row
8,6,Wine Grapes (Red),6008,Touriga Nacional *,3000,17400,1.1,2,data_row
8,6,Wine Grapes (Red),6008,Touriga Nacional *,3300,100,1,2,data_row
8,6,Wine Grapes (Red),6008,Touriga Nacional *,5090,100,0.9,2,data_row
8,6,Wine Grapes (Red),6008,Touriga Nacional *,6500,17400,9,2,data_row
8,6,Wine Grapes (Red),6008,Touriga Nacional *,9100,100,0.3,2,data_row
8,6,Wine Grapes (Red),6008,Touriga Nacional *,9325,100,2,2,data_row
8,6,Wine Grapes (Red),6008,Touriga Nacional *,4213.23,,30.3,3,summary_row
8,6,Wine Grapes (Red),6186,Trousseau *,1200,100,2.9,2,data_row
8,6,Wine Grapes (Red),6186,Trousseau *,2000,100,0.4,2,data_row
8,6,Wine Grapes (Red),6186,Trousseau *,2900,100,4.7,2,data_row
8,6,Wine Grapes (Red),6186,Trousseau *,2238.75,,8,3,summary_row
8,6,Wine Grapes (Red),6052,Valdiguie *,1000,100,14.3,2,data_row
8,6,Wine Grapes (Red),6052,Valdiguie *,1109.71,100,9.3,2,data_row
8,6,Wine Grapes (Red),6052,Valdiguie *,1200,100,0.4,2,data_row
8,6,Wine Grapes (Red),6052,Valdiguie *,1417.97,100,16.7,2,data_row
8,6,Wine Grapes (Red),6052,Valdiguie *,1500,100,21.5,2,data_row
8,6,Wine Grapes (Red),6052,Valdiguie *,1500,7900,12.7,2,data_row
8,6,Wine Grapes (Red),6052,Valdiguie *,1575,100,1.1,2,data_row
8,6,Wine Grapes (Red),6052,Valdiguie *,1600,100,14.2,2,data_row
8,6,Wine Grapes (Red),6052,Valdiguie *,1800,100,10.3,2,data_row
8,6,Wine Grapes (Red),6052,Valdiguie *,2500,100,1.5,2,data_row
8,6,Wine Grapes (Red),6052,Valdiguie *,2642.68,100,6.3,2,data_row
8,6,Wine Grapes (Red),6052,Valdiguie *,2800,100,7.8,2,data_row
8,6,Wine Grapes (Red),6052,Valdiguie *,2850,100,5.7,2,data_row
8,6,Wine Grapes (Red),6052,Valdiguie *,3000,100,10.1,2,data_row
8,6,Wine Grapes (Red),6052,Valdiguie *,3500,100,3.1,2,data_row
8,6,Wine Grapes (Red),6052,Valdiguie *,3500,11300,1.6,2,data_row
8,6,Wine Grapes (Red),6052,Valdiguie *,3500,13600,1.9,2,data_row
8,6,Wine Grapes (Red),6052,Valdiguie *,3500,18900,1.4,2,data_row
8,6,Wine Grapes (Red),6052,Valdiguie *,3600,100,5.6,2,data_row
8,6,Wine Grapes (Red),6052,Valdiguie *,3800,100,5.3,2,data_row
8,6,Wine Grapes (Red),6052,Valdiguie *,4000,100,1.9,2,data_row
8,6,Wine Grapes (Red),6052,Valdiguie *,4030,100,1.2,2,data_row
8,6,Wine Grapes (Red),6052,Valdiguie *,6000,100,0.1,2,data_row
8,6,Wine Grapes (Red),6052,Valdiguie *,2033.72,,154,3,summary_row
8,6,Wine Grapes (Red),6154,Zinfandel,925,100,43.3,2,data_row
8,6,Wine Grapes (Red),6154,Zinfandel,1000,100,25.4,2,data_row
8,6,Wine Grapes (Red),6154,Zinfandel,1050,100,7.6,2,data_row
8,6,Wine Grapes (Red),6154,Zinfandel,1100,100,6,2,data_row
8,6,Wine Grapes (Red),6154,Zinfandel,1200,100,377.4,2,data_row
8,6,Wine Grapes (Red),6154,Zinfandel,1200,14100,5.5,2,data_row
8,6,Wine Grapes (Red),6154,Zinfandel,1375,100,86.8,2,data_row
8,6,Wine Grapes (Red),6154,Zinfandel,1426.44,100,29.2,2,data_row
8,6,Wine Grapes (Red),6154,Zinfandel,1450,100,54.2,2,data_row
8,6,Wine Grapes (Red),6154,Zinfandel,1500,100,8.1,2,data_row
8,6,Wine Grapes (Red),6154,Zinfandel,1600,100,56.9,2,data_row
8,6,Wine Grapes (Red),6154,Zinfandel,1695,17400,1.2,2,data_row
8,6,Wine Grapes (Red),6154,Zinfandel,1800,100,17.4,2,data_row
8,6,Wine Grapes (Red),6154,Zinfandel,2000,100,28.7,2,data_row
8,6,Wine Grapes (Red),6154,Zinfandel,2050,100,10.3,2,data_row
8,6,Wine Grapes (Red),6154,Zinfandel,2100,100,1.7,2,data_row
8,6,Wine Grapes (Red),6154,Zinfandel,2191.65,24500,7.2,2,data_row
8,6,Wine Grapes (Red),6154,Zinfandel,2200,17400,0.9,2,data_row
8,6,Wine Grapes (Red),6154,Zinfandel,2225,100,2.6,2,data_row
8,6,Wine Grapes (Red),6154,Zinfandel,2225.75,100,253.9,2,data_row
8,6,Wine Grapes (Red),6154,Zinfandel,2250,100,5,2,data_row
8,6,Wine Grapes (Red),6154,Zinfandel,2250,27800,7.2,2,data_row
8,6,Wine Grapes (Red),6154,Zinfandel,2300,100,73.6,2,data_row
8,6,Wine Grapes (Red),6154,Zinfandel,2375,100,15.6,2,data_row
8,6,Wine Grapes (Red),6154,Zinfandel,2500,100,104.5,2,data_row
8,6,Wine Grapes (Red),6154,Zinfandel,2500,14100,4.9,2,data_row
8,6,Wine Grapes (Red),6154,Zinfandel,2500,17800,2.8,2,data_row
8,6,Wine Grapes (Red),6154,Zinfandel,2500,25100,2.6,2,data_row
8,6,Wine Grapes (Red),6154,Zinfandel,2600,100,32.5,2,data_row
8,6,Wine Grapes (Red),6154,Zinfandel,2650,100,11.8,2,data_row
8,6,Wine Grapes (Red),6154,Zinfandel,2703.68,100,40.6,2,data_row
8,6,Wine Grapes (Red),6154,Zinfandel,2800,100,4.2,2,data_row
8,6,Wine Grapes (Red),6154,Zinfandel,2950,100,5.2,2,data_row
8,6,Wine Grapes (Red),6154,Zinfandel,3000,100,174.6,2,data_row
8,6,Wine Grapes (Red),6154,Zinfandel,3000,22800,2.1,2,data_row
8,6,Wine Grapes (Red),6154,Zinfandel,3000,27800,45.2,2,data_row
8,6,Wine Grapes (Red),6154,Zinfandel,3100,100,8.8,2,data_row
8,6,Wine Grapes (Red),6154,Zinfandel,3200,100,5,2,data_row
8,6,Wine Grapes (Red),6154,Zinfandel,3400,24500,19.8,2,data_row
8,6,Wine Grapes (Red),6154,Zinfandel,3400,27800,26.4,2,data_row
8,6,Wine Grapes (Red),6154,Zinfandel,3448,100,7.5,2,data_row
8,6,Wine Grapes (Red),6154,Zinfandel,3500,100,57.2,2,data_row
8,6,Wine Grapes (Red),6154,Zinfandel,3500,21500,5.1,2,data_row
8,6,Wine Grapes (Red),6154,Zinfandel,3800,100,3,2,data_row
8,6,Wine Grapes (Red),6154,Zinfandel,4000,100,20.4,2,data_row
8,6,Wine Grapes (Red),6154,Zinfandel,4000,17400,5.2,2,data_row
8,6,Wine Grapes (Red),6154,Zinfandel,4000,25100,1,2,data_row
8,6,Wine Grapes (Red),6154,Zinfandel,4500,100,13.9,2,data_row
8,6,Wine Grapes (Red),6154,Zinfandel,4750,100,6.3,2,data_row
8,6,Wine Grapes (Red),6154,Zinfandel,4750,17800,1,2,data_row
8,6,Wine Grapes (Red),6154,Zinfandel,5000,100,8,2,data_row
8,6,Wine Grapes (Red),6154,Zinfandel,5500,100,1.7,2,data_row
8,6,Wine Grapes (Red),6154,Zinfandel,5500,13600,1.4,2,data_row
8,6,Wine Grapes (Red),6154,Zinfandel,6616,100,23.1,2,data_row
8,6,Wine Grapes (Red),6154,Zinfandel,7000,100,10.1,2,data_row
8,6,Wine Grapes (Red),6154,Zinfandel,2225.75,,1781.6,3,summary_row
8,6,Wine Grapes (Red),6001,Other Red Wine 2/,1735,100,8.3,2,data_row
8,6,Wine Grapes (Red),6001,Other Red Wine 2/,1800,100,1.9,2,data_row
8,6,Wine Grapes (Red),6001,Other Red Wine 2/,2000,100,2.5,2,data_row
8,6,Wine Grapes (Red),6001,Other Red Wine 2/,2175,17200,2,2,data_row
8,6,Wine Grapes (Red),6001,Other Red Wine 2/,2700,100,1.5,2,data_row
8,6,Wine Grapes (Red),6001,Other Red Wine 2/,2850,100,0.3,2,data_row
8,6,Wine Grapes (Red),6001,Other Red Wine 2/,3000,100,1.1,2,data_row
8,6,Wine Grapes (Red),6001,Other Red Wine 2/,3024.75,100,2,2,data_row
8,6,Wine Grapes (Red),6001,Other Red Wine 2/,3500,100,3.5,2,data_row
8,6,Wine Grapes (Red),6001,Other Red Wine 2/,5000,100,0.3,2,data_row
8,6,Wine Grapes (Red),6001,Other Red Wine 2/,2357.91,,23.4,3,summary_row
9,7,Wine Grapes (White),7062,Albarino *,800,100,1,2,data_row
9,7,Wine Grapes (White),7062,Albarino *,1000,100,14.2,2,data_row
9,7,Wine Grapes (White),7062,Albarino *,2200,100,15.9,2,data_row
9,7,Wine Grapes (White),7062,Albarino *,1607.07,,31.1,3,summary_row
9,7,Wine Grapes (White),7085,Assyrtiko,1800,100,1,2,data_row
9,7,Wine Grapes (White),7085,Assyrtiko,2300,100,8.4,2,data_row
9,7,Wine Grapes (White),7085,Assyrtiko,2246.81,,9.4,3,summary_row
9,7,Wine Grapes (White),7004,Chardonnay *,642,59593,1951.2,2,data_row
9,7,Wine Grapes (White),7004,Chardonnay *,667.09,100,2261.4,2,data_row
9,7,Wine Grapes (White),7004,Chardonnay *,800,100,361.7,2,data_row
9,7,Wine Grapes (White),7004,Chardonnay *,825,100,503.3,2,data_row
9,7,Wine Grapes (White),7004,Chardonnay *,900,12900,16.8,2,data_row
9,7,Wine Grapes (White),7004,Chardonnay *,1063,21000,14.9,2,data_row
9,7,Wine Grapes (White),7004,Chardonnay *,1100,21000,3,2,data_row
9,7,Wine Grapes (White),7004,Chardonnay *,1275,100,9.9,2,data_row
9,7,Wine Grapes (White),7004,Chardonnay *,2000,100,0.7,2,data_row
9,7,Wine Grapes (White),7004,Chardonnay *,2200,14000,2.8,2,data_row
9,7,Wine Grapes (White),7004,Chardonnay *,686.78,,5125.7,3,summary_row
9,7,Wine Grapes (White),7006,Chenin Blanc,550,100,3.4,2,data_row
9,7,Wine Grapes (White),7006,Chenin Blanc,1600,10700,4,2,data_row
9,7,Wine Grapes (White),7006,Chenin Blanc,1756.6,100,7.8,2,data_row
9,7,Wine Grapes (White),7006,Chenin Blanc,1445.49,,15.2,3,summary_row
9,7,Wine Grapes (White),7069,Clairette Blanche,800,100,1,2,data_row
9,7,Wine Grapes (White),7069,Clairette Blanche,800,,1,3,summary_row
9,7,Wine Grapes (White),7068,Falaghina Greco,1200,10900,0.5,2,data_row
9,7,Wine Grapes (White),7068,Falaghina Greco,1200,,0.5,3,summary_row
9,7,Wine Grapes (White),7066,Fiano,1300,10900,2.5,2,data_row
9,7,Wine Grapes (White),7066,Fiano,1500,13100,0.7,2,data_row
9,7,Wine Grapes (White),7066,Fiano,1800,100,1,2,data_row
9,7,Wine Grapes (White),7066,Fiano,1452.38,,4.2,3,summary_row
9,7,Wine Grapes (White),7010,French Colombard,750,100,0.1,2,data_row
9,7,Wine Grapes (White),7010,French Colombard,2000,100,6.4,2,data_row
9,7,Wine Grapes (White),7010,French Colombard,1980.77,,6.5,3,summary_row
9,7,Wine Grapes (White),7011,Gewurztraminer,1550,100,13.8,2,data_row
9,7,Wine Grapes (White),7011,Gewurztraminer,2000,100,0.6,2,data_row
9,7,Wine Grapes (White),7011,Gewurztraminer,2000,10700,3.1,2,data_row
9,7,Wine Grapes (White),7011,Gewurztraminer,2219,13600,10.2,2,data_row
9,7,Wine Grapes (White),7011,Gewurztraminer,1856.45,,27.7,3,summary_row
9,7,Wine Grapes (White),7055,Grenache Blanc *,2200,100,0.3,2,data_row
9,7,Wine Grapes (White),7055,Grenache Blanc *,2200,,0.3,3,summary_row
9,7,Wine Grapes (White),7019,Malvasia Bianca,800,100,0.5,2,data_row
9,7,Wine Grapes (White),7019,Malvasia Bianca,1800,100,1,2,data_row
9,7,Wine Grapes (White),7019,Malvasia Bianca,1466.67,,1.5,3,summary_row
9,7,Wine Grapes (White),7045,Marsanne,2000,100,2.3,2,data_row
9,7,Wine Grapes (White),7045,Marsanne,2200,100,0.1,2,data_row
9,7,Wine Grapes (White),7045,Marsanne,2008.33,,2.4,3,summary_row
9,7,Wine Grapes (White),7022,Muscat Blanc *,1650,10900,2.2,2,data_row
9,7,Wine Grapes (White),7022,Muscat Blanc *,2600,100,1.4,2,data_row
9,7,Wine Grapes (White),7022,Muscat Blanc *,2019.44,,3.6,3,summary_row
9,7,Wine Grapes (White),7049,Muscat Of Alexandria,2600,100,2,2,data_row
9,7,Wine Grapes (White),7049,Muscat Of Alexandria,2600,,2,3,summary_row
9,7,Wine Grapes (White),7065,Picpoul Blanc,1800,100,1,2,data_row
9,7,Wine Grapes (White),7065,Picpoul Blanc,1800,,1,3,summary_row
9,7,Wine Grapes (White),7044,Pinot Gris *,505,39720,237.8,2,data_row
9,7,Wine Grapes (White),7044,Pinot Gris *,525,13100,528.5,2,data_row
9,7,Wine Grapes (White),7044,Pinot Gris *,600,100,1096,2,data_row
9,7,Wine Grapes (White),7044,Pinot Gris *,1550,100,5.2,2,data_row
9,7,Wine Grapes (White),7044,Pinot Gris *,569.32,,1867.5,3,summary_row
9,7,Wine Grapes (White),7042,Roussanne,1275,100,6.3,2,data_row
9,7,Wine Grapes (White),7042,Roussanne,2000,100,2.3,2,data_row
9,7,Wine Grapes (White),7042,Roussanne,1468.9,,8.6,3,summary_row
9,7,Wine Grapes (White),7033,Sauvignon Blanc *,300,100,705.3,2,data_row
9,7,Wine Grapes (White),7033,Sauvignon Blanc *,598.33,100,554.4,2,data_row
9,7,Wine Grapes (White),7033,Sauvignon Blanc *,1000,100,1.5,2,data_row
9,7,Wine Grapes (White),7033,Sauvignon Blanc *,1360,13100,145,2,data_row
9,7,Wine Grapes (White),7033,Sauvignon Blanc *,1550,100,5.3,2,data_row
9,7,Wine Grapes (White),7033,Sauvignon Blanc *,1700,100,0.5,2,data_row
9,7,Wine Grapes (White),7033,Sauvignon Blanc *,1800,100,0.2,2,data_row
9,7,Wine Grapes (White),7033,Sauvignon Blanc *,1950,100,1,2,data_row
9,7,Wine Grapes (White),7033,Sauvignon Blanc *,533.1,,1413.2,3,summary_row
9,7,Wine Grapes (White),7036,Semillon,1000,100,0.5,2,data_row
9,7,Wine Grapes (White),7036,Semillon,1800,100,0.2,2,data_row
9,7,Wine Grapes (White),7036,Semillon,1228.57,,0.7,3,summary_row
9,7,Wine Grapes (White),7032,St. Emilion *,2400,100,6.6,2,data_row
9,7,Wine Grapes (White),7032,St. Emilion *,2400,,6.6,3,summary_row
9,7,Wine Grapes (White),7075,Verdejo,450,100,1,2,data_row
9,7,Wine Grapes (White),7075,Verdejo,750,100,0.5,2,data_row
9,7,Wine Grapes (White),7075,Verdejo,2426.96,100,1,2,data_row
9,7,Wine Grapes (White),7075,Verdejo,1300.78,,2.5,3,summary_row
9,7,Wine Grapes (White),7064,Vermentino *,1498.3,100,382.5,2,data_row
9,7,Wine Grapes (White),7064,Vermentino *,1800,100,0.7,2,data_row
9,7,Wine Grapes (White),7064,Vermentino *,1900,100,3.7,2,data_row
9,7,Wine Grapes (White),7064,Vermentino *,1900,11100,1,2,data_row
9,7,Wine Grapes (White),7064,Vermentino *,1503.71,,387.9,3,summary_row
9,7,Wine Grapes (White),7043,Viognier,1275,100,7.1,2,data_row
9,7,Wine Grapes (White),7043,Viognier,1900,100,0.5,2,data_row
9,7,Wine Grapes (White),7043,Viognier,2200,100,16.4,2,data_row
9,7,Wine Grapes (White),7043,Viognier,2500,100,1.1,2,data_row
9,7,Wine Grapes (White),7043,Viognier,1945.52,,25.1,3,summary_row
9,7,Wine Grapes (White),7038,White Riesling *,2729,11000,4.6,2,data_row
9,7,Wine Grapes (White),7038,White Riesling *,2729,,4.6,3,summary_row
9,7,Wine Grapes (White),7001,Other White Wine 2/,1117,800,10.7,2,data_row
9,7,Wine Grapes (White),7001,Other White Wine 2/,1200,10900,0.5,2,data_row
9,7,Wine Grapes (White),7001,Other White Wine 2/,1300,10900,2.2,2,data_row
9,7,Wine Grapes (White),7001,Other White Wine 2/,1900,11100,0.5,2,data_row
9,7,Wine Grapes (White),7001,Other White Wine 2/,2300,100,9.3,2,data_row
9,7,Wine Grapes (White),7001,Other White Wine 2/,1627.24,,23.2,3,summary_row
9,6,Wine Grapes (Red),6006,Alicante Bouschet *,1275,100,1.4,2,data_row
9,6,Wine Grapes (Red),6006,Alicante Bouschet *,2200,20800,2.2,2,data_row
9,6,Wine Grapes (Red),6006,Alicante Bouschet *,1840.28,,3.6,3,summary_row
9,6,Wine Grapes (Red),6013,Barbera,1900,100,6,2,data_row
9,6,Wine Grapes (Red),6013,Barbera,2000,13600,0.2,2,data_row
9,6,Wine Grapes (Red),6013,Barbera,2200,100,2,2,data_row
9,6,Wine Grapes (Red),6013,Barbera,3200,100,21.5,2,data_row
9,6,Wine Grapes (Red),6013,Barbera,2861.95,,29.7,3,summary_row
9,6,Wine Grapes (Red),6187,Blaufraenkisch *,2000,21200,2.5,2,data_row
9,6,Wine Grapes (Red),6187,Blaufraenkisch *,2000,,2.5,3,summary_row
9,6,Wine Grapes (Red),6023,Cabernet Franc,1275,100,2.1,2,data_row
9,6,Wine Grapes (Red),6023,Cabernet Franc,1275,,2.1,3,summary_row
9,6,Wine Grapes (Red),6024,Cabernet Sauvignon,340,24500,3,2,data_row
9,6,Wine Grapes (Red),6024,Cabernet Sauvignon,525,67893,599.9,2,data_row
9,6,Wine Grapes (Red),6024,Cabernet Sauvignon,789.32,100,359.8,2,data_row
9,6,Wine Grapes (Red),6024,Cabernet Sauvignon,850,100,355.1,2,data_row
9,6,Wine Grapes (Red),6024,Cabernet Sauvignon,1000,100,0.5,2,data_row
9,6,Wine Grapes (Red),6024,Cabernet Sauvignon,1200,100,1.6,2,data_row
9,6,Wine Grapes (Red),6024,Cabernet Sauvignon,1275,100,9.2,2,data_row
9,6,Wine Grapes (Red),6024,Cabernet Sauvignon,1985,20800,0.2,2,data_row
9,6,Wine Grapes (Red),6024,Cabernet Sauvignon,2000,100,1.6,2,data_row
9,6,Wine Grapes (Red),6024,Cabernet Sauvignon,2150,100,1.5,2,data_row
9,6,Wine Grapes (Red),6024,Cabernet Sauvignon,692.56,,1332.4,3,summary_row
9,6,Wine Grapes (Red),6026,Carignane,750,100,0.6,2,data_row
9,6,Wine Grapes (Red),6026,Carignane,1800,100,2,2,data_row
9,6,Wine Grapes (Red),6026,Carignane,1557.69,,2.6,3,summary_row
9,6,Wine Grapes (Red),6185,Counoise,1900,100,4,2,data_row
9,6,Wine Grapes (Red),6185,Counoise,1900,,4,3,summary_row
9,6,Wine Grapes (Red),6196,Graciano,3200,100,5.5,2,data_row
9,6,Wine Grapes (Red),6196,Graciano,3200,,5.5,3,summary_row
9,6,Wine Grapes (Red),6058,Grenache *,500,9500,1.9,2,data_row
9,6,Wine Grapes (Red),6058,Grenache *,550,100,2.8,2,data_row
9,6,Wine Grapes (Red),6058,Grenache *,1100,100,4.2,2,data_row
9,6,Wine Grapes (Red),6058,Grenache *,1275,100,11.2,2,data_row
9,6,Wine Grapes (Red),6058,Grenache *,1900,100,5.9,2,data_row
9,6,Wine Grapes (Red),6058,Grenache *,2200,100,0.2,2,data_row
9,6,Wine Grapes (Red),6058,Grenache *,3000,100,0.9,2,data_row
9,6,Wine Grapes (Red),6058,Grenache *,1318.82,,27.1,3,summary_row
9,6,Wine Grapes (Red),6076,Malbec,850,100,252.3,2,data_row
9,6,Wine Grapes (Red),6076,Malbec,1275,100,5.8,2,data_row
9,6,Wine Grapes (Red),6076,Malbec,2000,100,0.5,2,data_row
9,6,Wine Grapes (Red),6076,Malbec,2150,100,3.4,2,data_row
9,6,Wine Grapes (Red),6076,Malbec,3000,100,0.5,2,data_row
9,6,Wine Grapes (Red),6076,Malbec,882.51,,262.5,3,summary_row
9,6,Wine Grapes (Red),6084,Merlot,1400,100,0.7,2,data_row
9,6,Wine Grapes (Red),6084,Merlot,1400,,0.7,3,summary_row
9,6,Wine Grapes (Red),6189,Montepulciano,1900,100,3.8,2,data_row
9,6,Wine Grapes (Red),6189,Montepulciano,1900,,3.8,3,summary_row
9,6,Wine Grapes (Red),6081,Mourvedre *,1275,100,6.9,2,data_row
9,6,Wine Grapes (Red),6081,Mourvedre *,1900,100,3.9,2,data_row
9,6,Wine Grapes (Red),6081,Mourvedre *,2500,100,1.2,2,data_row
9,6,Wine Grapes (Red),6081,Mourvedre *,1600.62,,12,3,summary_row
9,6,Wine Grapes (Red),6094,Muscat Hamburg *,1800,100,0.1,2,data_row
9,6,Wine Grapes (Red),6094,Muscat Hamburg *,1800,,0.1,3,summary_row
9,6,Wine Grapes (Red),6192,Negroamaro,2000,100,0.1,2,data_row
9,6,Wine Grapes (Red),6192,Negroamaro,2000,,0.1,3,summary_row
9,6,Wine Grapes (Red),6107,Petit Verdot,850,100,201.4,2,data_row
9,6,Wine Grapes (Red),6107,Petit Verdot,1275,100,5.6,2,data_row
9,6,Wine Grapes (Red),6107,Petit Verdot,2100,100,1.9,2,data_row
9,6,Wine Grapes (Red),6107,Petit Verdot,2200,20800,3.2,2,data_row
9,6,Wine Grapes (Red),6107,Petit Verdot,892.79,,212.1,3,summary_row
9,6,Wine Grapes (Red),6106,Petite Sirah,200,100,1,2,data_row
9,6,Wine Grapes (Red),6106,Petite Sirah,590,100,2,2,data_row
9,6,Wine Grapes (Red),6106,Petite Sirah,600,100,197.5,2,data_row
9,6,Wine Grapes (Red),6106,Petite Sirah,850,100,203.6,2,data_row
9,6,Wine Grapes (Red),6106,Petite Sirah,909.71,100,196.8,2,data_row
9,6,Wine Grapes (Red),6106,Petite Sirah,1275,100,19.9,2,data_row
9,6,Wine Grapes (Red),6106,Petite Sirah,2000,13600,0.3,2,data_row
9,6,Wine Grapes (Red),6106,Petite Sirah,2150,20800,3.3,2,data_row
9,6,Wine Grapes (Red),6106,Petite Sirah,3500,100,21.4,2,data_row
9,6,Wine Grapes (Red),6106,Petite Sirah,898.02,,645.8,3,summary_row
9,6,Wine Grapes (Red),6112,Pinot Noir *,625,24500,76.8,2,data_row
9,6,Wine Grapes (Red),6112,Pinot Noir *,900,100,26.1,2,data_row
9,6,Wine Grapes (Red),6112,Pinot Noir *,1500,100,0.5,2,data_row
9,6,Wine Grapes (Red),6112,Pinot Noir *,3000,100,1.7,2,data_row
9,6,Wine Grapes (Red),6112,Pinot Noir *,3245,22800,4.4,2,data_row
9,6,Wine Grapes (Red),6112,Pinot Noir *,3300,14000,15.3,2,data_row
9,6,Wine Grapes (Red),6112,Pinot Noir *,1138.69,,124.8,3,summary_row
9,6,Wine Grapes (Red),6021,Primitivo,2000,13600,0.2,2,data_row
9,6,Wine Grapes (Red),6021,Primitivo,2000,,0.2,3,summary_row
9,6,Wine Grapes (Red),6118,Refosco *,2000,20800,0.2,2,data_row
9,6,Wine Grapes (Red),6118,Refosco *,2000,,0.2,3,summary_row
9,6,Wine Grapes (Red),6127,Sangiovese *,700,100,1.4,2,data_row
9,6,Wine Grapes (Red),6127,Sangiovese *,2150,100,2.5,2,data_row
9,6,Wine Grapes (Red),6127,Sangiovese *,2200,100,0.2,2,data_row
9,6,Wine Grapes (Red),6127,Sangiovese *,2200,13400,2.2,2,data_row
9,6,Wine Grapes (Red),6127,Sangiovese *,1846.83,,6.3,3,summary_row
9,6,Wine Grapes (Red),6163,Syrah *,500,67607,205.8,2,data_row
9,6,Wine Grapes (Red),6163,Syrah *,850,100,163.1,2,data_row
9,6,Wine Grapes (Red),6163,Syrah *,1000,100,0.3,2,data_row
9,6,Wine Grapes (Red),6163,Syrah *,1275,100,3.5,2,data_row
9,6,Wine Grapes (Red),6163,Syrah *,1850,21000,1,2,data_row
9,6,Wine Grapes (Red),6163,Syrah *,1950,100,1.5,2,data_row
9,6,Wine Grapes (Red),6163,Syrah *,2000,100,0.5,2,data_row
9,6,Wine Grapes (Red),6163,Syrah *,3200,100,10.9,2,data_row
9,6,Wine Grapes (Red),6163,Syrah *,742.25,,386.6,3,summary_row
9,6,Wine Grapes (Red),6136,Tannat,1550.23,60905,110.5,2,data_row
9,6,Wine Grapes (Red),6136,Tannat,2150,100,1,2,data_row
9,6,Wine Grapes (Red),6136,Tannat,3000,100,2.5,2,data_row
9,6,Wine Grapes (Red),6136,Tannat,1587.28,,114,3,summary_row
9,6,Wine Grapes (Red),6176,Tempranillo *,853.85,100,266.7,2,data_row
9,6,Wine Grapes (Red),6176,Tempranillo *,1275,100,5.1,2,data_row
9,6,Wine Grapes (Red),6176,Tempranillo *,2300,100,1.5,2,data_row
9,6,Wine Grapes (Red),6176,Tempranillo *,3200,100,15.2,2,data_row
9,6,Wine Grapes (Red),6176,Tempranillo *,992.42,,288.5,3,summary_row
9,6,Wine Grapes (Red),6175,Teroldego,50,100,5,2,data_row
9,6,Wine Grapes (Red),6175,Teroldego,675,67605,720,2,data_row
9,6,Wine Grapes (Red),6175,Teroldego,800,100,247.1,2,data_row
9,6,Wine Grapes (Red),6175,Teroldego,900.89,100,88.9,2,data_row
9,6,Wine Grapes (Red),6175,Teroldego,900.9,100,178.5,2,data_row
9,6,Wine Grapes (Red),6175,Teroldego,1300,21000,0.9,2,data_row
9,6,Wine Grapes (Red),6175,Teroldego,746.53,,1240.4,3,summary_row
9,6,Wine Grapes (Red),6154,Zinfandel,1000,100,6.1,2,data_row
9,6,Wine Grapes (Red),6154,Zinfandel,1900,100,0.3,2,data_row
9,6,Wine Grapes (Red),6154,Zinfandel,1950,100,3,2,data_row
9,6,Wine Grapes (Red),6154,Zinfandel,2000,100,0.8,2,data_row
9,6,Wine Grapes (Red),6154,Zinfandel,1384.31,,10.2,3,summary_row
10,5,Table Grapes,5001,Other Table 2/,1500,100,0.8,2,data_row
10,5,Table Grapes,5001,Other Table 2/,1500,,0.8,3,summary_row
10,7,Wine Grapes (White),7062,Albarino *,1000,13100,1,2,data_row
10,7,Wine Grapes (White),7062,Albarino *,1200,100,0.7,2,data_row
10,7,Wine Grapes (White),7062,Albarino *,1600,100,2.1,2,data_row
10,7,Wine Grapes (White),7062,Albarino *,1600,10700,3,2,data_row
10,7,Wine Grapes (White),7062,Albarino *,2000,100,0.9,2,data_row
10,7,Wine Grapes (White),7062,Albarino *,2000,10900,2.3,2,data_row
10,7,Wine Grapes (White),7062,Albarino *,5340,13600,0.5,2,data_row
10,7,Wine Grapes (White),7062,Albarino *,1816.19,,10.5,3,summary_row
10,7,Wine Grapes (White),7054,Arneis,1450,100,0.8,2,data_row
10,7,Wine Grapes (White),7054,Arneis,2000,17200,0.1,2,data_row
10,7,Wine Grapes (White),7054,Arneis,1511.11,,0.9,3,summary_row
10,7,Wine Grapes (White),7004,Chardonnay *,600,100,5.1,2,data_row
10,7,Wine Grapes (White),7004,Chardonnay *,800,17200,2,2,data_row
10,7,Wine Grapes (White),7004,Chardonnay *,1000,100,1.3,2,data_row
10,7,Wine Grapes (White),7004,Chardonnay *,1200,100,6,2,data_row
10,7,Wine Grapes (White),7004,Chardonnay *,1350,100,2.8,2,data_row
10,7,Wine Grapes (White),7004,Chardonnay *,1500,100,100,2,data_row
10,7,Wine Grapes (White),7004,Chardonnay *,1750,100,2.2,2,data_row
10,7,Wine Grapes (White),7004,Chardonnay *,1800,21200,1.3,2,data_row
10,7,Wine Grapes (White),7004,Chardonnay *,1900,100,11.7,2,data_row
10,7,Wine Grapes (White),7004,Chardonnay *,2000,11806,88.3,2,data_row
10,7,Wine Grapes (White),7004,Chardonnay *,2300,100,1.9,2,data_row
10,7,Wine Grapes (White),7004,Chardonnay *,3000,100,2.7,2,data_row
10,7,Wine Grapes (White),7004,Chardonnay *,3300,100,3.5,2,data_row
10,7,Wine Grapes (White),7004,Chardonnay *,6541,100,2.7,2,data_row
10,7,Wine Grapes (White),7004,Chardonnay *,1786.78,,231.5,3,summary_row
10,7,Wine Grapes (White),7006,Chenin Blanc,1500,100,3,2,data_row
10,7,Wine Grapes (White),7006,Chenin Blanc,1500,10700,3.2,2,data_row
10,7,Wine Grapes (White),7006,Chenin Blanc,1575,17400,3.6,2,data_row
10,7,Wine Grapes (White),7006,Chenin Blanc,1800,100,15,2,data_row
10,7,Wine Grapes (White),7006,Chenin Blanc,1800,9000,8.9,2,data_row
10,7,Wine Grapes (White),7006,Chenin Blanc,1800,10600,1.1,2,data_row
10,7,Wine Grapes (White),7006,Chenin Blanc,2000,100,4.8,2,data_row
10,7,Wine Grapes (White),7006,Chenin Blanc,2500,100,2,2,data_row
10,7,Wine Grapes (White),7006,Chenin Blanc,1792.55,,41.6,3,summary_row
10,7,Wine Grapes (White),7069,Clairette Blanche,1575,11400,2.2,2,data_row
10,7,Wine Grapes (White),7069,Clairette Blanche,2400,100,0.3,2,data_row
10,7,Wine Grapes (White),7069,Clairette Blanche,2700,100,1.9,2,data_row
10,7,Wine Grapes (White),7069,Clairette Blanche,3200,100,0.5,2,data_row
10,7,Wine Grapes (White),7069,Clairette Blanche,2227.55,,4.9,3,summary_row
10,7,Wine Grapes (White),7068,Falaghina Greco,1250,17200,2.5,2,data_row
10,7,Wine Grapes (White),7068,Falaghina Greco,1500,100,2.1,2,data_row
10,7,Wine Grapes (White),7068,Falaghina Greco,1500,11400,1,2,data_row
10,7,Wine Grapes (White),7068,Falaghina Greco,1500,13500,0.1,2,data_row
10,7,Wine Grapes (White),7068,Falaghina Greco,1390.35,,5.7,3,summary_row
10,7,Wine Grapes (White),7066,Fiano,1200,20800,0.9,2,data_row
10,7,Wine Grapes (White),7066,Fiano,1500,13500,0.1,2,data_row
10,7,Wine Grapes (White),7066,Fiano,2000,17400,5.3,2,data_row
10,7,Wine Grapes (White),7066,Fiano,2500,100,3.6,2,data_row
10,7,Wine Grapes (White),7066,Fiano,2104.04,,9.9,3,summary_row
10,7,Wine Grapes (White),7055,Grenache Blanc *,1600,100,1.6,2,data_row
10,7,Wine Grapes (White),7055,Grenache Blanc *,1900,100,2,2,data_row
10,7,Wine Grapes (White),7055,Grenache Blanc *,2400,100,1.9,2,data_row
10,7,Wine Grapes (White),7055,Grenache Blanc *,2460,100,0.8,2,data_row
10,7,Wine Grapes (White),7055,Grenache Blanc *,2700,100,0.8,2,data_row
10,7,Wine Grapes (White),7055,Grenache Blanc *,3200,100,2.8,2,data_row
10,7,Wine Grapes (White),7055,Grenache Blanc *,2425.05,,9.9,3,summary_row
10,7,Wine Grapes (White),7019,Malvasia Bianca,1000,100,1,2,data_row
10,7,Wine Grapes (White),7019,Malvasia Bianca,1000,,1,3,summary_row
10,7,Wine Grapes (White),7045,Marsanne,1800,100,0.8,2,data_row
10,7,Wine Grapes (White),7045,Marsanne,1900,100,2.8,2,data_row
10,7,Wine Grapes (White),7045,Marsanne,2000,100,5,2,data_row
10,7,Wine Grapes (White),7045,Marsanne,2100,11806,1,2,data_row
10,7,Wine Grapes (White),7045,Marsanne,3200,13100,5.5,2,data_row
10,7,Wine Grapes (White),7045,Marsanne,2414.57,,15.1,3,summary_row
10,7,Wine Grapes (White),7021,Moscato Gaillo *,2000,100,2.4,2,data_row
10,7,Wine Grapes (White),7021,Moscato Gaillo *,2000,,2.4,3,summary_row
10,7,Wine Grapes (White),7023,Muscat Orange,1500,100,4,2,data_row
10,7,Wine Grapes (White),7023,Muscat Orange,1500,,4,3,summary_row
10,7,Wine Grapes (White),7065,Picpoul Blanc,1500,100,5.1,2,data_row
10,7,Wine Grapes (White),7065,Picpoul Blanc,1575,11400,1.2,2,data_row
10,7,Wine Grapes (White),7065,Picpoul Blanc,1650,100,9.9,2,data_row
10,7,Wine Grapes (White),7065,Picpoul Blanc,1800,100,1.9,2,data_row
10,7,Wine Grapes (White),7065,Picpoul Blanc,1800,7600,4.3,2,data_row
10,7,Wine Grapes (White),7065,Picpoul Blanc,2200,100,1.8,2,data_row
10,7,Wine Grapes (White),7065,Picpoul Blanc,2400,100,1.3,2,data_row
10,7,Wine Grapes (White),7065,Picpoul Blanc,2700,100,3.8,2,data_row
10,7,Wine Grapes (White),7065,Picpoul Blanc,1855.8,,29.3,3,summary_row
10,7,Wine Grapes (White),7044,Pinot Gris *,1000,100,10.9,2,data_row
10,7,Wine Grapes (White),7044,Pinot Gris *,1200,20800,3.9,2,data_row
10,7,Wine Grapes (White),7044,Pinot Gris *,1500,100,10.5,2,data_row
10,7,Wine Grapes (White),7044,Pinot Gris *,1600,17200,2.1,2,data_row
10,7,Wine Grapes (White),7044,Pinot Gris *,1650,100,3.5,2,data_row
10,7,Wine Grapes (White),7044,Pinot Gris *,1850,100,2,2,data_row
10,7,Wine Grapes (White),7044,Pinot Gris *,6541,100,0.5,2,data_row
10,7,Wine Grapes (White),7044,Pinot Gris *,1420.22,,33.4,3,summary_row
10,7,Wine Grapes (White),7042,Roussanne,1800,100,1.1,2,data_row
10,7,Wine Grapes (White),7042,Roussanne,2000,100,8.8,2,data_row
10,7,Wine Grapes (White),7042,Roussanne,2100,100,1.1,2,data_row
10,7,Wine Grapes (White),7042,Roussanne,2126.5,20800,1.5,2,data_row
10,7,Wine Grapes (White),7042,Roussanne,2200,11806,3.6,2,data_row
10,7,Wine Grapes (White),7042,Roussanne,2300,9520,1.2,2,data_row
10,7,Wine Grapes (White),7042,Roussanne,2400,100,3,2,data_row
10,7,Wine Grapes (White),7042,Roussanne,2700,100,1,2,data_row
10,7,Wine Grapes (White),7042,Roussanne,2143.65,,21.3,3,summary_row
10,7,Wine Grapes (White),7033,Sauvignon Blanc *,1000,100,8.2,2,data_row
10,7,Wine Grapes (White),7033,Sauvignon Blanc *,1200,100,4,2,data_row
10,7,Wine Grapes (White),7033,Sauvignon Blanc *,1200,21000,18.6,2,data_row
10,7,Wine Grapes (White),7033,Sauvignon Blanc *,1250,12610,5.3,2,data_row
10,7,Wine Grapes (White),7033,Sauvignon Blanc *,1300,100,7,2,data_row
10,7,Wine Grapes (White),7033,Sauvignon Blanc *,1350,100,1.5,2,data_row
10,7,Wine Grapes (White),7033,Sauvignon Blanc *,1350,17800,2,2,data_row
10,7,Wine Grapes (White),7033,Sauvignon Blanc *,1500,100,62.3,2,data_row
10,7,Wine Grapes (White),7033,Sauvignon Blanc *,1500,8900,6.7,2,data_row
10,7,Wine Grapes (White),7033,Sauvignon Blanc *,1750,100,3.6,2,data_row
10,7,Wine Grapes (White),7033,Sauvignon Blanc *,1800,100,15.1,2,data_row
10,7,Wine Grapes (White),7033,Sauvignon Blanc *,1850,100,4.1,2,data_row
10,7,Wine Grapes (White),7033,Sauvignon Blanc *,1875,100,1.5,2,data_row
10,7,Wine Grapes (White),7033,Sauvignon Blanc *,1900,11806,19.1,2,data_row
10,7,Wine Grapes (White),7033,Sauvignon Blanc *,1950,100,3.3,2,data_row
10,7,Wine Grapes (White),7033,Sauvignon Blanc *,1950,10900,4.6,2,data_row
10,7,Wine Grapes (White),7033,Sauvignon Blanc *,2000,100,10.8,2,data_row
10,7,Wine Grapes (White),7033,Sauvignon Blanc *,2000,17000,4.2,2,data_row
10,7,Wine Grapes (White),7033,Sauvignon Blanc *,3167.5,100,1.8,2,data_row
10,7,Wine Grapes (White),7033,Sauvignon Blanc *,1581.62,,183.7,3,summary_row
10,7,Wine Grapes (White),7036,Semillon,1500,100,10,2,data_row
10,7,Wine Grapes (White),7036,Semillon,1600,100,2.2,2,data_row
10,7,Wine Grapes (White),7036,Semillon,1750,9400,2.3,2,data_row
10,7,Wine Grapes (White),7036,Semillon,1800,100,2.5,2,data_row
10,7,Wine Grapes (White),7036,Semillon,1590.88,,17,3,summary_row
10,7,Wine Grapes (White),7032,St. Emilion *,1500,11600,0.4,2,data_row
10,7,Wine Grapes (White),7032,St. Emilion *,1500,,0.4,3,summary_row
10,7,Wine Grapes (White),7051,Tocai Friulano,1500,100,3.8,2,data_row
10,7,Wine Grapes (White),7051,Tocai Friulano,1500,,3.8,3,summary_row
10,7,Wine Grapes (White),7075,Verdejo,1500,100,2,2,data_row
10,7,Wine Grapes (White),7075,Verdejo,1500,,2,3,summary_row
10,7,Wine Grapes (White),7147,Verdelho,1000,100,8.1,2,data_row
10,7,Wine Grapes (White),7147,Verdelho,1200,100,1.4,2,data_row
10,7,Wine Grapes (White),7147,Verdelho,1600,17000,3.3,2,data_row
10,7,Wine Grapes (White),7147,Verdelho,1176.56,,12.8,3,summary_row
10,7,Wine Grapes (White),7064,Vermentino *,1200,100,5.1,2,data_row
10,7,Wine Grapes (White),7064,Vermentino *,1350,17300,3.5,2,data_row
10,7,Wine Grapes (White),7064,Vermentino *,1500,100,4.6,2,data_row
10,7,Wine Grapes (White),7064,Vermentino *,1600,100,1.5,2,data_row
10,7,Wine Grapes (White),7064,Vermentino *,1600,11806,8.3,2,data_row
10,7,Wine Grapes (White),7064,Vermentino *,1600,15800,37.1,2,data_row
10,7,Wine Grapes (White),7064,Vermentino *,1800,11400,1.2,2,data_row
10,7,Wine Grapes (White),7064,Vermentino *,1850,100,5,2,data_row
10,7,Wine Grapes (White),7064,Vermentino *,1875,100,2.4,2,data_row
10,7,Wine Grapes (White),7064,Vermentino *,2000,100,1.5,2,data_row
10,7,Wine Grapes (White),7064,Vermentino *,2000,17000,4.2,2,data_row
10,7,Wine Grapes (White),7064,Vermentino *,2100,10900,3,2,data_row
10,7,Wine Grapes (White),7064,Vermentino *,2385,100,1.3,2,data_row
10,7,Wine Grapes (White),7064,Vermentino *,2400,100,2.9,2,data_row
10,7,Wine Grapes (White),7064,Vermentino *,2800,100,1,2,data_row
10,7,Wine Grapes (White),7064,Vermentino *,2800,13100,2,2,data_row
10,7,Wine Grapes (White),7064,Vermentino *,3200,100,1,2,data_row
10,7,Wine Grapes (White),7064,Vermentino *,1729.62,,85.6,3,summary_row
10,7,Wine Grapes (White),7043,Viognier,600,24500,0.9,2,data_row
10,7,Wine Grapes (White),7043,Viognier,800,100,5.3,2,data_row
10,7,Wine Grapes (White),7043,Viognier,1500,100,4.3,2,data_row
10,7,Wine Grapes (White),7043,Viognier,1600,100,3.4,2,data_row
10,7,Wine Grapes (White),7043,Viognier,1626.5,17200,2.1,2,data_row
10,7,Wine Grapes (White),7043,Viognier,1650,100,3.6,2,data_row
10,7,Wine Grapes (White),7043,Viognier,1750,100,6.1,2,data_row
10,7,Wine Grapes (White),7043,Viognier,1800,100,6.5,2,data_row
10,7,Wine Grapes (White),7043,Viognier,1900,100,5.4,2,data_row
10,7,Wine Grapes (White),7043,Viognier,2000,100,25.6,2,data_row
10,7,Wine Grapes (White),7043,Viognier,2100,100,2.1,2,data_row
10,7,Wine Grapes (White),7043,Viognier,2200,11806,7.1,2,data_row
10,7,Wine Grapes (White),7043,Viognier,2300,24500,4.3,2,data_row
10,7,Wine Grapes (White),7043,Viognier,2400,24500,0.7,2,data_row
10,7,Wine Grapes (White),7043,Viognier,3000,10600,1.2,2,data_row
10,7,Wine Grapes (White),7043,Viognier,3500,100,0.7,2,data_row
10,7,Wine Grapes (White),7043,Viognier,3600,100,5.9,2,data_row
10,7,Wine Grapes (White),7043,Viognier,3600,17000,3.6,2,data_row
10,7,Wine Grapes (White),7043,Viognier,4000,100,0.2,2,data_row
10,7,Wine Grapes (White),7043,Viognier,4200,100,0.1,2,data_row
10,7,Wine Grapes (White),7043,Viognier,2053.09,,89.1,3,summary_row
10,7,Wine Grapes (White),7038,White Riesling *,800,13600,1.8,2,data_row
10,7,Wine Grapes (White),7038,White Riesling *,1500,10600,4,2,data_row
10,7,Wine Grapes (White),7038,White Riesling *,2000,100,0.5,2,data_row
10,7,Wine Grapes (White),7038,White Riesling *,1339.68,,6.3,3,summary_row
10,7,Wine Grapes (White),7001,Other White Wine 2/,1500,100,0.7,2,data_row
10,7,Wine Grapes (White),7001,Other White Wine 2/,1800,100,1.4,2,data_row
10,7,Wine Grapes (White),7001,Other White Wine 2/,1800,11400,1,2,data_row
10,7,Wine Grapes (White),7001,Other White Wine 2/,2400,100,0.5,2,data_row
10,7,Wine Grapes (White),7001,Other White Wine 2/,2800,100,0.5,2,data_row
10,7,Wine Grapes (White),7001,Other White Wine 2/,3200,100,1,2,data_row
10,7,Wine Grapes (White),7001,Other White Wine 2/,3200,13100,0.5,2,data_row
10,7,Wine Grapes (White),7001,Other White Wine 2/,3600,17000,1.2,2,data_row
10,7,Wine Grapes (White),7001,Other White Wine 2/,2513.24,,6.8,3,summary_row
10,6,Wine Grapes (Red),6177,Aglianico,1700,100,1.2,2,data_row
10,6,Wine Grapes (Red),6177,Aglianico,1800,100,1.1,2,data_row
10,6,Wine Grapes (Red),6177,Aglianico,1800,14400,2.4,2,data_row
10,6,Wine Grapes (Red),6177,Aglianico,2700,100,1.3,2,data_row
10,6,Wine Grapes (Red),6177,Aglianico,1975,,6,3,summary_row
10,6,Wine Grapes (Red),6006,Alicante Bouschet *,1150,100,3.2,2,data_row
10,6,Wine Grapes (Red),6006,Alicante Bouschet *,1300,100,0.2,2,data_row
10,6,Wine Grapes (Red),6006,Alicante Bouschet *,1800,100,2,2,data_row
10,6,Wine Grapes (Red),6006,Alicante Bouschet *,1396.3,,5.4,3,summary_row
10,6,Wine Grapes (Red),6013,Barbera,500,9500,5.8,2,data_row
10,6,Wine Grapes (Red),6013,Barbera,800,100,9.3,2,data_row
10,6,Wine Grapes (Red),6013,Barbera,900,100,4.3,2,data_row
10,6,Wine Grapes (Red),6013,Barbera,1000,100,9.1,2,data_row
10,6,Wine Grapes (Red),6013,Barbera,1200,100,22.8,2,data_row
10,6,Wine Grapes (Red),6013,Barbera,1250,21000,2.5,2,data_row
10,6,Wine Grapes (Red),6013,Barbera,1350,24500,20.3,2,data_row
10,6,Wine Grapes (Red),6013,Barbera,1400,100,1,2,data_row
10,6,Wine Grapes (Red),6013,Barbera,1500,100,2.9,2,data_row
10,6,Wine Grapes (Red),6013,Barbera,1600,100,5.2,2,data_row
10,6,Wine Grapes (Red),6013,Barbera,1600,27600,5.1,2,data_row
10,6,Wine Grapes (Red),6013,Barbera,1700,11806,8.7,2,data_row
10,6,Wine Grapes (Red),6013,Barbera,1740,100,0.9,2,data_row
10,6,Wine Grapes (Red),6013,Barbera,1750,100,37,2,data_row
10,6,Wine Grapes (Red),6013,Barbera,1750,21200,4.3,2,data_row
10,6,Wine Grapes (Red),6013,Barbera,1800,100,71.7,2,data_row
10,6,Wine Grapes (Red),6013,Barbera,1800,22800,3.1,2,data_row
10,6,Wine Grapes (Red),6013,Barbera,1800,25450,1.7,2,data_row
10,6,Wine Grapes (Red),6013,Barbera,1850,100,2.2,2,data_row
10,6,Wine Grapes (Red),6013,Barbera,1868.75,17400,10.8,2,data_row
10,6,Wine Grapes (Red),6013,Barbera,1900,100,9.2,2,data_row
10,6,Wine Grapes (Red),6013,Barbera,2000,100,18.5,2,data_row
10,6,Wine Grapes (Red),6013,Barbera,2000,13600,0.2,2,data_row
10,6,Wine Grapes (Red),6013,Barbera,2000,20800,6.3,2,data_row
10,6,Wine Grapes (Red),6013,Barbera,2000,21500,22.4,2,data_row
10,6,Wine Grapes (Red),6013,Barbera,2000,29200,2.1,2,data_row
10,6,Wine Grapes (Red),6013,Barbera,2050,27800,8.1,2,data_row
10,6,Wine Grapes (Red),6013,Barbera,2086,100,1,2,data_row
10,6,Wine Grapes (Red),6013,Barbera,2086,20800,3,2,data_row
10,6,Wine Grapes (Red),6013,Barbera,2100,11806,15.6,2,data_row
10,6,Wine Grapes (Red),6013,Barbera,2136,100,8.7,2,data_row
10,6,Wine Grapes (Red),6013,Barbera,2200,100,1.8,2,data_row
10,6,Wine Grapes (Red),6013,Barbera,2200,29200,1.8,2,data_row
10,6,Wine Grapes (Red),6013,Barbera,3000,100,6.2,2,data_row
10,6,Wine Grapes (Red),6013,Barbera,3190,13100,1.9,2,data_row
10,6,Wine Grapes (Red),6013,Barbera,3200,100,1,2,data_row
10,6,Wine Grapes (Red),6013,Barbera,3300,100,1.4,2,data_row
10,6,Wine Grapes (Red),6013,Barbera,3400,100,3.5,2,data_row
10,6,Wine Grapes (Red),6013,Barbera,3500,100,3.8,2,data_row
10,6,Wine Grapes (Red),6013,Barbera,3600,100,3,2,data_row
10,6,Wine Grapes (Red),6013,Barbera,3600,24500,3,2,data_row
10,6,Wine Grapes (Red),6013,Barbera,1805.2,,351.2,3,summary_row
10,6,Wine Grapes (Red),6023,Cabernet Franc,800,100,0.3,2,data_row
10,6,Wine Grapes (Red),6023,Cabernet Franc,850,100,1,2,data_row
10,6,Wine Grapes (Red),6023,Cabernet Franc,1400,100,2,2,data_row
10,6,Wine Grapes (Red),6023,Cabernet Franc,1500,13600,1.3,2,data_row
10,6,Wine Grapes (Red),6023,Cabernet Franc,1600,100,4.4,2,data_row
10,6,Wine Grapes (Red),6023,Cabernet Franc,1700,100,0.5,2,data_row
10,6,Wine Grapes (Red),6023,Cabernet Franc,1800,100,158.5,2,data_row
10,6,Wine Grapes (Red),6023,Cabernet Franc,1900,100,0.5,2,data_row
10,6,Wine Grapes (Red),6023,Cabernet Franc,2000,26900,6.5,2,data_row
10,6,Wine Grapes (Red),6023,Cabernet Franc,2100,100,7.7,2,data_row
10,6,Wine Grapes (Red),6023,Cabernet Franc,2200,100,4.7,2,data_row
10,6,Wine Grapes (Red),6023,Cabernet Franc,2265.57,100,1.5,2,data_row
10,6,Wine Grapes (Red),6023,Cabernet Franc,2300,11806,17.5,2,data_row
10,6,Wine Grapes (Red),6023,Cabernet Franc,2500,17000,3.5,2,data_row
10,6,Wine Grapes (Red),6023,Cabernet Franc,2500,17200,3,2,data_row
10,6,Wine Grapes (Red),6023,Cabernet Franc,6541,100,2,2,data_row
10,6,Wine Grapes (Red),6023,Cabernet Franc,1919.36,,214.9,3,summary_row
10,6,Wine Grapes (Red),6024,Cabernet Sauvignon,432,100,11.1,2,data_row
10,6,Wine Grapes (Red),6024,Cabernet Sauvignon,800,21000,1,2,data_row
10,6,Wine Grapes (Red),6024,Cabernet Sauvignon,1000,100,610.2,2,data_row
10,6,Wine Grapes (Red),6024,Cabernet Sauvignon,1100,24500,12.2,2,data_row
10,6,Wine Grapes (Red),6024,Cabernet Sauvignon,1200,100,0.5,2,data_row
10,6,Wine Grapes (Red),6024,Cabernet Sauvignon,1500,100,2.5,2,data_row
10,6,Wine Grapes (Red),6024,Cabernet Sauvignon,1600,100,1.2,2,data_row
10,6,Wine Grapes (Red),6024,Cabernet Sauvignon,1626.5,100,4.1,2,data_row
10,6,Wine Grapes (Red),6024,Cabernet Sauvignon,1700,100,1.4,2,data_row
10,6,Wine Grapes (Red),6024,Cabernet Sauvignon,1700,11806,14.5,2,data_row
10,6,Wine Grapes (Red),6024,Cabernet Sauvignon,1750,20800,2.7,2,data_row
10,6,Wine Grapes (Red),6024,Cabernet Sauvignon,1800,100,489.2,2,data_row
10,6,Wine Grapes (Red),6024,Cabernet Sauvignon,1800,14400,3.1,2,data_row
10,6,Wine Grapes (Red),6024,Cabernet Sauvignon,1850,100,1.5,2,data_row
10,6,Wine Grapes (Red),6024,Cabernet Sauvignon,1900,100,1.7,2,data_row
10,6,Wine Grapes (Red),6024,Cabernet Sauvignon,1900,11806,21.8,2,data_row
10,6,Wine Grapes (Red),6024,Cabernet Sauvignon,1950,100,5.3,2,data_row
10,6,Wine Grapes (Red),6024,Cabernet Sauvignon,2000,100,3,2,data_row
10,6,Wine Grapes (Red),6024,Cabernet Sauvignon,2000,24800,72.6,2,data_row
10,6,Wine Grapes (Red),6024,Cabernet Sauvignon,2000,26900,28.6,2,data_row
10,6,Wine Grapes (Red),6024,Cabernet Sauvignon,2100,100,1.5,2,data_row
10,6,Wine Grapes (Red),6024,Cabernet Sauvignon,2100,11806,12.9,2,data_row
10,6,Wine Grapes (Red),6024,Cabernet Sauvignon,2400,27700,0.8,2,data_row
10,6,Wine Grapes (Red),6024,Cabernet Sauvignon,2500,100,7.4,2,data_row
10,6,Wine Grapes (Red),6024,Cabernet Sauvignon,2600,100,40.6,2,data_row
10,6,Wine Grapes (Red),6024,Cabernet Sauvignon,5000,13600,1.9,2,data_row
10,6,Wine Grapes (Red),6024,Cabernet Sauvignon,6541,100,13.6,2,data_row
10,6,Wine Grapes (Red),6024,Cabernet Sauvignon,1522.34,,1366.9,3,summary_row
10,6,Wine Grapes (Red),6026,Carignane,1600,27600,1.6,2,data_row
10,6,Wine Grapes (Red),6026,Carignane,1850,100,2.1,2,data_row
10,6,Wine Grapes (Red),6026,Carignane,2100,100,1,2,data_row
10,6,Wine Grapes (Red),6026,Carignane,2600,100,1,2,data_row
10,6,Wine Grapes (Red),6026,Carignane,1955.26,,5.7,3,summary_row
10,6,Wine Grapes (Red),6028,Charbono,368.6,100,1.4,2,data_row
10,6,Wine Grapes (Red),6028,Charbono,1400,100,2,2,data_row
10,6,Wine Grapes (Red),6028,Charbono,1600,100,3,2,data_row
10,6,Wine Grapes (Red),6028,Charbono,1750,100,2.2,2,data_row
10,6,Wine Grapes (Red),6028,Charbono,1800,100,5.1,2,data_row
10,6,Wine Grapes (Red),6028,Charbono,1800,25450,1.1,2,data_row
10,6,Wine Grapes (Red),6028,Charbono,1562.57,,14.8,3,summary_row
10,6,Wine Grapes (Red),6171,Cinsaut *,1200,21000,2.9,2,data_row
10,6,Wine Grapes (Red),6171,Cinsaut *,1500,100,4.5,2,data_row
10,6,Wine Grapes (Red),6171,Cinsaut *,1600,100,1.4,2,data_row
10,6,Wine Grapes (Red),6171,Cinsaut *,1800,10700,0.7,2,data_row
10,6,Wine Grapes (Red),6171,Cinsaut *,1800,24600,2.6,2,data_row
10,6,Wine Grapes (Red),6171,Cinsaut *,2100,100,7.6,2,data_row
10,6,Wine Grapes (Red),6171,Cinsaut *,2800,100,0.5,2,data_row
10,6,Wine Grapes (Red),6171,Cinsaut *,3000,100,2.7,2,data_row
10,6,Wine Grapes (Red),6171,Cinsaut *,1915.72,,22.9,3,summary_row
10,6,Wine Grapes (Red),6185,Counoise,2000,100,0.5,2,data_row
10,6,Wine Grapes (Red),6185,Counoise,2100,100,2,2,data_row
10,6,Wine Grapes (Red),6185,Counoise,2080,,2.5,3,summary_row
10,6,Wine Grapes (Red),6173,Dolcetto,1500,100,2.3,2,data_row
10,6,Wine Grapes (Red),6173,Dolcetto,1800,100,0.9,2,data_row
10,6,Wine Grapes (Red),6173,Dolcetto,2000,100,2.4,2,data_row
10,6,Wine Grapes (Red),6173,Dolcetto,2100,11806,6.1,2,data_row
10,6,Wine Grapes (Red),6173,Dolcetto,1938.46,,11.7,3,summary_row
10,6,Wine Grapes (Red),6034,Gamay Noir Au Jus Blanc,1000,13400,0.8,2,data_row
10,6,Wine Grapes (Red),6034,Gamay Noir Au Jus Blanc,2300,20800,2.2,2,data_row
10,6,Wine Grapes (Red),6034,Gamay Noir Au Jus Blanc,2800,100,3.5,2,data_row
10,6,Wine Grapes (Red),6034,Gamay Noir Au Jus Blanc,2800,11300,13.7,2,data_row
10,6,Wine Grapes (Red),6034,Gamay Noir Au Jus Blanc,2800,13400,2,2,data_row
10,6,Wine Grapes (Red),6034,Gamay Noir Au Jus Blanc,2685.59,,22.2,3,summary_row
10,6,Wine Grapes (Red),6196,Graciano,1600,27600,1.7,2,data_row
10,6,Wine Grapes (Red),6196,Graciano,1850,100,2.5,2,data_row
10,6,Wine Grapes (Red),6196,Graciano,1748.81,,4.2,3,summary_row
10,6,Wine Grapes (Red),6058,Grenache *,300,100,3.2,2,data_row
10,6,Wine Grapes (Red),6058,Grenache *,500,9500,2.3,2,data_row
10,6,Wine Grapes (Red),6058,Grenache *,500,17200,5.5,2,data_row
10,6,Wine Grapes (Red),6058,Grenache *,750,100,3.1,2,data_row
10,6,Wine Grapes (Red),6058,Grenache *,1200,100,2.1,2,data_row
10,6,Wine Grapes (Red),6058,Grenache *,1300,100,3.2,2,data_row
10,6,Wine Grapes (Red),6058,Grenache *,1300,13100,1.9,2,data_row
10,6,Wine Grapes (Red),6058,Grenache *,1500,100,2.3,2,data_row
10,6,Wine Grapes (Red),6058,Grenache *,1575,17600,1.7,2,data_row
10,6,Wine Grapes (Red),6058,Grenache *,1600,100,2.2,2,data_row
10,6,Wine Grapes (Red),6058,Grenache *,1650,22800,3.2,2,data_row
10,6,Wine Grapes (Red),6058,Grenache *,1800,100,13.5,2,data_row
10,6,Wine Grapes (Red),6058,Grenache *,1875,100,1.9,2,data_row
10,6,Wine Grapes (Red),6058,Grenache *,2000,100,25.9,2,data_row
10,6,Wine Grapes (Red),6058,Grenache *,2000,11300,1.5,2,data_row
10,6,Wine Grapes (Red),6058,Grenache *,2000,13600,0.8,2,data_row
10,6,Wine Grapes (Red),6058,Grenache *,2000,17000,1.7,2,data_row
10,6,Wine Grapes (Red),6058,Grenache *,2000,17400,2.8,2,data_row
10,6,Wine Grapes (Red),6058,Grenache *,2100,100,11.4,2,data_row
10,6,Wine Grapes (Red),6058,Grenache *,2200,27800,2.5,2,data_row
10,6,Wine Grapes (Red),6058,Grenache *,2300,11806,7.9,2,data_row
10,6,Wine Grapes (Red),6058,Grenache *,2400,100,4.5,2,data_row
10,6,Wine Grapes (Red),6058,Grenache *,2500,100,3.2,2,data_row
10,6,Wine Grapes (Red),6058,Grenache *,2600,100,4.4,2,data_row
10,6,Wine Grapes (Red),6058,Grenache *,2800,100,1.9,2,data_row
10,6,Wine Grapes (Red),6058,Grenache *,3000,100,8.2,2,data_row
10,6,Wine Grapes (Red),6058,Grenache *,3000,17000,3.3,2,data_row
10,6,Wine Grapes (Red),6058,Grenache *,3500,100,1.8,2,data_row
10,6,Wine Grapes (Red),6058,Grenache *,3600,100,2.2,2,data_row
10,6,Wine Grapes (Red),6058,Grenache *,3800,100,4.9,2,data_row
10,6,Wine Grapes (Red),6058,Grenache *,4200,100,0.8,2,data_row
10,6,Wine Grapes (Red),6058,Grenache *,2050.04,,135.8,3,summary_row
10,6,Wine Grapes (Red),6197,Lagrein,1000,100,2.8,2,data_row
10,6,Wine Grapes (Red),6197,Lagrein,1500,100,0.2,2,data_row
10,6,Wine Grapes (Red),6197,Lagrein,1800,24500,4.7,2,data_row
10,6,Wine Grapes (Red),6197,Lagrein,2000,15300,1.5,2,data_row
10,6,Wine Grapes (Red),6197,Lagrein,2500,100,3.3,2,data_row
10,6,Wine Grapes (Red),6197,Lagrein,1824.8,,12.5,3,summary_row
10,6,Wine Grapes (Red),6076,Malbec,750,100,0.6,2,data_row
10,6,Wine Grapes (Red),6076,Malbec,1000,100,205.8,2,data_row
10,6,Wine Grapes (Red),6076,Malbec,1100,100,4.5,2,data_row
10,6,Wine Grapes (Red),6076,Malbec,1200,100,3.6,2,data_row
10,6,Wine Grapes (Red),6076,Malbec,1600,100,7.2,2,data_row
10,6,Wine Grapes (Red),6076,Malbec,1700,100,0.3,2,data_row
10,6,Wine Grapes (Red),6076,Malbec,1700,11806,5,2,data_row
10,6,Wine Grapes (Red),6076,Malbec,2000,100,18.5,2,data_row
10,6,Wine Grapes (Red),6076,Malbec,2000,13600,1.3,2,data_row
10,6,Wine Grapes (Red),6076,Malbec,2100,100,5,2,data_row
10,6,Wine Grapes (Red),6076,Malbec,2126.5,17200,2.5,2,data_row
10,6,Wine Grapes (Red),6076,Malbec,6541,100,2,2,data_row
10,6,Wine Grapes (Red),6076,Malbec,1188.25,,256.3,3,summary_row
10,6,Wine Grapes (Red),6084,Merlot,500,9500,1.1,2,data_row
10,6,Wine Grapes (Red),6084,Merlot,600,100,1,2,data_row
10,6,Wine Grapes (Red),6084,Merlot,600,21000,1,2,data_row
10,6,Wine Grapes (Red),6084,Merlot,800,100,2,2,data_row
10,6,Wine Grapes (Red),6084,Merlot,1000,100,68.4,2,data_row
10,6,Wine Grapes (Red),6084,Merlot,1500,100,0.5,2,data_row
10,6,Wine Grapes (Red),6084,Merlot,1500,13500,0.1,2,data_row
10,6,Wine Grapes (Red),6084,Merlot,1600,100,0.5,2,data_row
10,6,Wine Grapes (Red),6084,Merlot,1600,27600,5.6,2,data_row
10,6,Wine Grapes (Red),6084,Merlot,1700,100,0.3,2,data_row
10,6,Wine Grapes (Red),6084,Merlot,1800,100,90.6,2,data_row
10,6,Wine Grapes (Red),6084,Merlot,1950,100,2.6,2,data_row
10,6,Wine Grapes (Red),6084,Merlot,2000,26900,1.5,2,data_row
10,6,Wine Grapes (Red),6084,Merlot,2100,11806,11.4,2,data_row
10,6,Wine Grapes (Red),6084,Merlot,2100,20800,1,2,data_row
10,6,Wine Grapes (Red),6084,Merlot,6541,100,7,2,data_row
10,6,Wine Grapes (Red),6084,Merlot,1674.7,,194.6,3,summary_row
10,6,Wine Grapes (Red),6086,Mission *,1800,100,0.5,2,data_row
10,6,Wine Grapes (Red),6086,Mission *,2200,100,2.5,2,data_row
10,6,Wine Grapes (Red),6086,Mission *,2500,100,0.3,2,data_row
10,6,Wine Grapes (Red),6086,Mission *,2800,100,2.2,2,data_row
10,6,Wine Grapes (Red),6086,Mission *,2420,,5.5,3,summary_row
10,6,Wine Grapes (Red),6189,Montepulciano,1000,11400,0.9,2,data_row
10,6,Wine Grapes (Red),6189,Montepulciano,1500,13500,0.8,2,data_row
10,6,Wine Grapes (Red),6189,Montepulciano,1600,100,4.2,2,data_row
10,6,Wine Grapes (Red),6189,Montepulciano,1800,14400,3.2,2,data_row
10,6,Wine Grapes (Red),6189,Montepulciano,1602.2,,9.1,3,summary_row
10,6,Wine Grapes (Red),6081,Mourvedre *,750,100,7.3,2,data_row
10,6,Wine Grapes (Red),6081,Mourvedre *,1000,100,5.4,2,data_row
10,6,Wine Grapes (Red),6081,Mourvedre *,1500,17600,0.7,2,data_row
10,6,Wine Grapes (Red),6081,Mourvedre *,1575,21200,0.6,2,data_row
10,6,Wine Grapes (Red),6081,Mourvedre *,1600,100,2.1,2,data_row
10,6,Wine Grapes (Red),6081,Mourvedre *,1800,100,6.8,2,data_row
10,6,Wine Grapes (Red),6081,Mourvedre *,1876.5,20800,1,2,data_row
10,6,Wine Grapes (Red),6081,Mourvedre *,2000,100,16,2,data_row
10,6,Wine Grapes (Red),6081,Mourvedre *,2000,11806,4.8,2,data_row
10,6,Wine Grapes (Red),6081,Mourvedre *,2000,13600,0.1,2,data_row
10,6,Wine Grapes (Red),6081,Mourvedre *,2000,17000,2.5,2,data_row
10,6,Wine Grapes (Red),6081,Mourvedre *,2100,100,8.3,2,data_row
10,6,Wine Grapes (Red),6081,Mourvedre *,2400,100,2,2,data_row
10,6,Wine Grapes (Red),6081,Mourvedre *,2600,100,4.9,2,data_row
10,6,Wine Grapes (Red),6081,Mourvedre *,2800,100,4.8,2,data_row
10,6,Wine Grapes (Red),6081,Mourvedre *,3000,100,2.8,2,data_row
10,6,Wine Grapes (Red),6081,Mourvedre *,3800,13100,2,2,data_row
10,6,Wine Grapes (Red),6081,Mourvedre *,4000,100,2.2,2,data_row
10,6,Wine Grapes (Red),6081,Mourvedre *,4200,100,1,2,data_row
10,6,Wine Grapes (Red),6081,Mourvedre *,2052.54,,75.3,3,summary_row
10,6,Wine Grapes (Red),6094,Muscat Hamburg *,1500,100,6.3,2,data_row
10,6,Wine Grapes (Red),6094,Muscat Hamburg *,1600,100,1.5,2,data_row
10,6,Wine Grapes (Red),6094,Muscat Hamburg *,1800,100,1.6,2,data_row
10,6,Wine Grapes (Red),6094,Muscat Hamburg *,1567.02,,9.4,3,summary_row
10,6,Wine Grapes (Red),6095,Nebbiolo,500,9500,1.4,2,data_row
10,6,Wine Grapes (Red),6095,Nebbiolo,1000,100,1,2,data_row
10,6,Wine Grapes (Red),6095,Nebbiolo,1200,100,4.1,2,data_row
10,6,Wine Grapes (Red),6095,Nebbiolo,1650,100,2.2,2,data_row
10,6,Wine Grapes (Red),6095,Nebbiolo,1800,100,2.1,2,data_row
10,6,Wine Grapes (Red),6095,Nebbiolo,2000,11300,2.2,2,data_row
10,6,Wine Grapes (Red),6095,Nebbiolo,2000,24500,2.1,2,data_row
10,6,Wine Grapes (Red),6095,Nebbiolo,2200,100,3,2,data_row
10,6,Wine Grapes (Red),6095,Nebbiolo,1614.92,,18.1,3,summary_row
10,6,Wine Grapes (Red),6199,Nero D'avola *,300,100,0.9,2,data_row
10,6,Wine Grapes (Red),6199,Nero D'avola *,850,24800,5.4,2,data_row
10,6,Wine Grapes (Red),6199,Nero D'avola *,1500,11400,2,2,data_row
10,6,Wine Grapes (Red),6199,Nero D'avola *,1800,14400,3.6,2,data_row
10,6,Wine Grapes (Red),6199,Nero D'avola *,2000,100,1.9,2,data_row
10,6,Wine Grapes (Red),6199,Nero D'avola *,2000,24500,1,2,data_row
10,6,Wine Grapes (Red),6199,Nero D'avola *,2150,20800,2.7,2,data_row
10,6,Wine Grapes (Red),6199,Nero D'avola *,3500,100,1.5,2,data_row
10,6,Wine Grapes (Red),6199,Nero D'avola *,1641.84,,19,3,summary_row
10,6,Wine Grapes (Red),6107,Petit Verdot,600,24500,4.8,2,data_row
10,6,Wine Grapes (Red),6107,Petit Verdot,850,100,6.5,2,data_row
10,6,Wine Grapes (Red),6107,Petit Verdot,1000,100,159.9,2,data_row
10,6,Wine Grapes (Red),6107,Petit Verdot,1165.57,100,1.6,2,data_row
10,6,Wine Grapes (Red),6107,Petit Verdot,1700,100,0.9,2,data_row
10,6,Wine Grapes (Red),6107,Petit Verdot,2000,100,2.1,2,data_row
10,6,Wine Grapes (Red),6107,Petit Verdot,2000,26900,12,2,data_row
10,6,Wine Grapes (Red),6107,Petit Verdot,2500,100,1.4,2,data_row
10,6,Wine Grapes (Red),6107,Petit Verdot,1075.05,,189.2,3,summary_row
10,6,Wine Grapes (Red),6106,Petite Sirah,500,100,24.3,2,data_row
10,6,Wine Grapes (Red),6106,Petite Sirah,750,100,4,2,data_row
10,6,Wine Grapes (Red),6106,Petite Sirah,1000,100,6.2,2,data_row
10,6,Wine Grapes (Red),6106,Petite Sirah,1200,100,1.6,2,data_row
10,6,Wine Grapes (Red),6106,Petite Sirah,1500,100,0.9,2,data_row
10,6,Wine Grapes (Red),6106,Petite Sirah,1500,24500,2.7,2,data_row
10,6,Wine Grapes (Red),6106,Petite Sirah,1600,24800,24.4,2,data_row
10,6,Wine Grapes (Red),6106,Petite Sirah,1650,2600,11.5,2,data_row
10,6,Wine Grapes (Red),6106,Petite Sirah,1700,100,26.9,2,data_row
10,6,Wine Grapes (Red),6106,Petite Sirah,1725,100,5.3,2,data_row
10,6,Wine Grapes (Red),6106,Petite Sirah,1750,21200,2.5,2,data_row
10,6,Wine Grapes (Red),6106,Petite Sirah,1800,100,3.4,2,data_row
10,6,Wine Grapes (Red),6106,Petite Sirah,1821,100,2,2,data_row
10,6,Wine Grapes (Red),6106,Petite Sirah,1850,100,4.1,2,data_row
10,6,Wine Grapes (Red),6106,Petite Sirah,2000,100,19.8,2,data_row
10,6,Wine Grapes (Red),6106,Petite Sirah,2000,11806,6.4,2,data_row
10,6,Wine Grapes (Red),6106,Petite Sirah,2000,13600,0.3,2,data_row
10,6,Wine Grapes (Red),6106,Petite Sirah,2000,20800,4.2,2,data_row
10,6,Wine Grapes (Red),6106,Petite Sirah,2000,27600,2,2,data_row
10,6,Wine Grapes (Red),6106,Petite Sirah,2064,100,3.5,2,data_row
10,6,Wine Grapes (Red),6106,Petite Sirah,2100,100,2.2,2,data_row
10,6,Wine Grapes (Red),6106,Petite Sirah,2200,100,5.3,2,data_row
10,6,Wine Grapes (Red),6106,Petite Sirah,2200,24500,4.8,2,data_row
10,6,Wine Grapes (Red),6106,Petite Sirah,2376.5,20800,2.5,2,data_row
10,6,Wine Grapes (Red),6106,Petite Sirah,2400,11806,1.6,2,data_row
10,6,Wine Grapes (Red),6106,Petite Sirah,4000,26900,4,2,data_row
10,6,Wine Grapes (Red),6106,Petite Sirah,4200,100,2.7,2,data_row
10,6,Wine Grapes (Red),6106,Petite Sirah,6541,100,2.6,2,data_row
10,6,Wine Grapes (Red),6106,Petite Sirah,1743.93,,181.7,3,summary_row
10,6,Wine Grapes (Red),6112,Pinot Noir *,1800,100,1.6,2,data_row
10,6,Wine Grapes (Red),6112,Pinot Noir *,2135,100,5.7,2,data_row
10,6,Wine Grapes (Red),6112,Pinot Noir *,2200,100,2,2,data_row
10,6,Wine Grapes (Red),6112,Pinot Noir *,6541,100,4.4,2,data_row
10,6,Wine Grapes (Red),6112,Pinot Noir *,3520.43,,13.7,3,summary_row
10,6,Wine Grapes (Red),6021,Primitivo,800,100,3.4,2,data_row
10,6,Wine Grapes (Red),6021,Primitivo,900,100,5,2,data_row
10,6,Wine Grapes (Red),6021,Primitivo,1200,100,30.3,2,data_row
10,6,Wine Grapes (Red),6021,Primitivo,1400,100,2,2,data_row
10,6,Wine Grapes (Red),6021,Primitivo,1500,100,19.6,2,data_row
10,6,Wine Grapes (Red),6021,Primitivo,1600,100,1.3,2,data_row
10,6,Wine Grapes (Red),6021,Primitivo,1600,20800,3,2,data_row
10,6,Wine Grapes (Red),6021,Primitivo,1700,100,1.4,2,data_row
10,6,Wine Grapes (Red),6021,Primitivo,1750.85,100,6.4,2,data_row
10,6,Wine Grapes (Red),6021,Primitivo,1800,100,6.5,2,data_row
10,6,Wine Grapes (Red),6021,Primitivo,1800,14400,4.5,2,data_row
10,6,Wine Grapes (Red),6021,Primitivo,1900,100,6.3,2,data_row
10,6,Wine Grapes (Red),6021,Primitivo,2000,100,7,2,data_row
10,6,Wine Grapes (Red),6021,Primitivo,2000,13600,0.1,2,data_row
10,6,Wine Grapes (Red),6021,Primitivo,2400,11806,6.5,2,data_row
10,6,Wine Grapes (Red),6021,Primitivo,3000,100,5.8,2,data_row
10,6,Wine Grapes (Red),6021,Primitivo,1606.01,,109.1,3,summary_row
10,6,Wine Grapes (Red),6118,Refosco *,1650,100,2.6,2,data_row
10,6,Wine Grapes (Red),6118,Refosco *,1650,11400,1.3,2,data_row
10,6,Wine Grapes (Red),6118,Refosco *,2350,13400,3,2,data_row
10,6,Wine Grapes (Red),6118,Refosco *,1954.35,,6.9,3,summary_row
10,6,Wine Grapes (Red),6127,Sangiovese *,600,21000,1.5,2,data_row
10,6,Wine Grapes (Red),6127,Sangiovese *,600,24500,2.4,2,data_row
10,6,Wine Grapes (Red),6127,Sangiovese *,1000,100,1,2,data_row
10,6,Wine Grapes (Red),6127,Sangiovese *,1500,100,3.4,2,data_row
10,6,Wine Grapes (Red),6127,Sangiovese *,1500,13600,1,2,data_row
10,6,Wine Grapes (Red),6127,Sangiovese *,1539,100,3.5,2,data_row
10,6,Wine Grapes (Red),6127,Sangiovese *,1600,100,2.4,2,data_row
10,6,Wine Grapes (Red),6127,Sangiovese *,1700,21000,2.4,2,data_row
10,6,Wine Grapes (Red),6127,Sangiovese *,1750,100,3.2,2,data_row
10,6,Wine Grapes (Red),6127,Sangiovese *,1750,21200,4.6,2,data_row
10,6,Wine Grapes (Red),6127,Sangiovese *,1800,100,6.9,2,data_row
10,6,Wine Grapes (Red),6127,Sangiovese *,1850,100,2.1,2,data_row
10,6,Wine Grapes (Red),6127,Sangiovese *,1900,100,3.3,2,data_row
10,6,Wine Grapes (Red),6127,Sangiovese *,2000,100,1.8,2,data_row
10,6,Wine Grapes (Red),6127,Sangiovese *,2000,11806,15.7,2,data_row
10,6,Wine Grapes (Red),6127,Sangiovese *,2000,13600,0.7,2,data_row
10,6,Wine Grapes (Red),6127,Sangiovese *,6541,100,1,2,data_row
10,6,Wine Grapes (Red),6127,Sangiovese *,1799.87,,56.9,3,summary_row
10,6,Wine Grapes (Red),6133,Souzao,1500,100,2.5,2,data_row
10,6,Wine Grapes (Red),6133,Souzao,1600,100,3.1,2,data_row
10,6,Wine Grapes (Red),6133,Souzao,1975,100,0.8,2,data_row
10,6,Wine Grapes (Red),6133,Souzao,2000,27600,1,2,data_row
10,6,Wine Grapes (Red),6133,Souzao,1660.81,,7.4,3,summary_row
10,6,Wine Grapes (Red),6163,Syrah *,200,21800,3.2,2,data_row
10,6,Wine Grapes (Red),6163,Syrah *,500,9500,2.3,2,data_row
10,6,Wine Grapes (Red),6163,Syrah *,750,100,7.5,2,data_row
10,6,Wine Grapes (Red),6163,Syrah *,800,100,4.9,2,data_row
10,6,Wine Grapes (Red),6163,Syrah *,1000,100,0.5,2,data_row
10,6,Wine Grapes (Red),6163,Syrah *,1200,100,4,2,data_row
10,6,Wine Grapes (Red),6163,Syrah *,1200,28000,2.1,2,data_row
10,6,Wine Grapes (Red),6163,Syrah *,1500,100,10.4,2,data_row
10,6,Wine Grapes (Red),6163,Syrah *,1500,10900,8.3,2,data_row
10,6,Wine Grapes (Red),6163,Syrah *,1500,16800,4.7,2,data_row
10,6,Wine Grapes (Red),6163,Syrah *,1600,100,47.3,2,data_row
10,6,Wine Grapes (Red),6163,Syrah *,1600,27600,7.6,2,data_row
10,6,Wine Grapes (Red),6163,Syrah *,1800,100,77.4,2,data_row
10,6,Wine Grapes (Red),6163,Syrah *,2000,100,35.9,2,data_row
10,6,Wine Grapes (Red),6163,Syrah *,2000,11806,7.4,2,data_row
10,6,Wine Grapes (Red),6163,Syrah *,2000,13600,0.1,2,data_row
10,6,Wine Grapes (Red),6163,Syrah *,2000,17600,1.5,2,data_row
10,6,Wine Grapes (Red),6163,Syrah *,2000,21000,4.4,2,data_row
10,6,Wine Grapes (Red),6163,Syrah *,2100,100,20.6,2,data_row
10,6,Wine Grapes (Red),6163,Syrah *,2126.5,17200,2.1,2,data_row
10,6,Wine Grapes (Red),6163,Syrah *,2150,100,5.1,2,data_row
10,6,Wine Grapes (Red),6163,Syrah *,2150,25450,2,2,data_row
10,6,Wine Grapes (Red),6163,Syrah *,2172,100,6.2,2,data_row
10,6,Wine Grapes (Red),6163,Syrah *,2200,100,2.3,2,data_row
10,6,Wine Grapes (Red),6163,Syrah *,2300,20800,16.3,2,data_row
10,6,Wine Grapes (Red),6163,Syrah *,2400,100,1,2,data_row
10,6,Wine Grapes (Red),6163,Syrah *,2500,100,1.6,2,data_row
10,6,Wine Grapes (Red),6163,Syrah *,2600,100,2.1,2,data_row
10,6,Wine Grapes (Red),6163,Syrah *,2800,100,3.1,2,data_row
10,6,Wine Grapes (Red),6163,Syrah *,3000,100,2.1,2,data_row
10,6,Wine Grapes (Red),6163,Syrah *,3000,20800,10.2,2,data_row
10,6,Wine Grapes (Red),6163,Syrah *,3000,24300,4,2,data_row
10,6,Wine Grapes (Red),6163,Syrah *,3500,100,3.8,2,data_row
10,6,Wine Grapes (Red),6163,Syrah *,3800,100,0.6,2,data_row
10,6,Wine Grapes (Red),6163,Syrah *,3900,11100,5,2,data_row
10,6,Wine Grapes (Red),6163,Syrah *,4000,100,2.8,2,data_row
10,6,Wine Grapes (Red),6163,Syrah *,4000,26900,4,2,data_row
10,6,Wine Grapes (Red),6163,Syrah *,4200,100,1.1,2,data_row
10,6,Wine Grapes (Red),6163,Syrah *,6541,100,4.5,2,data_row
10,6,Wine Grapes (Red),6163,Syrah *,2014.53,,330,3,summary_row
10,6,Wine Grapes (Red),6136,Tannat,1500,100,3.2,2,data_row
10,6,Wine Grapes (Red),6136,Tannat,1900,100,0.5,2,data_row
10,6,Wine Grapes (Red),6136,Tannat,1554.05,,3.7,3,summary_row
10,6,Wine Grapes (Red),6176,Tempranillo *,750,100,10.7,2,data_row
10,6,Wine Grapes (Red),6176,Tempranillo *,1100,100,3.9,2,data_row
10,6,Wine Grapes (Red),6176,Tempranillo *,1500,100,1.5,2,data_row
10,6,Wine Grapes (Red),6176,Tempranillo *,1500,24500,6,2,data_row
10,6,Wine Grapes (Red),6176,Tempranillo *,1750,100,9.5,2,data_row
10,6,Wine Grapes (Red),6176,Tempranillo *,1800,100,8.9,2,data_row
10,6,Wine Grapes (Red),6176,Tempranillo *,1800,11806,7.6,2,data_row
10,6,Wine Grapes (Red),6176,Tempranillo *,1850,100,1.5,2,data_row
10,6,Wine Grapes (Red),6176,Tempranillo *,1900,100,8.1,2,data_row
10,6,Wine Grapes (Red),6176,Tempranillo *,2000,21200,3.4,2,data_row
10,6,Wine Grapes (Red),6176,Tempranillo *,2200,100,4.6,2,data_row
10,6,Wine Grapes (Red),6176,Tempranillo *,2200,24500,0.5,2,data_row
10,6,Wine Grapes (Red),6176,Tempranillo *,2250,100,1,2,data_row
10,6,Wine Grapes (Red),6176,Tempranillo *,3000,24500,2,2,data_row
10,6,Wine Grapes (Red),6176,Tempranillo *,3300,100,4.2,2,data_row
10,6,Wine Grapes (Red),6176,Tempranillo *,6541,100,2,2,data_row
10,6,Wine Grapes (Red),6176,Tempranillo *,1873.57,,75.4,3,summary_row
10,6,Wine Grapes (Red),6175,Teroldego,850,100,6.1,2,data_row
10,6,Wine Grapes (Red),6175,Teroldego,2000,13600,0.3,2,data_row
10,6,Wine Grapes (Red),6175,Teroldego,2000,27600,1.6,2,data_row
10,6,Wine Grapes (Red),6175,Teroldego,2100,100,2.6,2,data_row
10,6,Wine Grapes (Red),6175,Teroldego,1362.74,,10.6,3,summary_row
10,6,Wine Grapes (Red),6165,Tinta Cao,1600,100,0.6,2,data_row
10,6,Wine Grapes (Red),6165,Tinta Cao,1975,100,0.4,2,data_row
10,6,Wine Grapes (Red),6165,Tinta Cao,1750,,1,3,summary_row
10,6,Wine Grapes (Red),6008,Touriga Nacional *,1400,9100,3.9,2,data_row
10,6,Wine Grapes (Red),6008,Touriga Nacional *,1500,100,3.1,2,data_row
10,6,Wine Grapes (Red),6008,Touriga Nacional *,1600,100,3.6,2,data_row
10,6,Wine Grapes (Red),6008,Touriga Nacional *,1975,100,3.3,2,data_row
10,6,Wine Grapes (Red),6008,Touriga Nacional *,2000,21000,2,2,data_row
10,6,Wine Grapes (Red),6008,Touriga Nacional *,2000,27600,1.1,2,data_row
10,6,Wine Grapes (Red),6008,Touriga Nacional *,6541,100,1.6,2,data_row
10,6,Wine Grapes (Red),6008,Touriga Nacional *,2099.63,,18.6,3,summary_row
10,6,Wine Grapes (Red),6052,Valdiguie *,2300,11400,1,2,data_row
10,6,Wine Grapes (Red),6052,Valdiguie *,2500,11806,6,2,data_row
10,6,Wine Grapes (Red),6052,Valdiguie *,2500,17000,4.3,2,data_row
10,6,Wine Grapes (Red),6052,Valdiguie *,2600,100,9,2,data_row
10,6,Wine Grapes (Red),6052,Valdiguie *,2800,100,19.8,2,data_row
10,6,Wine Grapes (Red),6052,Valdiguie *,2800,13600,7.1,2,data_row
10,6,Wine Grapes (Red),6052,Valdiguie *,3000,10700,3.7,2,data_row
10,6,Wine Grapes (Red),6052,Valdiguie *,2708.64,,50.9,3,summary_row
10,6,Wine Grapes (Red),6154,Zinfandel,575,69466,147.7,2,data_row
10,6,Wine Grapes (Red),6154,Zinfandel,600,24500,3,2,data_row
10,6,Wine Grapes (Red),6154,Zinfandel,600,27600,2.3,2,data_row
10,6,Wine Grapes (Red),6154,Zinfandel,800,100,4.5,2,data_row
10,6,Wine Grapes (Red),6154,Zinfandel,900,100,14.4,2,data_row
10,6,Wine Grapes (Red),6154,Zinfandel,1000,100,3.1,2,data_row
10,6,Wine Grapes (Red),6154,Zinfandel,1000,13100,2,2,data_row
10,6,Wine Grapes (Red),6154,Zinfandel,1000,13600,0.3,2,data_row
10,6,Wine Grapes (Red),6154,Zinfandel,1200,100,13.2,2,data_row
10,6,Wine Grapes (Red),6154,Zinfandel,1200,13600,3,2,data_row
10,6,Wine Grapes (Red),6154,Zinfandel,1300,100,4.4,2,data_row
10,6,Wine Grapes (Red),6154,Zinfandel,1500,100,31,2,data_row
10,6,Wine Grapes (Red),6154,Zinfandel,1500,17800,2.5,2,data_row
10,6,Wine Grapes (Red),6154,Zinfandel,1600,100,51.5,2,data_row
10,6,Wine Grapes (Red),6154,Zinfandel,1600,24500,5.1,2,data_row
10,6,Wine Grapes (Red),6154,Zinfandel,1600,27600,3.5,2,data_row
10,6,Wine Grapes (Red),6154,Zinfandel,1650,100,60.4,2,data_row
10,6,Wine Grapes (Red),6154,Zinfandel,1650,2600,11.1,2,data_row
10,6,Wine Grapes (Red),6154,Zinfandel,1700,100,0.3,2,data_row
10,6,Wine Grapes (Red),6154,Zinfandel,1700,11806,4.5,2,data_row
10,6,Wine Grapes (Red),6154,Zinfandel,1750,100,7.3,2,data_row
10,6,Wine Grapes (Red),6154,Zinfandel,1800,100,5.6,2,data_row
10,6,Wine Grapes (Red),6154,Zinfandel,1800,2600,39.8,2,data_row
10,6,Wine Grapes (Red),6154,Zinfandel,1819,100,6.9,2,data_row
10,6,Wine Grapes (Red),6154,Zinfandel,1850,100,39.2,2,data_row
10,6,Wine Grapes (Red),6154,Zinfandel,1850,11806,6.1,2,data_row
10,6,Wine Grapes (Red),6154,Zinfandel,1900,100,4.7,2,data_row
10,6,Wine Grapes (Red),6154,Zinfandel,1900,13100,2.7,2,data_row
10,6,Wine Grapes (Red),6154,Zinfandel,1925,2900,36.5,2,data_row
10,6,Wine Grapes (Red),6154,Zinfandel,1951.22,100,2.1,2,data_row
10,6,Wine Grapes (Red),6154,Zinfandel,2000,100,34.4,2,data_row
10,6,Wine Grapes (Red),6154,Zinfandel,2000,2600,55.1,2,data_row
10,6,Wine Grapes (Red),6154,Zinfandel,2000,21500,5.9,2,data_row
10,6,Wine Grapes (Red),6154,Zinfandel,2000,24400,2.5,2,data_row
10,6,Wine Grapes (Red),6154,Zinfandel,2025,3200,55.7,2,data_row
10,6,Wine Grapes (Red),6154,Zinfandel,2050,3100,14.6,2,data_row
10,6,Wine Grapes (Red),6154,Zinfandel,2100,2600,24.4,2,data_row
10,6,Wine Grapes (Red),6154,Zinfandel,2150,2600,53.6,2,data_row
10,6,Wine Grapes (Red),6154,Zinfandel,2150,11806,22.5,2,data_row
10,6,Wine Grapes (Red),6154,Zinfandel,2200,21800,2.4,2,data_row
10,6,Wine Grapes (Red),6154,Zinfandel,2238,100,1.5,2,data_row
10,6,Wine Grapes (Red),6154,Zinfandel,2300,24300,9,2,data_row
10,6,Wine Grapes (Red),6154,Zinfandel,2400,100,8.2,2,data_row
10,6,Wine Grapes (Red),6154,Zinfandel,2410,100,10.3,2,data_row
10,6,Wine Grapes (Red),6154,Zinfandel,2600,100,9.2,2,data_row
10,6,Wine Grapes (Red),6154,Zinfandel,2800,100,3.9,2,data_row
10,6,Wine Grapes (Red),6154,Zinfandel,3000,100,1.3,2,data_row
10,6,Wine Grapes (Red),6154,Zinfandel,3000,24500,2,2,data_row
10,6,Wine Grapes (Red),6154,Zinfandel,3350,3200,38.6,2,data_row
10,6,Wine Grapes (Red),6154,Zinfandel,6541,100,9.1,2,data_row
10,6,Wine Grapes (Red),6154,Zinfandel,1753.13,,882.9,3,summary_row
10,6,Wine Grapes (Red),6001,Other Red Wine 2/,1300,100,1.7,2,data_row
10,6,Wine Grapes (Red),6001,Other Red Wine 2/,1500,13400,1,2,data_row
10,6,Wine Grapes (Red),6001,Other Red Wine 2/,1500,13500,0.1,2,data_row
10,6,Wine Grapes (Red),6001,Other Red Wine 2/,1800,11400,2.3,2,data_row
10,6,Wine Grapes (Red),6001,Other Red Wine 2/,1975,100,0.3,2,data_row
10,6,Wine Grapes (Red),6001,Other Red Wine 2/,2000,11300,1.2,2,data_row
10,6,Wine Grapes (Red),6001,Other Red Wine 2/,3800,13100,0.2,2,data_row
10,6,Wine Grapes (Red),6001,Other Red Wine 2/,1728.31,,6.8,3,summary_row
11,7,Wine Grapes (White),7062,Albarino *,300,100,2.1,2,data_row
11,7,Wine Grapes (White),7062,Albarino *,475,100,144.6,2,data_row
11,7,Wine Grapes (White),7062,Albarino *,500,100,22.3,2,data_row
11,7,Wine Grapes (White),7062,Albarino *,600.07,100,162.7,2,data_row
11,7,Wine Grapes (White),7062,Albarino *,640,39815,123.5,2,data_row
11,7,Wine Grapes (White),7062,Albarino *,640,39820,169,2,data_row
11,7,Wine Grapes (White),7062,Albarino *,642,39815,313.3,2,data_row
11,7,Wine Grapes (White),7062,Albarino *,650,39785,201.1,2,data_row
11,7,Wine Grapes (White),7062,Albarino *,650,39820,303.5,2,data_row
11,7,Wine Grapes (White),7062,Albarino *,665,39820,1265.1,2,data_row
11,7,Wine Grapes (White),7062,Albarino *,665,40790,173.9,2,data_row
11,7,Wine Grapes (White),7062,Albarino *,800,100,112.8,2,data_row
11,7,Wine Grapes (White),7062,Albarino *,1000,100,10,2,data_row
11,7,Wine Grapes (White),7062,Albarino *,1013.99,52025,24,2,data_row
11,7,Wine Grapes (White),7062,Albarino *,1100,100,15.3,2,data_row
11,7,Wine Grapes (White),7062,Albarino *,1250,100,24.3,2,data_row
11,7,Wine Grapes (White),7062,Albarino *,1300,100,5.2,2,data_row
11,7,Wine Grapes (White),7062,Albarino *,1350,100,2.6,2,data_row
11,7,Wine Grapes (White),7062,Albarino *,1450,20800,5,2,data_row
11,7,Wine Grapes (White),7062,Albarino *,1500,100,11.1,2,data_row
11,7,Wine Grapes (White),7062,Albarino *,1600,100,4.8,2,data_row
11,7,Wine Grapes (White),7062,Albarino *,1650,100,4,2,data_row
11,7,Wine Grapes (White),7062,Albarino *,1850,100,6.5,2,data_row
11,7,Wine Grapes (White),7062,Albarino *,670.68,,3106.7,3,summary_row
11,7,Wine Grapes (White),7085,Assyrtiko,1200,100,10.6,2,data_row
11,7,Wine Grapes (White),7085,Assyrtiko,1400,100,5,2,data_row
11,7,Wine Grapes (White),7085,Assyrtiko,1600,100,2.9,2,data_row
11,7,Wine Grapes (White),7085,Assyrtiko,1316.76,,18.5,3,summary_row
11,7,Wine Grapes (White),7002,Burger *,355.56,100,149.6,2,data_row
11,7,Wine Grapes (White),7002,Burger *,355.56,4900,1426.4,2,data_row
11,7,Wine Grapes (White),7002,Burger *,355.56,,1576,3,summary_row
11,7,Wine Grapes (White),7004,Chardonnay *,50,32550,8.4,2,data_row
11,7,Wine Grapes (White),7004,Chardonnay *,125,100,23.6,2,data_row
11,7,Wine Grapes (White),7004,Chardonnay *,200,100,1008.4,2,data_row
11,7,Wine Grapes (White),7004,Chardonnay *,225,24500,24,2,data_row
11,7,Wine Grapes (White),7004,Chardonnay *,250,100,508.8,2,data_row
11,7,Wine Grapes (White),7004,Chardonnay *,250,24500,252.2,2,data_row
11,7,Wine Grapes (White),7004,Chardonnay *,295.38,100,22.4,2,data_row
11,7,Wine Grapes (White),7004,Chardonnay *,300,100,744.7,2,data_row
11,7,Wine Grapes (White),7004,Chardonnay *,350,100,861.4,2,data_row
11,7,Wine Grapes (White),7004,Chardonnay *,350,20600,752.4,2,data_row
11,7,Wine Grapes (White),7004,Chardonnay *,365,100,282,2,data_row
11,7,Wine Grapes (White),7004,Chardonnay *,375,100,420.9,2,data_row
11,7,Wine Grapes (White),7004,Chardonnay *,425,100,1557.6,2,data_row
11,7,Wine Grapes (White),7004,Chardonnay *,425,2000,9746.4,2,data_row
11,7,Wine Grapes (White),7004,Chardonnay *,450,100,725.4,2,data_row
11,7,Wine Grapes (White),7004,Chardonnay *,450,58790,602.6,2,data_row
11,7,Wine Grapes (White),7004,Chardonnay *,450,58793,546.2,2,data_row
11,7,Wine Grapes (White),7004,Chardonnay *,450,59595,229.5,2,data_row
11,7,Wine Grapes (White),7004,Chardonnay *,465,54880,821.2,2,data_row
11,7,Wine Grapes (White),7004,Chardonnay *,500,100,2246.1,2,data_row
11,7,Wine Grapes (White),7004,Chardonnay *,500.07,100,1691.2,2,data_row
11,7,Wine Grapes (White),7004,Chardonnay *,525,100,551.2,2,data_row
11,7,Wine Grapes (White),7004,Chardonnay *,541.32,100,166.3,2,data_row
11,7,Wine Grapes (White),7004,Chardonnay *,549,15500,324.9,2,data_row
11,7,Wine Grapes (White),7004,Chardonnay *,549.32,100,207.6,2,data_row
11,7,Wine Grapes (White),7004,Chardonnay *,550,100,5644.1,2,data_row
11,7,Wine Grapes (White),7004,Chardonnay *,553.88,100,1153.4,2,data_row
11,7,Wine Grapes (White),7004,Chardonnay *,565,59825,412.1,2,data_row
11,7,Wine Grapes (White),7004,Chardonnay *,574.32,100,140.3,2,data_row
11,7,Wine Grapes (White),7004,Chardonnay *,575,100,1023.1,2,data_row
11,7,Wine Grapes (White),7004,Chardonnay *,576.79,100,86,2,data_row
11,7,Wine Grapes (White),7004,Chardonnay *,586.67,100,311.2,2,data_row
11,7,Wine Grapes (White),7004,Chardonnay *,590,59825,78.8,2,data_row
11,7,Wine Grapes (White),7004,Chardonnay *,594.32,100,200.2,2,data_row
11,7,Wine Grapes (White),7004,Chardonnay *,600,100,5489.7,2,data_row
11,7,Wine Grapes (White),7004,Chardonnay *,600,17000,7319.1,2,data_row
11,7,Wine Grapes (White),7004,Chardonnay *,600.07,100,11644.4,2,data_row
11,7,Wine Grapes (White),7004,Chardonnay *,615,54496,472.2,2,data_row
11,7,Wine Grapes (White),7004,Chardonnay *,615,59597,977.8,2,data_row
11,7,Wine Grapes (White),7004,Chardonnay *,617,59595,1541.9,2,data_row
11,7,Wine Grapes (White),7004,Chardonnay *,620,100,388.8,2,data_row
11,7,Wine Grapes (White),7004,Chardonnay *,625,100,1926.1,2,data_row
11,7,Wine Grapes (White),7004,Chardonnay *,625,17000,644.3,2,data_row
11,7,Wine Grapes (White),7004,Chardonnay *,625,45460,1729.7,2,data_row
11,7,Wine Grapes (White),7004,Chardonnay *,642,59595,4015.9,2,data_row
11,7,Wine Grapes (White),7004,Chardonnay *,642,59597,312,2,data_row
11,7,Wine Grapes (White),7004,Chardonnay *,650,100,514.7,2,data_row
11,7,Wine Grapes (White),7004,Chardonnay *,650,45460,186,2,data_row
11,7,Wine Grapes (White),7004,Chardonnay *,650,58790,193.3,2,data_row
11,7,Wine Grapes (White),7004,Chardonnay *,650,59595,2329,2,data_row
11,7,Wine Grapes (White),7004,Chardonnay *,650,59825,254.1,2,data_row
11,7,Wine Grapes (White),7004,Chardonnay *,665,59595,2014.4,2,data_row
11,7,Wine Grapes (White),7004,Chardonnay *,665,59825,1350,2,data_row
11,7,Wine Grapes (White),7004,Chardonnay *,667,59595,1153.2,2,data_row
11,7,Wine Grapes (White),7004,Chardonnay *,667,59825,679.8,2,data_row
11,7,Wine Grapes (White),7004,Chardonnay *,670,59595,421.4,2,data_row
11,7,Wine Grapes (White),7004,Chardonnay *,675,100,357.2,2,data_row
11,7,Wine Grapes (White),7004,Chardonnay *,694.98,100,480,2,data_row
11,7,Wine Grapes (White),7004,Chardonnay *,700,100,43.5,2,data_row
11,7,Wine Grapes (White),7004,Chardonnay *,700,13600,1,2,data_row
11,7,Wine Grapes (White),7004,Chardonnay *,700,45460,1183.4,2,data_row
11,7,Wine Grapes (White),7004,Chardonnay *,725,100,188.1,2,data_row
11,7,Wine Grapes (White),7004,Chardonnay *,750,100,729.7,2,data_row
11,7,Wine Grapes (White),7004,Chardonnay *,850,20800,510.3,2,data_row
11,7,Wine Grapes (White),7004,Chardonnay *,850,52025,744.3,2,data_row
11,7,Wine Grapes (White),7004,Chardonnay *,867,59595,50,2,data_row
11,7,Wine Grapes (White),7004,Chardonnay *,875,17200,25.7,2,data_row
11,7,Wine Grapes (White),7004,Chardonnay *,950,20800,216.1,2,data_row
11,7,Wine Grapes (White),7004,Chardonnay *,1000,100,33,2,data_row
11,7,Wine Grapes (White),7004,Chardonnay *,1100,100,112.5,2,data_row
11,7,Wine Grapes (White),7004,Chardonnay *,1300,100,58.3,2,data_row
11,7,Wine Grapes (White),7004,Chardonnay *,1750,100,9,2,data_row
11,7,Wine Grapes (White),7004,Chardonnay *,1800,100,1.6,2,data_row
11,7,Wine Grapes (White),7004,Chardonnay *,564.13,,83676.1,3,summary_row
11,7,Wine Grapes (White),7006,Chenin Blanc,50,32550,1.4,2,data_row
11,7,Wine Grapes (White),7006,Chenin Blanc,250,100,313.6,2,data_row
11,7,Wine Grapes (White),7006,Chenin Blanc,300,100,193.2,2,data_row
11,7,Wine Grapes (White),7006,Chenin Blanc,367,39790,845,2,data_row
11,7,Wine Grapes (White),7006,Chenin Blanc,400,10900,401.9,2,data_row
11,7,Wine Grapes (White),7006,Chenin Blanc,437.62,100,1,2,data_row
11,7,Wine Grapes (White),7006,Chenin Blanc,450.07,100,260.6,2,data_row
11,7,Wine Grapes (White),7006,Chenin Blanc,470.53,100,333.8,2,data_row
11,7,Wine Grapes (White),7006,Chenin Blanc,500,100,877.2,2,data_row
11,7,Wine Grapes (White),7006,Chenin Blanc,500,17000,2.1,2,data_row
11,7,Wine Grapes (White),7006,Chenin Blanc,800,100,3.4,2,data_row
11,7,Wine Grapes (White),7006,Chenin Blanc,1500,100,4.1,2,data_row
11,7,Wine Grapes (White),7006,Chenin Blanc,1800,100,1.5,2,data_row
11,7,Wine Grapes (White),7006,Chenin Blanc,411.67,,3238.8,3,summary_row
11,7,Wine Grapes (White),7069,Clairette Blanche,1700,100,2.8,2,data_row
11,7,Wine Grapes (White),7069,Clairette Blanche,1700,,2.8,3,summary_row
11,7,Wine Grapes (White),7068,Falaghina Greco,1450,100,5.4,2,data_row
11,7,Wine Grapes (White),7068,Falaghina Greco,1600,100,2.7,2,data_row
11,7,Wine Grapes (White),7068,Falaghina Greco,1500,,8.1,3,summary_row
11,7,Wine Grapes (White),7066,Fiano,900,13600,1.8,2,data_row
11,7,Wine Grapes (White),7066,Fiano,1700,100,2,2,data_row
11,7,Wine Grapes (White),7066,Fiano,1321.05,,3.8,3,summary_row
11,7,Wine Grapes (White),7010,French Colombard,250,1300,605.9,2,data_row
11,7,Wine Grapes (White),7010,French Colombard,275,39720,1052.9,2,data_row
11,7,Wine Grapes (White),7010,French Colombard,355.56,100,120,2,data_row
11,7,Wine Grapes (White),7010,French Colombard,355.56,7600,328.7,2,data_row
11,7,Wine Grapes (White),7010,French Colombard,284.96,,2107.5,3,summary_row
11,7,Wine Grapes (White),7011,Gewurztraminer,300,100,14.9,2,data_row
11,7,Wine Grapes (White),7011,Gewurztraminer,342,39792,451,2,data_row
11,7,Wine Grapes (White),7011,Gewurztraminer,1000,100,2.2,2,data_row
11,7,Wine Grapes (White),7011,Gewurztraminer,1550,100,1,2,data_row
11,7,Wine Grapes (White),7011,Gewurztraminer,346.33,,469.1,3,summary_row
11,7,Wine Grapes (White),7055,Grenache Blanc *,700,100,46.8,2,data_row
11,7,Wine Grapes (White),7055,Grenache Blanc *,1250,100,97.8,2,data_row
11,7,Wine Grapes (White),7055,Grenache Blanc *,1500,100,11.2,2,data_row
11,7,Wine Grapes (White),7055,Grenache Blanc *,1800,100,2.7,2,data_row
11,7,Wine Grapes (White),7055,Grenache Blanc *,2000,100,0.5,2,data_row
11,7,Wine Grapes (White),7055,Grenache Blanc *,1117.42,,159,3,summary_row
11,7,Wine Grapes (White),7082,Grenache Gris *,1100,100,1,2,data_row
11,7,Wine Grapes (White),7082,Grenache Gris *,1100,,1,3,summary_row
11,7,Wine Grapes (White),7063,Gruner Veltliner,500,100,16.7,2,data_row
11,7,Wine Grapes (White),7063,Gruner Veltliner,900,100,8.7,2,data_row
11,7,Wine Grapes (White),7063,Gruner Veltliner,1100,100,2,2,data_row
11,7,Wine Grapes (White),7063,Gruner Veltliner,670.8,,27.4,3,summary_row
11,7,Wine Grapes (White),7019,Malvasia Bianca,415,38203,698.2,2,data_row
11,7,Wine Grapes (White),7019,Malvasia Bianca,415,,698.2,3,summary_row
11,7,Wine Grapes (White),7045,Marsanne,450,100,37.7,2,data_row
11,7,Wine Grapes (White),7045,Marsanne,450,,37.7,3,summary_row
11,7,Wine Grapes (White),7022,Muscat Blanc *,300,100,76.4,2,data_row
11,7,Wine Grapes (White),7022,Muscat Blanc *,390,38213,150.6,2,data_row
11,7,Wine Grapes (White),7022,Muscat Blanc *,400,100,17.8,2,data_row
11,7,Wine Grapes (White),7022,Muscat Blanc *,500,100,1237.4,2,data_row
11,7,Wine Grapes (White),7022,Muscat Blanc *,767,1000,49.3,2,data_row
11,7,Wine Grapes (White),7022,Muscat Blanc *,1081,24500,7.1,2,data_row
11,7,Wine Grapes (White),7022,Muscat Blanc *,1200,100,3.9,2,data_row
11,7,Wine Grapes (White),7022,Muscat Blanc *,1550,100,8.9,2,data_row
11,7,Wine Grapes (White),7022,Muscat Blanc *,1600,100,1,2,data_row
11,7,Wine Grapes (White),7022,Muscat Blanc *,1700,100,8.7,2,data_row
11,7,Wine Grapes (White),7022,Muscat Blanc *,504.66,,1561.1,3,summary_row
11,7,Wine Grapes (White),7049,Muscat Of Alexandria,150,100,743.3,2,data_row
11,7,Wine Grapes (White),7049,Muscat Of Alexandria,750,100,58.3,2,data_row
11,7,Wine Grapes (White),7049,Muscat Of Alexandria,193.64,,801.6,3,summary_row
11,7,Wine Grapes (White),7023,Muscat Orange,450.07,100,136.8,2,data_row
11,7,Wine Grapes (White),7023,Muscat Orange,1700,100,6.2,2,data_row
11,7,Wine Grapes (White),7023,Muscat Orange,504.26,,143,3,summary_row
11,7,Wine Grapes (White),7065,Picpoul Blanc,700,100,48.8,2,data_row
11,7,Wine Grapes (White),7065,Picpoul Blanc,1200,100,2.9,2,data_row
11,7,Wine Grapes (White),7065,Picpoul Blanc,1700,100,3,2,data_row
11,7,Wine Grapes (White),7065,Picpoul Blanc,1750,7800,10,2,data_row
11,7,Wine Grapes (White),7065,Picpoul Blanc,1800,100,4.2,2,data_row
11,7,Wine Grapes (White),7065,Picpoul Blanc,984.03,,68.9,3,summary_row
11,7,Wine Grapes (White),7029,Pinot Blanc,1000,100,0.8,2,data_row
11,7,Wine Grapes (White),7029,Pinot Blanc,1000,,0.8,3,summary_row
11,7,Wine Grapes (White),7044,Pinot Gris *,200,100,302.8,2,data_row
11,7,Wine Grapes (White),7044,Pinot Gris *,250,32550,17.7,2,data_row
11,7,Wine Grapes (White),7044,Pinot Gris *,300,100,11.9,2,data_row
11,7,Wine Grapes (White),7044,Pinot Gris *,450,100,1007.6,2,data_row
11,7,Wine Grapes (White),7044,Pinot Gris *,500,100,6917.8,2,data_row
11,7,Wine Grapes (White),7044,Pinot Gris *,500,13100,53,2,data_row
11,7,Wine Grapes (White),7044,Pinot Gris *,500.07,100,346.5,2,data_row
11,7,Wine Grapes (White),7044,Pinot Gris *,510,100,1376.7,2,data_row
11,7,Wine Grapes (White),7044,Pinot Gris *,525,100,3512.8,2,data_row
11,7,Wine Grapes (White),7044,Pinot Gris *,525,9000,6599.6,2,data_row
11,7,Wine Grapes (White),7044,Pinot Gris *,525,13100,773.1,2,data_row
11,7,Wine Grapes (White),7044,Pinot Gris *,525,13600,285.1,2,data_row
11,7,Wine Grapes (White),7044,Pinot Gris *,525,15300,470.2,2,data_row
11,7,Wine Grapes (White),7044,Pinot Gris *,535,100,422.5,2,data_row
11,7,Wine Grapes (White),7044,Pinot Gris *,540,38170,115.1,2,data_row
11,7,Wine Grapes (White),7044,Pinot Gris *,540,38213,604.6,2,data_row
11,7,Wine Grapes (White),7044,Pinot Gris *,542,38213,2583.7,2,data_row
11,7,Wine Grapes (White),7044,Pinot Gris *,544.5,100,68.9,2,data_row
11,7,Wine Grapes (White),7044,Pinot Gris *,550,100,4553,2,data_row
11,7,Wine Grapes (White),7044,Pinot Gris *,550,38213,397.5,2,data_row
11,7,Wine Grapes (White),7044,Pinot Gris *,550,40240,154.3,2,data_row
11,7,Wine Grapes (White),7044,Pinot Gris *,550,40795,375.4,2,data_row
11,7,Wine Grapes (White),7044,Pinot Gris *,564.65,100,164.8,2,data_row
11,7,Wine Grapes (White),7044,Pinot Gris *,565,38213,523,2,data_row
11,7,Wine Grapes (White),7044,Pinot Gris *,565,39720,400.4,2,data_row
11,7,Wine Grapes (White),7044,Pinot Gris *,567,38213,181.4,2,data_row
11,7,Wine Grapes (White),7044,Pinot Gris *,573.2,100,265.4,2,data_row
11,7,Wine Grapes (White),7044,Pinot Gris *,575,12300,134.8,2,data_row
11,7,Wine Grapes (White),7044,Pinot Gris *,590,39708,539.9,2,data_row
11,7,Wine Grapes (White),7044,Pinot Gris *,600,100,7826.4,2,data_row
11,7,Wine Grapes (White),7044,Pinot Gris *,600,15300,2032.5,2,data_row
11,7,Wine Grapes (White),7044,Pinot Gris *,600,15500,448.5,2,data_row
11,7,Wine Grapes (White),7044,Pinot Gris *,600,40793,675.6,2,data_row
11,7,Wine Grapes (White),7044,Pinot Gris *,600,52025,65.8,2,data_row
11,7,Wine Grapes (White),7044,Pinot Gris *,600.07,100,2027.2,2,data_row
11,7,Wine Grapes (White),7044,Pinot Gris *,615,38213,1000.9,2,data_row
11,7,Wine Grapes (White),7044,Pinot Gris *,615,39715,462.1,2,data_row
11,7,Wine Grapes (White),7044,Pinot Gris *,615,39720,213.3,2,data_row
11,7,Wine Grapes (White),7044,Pinot Gris *,618.2,100,64.4,2,data_row
11,7,Wine Grapes (White),7044,Pinot Gris *,620,38213,787.1,2,data_row
11,7,Wine Grapes (White),7044,Pinot Gris *,625,100,72.1,2,data_row
11,7,Wine Grapes (White),7044,Pinot Gris *,625,40240,907,2,data_row
11,7,Wine Grapes (White),7044,Pinot Gris *,640,100,75.1,2,data_row
11,7,Wine Grapes (White),7044,Pinot Gris *,642,38213,124.5,2,data_row
11,7,Wine Grapes (White),7044,Pinot Gris *,650,15500,494.6,2,data_row
11,7,Wine Grapes (White),7044,Pinot Gris *,650,38213,504.5,2,data_row
11,7,Wine Grapes (White),7044,Pinot Gris *,650,39720,71.1,2,data_row
11,7,Wine Grapes (White),7044,Pinot Gris *,650,40240,4750.9,2,data_row
11,7,Wine Grapes (White),7044,Pinot Gris *,670,38213,269.8,2,data_row
11,7,Wine Grapes (White),7044,Pinot Gris *,757.5,100,85.6,2,data_row
11,7,Wine Grapes (White),7044,Pinot Gris *,800,14400,7.5,2,data_row
11,7,Wine Grapes (White),7044,Pinot Gris *,817,59593,577.4,2,data_row
11,7,Wine Grapes (White),7044,Pinot Gris *,1100,100,10.9,2,data_row
11,7,Wine Grapes (White),7044,Pinot Gris *,1300,17800,4,2,data_row
11,7,Wine Grapes (White),7044,Pinot Gris *,1350,100,2.1,2,data_row
11,7,Wine Grapes (White),7044,Pinot Gris *,564.14,,56720.4,3,summary_row
11,7,Wine Grapes (White),7056,Ribolla Gialla *,1600,100,1.5,2,data_row
11,7,Wine Grapes (White),7056,Ribolla Gialla *,2007,8100,5.3,2,data_row
11,7,Wine Grapes (White),7056,Ribolla Gialla *,2081.19,100,1.6,2,data_row
11,7,Wine Grapes (White),7056,Ribolla Gialla *,1948.45,,8.4,3,summary_row
11,7,Wine Grapes (White),7042,Roussanne,900,13600,1.5,2,data_row
11,7,Wine Grapes (White),7042,Roussanne,1000,100,4.7,2,data_row
11,7,Wine Grapes (White),7042,Roussanne,975.81,,6.2,3,summary_row
11,7,Wine Grapes (White),7033,Sauvignon Blanc *,200,100,124,2,data_row
11,7,Wine Grapes (White),7033,Sauvignon Blanc *,250,100,410.1,2,data_row
11,7,Wine Grapes (White),7033,Sauvignon Blanc *,275,100,528.5,2,data_row
11,7,Wine Grapes (White),7033,Sauvignon Blanc *,300,100,1761.5,2,data_row
11,7,Wine Grapes (White),7033,Sauvignon Blanc *,300,13100,500.3,2,data_row
11,7,Wine Grapes (White),7033,Sauvignon Blanc *,350,100,1655.8,2,data_row
11,7,Wine Grapes (White),7033,Sauvignon Blanc *,350,13100,83.9,2,data_row
11,7,Wine Grapes (White),7033,Sauvignon Blanc *,375,100,118.8,2,data_row
11,7,Wine Grapes (White),7033,Sauvignon Blanc *,400,100,393.6,2,data_row
11,7,Wine Grapes (White),7033,Sauvignon Blanc *,400,13100,360,2,data_row
11,7,Wine Grapes (White),7033,Sauvignon Blanc *,425,100,10.8,2,data_row
11,7,Wine Grapes (White),7033,Sauvignon Blanc *,450,100,434.7,2,data_row
11,7,Wine Grapes (White),7033,Sauvignon Blanc *,450.07,100,47.7,2,data_row
11,7,Wine Grapes (White),7033,Sauvignon Blanc *,467,35550,496.7,2,data_row
11,7,Wine Grapes (White),7033,Sauvignon Blanc *,467,37437,1469.6,2,data_row
11,7,Wine Grapes (White),7033,Sauvignon Blanc *,500,100,8258.3,2,data_row
11,7,Wine Grapes (White),7033,Sauvignon Blanc *,519.39,100,60.1,2,data_row
11,7,Wine Grapes (White),7033,Sauvignon Blanc *,525,100,252.5,2,data_row
11,7,Wine Grapes (White),7033,Sauvignon Blanc *,525.48,100,752.9,2,data_row
11,7,Wine Grapes (White),7033,Sauvignon Blanc *,529.5,100,713.4,2,data_row
11,7,Wine Grapes (White),7033,Sauvignon Blanc *,540,37655,200.9,2,data_row
11,7,Wine Grapes (White),7033,Sauvignon Blanc *,540,38203,314.4,2,data_row
11,7,Wine Grapes (White),7033,Sauvignon Blanc *,540,39708,2137.1,2,data_row
11,7,Wine Grapes (White),7033,Sauvignon Blanc *,545,39708,175.3,2,data_row
11,7,Wine Grapes (White),7033,Sauvignon Blanc *,550,100,3480.7,2,data_row
11,7,Wine Grapes (White),7033,Sauvignon Blanc *,550,17000,3.3,2,data_row
11,7,Wine Grapes (White),7033,Sauvignon Blanc *,550.07,100,393.9,2,data_row
11,7,Wine Grapes (White),7033,Sauvignon Blanc *,565,600,275.5,2,data_row
11,7,Wine Grapes (White),7033,Sauvignon Blanc *,565,38213,144.7,2,data_row
11,7,Wine Grapes (White),7033,Sauvignon Blanc *,575,100,2684,2,data_row
11,7,Wine Grapes (White),7033,Sauvignon Blanc *,575,17000,154.9,2,data_row
11,7,Wine Grapes (White),7033,Sauvignon Blanc *,600,100,817.6,2,data_row
11,7,Wine Grapes (White),7033,Sauvignon Blanc *,600,37655,357.5,2,data_row
11,7,Wine Grapes (White),7033,Sauvignon Blanc *,600.07,100,1081.6,2,data_row
11,7,Wine Grapes (White),7033,Sauvignon Blanc *,615,39815,258.5,2,data_row
11,7,Wine Grapes (White),7033,Sauvignon Blanc *,617,37655,713.8,2,data_row
11,7,Wine Grapes (White),7033,Sauvignon Blanc *,625,100,299,2,data_row
11,7,Wine Grapes (White),7033,Sauvignon Blanc *,642,37437,1688,2,data_row
11,7,Wine Grapes (White),7033,Sauvignon Blanc *,642,37455,68.4,2,data_row
11,7,Wine Grapes (White),7033,Sauvignon Blanc *,642,38170,319.5,2,data_row
11,7,Wine Grapes (White),7033,Sauvignon Blanc *,650,100,1057.8,2,data_row
11,7,Wine Grapes (White),7033,Sauvignon Blanc *,700,100,57,2,data_row
11,7,Wine Grapes (White),7033,Sauvignon Blanc *,700,13400,1,2,data_row
11,7,Wine Grapes (White),7033,Sauvignon Blanc *,725,100,10.5,2,data_row
11,7,Wine Grapes (White),7033,Sauvignon Blanc *,800,100,6.6,2,data_row
11,7,Wine Grapes (White),7033,Sauvignon Blanc *,850,52025,253.3,2,data_row
11,7,Wine Grapes (White),7033,Sauvignon Blanc *,888.38,52025,86.2,2,data_row
11,7,Wine Grapes (White),7033,Sauvignon Blanc *,950,17200,300.3,2,data_row
11,7,Wine Grapes (White),7033,Sauvignon Blanc *,1000,100,288.5,2,data_row
11,7,Wine Grapes (White),7033,Sauvignon Blanc *,1100,100,10.6,2,data_row
11,7,Wine Grapes (White),7033,Sauvignon Blanc *,1417,8100,5.8,2,data_row
11,7,Wine Grapes (White),7033,Sauvignon Blanc *,519.48,,36079.4,3,summary_row
11,7,Wine Grapes (White),7036,Semillon,465,100,541.7,2,data_row
11,7,Wine Grapes (White),7036,Semillon,888.38,52025,27.3,2,data_row
11,7,Wine Grapes (White),7036,Semillon,485.31,,569,3,summary_row
11,7,Wine Grapes (White),7041,Symphony,300,100,396.5,2,data_row
11,7,Wine Grapes (White),7041,Symphony,425.07,100,394.5,2,data_row
11,7,Wine Grapes (White),7041,Symphony,888.38,52025,49.7,2,data_row
11,7,Wine Grapes (White),7041,Symphony,393.47,,840.7,3,summary_row
11,7,Wine Grapes (White),7046,Torrontes,1500,100,10.5,2,data_row
11,7,Wine Grapes (White),7046,Torrontes,1500,,10.5,3,summary_row
11,7,Wine Grapes (White),7147,Verdelho,575,100,643.6,2,data_row
11,7,Wine Grapes (White),7147,Verdelho,600,100,598.6,2,data_row
11,7,Wine Grapes (White),7147,Verdelho,625,100,140.5,2,data_row
11,7,Wine Grapes (White),7147,Verdelho,650,100,25,2,data_row
11,7,Wine Grapes (White),7147,Verdelho,1250,100,9.9,2,data_row
11,7,Wine Grapes (White),7147,Verdelho,1500,100,6.9,2,data_row
11,7,Wine Grapes (White),7147,Verdelho,600.92,,1424.5,3,summary_row
11,7,Wine Grapes (White),7064,Vermentino *,350,100,75.1,2,data_row
11,7,Wine Grapes (White),7064,Vermentino *,500,10700,5.5,2,data_row
11,7,Wine Grapes (White),7064,Vermentino *,525,100,122.4,2,data_row
11,7,Wine Grapes (White),7064,Vermentino *,550,100,827.1,2,data_row
11,7,Wine Grapes (White),7064,Vermentino *,600,100,157.3,2,data_row
11,7,Wine Grapes (White),7064,Vermentino *,650,100,69.2,2,data_row
11,7,Wine Grapes (White),7064,Vermentino *,1100,100,10.1,2,data_row
11,7,Wine Grapes (White),7064,Vermentino *,1200,100,0.8,2,data_row
11,7,Wine Grapes (White),7064,Vermentino *,1250,100,15.9,2,data_row
11,7,Wine Grapes (White),7064,Vermentino *,1250,9000,2,2,data_row
11,7,Wine Grapes (White),7064,Vermentino *,1500,100,28.5,2,data_row
11,7,Wine Grapes (White),7064,Vermentino *,582.05,,1313.9,3,summary_row
11,7,Wine Grapes (White),7043,Viognier,50,100,3,2,data_row
11,7,Wine Grapes (White),7043,Viognier,250,100,93.9,2,data_row
11,7,Wine Grapes (White),7043,Viognier,425,67607,554.3,2,data_row
11,7,Wine Grapes (White),7043,Viognier,425,70436,185.1,2,data_row
11,7,Wine Grapes (White),7043,Viognier,450,100,489.4,2,data_row
11,7,Wine Grapes (White),7043,Viognier,450,70454,156.5,2,data_row
11,7,Wine Grapes (White),7043,Viognier,492,67893,794.4,2,data_row
11,7,Wine Grapes (White),7043,Viognier,535,100,185.7,2,data_row
11,7,Wine Grapes (White),7043,Viognier,550,100,152.3,2,data_row
11,7,Wine Grapes (White),7043,Viognier,565,69478,334.2,2,data_row
11,7,Wine Grapes (White),7043,Viognier,575.07,100,370.8,2,data_row
11,7,Wine Grapes (White),7043,Viognier,585.95,100,520.2,2,data_row
11,7,Wine Grapes (White),7043,Viognier,592,70467,425.7,2,data_row
11,7,Wine Grapes (White),7043,Viognier,600,100,1473.4,2,data_row
11,7,Wine Grapes (White),7043,Viognier,635,4200,136.5,2,data_row
11,7,Wine Grapes (White),7043,Viognier,650,69478,203.1,2,data_row
11,7,Wine Grapes (White),7043,Viognier,665,70454,192,2,data_row
11,7,Wine Grapes (White),7043,Viognier,700,100,22.7,2,data_row
11,7,Wine Grapes (White),7043,Viognier,700,4200,272.1,2,data_row
11,7,Wine Grapes (White),7043,Viognier,888.38,52025,22.7,2,data_row
11,7,Wine Grapes (White),7043,Viognier,900,100,2.1,2,data_row
11,7,Wine Grapes (White),7043,Viognier,1000,100,10.4,2,data_row
11,7,Wine Grapes (White),7043,Viognier,2000,100,0.5,2,data_row
11,7,Wine Grapes (White),7043,Viognier,550.16,,6601,3,summary_row
11,7,Wine Grapes (White),7038,White Riesling *,150,100,69.8,2,data_row
11,7,Wine Grapes (White),7038,White Riesling *,342,39792,540.2,2,data_row
11,7,Wine Grapes (White),7038,White Riesling *,400,100,48.5,2,data_row
11,7,Wine Grapes (White),7038,White Riesling *,425,100,241.6,2,data_row
11,7,Wine Grapes (White),7038,White Riesling *,1000,9300,2.4,2,data_row
11,7,Wine Grapes (White),7038,White Riesling *,1100,100,2.2,2,data_row
11,7,Wine Grapes (White),7038,White Riesling *,356.05,,904.7,3,summary_row
11,7,Wine Grapes (White),7001,Other White Wine 2/,350.07,100,1834.7,2,data_row
11,7,Wine Grapes (White),7001,Other White Wine 2/,400.07,100,641.7,2,data_row
11,7,Wine Grapes (White),7001,Other White Wine 2/,488.65,100,624.9,2,data_row
11,7,Wine Grapes (White),7001,Other White Wine 2/,1000,100,11.5,2,data_row
11,7,Wine Grapes (White),7001,Other White Wine 2/,1400,100,0.2,2,data_row
11,7,Wine Grapes (White),7001,Other White Wine 2/,1700,100,2,2,data_row
11,7,Wine Grapes (White),7001,Other White Wine 2/,391.5,,3115,3,summary_row
11,6,Wine Grapes (Red),6177,Aglianico,750,100,41.9,2,data_row
11,6,Wine Grapes (Red),6177,Aglianico,1000,100,0.7,2,data_row
11,6,Wine Grapes (Red),6177,Aglianico,1100,100,4.4,2,data_row
11,6,Wine Grapes (Red),6177,Aglianico,1800,100,1.3,2,data_row
11,6,Wine Grapes (Red),6177,Aglianico,813.77,,48.3,3,summary_row
11,6,Wine Grapes (Red),6006,Alicante Bouschet *,150,100,98.7,2,data_row
11,6,Wine Grapes (Red),6006,Alicante Bouschet *,200,100,1.1,2,data_row
11,6,Wine Grapes (Red),6006,Alicante Bouschet *,650,100,48.6,2,data_row
11,6,Wine Grapes (Red),6006,Alicante Bouschet *,1000,100,2.1,2,data_row
11,6,Wine Grapes (Red),6006,Alicante Bouschet *,1081,24500,6,2,data_row
11,6,Wine Grapes (Red),6006,Alicante Bouschet *,1150,100,0.7,2,data_row
11,6,Wine Grapes (Red),6006,Alicante Bouschet *,1250,100,2.1,2,data_row
11,6,Wine Grapes (Red),6006,Alicante Bouschet *,368.05,,159.3,3,summary_row
11,6,Wine Grapes (Red),6013,Barbera,300,100,5.1,2,data_row
11,6,Wine Grapes (Red),6013,Barbera,300,24030,3.1,2,data_row
11,6,Wine Grapes (Red),6013,Barbera,325,100,90.5,2,data_row
11,6,Wine Grapes (Red),6013,Barbera,375,100,310,2,data_row
11,6,Wine Grapes (Red),6013,Barbera,775,100,290.8,2,data_row
11,6,Wine Grapes (Red),6013,Barbera,800,14400,7.2,2,data_row
11,6,Wine Grapes (Red),6013,Barbera,1000,100,32.1,2,data_row
11,6,Wine Grapes (Red),6013,Barbera,1081,24800,4,2,data_row
11,6,Wine Grapes (Red),6013,Barbera,1200,100,2.3,2,data_row
11,6,Wine Grapes (Red),6013,Barbera,1200,21500,12.6,2,data_row
11,6,Wine Grapes (Red),6013,Barbera,1400,100,10.9,2,data_row
11,6,Wine Grapes (Red),6013,Barbera,1625,100,6,2,data_row
11,6,Wine Grapes (Red),6013,Barbera,1700,24800,2,2,data_row
11,6,Wine Grapes (Red),6013,Barbera,1771.27,100,1.1,2,data_row
11,6,Wine Grapes (Red),6013,Barbera,2050,100,2.5,2,data_row
11,6,Wine Grapes (Red),6013,Barbera,601.18,,780.2,3,summary_row
11,6,Wine Grapes (Red),6187,Blaufraenkisch *,1000,100,1.4,2,data_row
11,6,Wine Grapes (Red),6187,Blaufraenkisch *,1300,13400,0.7,2,data_row
11,6,Wine Grapes (Red),6187,Blaufraenkisch *,1100,,2.1,3,summary_row
11,6,Wine Grapes (Red),6023,Cabernet Franc,550.07,100,261.8,2,data_row
11,6,Wine Grapes (Red),6023,Cabernet Franc,750,100,126.5,2,data_row
11,6,Wine Grapes (Red),6023,Cabernet Franc,800,100,7.5,2,data_row
11,6,Wine Grapes (Red),6023,Cabernet Franc,865.07,100,55.3,2,data_row
11,6,Wine Grapes (Red),6023,Cabernet Franc,870,100,1,2,data_row
11,6,Wine Grapes (Red),6023,Cabernet Franc,1000,100,1.7,2,data_row
11,6,Wine Grapes (Red),6023,Cabernet Franc,1050,100,132.1,2,data_row
11,6,Wine Grapes (Red),6023,Cabernet Franc,1297.61,52025,143,2,data_row
11,6,Wine Grapes (Red),6023,Cabernet Franc,1700,24800,0.9,2,data_row
11,6,Wine Grapes (Red),6023,Cabernet Franc,1800,100,1.3,2,data_row
11,6,Wine Grapes (Red),6023,Cabernet Franc,2500,100,2.5,2,data_row
11,6,Wine Grapes (Red),6023,Cabernet Franc,858.34,,733.6,3,summary_row
11,6,Wine Grapes (Red),6024,Cabernet Sauvignon,50,32550,13.9,2,data_row
11,6,Wine Grapes (Red),6024,Cabernet Sauvignon,75,100,465.4,2,data_row
11,6,Wine Grapes (Red),6024,Cabernet Sauvignon,125,100,46.6,2,data_row
11,6,Wine Grapes (Red),6024,Cabernet Sauvignon,150,100,705.2,2,data_row
11,6,Wine Grapes (Red),6024,Cabernet Sauvignon,180,100,1294.3,2,data_row
11,6,Wine Grapes (Red),6024,Cabernet Sauvignon,190,52025,139.4,2,data_row
11,6,Wine Grapes (Red),6024,Cabernet Sauvignon,200,100,432.6,2,data_row
11,6,Wine Grapes (Red),6024,Cabernet Sauvignon,200,24800,59.6,2,data_row
11,6,Wine Grapes (Red),6024,Cabernet Sauvignon,225,100,874.8,2,data_row
11,6,Wine Grapes (Red),6024,Cabernet Sauvignon,250,100,4879.5,2,data_row
11,6,Wine Grapes (Red),6024,Cabernet Sauvignon,250,32550,312.5,2,data_row
11,6,Wine Grapes (Red),6024,Cabernet Sauvignon,275,100,79.6,2,data_row
11,6,Wine Grapes (Red),6024,Cabernet Sauvignon,300,100,733.9,2,data_row
11,6,Wine Grapes (Red),6024,Cabernet Sauvignon,325,25100,48.4,2,data_row
11,6,Wine Grapes (Red),6024,Cabernet Sauvignon,350,100,869.3,2,data_row
11,6,Wine Grapes (Red),6024,Cabernet Sauvignon,360.9,100,312.1,2,data_row
11,6,Wine Grapes (Red),6024,Cabernet Sauvignon,375,20800,294.6,2,data_row
11,6,Wine Grapes (Red),6024,Cabernet Sauvignon,425,67605,681.9,2,data_row
11,6,Wine Grapes (Red),6024,Cabernet Sauvignon,425,67890,5760.1,2,data_row
11,6,Wine Grapes (Red),6024,Cabernet Sauvignon,450,100,524.8,2,data_row
11,6,Wine Grapes (Red),6024,Cabernet Sauvignon,450,20700,452,2,data_row
11,6,Wine Grapes (Red),6024,Cabernet Sauvignon,450,25100,253.3,2,data_row
11,6,Wine Grapes (Red),6024,Cabernet Sauvignon,450,52025,928.8,2,data_row
11,6,Wine Grapes (Red),6024,Cabernet Sauvignon,450,67607,466.7,2,data_row
11,6,Wine Grapes (Red),6024,Cabernet Sauvignon,450,67893,675.8,2,data_row
11,6,Wine Grapes (Red),6024,Cabernet Sauvignon,475,100,233.5,2,data_row
11,6,Wine Grapes (Red),6024,Cabernet Sauvignon,500,100,4601.3,2,data_row
11,6,Wine Grapes (Red),6024,Cabernet Sauvignon,500.07,100,455.3,2,data_row
11,6,Wine Grapes (Red),6024,Cabernet Sauvignon,550,100,180.4,2,data_row
11,6,Wine Grapes (Red),6024,Cabernet Sauvignon,550,52025,526.3,2,data_row
11,6,Wine Grapes (Red),6024,Cabernet Sauvignon,550,67603,32.3,2,data_row
11,6,Wine Grapes (Red),6024,Cabernet Sauvignon,565,67605,311.4,2,data_row
11,6,Wine Grapes (Red),6024,Cabernet Sauvignon,567,67605,210.1,2,data_row
11,6,Wine Grapes (Red),6024,Cabernet Sauvignon,570.26,100,443.2,2,data_row
11,6,Wine Grapes (Red),6024,Cabernet Sauvignon,575,67605,160.4,2,data_row
11,6,Wine Grapes (Red),6024,Cabernet Sauvignon,600,100,2107.7,2,data_row
11,6,Wine Grapes (Red),6024,Cabernet Sauvignon,600,24500,1007,2,data_row
11,6,Wine Grapes (Red),6024,Cabernet Sauvignon,600,67605,732.6,2,data_row
11,6,Wine Grapes (Red),6024,Cabernet Sauvignon,615,67605,1022.8,2,data_row
11,6,Wine Grapes (Red),6024,Cabernet Sauvignon,617,67606,1153,2,data_row
11,6,Wine Grapes (Red),6024,Cabernet Sauvignon,622.56,100,154.2,2,data_row
11,6,Wine Grapes (Red),6024,Cabernet Sauvignon,623.32,100,111.1,2,data_row
11,6,Wine Grapes (Red),6024,Cabernet Sauvignon,625,100,5221.6,2,data_row
11,6,Wine Grapes (Red),6024,Cabernet Sauvignon,640,67605,1493.1,2,data_row
11,6,Wine Grapes (Red),6024,Cabernet Sauvignon,650,100,4758,2,data_row
11,6,Wine Grapes (Red),6024,Cabernet Sauvignon,650,67605,2841.6,2,data_row
11,6,Wine Grapes (Red),6024,Cabernet Sauvignon,650,67606,247.7,2,data_row
11,6,Wine Grapes (Red),6024,Cabernet Sauvignon,650,67607,1011.4,2,data_row
11,6,Wine Grapes (Red),6024,Cabernet Sauvignon,650.07,100,9741.3,2,data_row
11,6,Wine Grapes (Red),6024,Cabernet Sauvignon,660,100,1182.1,2,data_row
11,6,Wine Grapes (Red),6024,Cabernet Sauvignon,662.95,100,399.7,2,data_row
11,6,Wine Grapes (Red),6024,Cabernet Sauvignon,665,67605,1016,2,data_row
11,6,Wine Grapes (Red),6024,Cabernet Sauvignon,667,67605,1826.7,2,data_row
11,6,Wine Grapes (Red),6024,Cabernet Sauvignon,669.68,100,3495.3,2,data_row
11,6,Wine Grapes (Red),6024,Cabernet Sauvignon,669.68,20800,3397.9,2,data_row
11,6,Wine Grapes (Red),6024,Cabernet Sauvignon,673.83,100,545.8,2,data_row
11,6,Wine Grapes (Red),6024,Cabernet Sauvignon,673.83,17200,382.8,2,data_row
11,6,Wine Grapes (Red),6024,Cabernet Sauvignon,673.83,20800,402.8,2,data_row
11,6,Wine Grapes (Red),6024,Cabernet Sauvignon,675,100,761.9,2,data_row
11,6,Wine Grapes (Red),6024,Cabernet Sauvignon,698.83,100,238.5,2,data_row
11,6,Wine Grapes (Red),6024,Cabernet Sauvignon,700,100,8188.6,2,data_row
11,6,Wine Grapes (Red),6024,Cabernet Sauvignon,700,20600,826.7,2,data_row
11,6,Wine Grapes (Red),6024,Cabernet Sauvignon,703.83,100,175,2,data_row
11,6,Wine Grapes (Red),6024,Cabernet Sauvignon,707.52,100,48.9,2,data_row
11,6,Wine Grapes (Red),6024,Cabernet Sauvignon,718.83,100,177.7,2,data_row
11,6,Wine Grapes (Red),6024,Cabernet Sauvignon,723.83,100,294.2,2,data_row
11,6,Wine Grapes (Red),6024,Cabernet Sauvignon,725,100,74.2,2,data_row
11,6,Wine Grapes (Red),6024,Cabernet Sauvignon,730,100,264.6,2,data_row
11,6,Wine Grapes (Red),6024,Cabernet Sauvignon,750,100,6058,2,data_row
11,6,Wine Grapes (Red),6024,Cabernet Sauvignon,750,17600,10.5,2,data_row
11,6,Wine Grapes (Red),6024,Cabernet Sauvignon,750,64535,555.3,2,data_row
11,6,Wine Grapes (Red),6024,Cabernet Sauvignon,750.07,100,153,2,data_row
11,6,Wine Grapes (Red),6024,Cabernet Sauvignon,767,67605,75.7,2,data_row
11,6,Wine Grapes (Red),6024,Cabernet Sauvignon,800,100,3581.9,2,data_row
11,6,Wine Grapes (Red),6024,Cabernet Sauvignon,800,24800,538,2,data_row
11,6,Wine Grapes (Red),6024,Cabernet Sauvignon,825,100,93.7,2,data_row
11,6,Wine Grapes (Red),6024,Cabernet Sauvignon,850,100,52.1,2,data_row
11,6,Wine Grapes (Red),6024,Cabernet Sauvignon,850,52025,555.3,2,data_row
11,6,Wine Grapes (Red),6024,Cabernet Sauvignon,875,100,174.7,2,data_row
11,6,Wine Grapes (Red),6024,Cabernet Sauvignon,900,100,1911.9,2,data_row
11,6,Wine Grapes (Red),6024,Cabernet Sauvignon,900,24800,279.5,2,data_row
11,6,Wine Grapes (Red),6024,Cabernet Sauvignon,950,100,341.7,2,data_row
11,6,Wine Grapes (Red),6024,Cabernet Sauvignon,950,26800,388.8,2,data_row
11,6,Wine Grapes (Red),6024,Cabernet Sauvignon,990,52025,1310.8,2,data_row
11,6,Wine Grapes (Red),6024,Cabernet Sauvignon,1000,100,209.2,2,data_row
11,6,Wine Grapes (Red),6024,Cabernet Sauvignon,1050,100,990.9,2,data_row
11,6,Wine Grapes (Red),6024,Cabernet Sauvignon,1081,24800,20.2,2,data_row
11,6,Wine Grapes (Red),6024,Cabernet Sauvignon,1100,25100,123.3,2,data_row
11,6,Wine Grapes (Red),6024,Cabernet Sauvignon,1150,25100,1155.1,2,data_row
11,6,Wine Grapes (Red),6024,Cabernet Sauvignon,1150,27100,333.7,2,data_row
11,6,Wine Grapes (Red),6024,Cabernet Sauvignon,1212,100,41.2,2,data_row
11,6,Wine Grapes (Red),6024,Cabernet Sauvignon,1250,100,4.2,2,data_row
11,6,Wine Grapes (Red),6024,Cabernet Sauvignon,1300,25100,1208.8,2,data_row
11,6,Wine Grapes (Red),6024,Cabernet Sauvignon,1500,100,701.7,2,data_row
11,6,Wine Grapes (Red),6024,Cabernet Sauvignon,1650,100,5.9,2,data_row
11,6,Wine Grapes (Red),6024,Cabernet Sauvignon,2000,100,509.4,2,data_row
11,6,Wine Grapes (Red),6024,Cabernet Sauvignon,637.03,,105146.3,3,summary_row
11,6,Wine Grapes (Red),6026,Carignane,350,100,13.9,2,data_row
11,6,Wine Grapes (Red),6026,Carignane,700,100,48.2,2,data_row
11,6,Wine Grapes (Red),6026,Carignane,900,100,2.1,2,data_row
11,6,Wine Grapes (Red),6026,Carignane,900,52025,16.1,2,data_row
11,6,Wine Grapes (Red),6026,Carignane,1005.44,100,292.5,2,data_row
11,6,Wine Grapes (Red),6026,Carignane,1150,100,3.3,2,data_row
11,6,Wine Grapes (Red),6026,Carignane,1400,100,7.6,2,data_row
11,6,Wine Grapes (Red),6026,Carignane,1450,100,11.8,2,data_row
11,6,Wine Grapes (Red),6026,Carignane,1500,100,1.5,2,data_row
11,6,Wine Grapes (Red),6026,Carignane,1750,100,1.2,2,data_row
11,6,Wine Grapes (Red),6026,Carignane,1800,100,9.6,2,data_row
11,6,Wine Grapes (Red),6026,Carignane,1800,16900,1.5,2,data_row
11,6,Wine Grapes (Red),6026,Carignane,2000,100,10,2,data_row
11,6,Wine Grapes (Red),6026,Carignane,2000,17400,1.6,2,data_row
11,6,Wine Grapes (Red),6026,Carignane,1017.23,,420.9,3,summary_row
11,6,Wine Grapes (Red),6002,Carmenere,888.38,52025,12.7,2,data_row
11,6,Wine Grapes (Red),6002,Carmenere,888.38,,12.7,3,summary_row
11,6,Wine Grapes (Red),6028,Charbono,500,100,2,2,data_row
11,6,Wine Grapes (Red),6028,Charbono,1500,11804,0.6,2,data_row
11,6,Wine Grapes (Red),6028,Charbono,730.77,,2.6,3,summary_row
11,6,Wine Grapes (Red),6171,Cinsaut *,1000,100,7.9,2,data_row
11,6,Wine Grapes (Red),6171,Cinsaut *,1050,100,2.3,2,data_row
11,6,Wine Grapes (Red),6171,Cinsaut *,1098.8,52025,49.1,2,data_row
11,6,Wine Grapes (Red),6171,Cinsaut *,1200,100,1.6,2,data_row
11,6,Wine Grapes (Red),6171,Cinsaut *,1200,17800,3,2,data_row
11,6,Wine Grapes (Red),6171,Cinsaut *,1400,100,1,2,data_row
11,6,Wine Grapes (Red),6171,Cinsaut *,1400,13800,3.5,2,data_row
11,6,Wine Grapes (Red),6171,Cinsaut *,1417,1700,3.1,2,data_row
11,6,Wine Grapes (Red),6171,Cinsaut *,1500,100,10.6,2,data_row
11,6,Wine Grapes (Red),6171,Cinsaut *,1739.69,100,10,2,data_row
11,6,Wine Grapes (Red),6171,Cinsaut *,1750,100,18.1,2,data_row
11,6,Wine Grapes (Red),6171,Cinsaut *,1800,100,19.9,2,data_row
11,6,Wine Grapes (Red),6171,Cinsaut *,1800,11100,2.1,2,data_row
11,6,Wine Grapes (Red),6171,Cinsaut *,2200,100,2.2,2,data_row
11,6,Wine Grapes (Red),6171,Cinsaut *,2250,100,1.1,2,data_row
11,6,Wine Grapes (Red),6171,Cinsaut *,1419.67,,135.5,3,summary_row
11,6,Wine Grapes (Red),6185,Counoise,1150,100,6,2,data_row
11,6,Wine Grapes (Red),6185,Counoise,1700,100,4.9,2,data_row
11,6,Wine Grapes (Red),6185,Counoise,1397.25,,10.9,3,summary_row
11,6,Wine Grapes (Red),6173,Dolcetto,657,100,141.5,2,data_row
11,6,Wine Grapes (Red),6173,Dolcetto,1500,100,2.1,2,data_row
11,6,Wine Grapes (Red),6173,Dolcetto,1600,21000,2.1,2,data_row
11,6,Wine Grapes (Red),6173,Dolcetto,682.74,,145.7,3,summary_row
11,6,Wine Grapes (Red),6014,Dornfelder,400,67606,197.9,2,data_row
11,6,Wine Grapes (Red),6014,Dornfelder,1500,100,1,2,data_row
11,6,Wine Grapes (Red),6014,Dornfelder,405.53,,198.9,3,summary_row
11,6,Wine Grapes (Red),6196,Graciano,500,67893,191.6,2,data_row
11,6,Wine Grapes (Red),6196,Graciano,715,67605,209.8,2,data_row
11,6,Wine Grapes (Red),6196,Graciano,715,67607,135.1,2,data_row
11,6,Wine Grapes (Red),6196,Graciano,638.22,,536.5,3,summary_row
11,6,Wine Grapes (Red),6058,Grenache *,50,32550,3,2,data_row
11,6,Wine Grapes (Red),6058,Grenache *,300,100,51,2,data_row
11,6,Wine Grapes (Red),6058,Grenache *,350,100,19.8,2,data_row
11,6,Wine Grapes (Red),6058,Grenache *,425,2300,378.7,2,data_row
11,6,Wine Grapes (Red),6058,Grenache *,700,100,15.5,2,data_row
11,6,Wine Grapes (Red),6058,Grenache *,800,100,38.2,2,data_row
11,6,Wine Grapes (Red),6058,Grenache *,1000,100,4.3,2,data_row
11,6,Wine Grapes (Red),6058,Grenache *,1081,21200,3,2,data_row
11,6,Wine Grapes (Red),6058,Grenache *,1200,100,37.4,2,data_row
11,6,Wine Grapes (Red),6058,Grenache *,1225,11100,5.3,2,data_row
11,6,Wine Grapes (Red),6058,Grenache *,1500,100,14.2,2,data_row
11,6,Wine Grapes (Red),6058,Grenache *,1525,100,5.4,2,data_row
11,6,Wine Grapes (Red),6058,Grenache *,1600,9300,3,2,data_row
11,6,Wine Grapes (Red),6058,Grenache *,1763.03,100,1.1,2,data_row
11,6,Wine Grapes (Red),6058,Grenache *,1800,100,2,2,data_row
11,6,Wine Grapes (Red),6058,Grenache *,555.98,,581.9,3,summary_row
11,6,Wine Grapes (Red),6059,Grignolino,2000,100,0.5,2,data_row
11,6,Wine Grapes (Red),6059,Grignolino,2000,,0.5,3,summary_row
11,6,Wine Grapes (Red),6076,Malbec,50,32550,1.7,2,data_row
11,6,Wine Grapes (Red),6076,Malbec,180,100,288,2,data_row
11,6,Wine Grapes (Red),6076,Malbec,350,21500,63.9,2,data_row
11,6,Wine Grapes (Red),6076,Malbec,400,24500,2,2,data_row
11,6,Wine Grapes (Red),6076,Malbec,400,67606,53,2,data_row
11,6,Wine Grapes (Red),6076,Malbec,417,67606,922.1,2,data_row
11,6,Wine Grapes (Red),6076,Malbec,467,67606,404.5,2,data_row
11,6,Wine Grapes (Red),6076,Malbec,475,100,170.5,2,data_row
11,6,Wine Grapes (Red),6076,Malbec,500,17000,2.1,2,data_row
11,6,Wine Grapes (Red),6076,Malbec,500.07,100,99.6,2,data_row
11,6,Wine Grapes (Red),6076,Malbec,517,67606,75.8,2,data_row
11,6,Wine Grapes (Red),6076,Malbec,609.54,100,68.5,2,data_row
11,6,Wine Grapes (Red),6076,Malbec,625,100,90.6,2,data_row
11,6,Wine Grapes (Red),6076,Malbec,650,100,928.4,2,data_row
11,6,Wine Grapes (Red),6076,Malbec,650,67603,184,2,data_row
11,6,Wine Grapes (Red),6076,Malbec,675,100,198.5,2,data_row
11,6,Wine Grapes (Red),6076,Malbec,700,100,567.1,2,data_row
11,6,Wine Grapes (Red),6076,Malbec,750,100,512.1,2,data_row
11,6,Wine Grapes (Red),6076,Malbec,800,14400,0.5,2,data_row
11,6,Wine Grapes (Red),6076,Malbec,1050,100,150,2,data_row
11,6,Wine Grapes (Red),6076,Malbec,1200,100,4.7,2,data_row
11,6,Wine Grapes (Red),6076,Malbec,1640.36,100,73.3,2,data_row
11,6,Wine Grapes (Red),6076,Malbec,588.57,,4860.9,3,summary_row
11,6,Wine Grapes (Red),6200,Mencia,1200,100,1.8,2,data_row
11,6,Wine Grapes (Red),6200,Mencia,1500,100,3.6,2,data_row
11,6,Wine Grapes (Red),6200,Mencia,1400,,5.4,3,summary_row
11,6,Wine Grapes (Red),6084,Merlot,50,100,3.5,2,data_row
11,6,Wine Grapes (Red),6084,Merlot,200,100,145.5,2,data_row
11,6,Wine Grapes (Red),6084,Merlot,250,100,389.8,2,data_row
11,6,Wine Grapes (Red),6084,Merlot,250,32550,24.9,2,data_row
11,6,Wine Grapes (Red),6084,Merlot,300,100,241.1,2,data_row
11,6,Wine Grapes (Red),6084,Merlot,300,24800,100.5,2,data_row
11,6,Wine Grapes (Red),6084,Merlot,350,100,97.3,2,data_row
11,6,Wine Grapes (Red),6084,Merlot,425,67605,2722.8,2,data_row
11,6,Wine Grapes (Red),6084,Merlot,435.52,52025,224.4,2,data_row
11,6,Wine Grapes (Red),6084,Merlot,450,100,588.5,2,data_row
11,6,Wine Grapes (Red),6084,Merlot,500,100,401.8,2,data_row
11,6,Wine Grapes (Red),6084,Merlot,500,67605,135,2,data_row
11,6,Wine Grapes (Red),6084,Merlot,517,67605,82.4,2,data_row
11,6,Wine Grapes (Red),6084,Merlot,517.56,100,71.3,2,data_row
11,6,Wine Grapes (Red),6084,Merlot,525,100,1032.6,2,data_row
11,6,Wine Grapes (Red),6084,Merlot,550,100,1509.9,2,data_row
11,6,Wine Grapes (Red),6084,Merlot,550,17000,677.7,2,data_row
11,6,Wine Grapes (Red),6084,Merlot,567,67605,327.5,2,data_row
11,6,Wine Grapes (Red),6084,Merlot,573.68,100,282.8,2,data_row
11,6,Wine Grapes (Red),6084,Merlot,595,100,690.7,2,data_row
11,6,Wine Grapes (Red),6084,Merlot,600,100,4371.6,2,data_row
11,6,Wine Grapes (Red),6084,Merlot,600,17000,623,2,data_row
11,6,Wine Grapes (Red),6084,Merlot,600,20800,3997.7,2,data_row
11,6,Wine Grapes (Red),6084,Merlot,600,67605,1070.3,2,data_row
11,6,Wine Grapes (Red),6084,Merlot,600.06,100,46.8,2,data_row
11,6,Wine Grapes (Red),6084,Merlot,600.07,100,1021.6,2,data_row
11,6,Wine Grapes (Red),6084,Merlot,616.01,100,219.6,2,data_row
11,6,Wine Grapes (Red),6084,Merlot,620.56,100,65.1,2,data_row
11,6,Wine Grapes (Red),6084,Merlot,625,100,240.1,2,data_row
11,6,Wine Grapes (Red),6084,Merlot,625,64535,497.7,2,data_row
11,6,Wine Grapes (Red),6084,Merlot,636.09,64180,427.7,2,data_row
11,6,Wine Grapes (Red),6084,Merlot,650,100,571.1,2,data_row
11,6,Wine Grapes (Red),6084,Merlot,650,67605,378.3,2,data_row
11,6,Wine Grapes (Red),6084,Merlot,665,67605,1799.7,2,data_row
11,6,Wine Grapes (Red),6084,Merlot,700,14400,3.7,2,data_row
11,6,Wine Grapes (Red),6084,Merlot,700,21200,1,2,data_row
11,6,Wine Grapes (Red),6084,Merlot,750,100,362.5,2,data_row
11,6,Wine Grapes (Red),6084,Merlot,800,100,249.5,2,data_row
11,6,Wine Grapes (Red),6084,Merlot,850,100,157.4,2,data_row
11,6,Wine Grapes (Red),6084,Merlot,860.52,52025,85.5,2,data_row
11,6,Wine Grapes (Red),6084,Merlot,975,100,43.7,2,data_row
11,6,Wine Grapes (Red),6084,Merlot,1050,100,186.5,2,data_row
11,6,Wine Grapes (Red),6084,Merlot,1200,100,6,2,data_row
11,6,Wine Grapes (Red),6084,Merlot,571.92,,26176.1,3,summary_row
11,6,Wine Grapes (Red),6086,Mission *,1000,100,1,2,data_row
11,6,Wine Grapes (Red),6086,Mission *,1050,100,9.8,2,data_row
11,6,Wine Grapes (Red),6086,Mission *,1050,13400,1,2,data_row
11,6,Wine Grapes (Red),6086,Mission *,1050,17400,0.5,2,data_row
11,6,Wine Grapes (Red),6086,Mission *,1100,100,1.9,2,data_row
11,6,Wine Grapes (Red),6086,Mission *,1300,100,4,2,data_row
11,6,Wine Grapes (Red),6086,Mission *,1107.42,,18.2,3,summary_row
11,6,Wine Grapes (Red),6189,Montepulciano,600,100,47.3,2,data_row
11,6,Wine Grapes (Red),6189,Montepulciano,650,100,1.6,2,data_row
11,6,Wine Grapes (Red),6189,Montepulciano,800,100,4.3,2,data_row
11,6,Wine Grapes (Red),6189,Montepulciano,1100,100,3.4,2,data_row
11,6,Wine Grapes (Red),6189,Montepulciano,646.64,,56.6,3,summary_row
11,6,Wine Grapes (Red),6081,Mourvedre *,450,100,104.6,2,data_row
11,6,Wine Grapes (Red),6081,Mourvedre *,700,100,13.5,2,data_row
11,6,Wine Grapes (Red),6081,Mourvedre *,800,100,24.7,2,data_row
11,6,Wine Grapes (Red),6081,Mourvedre *,1000,100,2.7,2,data_row
11,6,Wine Grapes (Red),6081,Mourvedre *,1650,100,1.1,2,data_row
11,6,Wine Grapes (Red),6081,Mourvedre *,1700,100,2,2,data_row
11,6,Wine Grapes (Red),6081,Mourvedre *,566.59,,148.6,3,summary_row
11,6,Wine Grapes (Red),6094,Muscat Hamburg *,600,100,87.8,2,data_row
11,6,Wine Grapes (Red),6094,Muscat Hamburg *,600,,87.8,3,summary_row
11,6,Wine Grapes (Red),6199,Nero D'avola *,800,100,23.2,2,data_row
11,6,Wine Grapes (Red),6199,Nero D'avola *,1000,100,0.4,2,data_row
11,6,Wine Grapes (Red),6199,Nero D'avola *,1300,100,1.8,2,data_row
11,6,Wine Grapes (Red),6199,Nero D'avola *,1700,100,2.7,2,data_row
11,6,Wine Grapes (Red),6199,Nero D'avola *,1802.6,100,0.9,2,data_row
11,6,Wine Grapes (Red),6199,Nero D'avola *,1977.45,100,1.1,2,data_row
11,6,Wine Grapes (Red),6199,Nero D'avola *,986.3,,30.1,3,summary_row
11,6,Wine Grapes (Red),6107,Petit Verdot,195,100,427.1,2,data_row
11,6,Wine Grapes (Red),6107,Petit Verdot,200,20700,55.6,2,data_row
11,6,Wine Grapes (Red),6107,Petit Verdot,250,100,116.4,2,data_row
11,6,Wine Grapes (Red),6107,Petit Verdot,350,20800,159.2,2,data_row
11,6,Wine Grapes (Red),6107,Petit Verdot,400,24500,2,2,data_row
11,6,Wine Grapes (Red),6107,Petit Verdot,550.07,100,498.1,2,data_row
11,6,Wine Grapes (Red),6107,Petit Verdot,625,100,188,2,data_row
11,6,Wine Grapes (Red),6107,Petit Verdot,650,100,35.7,2,data_row
11,6,Wine Grapes (Red),6107,Petit Verdot,650,67605,366.8,2,data_row
11,6,Wine Grapes (Red),6107,Petit Verdot,650,67607,70.1,2,data_row
11,6,Wine Grapes (Red),6107,Petit Verdot,665,67605,372.3,2,data_row
11,6,Wine Grapes (Red),6107,Petit Verdot,666.14,100,84.2,2,data_row
11,6,Wine Grapes (Red),6107,Petit Verdot,700,100,46.1,2,data_row
11,6,Wine Grapes (Red),6107,Petit Verdot,888.38,52025,4.6,2,data_row
11,6,Wine Grapes (Red),6107,Petit Verdot,900,100,164.9,2,data_row
11,6,Wine Grapes (Red),6107,Petit Verdot,900,13600,2,2,data_row
11,6,Wine Grapes (Red),6107,Petit Verdot,900,52025,285.1,2,data_row
11,6,Wine Grapes (Red),6107,Petit Verdot,950,100,1.4,2,data_row
11,6,Wine Grapes (Red),6107,Petit Verdot,950,52025,472.6,2,data_row
11,6,Wine Grapes (Red),6107,Petit Verdot,1000,52025,14.9,2,data_row
11,6,Wine Grapes (Red),6107,Petit Verdot,1200,100,1.1,2,data_row
11,6,Wine Grapes (Red),6107,Petit Verdot,1350,100,5.4,2,data_row
11,6,Wine Grapes (Red),6107,Petit Verdot,622.28,,3373.6,3,summary_row
11,6,Wine Grapes (Red),6106,Petite Sirah,50,32550,7.2,2,data_row
11,6,Wine Grapes (Red),6106,Petite Sirah,125,100,6.9,2,data_row
11,6,Wine Grapes (Red),6106,Petite Sirah,195,100,765,2,data_row
11,6,Wine Grapes (Red),6106,Petite Sirah,200,100,54.6,2,data_row
11,6,Wine Grapes (Red),6106,Petite Sirah,250,100,234.8,2,data_row
11,6,Wine Grapes (Red),6106,Petite Sirah,275,100,59.2,2,data_row
11,6,Wine Grapes (Red),6106,Petite Sirah,300,100,894.2,2,data_row
11,6,Wine Grapes (Red),6106,Petite Sirah,350,100,1194.9,2,data_row
11,6,Wine Grapes (Red),6106,Petite Sirah,375,23400,1104.7,2,data_row
11,6,Wine Grapes (Red),6106,Petite Sirah,400,67904,410.6,2,data_row
11,6,Wine Grapes (Red),6106,Petite Sirah,415,100,205.9,2,data_row
11,6,Wine Grapes (Red),6106,Petite Sirah,450,100,286.6,2,data_row
11,6,Wine Grapes (Red),6106,Petite Sirah,500,100,15.8,2,data_row
11,6,Wine Grapes (Red),6106,Petite Sirah,550,100,570.2,2,data_row
11,6,Wine Grapes (Red),6106,Petite Sirah,600,20800,1.9,2,data_row
11,6,Wine Grapes (Red),6106,Petite Sirah,600.07,100,705.8,2,data_row
11,6,Wine Grapes (Red),6106,Petite Sirah,650,100,1359,2,data_row
11,6,Wine Grapes (Red),6106,Petite Sirah,650,64535,186.1,2,data_row
11,6,Wine Grapes (Red),6106,Petite Sirah,650,67605,592.8,2,data_row
11,6,Wine Grapes (Red),6106,Petite Sirah,650,69478,348.5,2,data_row
11,6,Wine Grapes (Red),6106,Petite Sirah,665,67605,413.6,2,data_row
11,6,Wine Grapes (Red),6106,Petite Sirah,665,67947,408,2,data_row
11,6,Wine Grapes (Red),6106,Petite Sirah,667,67947,962.5,2,data_row
11,6,Wine Grapes (Red),6106,Petite Sirah,675,100,179.9,2,data_row
11,6,Wine Grapes (Red),6106,Petite Sirah,677.62,59698,391.9,2,data_row
11,6,Wine Grapes (Red),6106,Petite Sirah,683.92,100,524,2,data_row
11,6,Wine Grapes (Red),6106,Petite Sirah,690.87,100,42.5,2,data_row
11,6,Wine Grapes (Red),6106,Petite Sirah,700,100,2459.1,2,data_row
11,6,Wine Grapes (Red),6106,Petite Sirah,702,100,24.9,2,data_row
11,6,Wine Grapes (Red),6106,Petite Sirah,708.92,100,332.6,2,data_row
11,6,Wine Grapes (Red),6106,Petite Sirah,725,100,221.5,2,data_row
11,6,Wine Grapes (Red),6106,Petite Sirah,750,100,2086,2,data_row
11,6,Wine Grapes (Red),6106,Petite Sirah,800,100,136.2,2,data_row
11,6,Wine Grapes (Red),6106,Petite Sirah,800,52025,34.6,2,data_row
11,6,Wine Grapes (Red),6106,Petite Sirah,825,100,150.9,2,data_row
11,6,Wine Grapes (Red),6106,Petite Sirah,850,100,156.4,2,data_row
11,6,Wine Grapes (Red),6106,Petite Sirah,875,100,81.3,2,data_row
11,6,Wine Grapes (Red),6106,Petite Sirah,888.38,52025,8.4,2,data_row
11,6,Wine Grapes (Red),6106,Petite Sirah,900,100,158.5,2,data_row
11,6,Wine Grapes (Red),6106,Petite Sirah,900,13600,2,2,data_row
11,6,Wine Grapes (Red),6106,Petite Sirah,900,52025,162.8,2,data_row
11,6,Wine Grapes (Red),6106,Petite Sirah,950,17400,11.2,2,data_row
11,6,Wine Grapes (Red),6106,Petite Sirah,990.36,52025,993.7,2,data_row
11,6,Wine Grapes (Red),6106,Petite Sirah,1000,100,782.2,2,data_row
11,6,Wine Grapes (Red),6106,Petite Sirah,1000,52025,32.5,2,data_row
11,6,Wine Grapes (Red),6106,Petite Sirah,1050,100,151.5,2,data_row
11,6,Wine Grapes (Red),6106,Petite Sirah,1100,67992,141.8,2,data_row
11,6,Wine Grapes (Red),6106,Petite Sirah,1150,100,3.3,2,data_row
11,6,Wine Grapes (Red),6106,Petite Sirah,1325,22800,4.4,2,data_row
11,6,Wine Grapes (Red),6106,Petite Sirah,1500,100,2,2,data_row
11,6,Wine Grapes (Red),6106,Petite Sirah,1550,100,26.1,2,data_row
11,6,Wine Grapes (Red),6106,Petite Sirah,1650,100,3.6,2,data_row
11,6,Wine Grapes (Red),6106,Petite Sirah,631.41,,20094.6,3,summary_row
11,6,Wine Grapes (Red),6112,Pinot Noir *,50,32550,22.4,2,data_row
11,6,Wine Grapes (Red),6112,Pinot Noir *,125,100,47.1,2,data_row
11,6,Wine Grapes (Red),6112,Pinot Noir *,200,100,72.8,2,data_row
11,6,Wine Grapes (Red),6112,Pinot Noir *,250.07,100,375.5,2,data_row
11,6,Wine Grapes (Red),6112,Pinot Noir *,285,100,108,2,data_row
11,6,Wine Grapes (Red),6112,Pinot Noir *,350,100,170.1,2,data_row
11,6,Wine Grapes (Red),6112,Pinot Noir *,350,25100,114.3,2,data_row
11,6,Wine Grapes (Red),6112,Pinot Noir *,375,100,276.4,2,data_row
11,6,Wine Grapes (Red),6112,Pinot Noir *,425,100,96.7,2,data_row
11,6,Wine Grapes (Red),6112,Pinot Noir *,425,67406,1071.8,2,data_row
11,6,Wine Grapes (Red),6112,Pinot Noir *,425,67606,1618.3,2,data_row
11,6,Wine Grapes (Red),6112,Pinot Noir *,450.07,100,497.3,2,data_row
11,6,Wine Grapes (Red),6112,Pinot Noir *,467,67606,237.8,2,data_row
11,6,Wine Grapes (Red),6112,Pinot Noir *,467,67893,275.8,2,data_row
11,6,Wine Grapes (Red),6112,Pinot Noir *,475.06,100,68.2,2,data_row
11,6,Wine Grapes (Red),6112,Pinot Noir *,515,67607,221,2,data_row
11,6,Wine Grapes (Red),6112,Pinot Noir *,550,100,508.3,2,data_row
11,6,Wine Grapes (Red),6112,Pinot Noir *,550,67605,135.9,2,data_row
11,6,Wine Grapes (Red),6112,Pinot Noir *,550,67607,297.3,2,data_row
11,6,Wine Grapes (Red),6112,Pinot Noir *,550.07,100,127.2,2,data_row
11,6,Wine Grapes (Red),6112,Pinot Noir *,565,67605,2365.2,2,data_row
11,6,Wine Grapes (Red),6112,Pinot Noir *,565,67607,5055.1,2,data_row
11,6,Wine Grapes (Red),6112,Pinot Noir *,570,67605,1584.4,2,data_row
11,6,Wine Grapes (Red),6112,Pinot Noir *,572.86,100,43.3,2,data_row
11,6,Wine Grapes (Red),6112,Pinot Noir *,590,67605,436.2,2,data_row
11,6,Wine Grapes (Red),6112,Pinot Noir *,600,100,611,2,data_row
11,6,Wine Grapes (Red),6112,Pinot Noir *,617,67605,351.3,2,data_row
11,6,Wine Grapes (Red),6112,Pinot Noir *,629.67,20800,745.8,2,data_row
11,6,Wine Grapes (Red),6112,Pinot Noir *,629.74,100,77.1,2,data_row
11,6,Wine Grapes (Red),6112,Pinot Noir *,637.78,49350,862.2,2,data_row
11,6,Wine Grapes (Red),6112,Pinot Noir *,650,100,252.2,2,data_row
11,6,Wine Grapes (Red),6112,Pinot Noir *,650,64535,110.9,2,data_row
11,6,Wine Grapes (Red),6112,Pinot Noir *,650.07,100,3764.6,2,data_row
11,6,Wine Grapes (Red),6112,Pinot Noir *,660.89,100,4194.1,2,data_row
11,6,Wine Grapes (Red),6112,Pinot Noir *,667,67606,288.3,2,data_row
11,6,Wine Grapes (Red),6112,Pinot Noir *,700,59698,403.8,2,data_row
11,6,Wine Grapes (Red),6112,Pinot Noir *,717,67605,458.3,2,data_row
11,6,Wine Grapes (Red),6112,Pinot Noir *,800,100,161.7,2,data_row
11,6,Wine Grapes (Red),6112,Pinot Noir *,815.21,100,374.2,2,data_row
11,6,Wine Grapes (Red),6112,Pinot Noir *,900,100,619.7,2,data_row
11,6,Wine Grapes (Red),6112,Pinot Noir *,916.95,52025,73.3,2,data_row
11,6,Wine Grapes (Red),6112,Pinot Noir *,1000,100,307.8,2,data_row
11,6,Wine Grapes (Red),6112,Pinot Noir *,1100,100,4,2,data_row
11,6,Wine Grapes (Red),6112,Pinot Noir *,1200,2600,100,2,data_row
11,6,Wine Grapes (Red),6112,Pinot Noir *,1200,8400,2.3,2,data_row
11,6,Wine Grapes (Red),6112,Pinot Noir *,1300,100,39.8,2,data_row
11,6,Wine Grapes (Red),6112,Pinot Noir *,1650,100,2.2,2,data_row
11,6,Wine Grapes (Red),6112,Pinot Noir *,592.93,,29631,3,summary_row
11,6,Wine Grapes (Red),6021,Primitivo,1000,100,13.1,2,data_row
11,6,Wine Grapes (Red),6021,Primitivo,1600,21000,2.2,2,data_row
11,6,Wine Grapes (Red),6021,Primitivo,1086.27,,15.3,3,summary_row
11,6,Wine Grapes (Red),6122,Rubired *,300,100,1122.2,2,data_row
11,6,Wine Grapes (Red),6122,Rubired *,350,100,733.9,2,data_row
11,6,Wine Grapes (Red),6122,Rubired *,375,100,960.7,2,data_row
11,6,Wine Grapes (Red),6122,Rubired *,338.61,,2816.8,3,summary_row
11,6,Wine Grapes (Red),6123,Ruby Cabernet,550.07,100,82.7,2,data_row
11,6,Wine Grapes (Red),6123,Ruby Cabernet,550.07,,82.7,3,summary_row
11,6,Wine Grapes (Red),6127,Sangiovese *,400,25300,13,2,data_row
11,6,Wine Grapes (Red),6127,Sangiovese *,480,100,20.8,2,data_row
11,6,Wine Grapes (Red),6127,Sangiovese *,550,100,66.5,2,data_row
11,6,Wine Grapes (Red),6127,Sangiovese *,800,100,23.6,2,data_row
11,6,Wine Grapes (Red),6127,Sangiovese *,900,100,4.5,2,data_row
11,6,Wine Grapes (Red),6127,Sangiovese *,1000,100,20.1,2,data_row
11,6,Wine Grapes (Red),6127,Sangiovese *,1100,100,4.6,2,data_row
11,6,Wine Grapes (Red),6127,Sangiovese *,1500,100,5,2,data_row
11,6,Wine Grapes (Red),6127,Sangiovese *,1600,21000,3.5,2,data_row
11,6,Wine Grapes (Red),6127,Sangiovese *,2000,100,0.5,2,data_row
11,6,Wine Grapes (Red),6127,Sangiovese *,702.95,,162.1,3,summary_row
11,6,Wine Grapes (Red),6133,Souzao,550.07,100,76.6,2,data_row
11,6,Wine Grapes (Red),6133,Souzao,550.07,,76.6,3,summary_row
11,6,Wine Grapes (Red),6163,Syrah *,50,32550,8.7,2,data_row
11,6,Wine Grapes (Red),6163,Syrah *,200,100,40.3,2,data_row
11,6,Wine Grapes (Red),6163,Syrah *,300,100,54.4,2,data_row
11,6,Wine Grapes (Red),6163,Syrah *,425,67605,120,2,data_row
11,6,Wine Grapes (Red),6163,Syrah *,425,67890,920.3,2,data_row
11,6,Wine Grapes (Red),6163,Syrah *,450,52025,49.8,2,data_row
11,6,Wine Grapes (Red),6163,Syrah *,475,67893,113.9,2,data_row
11,6,Wine Grapes (Red),6163,Syrah *,500,100,266.4,2,data_row
11,6,Wine Grapes (Red),6163,Syrah *,500.07,100,697.5,2,data_row
11,6,Wine Grapes (Red),6163,Syrah *,519,100,127.6,2,data_row
11,6,Wine Grapes (Red),6163,Syrah *,540.09,100,358.6,2,data_row
11,6,Wine Grapes (Red),6163,Syrah *,550,100,89.7,2,data_row
11,6,Wine Grapes (Red),6163,Syrah *,567,67893,801.8,2,data_row
11,6,Wine Grapes (Red),6163,Syrah *,600,100,532.3,2,data_row
11,6,Wine Grapes (Red),6163,Syrah *,625,100,49,2,data_row
11,6,Wine Grapes (Red),6163,Syrah *,665,67605,85.7,2,data_row
11,6,Wine Grapes (Red),6163,Syrah *,667,67605,461.6,2,data_row
11,6,Wine Grapes (Red),6163,Syrah *,800,24500,3.3,2,data_row
11,6,Wine Grapes (Red),6163,Syrah *,810.14,52025,310.5,2,data_row
11,6,Wine Grapes (Red),6163,Syrah *,888.38,52025,26.6,2,data_row
11,6,Wine Grapes (Red),6163,Syrah *,1000,100,4.4,2,data_row
11,6,Wine Grapes (Red),6163,Syrah *,1100,10700,4,2,data_row
11,6,Wine Grapes (Red),6163,Syrah *,1200,10700,3,2,data_row
11,6,Wine Grapes (Red),6163,Syrah *,1300,100,22.4,2,data_row
11,6,Wine Grapes (Red),6163,Syrah *,1650,100,4.1,2,data_row
11,6,Wine Grapes (Red),6163,Syrah *,1800,100,3.5,2,data_row
11,6,Wine Grapes (Red),6163,Syrah *,549.79,,5159.4,3,summary_row
11,6,Wine Grapes (Red),6136,Tannat,300,100,1.7,2,data_row
11,6,Wine Grapes (Red),6136,Tannat,600,100,196.7,2,data_row
11,6,Wine Grapes (Red),6136,Tannat,700,100,242.1,2,data_row
11,6,Wine Grapes (Red),6136,Tannat,750,100,158.7,2,data_row
11,6,Wine Grapes (Red),6136,Tannat,900,52025,113.2,2,data_row
11,6,Wine Grapes (Red),6136,Tannat,714.35,,712.4,3,summary_row
11,6,Wine Grapes (Red),6176,Tempranillo *,300,100,6.4,2,data_row
11,6,Wine Grapes (Red),6176,Tempranillo *,500,100,7,2,data_row
11,6,Wine Grapes (Red),6176,Tempranillo *,600,100,388.2,2,data_row
11,6,Wine Grapes (Red),6176,Tempranillo *,800,100,2.7,2,data_row
11,6,Wine Grapes (Red),6176,Tempranillo *,900,13600,1.4,2,data_row
11,6,Wine Grapes (Red),6176,Tempranillo *,1000,21000,1.6,2,data_row
11,6,Wine Grapes (Red),6176,Tempranillo *,1250,100,2.8,2,data_row
11,6,Wine Grapes (Red),6176,Tempranillo *,1500,13400,1,2,data_row
11,6,Wine Grapes (Red),6176,Tempranillo *,604.14,,411.1,3,summary_row
11,6,Wine Grapes (Red),6175,Teroldego,50,32550,1.9,2,data_row
11,6,Wine Grapes (Red),6175,Teroldego,235,32550,48.7,2,data_row
11,6,Wine Grapes (Red),6175,Teroldego,250,32550,120.8,2,data_row
11,6,Wine Grapes (Red),6175,Teroldego,450,100,27.1,2,data_row
11,6,Wine Grapes (Red),6175,Teroldego,550,100,76.6,2,data_row
11,6,Wine Grapes (Red),6175,Teroldego,550,27600,169.2,2,data_row
11,6,Wine Grapes (Red),6175,Teroldego,550.07,100,199.4,2,data_row
11,6,Wine Grapes (Red),6175,Teroldego,650,19000,49.8,2,data_row
11,6,Wine Grapes (Red),6175,Teroldego,650,67605,913.2,2,data_row
11,6,Wine Grapes (Red),6175,Teroldego,665,67605,855.3,2,data_row
11,6,Wine Grapes (Red),6175,Teroldego,670,67605,136.7,2,data_row
11,6,Wine Grapes (Red),6175,Teroldego,700,100,172.4,2,data_row
11,6,Wine Grapes (Red),6175,Teroldego,700,24800,1,2,data_row
11,6,Wine Grapes (Red),6175,Teroldego,715,67605,669.2,2,data_row
11,6,Wine Grapes (Red),6175,Teroldego,717,67605,289.4,2,data_row
11,6,Wine Grapes (Red),6175,Teroldego,750,100,100.8,2,data_row
11,6,Wine Grapes (Red),6175,Teroldego,850,100,168.2,2,data_row
11,6,Wine Grapes (Red),6175,Teroldego,850,52025,196.8,2,data_row
11,6,Wine Grapes (Red),6175,Teroldego,1000,100,3.9,2,data_row
11,6,Wine Grapes (Red),6175,Teroldego,1600,21000,2.1,2,data_row
11,6,Wine Grapes (Red),6175,Teroldego,1700,100,3.8,2,data_row
11,6,Wine Grapes (Red),6175,Teroldego,2000,100,1,2,data_row
11,6,Wine Grapes (Red),6175,Teroldego,664.1,,4207.3,3,summary_row
11,6,Wine Grapes (Red),6008,Touriga Nacional *,250,100,231,2,data_row
11,6,Wine Grapes (Red),6008,Touriga Nacional *,400,1900,737.1,2,data_row
11,6,Wine Grapes (Red),6008,Touriga Nacional *,717,67606,480.8,2,data_row
11,6,Wine Grapes (Red),6008,Touriga Nacional *,1500,100,5.4,2,data_row
11,6,Wine Grapes (Red),6008,Touriga Nacional *,1500,9100,3.6,2,data_row
11,6,Wine Grapes (Red),6008,Touriga Nacional *,1500,11804,1.2,2,data_row
11,6,Wine Grapes (Red),6008,Touriga Nacional *,488.4,,1459.1,3,summary_row
11,6,Wine Grapes (Red),6154,Zinfandel,25,20800,48.1,2,data_row
11,6,Wine Grapes (Red),6154,Zinfandel,50,100,144.2,2,data_row
11,6,Wine Grapes (Red),6154,Zinfandel,50,32550,42.4,2,data_row
11,6,Wine Grapes (Red),6154,Zinfandel,175,100,426.2,2,data_row
11,6,Wine Grapes (Red),6154,Zinfandel,185,100,119.7,2,data_row
11,6,Wine Grapes (Red),6154,Zinfandel,200,100,341.3,2,data_row
11,6,Wine Grapes (Red),6154,Zinfandel,250,100,1244.6,2,data_row
11,6,Wine Grapes (Red),6154,Zinfandel,250,32550,148,2,data_row
11,6,Wine Grapes (Red),6154,Zinfandel,260,100,237.1,2,data_row
11,6,Wine Grapes (Red),6154,Zinfandel,275,100,495.5,2,data_row
11,6,Wine Grapes (Red),6154,Zinfandel,300,52025,303.4,2,data_row
11,6,Wine Grapes (Red),6154,Zinfandel,325,100,493.8,2,data_row
11,6,Wine Grapes (Red),6154,Zinfandel,325,1000,4452.4,2,data_row
11,6,Wine Grapes (Red),6154,Zinfandel,350,100,2174.9,2,data_row
11,6,Wine Grapes (Red),6154,Zinfandel,375,100,2067.5,2,data_row
11,6,Wine Grapes (Red),6154,Zinfandel,385,100,91.8,2,data_row
11,6,Wine Grapes (Red),6154,Zinfandel,400,100,497.9,2,data_row
11,6,Wine Grapes (Red),6154,Zinfandel,416.83,100,117.4,2,data_row
11,6,Wine Grapes (Red),6154,Zinfandel,425,67605,869.7,2,data_row
11,6,Wine Grapes (Red),6154,Zinfandel,425,67607,33.4,2,data_row
11,6,Wine Grapes (Red),6154,Zinfandel,425,67890,3072.4,2,data_row
11,6,Wine Grapes (Red),6154,Zinfandel,460,100,160.7,2,data_row
11,6,Wine Grapes (Red),6154,Zinfandel,465,42554,496.4,2,data_row
11,6,Wine Grapes (Red),6154,Zinfandel,467,42554,267.5,2,data_row
11,6,Wine Grapes (Red),6154,Zinfandel,475,67607,751.6,2,data_row
11,6,Wine Grapes (Red),6154,Zinfandel,475,67893,1209.7,2,data_row
11,6,Wine Grapes (Red),6154,Zinfandel,500,100,43.7,2,data_row
11,6,Wine Grapes (Red),6154,Zinfandel,500,67961,499.1,2,data_row
11,6,Wine Grapes (Red),6154,Zinfandel,525,100,404.7,2,data_row
11,6,Wine Grapes (Red),6154,Zinfandel,540.94,100,0.9,2,data_row
11,6,Wine Grapes (Red),6154,Zinfandel,550,100,156.6,2,data_row
11,6,Wine Grapes (Red),6154,Zinfandel,565,67605,68.5,2,data_row
11,6,Wine Grapes (Red),6154,Zinfandel,575,100,111.4,2,data_row
11,6,Wine Grapes (Red),6154,Zinfandel,575,69466,652.4,2,data_row
11,6,Wine Grapes (Red),6154,Zinfandel,575,69478,56.2,2,data_row
11,6,Wine Grapes (Red),6154,Zinfandel,600,100,735.3,2,data_row
11,6,Wine Grapes (Red),6154,Zinfandel,600,20800,1484,2,data_row
11,6,Wine Grapes (Red),6154,Zinfandel,600,21200,2.5,2,data_row
11,6,Wine Grapes (Red),6154,Zinfandel,600.07,100,629,2,data_row
11,6,Wine Grapes (Red),6154,Zinfandel,625,100,172.5,2,data_row
11,6,Wine Grapes (Red),6154,Zinfandel,625.06,100,49.2,2,data_row
11,6,Wine Grapes (Red),6154,Zinfandel,650,100,291.7,2,data_row
11,6,Wine Grapes (Red),6154,Zinfandel,650,67605,506.8,2,data_row
11,6,Wine Grapes (Red),6154,Zinfandel,650,69478,251.9,2,data_row
11,6,Wine Grapes (Red),6154,Zinfandel,665,67605,62.3,2,data_row
11,6,Wine Grapes (Red),6154,Zinfandel,667,67605,164.8,2,data_row
11,6,Wine Grapes (Red),6154,Zinfandel,667,69478,47.9,2,data_row
11,6,Wine Grapes (Red),6154,Zinfandel,675,69478,1016.2,2,data_row
11,6,Wine Grapes (Red),6154,Zinfandel,700,100,423.6,2,data_row
11,6,Wine Grapes (Red),6154,Zinfandel,700,20800,130.5,2,data_row
11,6,Wine Grapes (Red),6154,Zinfandel,700,67605,1013.1,2,data_row
11,6,Wine Grapes (Red),6154,Zinfandel,715,67605,1069.5,2,data_row
11,6,Wine Grapes (Red),6154,Zinfandel,715,69478,121.3,2,data_row
11,6,Wine Grapes (Red),6154,Zinfandel,717,67605,1324,2,data_row
11,6,Wine Grapes (Red),6154,Zinfandel,720,67605,537.5,2,data_row
11,6,Wine Grapes (Red),6154,Zinfandel,725,100,59.3,2,data_row
11,6,Wine Grapes (Red),6154,Zinfandel,730,100,188.6,2,data_row
11,6,Wine Grapes (Red),6154,Zinfandel,750,100,2432.6,2,data_row
11,6,Wine Grapes (Red),6154,Zinfandel,750,67961,1408.2,2,data_row
11,6,Wine Grapes (Red),6154,Zinfandel,767,67605,130.4,2,data_row
11,6,Wine Grapes (Red),6154,Zinfandel,775,100,40.1,2,data_row
11,6,Wine Grapes (Red),6154,Zinfandel,800,100,386,2,data_row
11,6,Wine Grapes (Red),6154,Zinfandel,800,20800,849.7,2,data_row
11,6,Wine Grapes (Red),6154,Zinfandel,800,26800,168.5,2,data_row
11,6,Wine Grapes (Red),6154,Zinfandel,800,67961,1177.7,2,data_row
11,6,Wine Grapes (Red),6154,Zinfandel,800.07,100,143.2,2,data_row
11,6,Wine Grapes (Red),6154,Zinfandel,825,100,57.6,2,data_row
11,6,Wine Grapes (Red),6154,Zinfandel,850,100,1814.4,2,data_row
11,6,Wine Grapes (Red),6154,Zinfandel,850,67605,114.7,2,data_row
11,6,Wine Grapes (Red),6154,Zinfandel,850,67961,383.3,2,data_row
11,6,Wine Grapes (Red),6154,Zinfandel,865,67607,15.8,2,data_row
11,6,Wine Grapes (Red),6154,Zinfandel,867,67605,1097.3,2,data_row
11,6,Wine Grapes (Red),6154,Zinfandel,867,69478,450.3,2,data_row
11,6,Wine Grapes (Red),6154,Zinfandel,875,100,154.2,2,data_row
11,6,Wine Grapes (Red),6154,Zinfandel,900,100,122.8,2,data_row
11,6,Wine Grapes (Red),6154,Zinfandel,925,100,5.5,2,data_row
11,6,Wine Grapes (Red),6154,Zinfandel,937.23,52025,388.7,2,data_row
11,6,Wine Grapes (Red),6154,Zinfandel,950,100,753.9,2,data_row
11,6,Wine Grapes (Red),6154,Zinfandel,950,17600,46.1,2,data_row
11,6,Wine Grapes (Red),6154,Zinfandel,975,100,210.5,2,data_row
11,6,Wine Grapes (Red),6154,Zinfandel,1000,100,67.7,2,data_row
11,6,Wine Grapes (Red),6154,Zinfandel,1000,14400,0.5,2,data_row
11,6,Wine Grapes (Red),6154,Zinfandel,1050,100,149,2,data_row
11,6,Wine Grapes (Red),6154,Zinfandel,1050,52025,70.7,2,data_row
11,6,Wine Grapes (Red),6154,Zinfandel,1100,100,483,2,data_row
11,6,Wine Grapes (Red),6154,Zinfandel,1150,100,14.9,2,data_row
11,6,Wine Grapes (Red),6154,Zinfandel,1175,100,152.4,2,data_row
11,6,Wine Grapes (Red),6154,Zinfandel,1200,100,14.7,2,data_row
11,6,Wine Grapes (Red),6154,Zinfandel,1200,17600,3.2,2,data_row
11,6,Wine Grapes (Red),6154,Zinfandel,1200,22900,2,2,data_row
11,6,Wine Grapes (Red),6154,Zinfandel,1250,24800,121.9,2,data_row
11,6,Wine Grapes (Red),6154,Zinfandel,1300,100,114.5,2,data_row
11,6,Wine Grapes (Red),6154,Zinfandel,1375,100,9.5,2,data_row
11,6,Wine Grapes (Red),6154,Zinfandel,1375,26900,12.2,2,data_row
11,6,Wine Grapes (Red),6154,Zinfandel,1400,100,52.2,2,data_row
11,6,Wine Grapes (Red),6154,Zinfandel,1450,100,5.3,2,data_row
11,6,Wine Grapes (Red),6154,Zinfandel,1500,100,49.6,2,data_row
11,6,Wine Grapes (Red),6154,Zinfandel,1600,100,47.6,2,data_row
11,6,Wine Grapes (Red),6154,Zinfandel,1700,100,39,2,data_row
11,6,Wine Grapes (Red),6154,Zinfandel,1700,24800,1.9,2,data_row
11,6,Wine Grapes (Red),6154,Zinfandel,1800,100,44.9,2,data_row
11,6,Wine Grapes (Red),6154,Zinfandel,1950,100,8,2,data_row
11,6,Wine Grapes (Red),6154,Zinfandel,2000,17400,1.3,2,data_row
11,6,Wine Grapes (Red),6154,Zinfandel,2050,100,1,2,data_row
11,6,Wine Grapes (Red),6154,Zinfandel,2050,2600,22.7,2,data_row
11,6,Wine Grapes (Red),6154,Zinfandel,2400,100,42.3,2,data_row
11,6,Wine Grapes (Red),6154,Zinfandel,2800,100,12.5,2,data_row
11,6,Wine Grapes (Red),6154,Zinfandel,2800,17400,2.9,2,data_row
11,6,Wine Grapes (Red),6154,Zinfandel,3000,100,17.1,2,data_row
11,6,Wine Grapes (Red),6154,Zinfandel,589.36,,46498.6,3,summary_row
11,6,Wine Grapes (Red),6001,Other Red Wine 2/,700,100,2,2,data_row
11,6,Wine Grapes (Red),6001,Other Red Wine 2/,1000,100,3,2,data_row
11,6,Wine Grapes (Red),6001,Other Red Wine 2/,1200,100,0.5,2,data_row
11,6,Wine Grapes (Red),6001,Other Red Wine 2/,1500,100,3.1,2,data_row
11,6,Wine Grapes (Red),6001,Other Red Wine 2/,1500,9100,2.9,2,data_row
11,6,Wine Grapes (Red),6001,Other Red Wine 2/,1850,100,1.6,2,data_row
11,6,Wine Grapes (Red),6001,Other Red Wine 2/,2000,100,0.8,2,data_row
11,6,Wine Grapes (Red),6001,Other Red Wine 2/,1335.25,,13.9,3,summary_row
12,7,Wine Grapes (White),7062,Albarino *,450,100,515.8,2,data_row
12,7,Wine Grapes (White),7062,Albarino *,500,100,536.4,2,data_row
12,7,Wine Grapes (White),7062,Albarino *,1600,100,4,2,data_row
12,7,Wine Grapes (White),7062,Albarino *,479.75,,1056.2,3,summary_row
12,7,Wine Grapes (White),7004,Chardonnay *,50,100,14.1,2,data_row
12,7,Wine Grapes (White),7004,Chardonnay *,100,100,497.1,2,data_row
12,7,Wine Grapes (White),7004,Chardonnay *,125,17400,873.8,2,data_row
12,7,Wine Grapes (White),7004,Chardonnay *,350,100,92.8,2,data_row
12,7,Wine Grapes (White),7004,Chardonnay *,375,1900,1152.5,2,data_row
12,7,Wine Grapes (White),7004,Chardonnay *,425,100,285.6,2,data_row
12,7,Wine Grapes (White),7004,Chardonnay *,440,1900,840,2,data_row
12,7,Wine Grapes (White),7004,Chardonnay *,442,45263,1441.5,2,data_row
12,7,Wine Grapes (White),7004,Chardonnay *,450,100,4760.7,2,data_row
12,7,Wine Grapes (White),7004,Chardonnay *,465,1900,924,2,data_row
12,7,Wine Grapes (White),7004,Chardonnay *,465,54650,376.5,2,data_row
12,7,Wine Grapes (White),7004,Chardonnay *,465,58790,435,2,data_row
12,7,Wine Grapes (White),7004,Chardonnay *,500,100,124.5,2,data_row
12,7,Wine Grapes (White),7004,Chardonnay *,525,45460,4357.9,2,data_row
12,7,Wine Grapes (White),7004,Chardonnay *,527.98,100,190.9,2,data_row
12,7,Wine Grapes (White),7004,Chardonnay *,540,59595,394.9,2,data_row
12,7,Wine Grapes (White),7004,Chardonnay *,550,100,4559.5,2,data_row
12,7,Wine Grapes (White),7004,Chardonnay *,550,13800,270.6,2,data_row
12,7,Wine Grapes (White),7004,Chardonnay *,565,54650,1028.1,2,data_row
12,7,Wine Grapes (White),7004,Chardonnay *,567,54650,869.3,2,data_row
12,7,Wine Grapes (White),7004,Chardonnay *,600,45460,578.2,2,data_row
12,7,Wine Grapes (White),7004,Chardonnay *,646.41,100,554.8,2,data_row
12,7,Wine Grapes (White),7004,Chardonnay *,1300,100,1.5,2,data_row
12,7,Wine Grapes (White),7004,Chardonnay *,479.36,,24623.8,3,summary_row
12,7,Wine Grapes (White),7006,Chenin Blanc,350,38230,1243.5,2,data_row
12,7,Wine Grapes (White),7006,Chenin Blanc,400,100,1908.1,2,data_row
12,7,Wine Grapes (White),7006,Chenin Blanc,380.27,,3151.6,3,summary_row
12,7,Wine Grapes (White),7010,French Colombard,375,100,378.6,2,data_row
12,7,Wine Grapes (White),7010,French Colombard,400,100,792.4,2,data_row
12,7,Wine Grapes (White),7010,French Colombard,700,9500,10.6,2,data_row
12,7,Wine Grapes (White),7010,French Colombard,394.68,,1181.6,3,summary_row
12,7,Wine Grapes (White),7011,Gewurztraminer,300,100,673.2,2,data_row
12,7,Wine Grapes (White),7011,Gewurztraminer,300,,673.2,3,summary_row
12,7,Wine Grapes (White),7019,Malvasia Bianca,675,100,12.5,2,data_row
12,7,Wine Grapes (White),7019,Malvasia Bianca,925,100,6,2,data_row
12,7,Wine Grapes (White),7019,Malvasia Bianca,1000,17200,1,2,data_row
12,7,Wine Grapes (White),7019,Malvasia Bianca,768.59,,19.5,3,summary_row
12,7,Wine Grapes (White),7022,Muscat Blanc *,400,100,212.8,2,data_row
12,7,Wine Grapes (White),7022,Muscat Blanc *,450,100,41.4,2,data_row
12,7,Wine Grapes (White),7022,Muscat Blanc *,465,1000,789.1,2,data_row
12,7,Wine Grapes (White),7022,Muscat Blanc *,1300,100,1.5,2,data_row
12,7,Wine Grapes (White),7022,Muscat Blanc *,452.37,,1044.8,3,summary_row
12,7,Wine Grapes (White),7049,Muscat Of Alexandria,100,100,680,2,data_row
12,7,Wine Grapes (White),7049,Muscat Of Alexandria,290,600,206.6,2,data_row
12,7,Wine Grapes (White),7049,Muscat Of Alexandria,315,800,740.6,2,data_row
12,7,Wine Grapes (White),7049,Muscat Of Alexandria,221.98,,1627.2,3,summary_row
12,7,Wine Grapes (White),7023,Muscat Orange,475,100,118.3,2,data_row
12,7,Wine Grapes (White),7023,Muscat Orange,525,100,684.6,2,data_row
12,7,Wine Grapes (White),7023,Muscat Orange,517.63,,802.9,3,summary_row
12,7,Wine Grapes (White),7065,Picpoul Blanc,2000,100,2,2,data_row
12,7,Wine Grapes (White),7065,Picpoul Blanc,2000,,2,3,summary_row
12,7,Wine Grapes (White),7044,Pinot Gris *,250,32550,34.3,2,data_row
12,7,Wine Grapes (White),7044,Pinot Gris *,300,100,24.8,2,data_row
12,7,Wine Grapes (White),7044,Pinot Gris *,400,700,2006.7,2,data_row
12,7,Wine Grapes (White),7044,Pinot Gris *,425,100,432.4,2,data_row
12,7,Wine Grapes (White),7044,Pinot Gris *,450,9000,2574.4,2,data_row
12,7,Wine Grapes (White),7044,Pinot Gris *,465,1000,369.4,2,data_row
12,7,Wine Grapes (White),7044,Pinot Gris *,465,38213,1194.8,2,data_row
12,7,Wine Grapes (White),7044,Pinot Gris *,467,38213,303.2,2,data_row
12,7,Wine Grapes (White),7044,Pinot Gris *,490,1400,620.7,2,data_row
12,7,Wine Grapes (White),7044,Pinot Gris *,500,100,11947.2,2,data_row
12,7,Wine Grapes (White),7044,Pinot Gris *,500.07,100,490.3,2,data_row
12,7,Wine Grapes (White),7044,Pinot Gris *,515,1300,339.6,2,data_row
12,7,Wine Grapes (White),7044,Pinot Gris *,525,100,516.3,2,data_row
12,7,Wine Grapes (White),7044,Pinot Gris *,525,13100,2022.5,2,data_row
12,7,Wine Grapes (White),7044,Pinot Gris *,550,100,284.2,2,data_row
12,7,Wine Grapes (White),7044,Pinot Gris *,550,40240,503.4,2,data_row
12,7,Wine Grapes (White),7044,Pinot Gris *,558.45,100,284.8,2,data_row
12,7,Wine Grapes (White),7044,Pinot Gris *,573.37,100,166.2,2,data_row
12,7,Wine Grapes (White),7044,Pinot Gris *,575.8,100,100.4,2,data_row
12,7,Wine Grapes (White),7044,Pinot Gris *,578.2,100,334.9,2,data_row
12,7,Wine Grapes (White),7044,Pinot Gris *,582.7,100,216.3,2,data_row
12,7,Wine Grapes (White),7044,Pinot Gris *,587.91,100,817.6,2,data_row
12,7,Wine Grapes (White),7044,Pinot Gris *,607.42,100,38.6,2,data_row
12,7,Wine Grapes (White),7044,Pinot Gris *,700,100,599.3,2,data_row
12,7,Wine Grapes (White),7044,Pinot Gris *,497.64,,26222.3,3,summary_row
12,7,Wine Grapes (White),7033,Sauvignon Blanc *,100,100,273,2,data_row
12,7,Wine Grapes (White),7033,Sauvignon Blanc *,300,100,170.2,2,data_row
12,7,Wine Grapes (White),7033,Sauvignon Blanc *,390,35897,2201.5,2,data_row
12,7,Wine Grapes (White),7033,Sauvignon Blanc *,500,100,867.7,2,data_row
12,7,Wine Grapes (White),7033,Sauvignon Blanc *,500.07,100,202.5,2,data_row
12,7,Wine Grapes (White),7033,Sauvignon Blanc *,525,43720,805.7,2,data_row
12,7,Wine Grapes (White),7033,Sauvignon Blanc *,542,34975,921.5,2,data_row
12,7,Wine Grapes (White),7033,Sauvignon Blanc *,553.82,100,881.2,2,data_row
12,7,Wine Grapes (White),7033,Sauvignon Blanc *,555.81,100,447.9,2,data_row
12,7,Wine Grapes (White),7033,Sauvignon Blanc *,563.05,100,279.7,2,data_row
12,7,Wine Grapes (White),7033,Sauvignon Blanc *,466.46,,7050.9,3,summary_row
12,7,Wine Grapes (White),7041,Symphony,50,32550,165.1,2,data_row
12,7,Wine Grapes (White),7041,Symphony,200,800,396,2,data_row
12,7,Wine Grapes (White),7041,Symphony,300,100,91.1,2,data_row
12,7,Wine Grapes (White),7041,Symphony,400,14400,3.9,2,data_row
12,7,Wine Grapes (White),7041,Symphony,1300,100,0.5,2,data_row
12,7,Wine Grapes (White),7041,Symphony,178.18,,656.6,3,summary_row
12,7,Wine Grapes (White),7043,Viognier,250,100,203.4,2,data_row
12,7,Wine Grapes (White),7043,Viognier,300,100,263.1,2,data_row
12,7,Wine Grapes (White),7043,Viognier,400,100,505.2,2,data_row
12,7,Wine Grapes (White),7043,Viognier,500,100,84.7,2,data_row
12,7,Wine Grapes (White),7043,Viognier,515,2300,362.8,2,data_row
12,7,Wine Grapes (White),7043,Viognier,585,70429,342.8,2,data_row
12,7,Wine Grapes (White),7043,Viognier,432.23,,1762,3,summary_row
12,7,Wine Grapes (White),7038,White Riesling *,450,100,784,2,data_row
12,7,Wine Grapes (White),7038,White Riesling *,450,,784,3,summary_row
12,6,Wine Grapes (Red),6006,Alicante Bouschet *,1100,100,2.1,2,data_row
12,6,Wine Grapes (Red),6006,Alicante Bouschet *,1100,,2.1,3,summary_row
12,6,Wine Grapes (Red),6024,Cabernet Sauvignon,50,32550,12.2,2,data_row
12,6,Wine Grapes (Red),6024,Cabernet Sauvignon,75,100,27.3,2,data_row
12,6,Wine Grapes (Red),6024,Cabernet Sauvignon,100,100,944.4,2,data_row
12,6,Wine Grapes (Red),6024,Cabernet Sauvignon,188.89,100,75.2,2,data_row
12,6,Wine Grapes (Red),6024,Cabernet Sauvignon,196.21,100,1521.6,2,data_row
12,6,Wine Grapes (Red),6024,Cabernet Sauvignon,250,32550,254.4,2,data_row
12,6,Wine Grapes (Red),6024,Cabernet Sauvignon,375,67605,890,2,data_row
12,6,Wine Grapes (Red),6024,Cabernet Sauvignon,390,67607,150.4,2,data_row
12,6,Wine Grapes (Red),6024,Cabernet Sauvignon,390,67893,176.8,2,data_row
12,6,Wine Grapes (Red),6024,Cabernet Sauvignon,392,67607,1510.1,2,data_row
12,6,Wine Grapes (Red),6024,Cabernet Sauvignon,400,100,227,2,data_row
12,6,Wine Grapes (Red),6024,Cabernet Sauvignon,400,2200,454.7,2,data_row
12,6,Wine Grapes (Red),6024,Cabernet Sauvignon,400,20800,448.6,2,data_row
12,6,Wine Grapes (Red),6024,Cabernet Sauvignon,404.9,100,1156.8,2,data_row
12,6,Wine Grapes (Red),6024,Cabernet Sauvignon,504.76,100,949.8,2,data_row
12,6,Wine Grapes (Red),6024,Cabernet Sauvignon,511.41,100,393.6,2,data_row
12,6,Wine Grapes (Red),6024,Cabernet Sauvignon,515,2600,989.5,2,data_row
12,6,Wine Grapes (Red),6024,Cabernet Sauvignon,515,67604,2422.7,2,data_row
12,6,Wine Grapes (Red),6024,Cabernet Sauvignon,515,67605,497.8,2,data_row
12,6,Wine Grapes (Red),6024,Cabernet Sauvignon,525,64535,1974.5,2,data_row
12,6,Wine Grapes (Red),6024,Cabernet Sauvignon,531.47,100,679.1,2,data_row
12,6,Wine Grapes (Red),6024,Cabernet Sauvignon,550,100,481.1,2,data_row
12,6,Wine Grapes (Red),6024,Cabernet Sauvignon,550.33,100,773,2,data_row
12,6,Wine Grapes (Red),6024,Cabernet Sauvignon,550.33,20800,131.9,2,data_row
12,6,Wine Grapes (Red),6024,Cabernet Sauvignon,560,100,4907.3,2,data_row
12,6,Wine Grapes (Red),6024,Cabernet Sauvignon,565,100,2431.1,2,data_row
12,6,Wine Grapes (Red),6024,Cabernet Sauvignon,565,67605,2406.1,2,data_row
12,6,Wine Grapes (Red),6024,Cabernet Sauvignon,565,70466,442.9,2,data_row
12,6,Wine Grapes (Red),6024,Cabernet Sauvignon,565,70467,162.1,2,data_row
12,6,Wine Grapes (Red),6024,Cabernet Sauvignon,585,67607,3218,2,data_row
12,6,Wine Grapes (Red),6024,Cabernet Sauvignon,590,67607,232,2,data_row
12,6,Wine Grapes (Red),6024,Cabernet Sauvignon,592,67605,448.7,2,data_row
12,6,Wine Grapes (Red),6024,Cabernet Sauvignon,592,67903,595.5,2,data_row
12,6,Wine Grapes (Red),6024,Cabernet Sauvignon,600,64535,672,2,data_row
12,6,Wine Grapes (Red),6024,Cabernet Sauvignon,608.68,100,414.7,2,data_row
12,6,Wine Grapes (Red),6024,Cabernet Sauvignon,610.07,100,886.5,2,data_row
12,6,Wine Grapes (Red),6024,Cabernet Sauvignon,610.36,100,302.6,2,data_row
12,6,Wine Grapes (Red),6024,Cabernet Sauvignon,612.4,100,293.5,2,data_row
12,6,Wine Grapes (Red),6024,Cabernet Sauvignon,700,100,443.9,2,data_row
12,6,Wine Grapes (Red),6024,Cabernet Sauvignon,1300,100,2,2,data_row
12,6,Wine Grapes (Red),6024,Cabernet Sauvignon,503.88,,35001.4,3,summary_row
12,6,Wine Grapes (Red),6196,Graciano,2250,100,1.5,2,data_row
12,6,Wine Grapes (Red),6196,Graciano,2250,,1.5,3,summary_row
12,6,Wine Grapes (Red),6058,Grenache *,350,64350,155.7,2,data_row
12,6,Wine Grapes (Red),6058,Grenache *,400,100,120.4,2,data_row
12,6,Wine Grapes (Red),6058,Grenache *,400,14400,0.9,2,data_row
12,6,Wine Grapes (Red),6058,Grenache *,415,48700,398.3,2,data_row
12,6,Wine Grapes (Red),6058,Grenache *,1250,20800,0.9,2,data_row
12,6,Wine Grapes (Red),6058,Grenache *,1300,100,1.5,2,data_row
12,6,Wine Grapes (Red),6058,Grenache *,400.45,,677.7,3,summary_row
12,6,Wine Grapes (Red),6076,Malbec,475,100,267.8,2,data_row
12,6,Wine Grapes (Red),6076,Malbec,2000,100,2.9,2,data_row
12,6,Wine Grapes (Red),6076,Malbec,491.34,,270.7,3,summary_row
12,6,Wine Grapes (Red),6084,Merlot,50,32550,1.5,2,data_row
12,6,Wine Grapes (Red),6084,Merlot,250,100,25.2,2,data_row
12,6,Wine Grapes (Red),6084,Merlot,350,100,37.1,2,data_row
12,6,Wine Grapes (Red),6084,Merlot,375,67605,2039.1,2,data_row
12,6,Wine Grapes (Red),6084,Merlot,400,100,225,2,data_row
12,6,Wine Grapes (Red),6084,Merlot,419.9,100,74.3,2,data_row
12,6,Wine Grapes (Red),6084,Merlot,465,2300,624.9,2,data_row
12,6,Wine Grapes (Red),6084,Merlot,497.91,100,159,2,data_row
12,6,Wine Grapes (Red),6084,Merlot,500,67605,462,2,data_row
12,6,Wine Grapes (Red),6084,Merlot,515,2300,273.5,2,data_row
12,6,Wine Grapes (Red),6084,Merlot,515,67604,1006.5,2,data_row
12,6,Wine Grapes (Red),6084,Merlot,515,67607,363.4,2,data_row
12,6,Wine Grapes (Red),6084,Merlot,550,100,439.8,2,data_row
12,6,Wine Grapes (Red),6084,Merlot,550,64535,301.6,2,data_row
12,6,Wine Grapes (Red),6084,Merlot,565,67953,177.9,2,data_row
12,6,Wine Grapes (Red),6084,Merlot,565,70466,890.6,2,data_row
12,6,Wine Grapes (Red),6084,Merlot,565,70467,1790.1,2,data_row
12,6,Wine Grapes (Red),6084,Merlot,577,67607,1650.4,2,data_row
12,6,Wine Grapes (Red),6084,Merlot,582,64172,1265.1,2,data_row
12,6,Wine Grapes (Red),6084,Merlot,585,67607,1448.3,2,data_row
12,6,Wine Grapes (Red),6084,Merlot,1300,100,2.5,2,data_row
12,6,Wine Grapes (Red),6084,Merlot,521.52,,13257.8,3,summary_row
12,6,Wine Grapes (Red),6081,Mourvedre *,500,100,3.4,2,data_row
12,6,Wine Grapes (Red),6081,Mourvedre *,500,,3.4,3,summary_row
12,6,Wine Grapes (Red),6094,Muscat Hamburg *,250,100,2,2,data_row
12,6,Wine Grapes (Red),6094,Muscat Hamburg *,300,100,43.5,2,data_row
12,6,Wine Grapes (Red),6094,Muscat Hamburg *,297.8,,45.5,3,summary_row
12,6,Wine Grapes (Red),6192,Negroamaro,2400,100,1.6,2,data_row
12,6,Wine Grapes (Red),6192,Negroamaro,2400,,1.6,3,summary_row
12,6,Wine Grapes (Red),6107,Petit Verdot,95.59,100,72,2,data_row
12,6,Wine Grapes (Red),6107,Petit Verdot,410.61,100,42.7,2,data_row
12,6,Wine Grapes (Red),6107,Petit Verdot,482.07,100,206.4,2,data_row
12,6,Wine Grapes (Red),6107,Petit Verdot,700,100,272.4,2,data_row
12,6,Wine Grapes (Red),6107,Petit Verdot,530.07,,593.5,3,summary_row
12,6,Wine Grapes (Red),6106,Petite Sirah,375,100,323.4,2,data_row
12,6,Wine Grapes (Red),6106,Petite Sirah,375,23000,118.7,2,data_row
12,6,Wine Grapes (Red),6106,Petite Sirah,483.43,100,423.9,2,data_row
12,6,Wine Grapes (Red),6106,Petite Sirah,565,100,1138.7,2,data_row
12,6,Wine Grapes (Red),6106,Petite Sirah,577,67607,992.6,2,data_row
12,6,Wine Grapes (Red),6106,Petite Sirah,585,67607,675.5,2,data_row
12,6,Wine Grapes (Red),6106,Petite Sirah,625,64535,561.4,2,data_row
12,6,Wine Grapes (Red),6106,Petite Sirah,1300,100,2.5,2,data_row
12,6,Wine Grapes (Red),6106,Petite Sirah,551.4,,4236.7,3,summary_row
12,6,Wine Grapes (Red),6112,Pinot Noir *,50,32550,3.9,2,data_row
12,6,Wine Grapes (Red),6112,Pinot Noir *,350,2200,2210.4,2,data_row
12,6,Wine Grapes (Red),6112,Pinot Noir *,375,100,230.3,2,data_row
12,6,Wine Grapes (Red),6112,Pinot Noir *,475,100,101.8,2,data_row
12,6,Wine Grapes (Red),6112,Pinot Noir *,475.55,100,5.1,2,data_row
12,6,Wine Grapes (Red),6112,Pinot Noir *,490,63550,1571,2,data_row
12,6,Wine Grapes (Red),6112,Pinot Noir *,505,100,1551.4,2,data_row
12,6,Wine Grapes (Red),6112,Pinot Noir *,550,64172,533.4,2,data_row
12,6,Wine Grapes (Red),6112,Pinot Noir *,444.25,,6207.3,3,summary_row
12,6,Wine Grapes (Red),6021,Primitivo,1100,27800,1.3,2,data_row
12,6,Wine Grapes (Red),6021,Primitivo,1200,27800,2.3,2,data_row
12,6,Wine Grapes (Red),6021,Primitivo,1300,100,0.5,2,data_row
12,6,Wine Grapes (Red),6021,Primitivo,1180.49,,4.1,3,summary_row
12,6,Wine Grapes (Red),6122,Rubired *,150,100,24.2,2,data_row
12,6,Wine Grapes (Red),6122,Rubired *,265,60410,905.6,2,data_row
12,6,Wine Grapes (Red),6122,Rubired *,350,100,1148.4,2,data_row
12,6,Wine Grapes (Red),6122,Rubired *,310.63,,2078.2,3,summary_row
12,6,Wine Grapes (Red),6123,Ruby Cabernet,265,67190,2971.6,2,data_row
12,6,Wine Grapes (Red),6123,Ruby Cabernet,265,,2971.6,3,summary_row
12,6,Wine Grapes (Red),6127,Sangiovese *,375,100,25.1,2,data_row
12,6,Wine Grapes (Red),6127,Sangiovese *,1300,100,0.5,2,data_row
12,6,Wine Grapes (Red),6127,Sangiovese *,393.07,,25.6,3,summary_row
12,6,Wine Grapes (Red),6163,Syrah *,350,100,76.8,2,data_row
12,6,Wine Grapes (Red),6163,Syrah *,400,100,125.9,2,data_row
12,6,Wine Grapes (Red),6163,Syrah *,517,64172,435.6,2,data_row
12,6,Wine Grapes (Red),6163,Syrah *,612.4,100,295.5,2,data_row
12,6,Wine Grapes (Red),6163,Syrah *,1300,100,0.5,2,data_row
12,6,Wine Grapes (Red),6163,Syrah *,518.1,,934.3,3,summary_row
12,6,Wine Grapes (Red),6136,Tannat,350,100,373.1,2,data_row
12,6,Wine Grapes (Red),6136,Tannat,1200,25300,1.6,2,data_row
12,6,Wine Grapes (Red),6136,Tannat,353.63,,374.7,3,summary_row
12,6,Wine Grapes (Red),6176,Tempranillo *,315,2300,2151.6,2,data_row
12,6,Wine Grapes (Red),6176,Tempranillo *,1300,100,0.5,2,data_row
12,6,Wine Grapes (Red),6176,Tempranillo *,315.23,,2152.1,3,summary_row
12,6,Wine Grapes (Red),6175,Teroldego,481.07,100,130.9,2,data_row
12,6,Wine Grapes (Red),6175,Teroldego,585,67607,364.4,2,data_row
12,6,Wine Grapes (Red),6175,Teroldego,557.53,,495.3,3,summary_row
12,6,Wine Grapes (Red),6154,Zinfandel,175,100,416.4,2,data_row
12,6,Wine Grapes (Red),6154,Zinfandel,250,100,273.1,2,data_row
12,6,Wine Grapes (Red),6154,Zinfandel,425,100,102.2,2,data_row
12,6,Wine Grapes (Red),6154,Zinfandel,750,67961,407.4,2,data_row
12,6,Wine Grapes (Red),6154,Zinfandel,1300,100,6,2,data_row
12,6,Wine Grapes (Red),6154,Zinfandel,413.19,,1205.1,3,summary_row
12,6,Wine Grapes (Red),6001,Other Red Wine 2/,375,100,48.3,2,data_row
12,6,Wine Grapes (Red),6001,Other Red Wine 2/,375,,48.3,3,summary_row
13,4,Raisin Grapes,4011,Thompson Seedless *,75,100,113.6,2,data_row
13,4,Raisin Grapes,4011,Thompson Seedless *,220,100,26.6,2,data_row
13,4,Raisin Grapes,4011,Thompson Seedless *,296.99,100,836.3,2,data_row
13,4,Raisin Grapes,4011,Thompson Seedless *,300,100,7138.4,2,data_row
13,4,Raisin Grapes,4011,Thompson Seedless *,350,100,24.8,2,data_row
13,4,Raisin Grapes,4011,Thompson Seedless *,296.44,,8139.7,3,summary_row
13,5,Table Grapes,5041,Autumn King,220,100,1148.4,2,data_row
13,5,Table Grapes,5041,Autumn King,220,,1148.4,3,summary_row
13,5,Table Grapes,5064,Flame Seedless *,100,100,58.5,2,data_row
13,5,Table Grapes,5064,Flame Seedless *,100,,58.5,3,summary_row
13,5,Table Grapes,5140,Great Green *,220,100,97.8,2,data_row
13,5,Table Grapes,5140,Great Green *,220,,97.8,3,summary_row
13,5,Table Grapes,5085,Red Globe *,220,100,151.7,2,data_row
13,5,Table Grapes,5085,Red Globe *,220,,151.7,3,summary_row
13,5,Table Grapes,5058,Scarlet,220,100,2070.2,2,data_row
13,5,Table Grapes,5058,Scarlet,220,,2070.2,3,summary_row
13,5,Table Grapes,5115,Sugraone *,220,100,1728.5,2,data_row
13,5,Table Grapes,5115,Sugraone *,220,,1728.5,3,summary_row
13,5,Table Grapes,5001,Other Table 2/,173.33,1400,481.5,2,data_row
13,5,Table Grapes,5001,Other Table 2/,200,100,379.6,2,data_row
13,5,Table Grapes,5001,Other Table 2/,220,100,2961.5,2,data_row
13,5,Table Grapes,5001,Other Table 2/,212.14,,3822.6,3,summary_row
13,7,Wine Grapes (White),7062,Albarino *,500,100,11.9,2,data_row
13,7,Wine Grapes (White),7062,Albarino *,773.52,100,2.3,2,data_row
13,7,Wine Grapes (White),7062,Albarino *,544.3,,14.2,3,summary_row
13,7,Wine Grapes (White),7002,Burger *,280,400,1034,2,data_row
13,7,Wine Grapes (White),7002,Burger *,280,,1034,3,summary_row
13,7,Wine Grapes (White),7004,Chardonnay *,100,100,23.5,2,data_row
13,7,Wine Grapes (White),7004,Chardonnay *,125,17400,2643.7,2,data_row
13,7,Wine Grapes (White),7004,Chardonnay *,126.2,17400,396.8,2,data_row
13,7,Wine Grapes (White),7004,Chardonnay *,126.25,17400,522.6,2,data_row
13,7,Wine Grapes (White),7004,Chardonnay *,200,100,63.4,2,data_row
13,7,Wine Grapes (White),7004,Chardonnay *,250,100,124.5,2,data_row
13,7,Wine Grapes (White),7004,Chardonnay *,300,100,112.5,2,data_row
13,7,Wine Grapes (White),7004,Chardonnay *,320,100,2,2,data_row
13,7,Wine Grapes (White),7004,Chardonnay *,350,100,2900,2,data_row
13,7,Wine Grapes (White),7004,Chardonnay *,350,1400,1056.2,2,data_row
13,7,Wine Grapes (White),7004,Chardonnay *,360,1700,268.5,2,data_row
13,7,Wine Grapes (White),7004,Chardonnay *,367,1700,854.7,2,data_row
13,7,Wine Grapes (White),7004,Chardonnay *,380.46,100,575.1,2,data_row
13,7,Wine Grapes (White),7004,Chardonnay *,383.03,100,99.4,2,data_row
13,7,Wine Grapes (White),7004,Chardonnay *,395,1000,1128.4,2,data_row
13,7,Wine Grapes (White),7004,Chardonnay *,400,100,207,2,data_row
13,7,Wine Grapes (White),7004,Chardonnay *,400,1000,6619.9,2,data_row
13,7,Wine Grapes (White),7004,Chardonnay *,407.47,100,57,2,data_row
13,7,Wine Grapes (White),7004,Chardonnay *,410,1000,941.6,2,data_row
13,7,Wine Grapes (White),7004,Chardonnay *,415,1000,4788.9,2,data_row
13,7,Wine Grapes (White),7004,Chardonnay *,415,1700,5282.9,2,data_row
13,7,Wine Grapes (White),7004,Chardonnay *,415,1900,327.5,2,data_row
13,7,Wine Grapes (White),7004,Chardonnay *,417,1000,440,2,data_row
13,7,Wine Grapes (White),7004,Chardonnay *,425,100,2737.2,2,data_row
13,7,Wine Grapes (White),7004,Chardonnay *,425,20600,885.5,2,data_row
13,7,Wine Grapes (White),7004,Chardonnay *,425,45460,5292.6,2,data_row
13,7,Wine Grapes (White),7004,Chardonnay *,425.3,100,105.5,2,data_row
13,7,Wine Grapes (White),7004,Chardonnay *,430.23,100,198.7,2,data_row
13,7,Wine Grapes (White),7004,Chardonnay *,432.15,100,351.8,2,data_row
13,7,Wine Grapes (White),7004,Chardonnay *,434.7,100,1393.7,2,data_row
13,7,Wine Grapes (White),7004,Chardonnay *,440,1300,2824.7,2,data_row
13,7,Wine Grapes (White),7004,Chardonnay *,440,1900,1294.7,2,data_row
13,7,Wine Grapes (White),7004,Chardonnay *,442,1300,108.4,2,data_row
13,7,Wine Grapes (White),7004,Chardonnay *,446.1,100,1084,2,data_row
13,7,Wine Grapes (White),7004,Chardonnay *,450,100,2227.9,2,data_row
13,7,Wine Grapes (White),7004,Chardonnay *,450,45460,4910.4,2,data_row
13,7,Wine Grapes (White),7004,Chardonnay *,454.73,100,3155.5,2,data_row
13,7,Wine Grapes (White),7004,Chardonnay *,460,1300,1371.9,2,data_row
13,7,Wine Grapes (White),7004,Chardonnay *,464.8,100,855.3,2,data_row
13,7,Wine Grapes (White),7004,Chardonnay *,465,100,84.8,2,data_row
13,7,Wine Grapes (White),7004,Chardonnay *,467,1000,1968,2,data_row
13,7,Wine Grapes (White),7004,Chardonnay *,475,100,290.8,2,data_row
13,7,Wine Grapes (White),7004,Chardonnay *,475,45460,8400.6,2,data_row
13,7,Wine Grapes (White),7004,Chardonnay *,477.15,100,572.5,2,data_row
13,7,Wine Grapes (White),7004,Chardonnay *,488.92,100,129.5,2,data_row
13,7,Wine Grapes (White),7004,Chardonnay *,550,100,151.3,2,data_row
13,7,Wine Grapes (White),7004,Chardonnay *,660.43,100,248.1,2,data_row
13,7,Wine Grapes (White),7004,Chardonnay *,414.26,,70079.5,3,summary_row
13,7,Wine Grapes (White),7006,Chenin Blanc,325,1400,681.7,2,data_row
13,7,Wine Grapes (White),7006,Chenin Blanc,332.56,100,640.8,2,data_row
13,7,Wine Grapes (White),7006,Chenin Blanc,340,800,6776.1,2,data_row
13,7,Wine Grapes (White),7006,Chenin Blanc,342,800,3757.1,2,data_row
13,7,Wine Grapes (White),7006,Chenin Blanc,367,800,2361.3,2,data_row
13,7,Wine Grapes (White),7006,Chenin Blanc,375,37680,1300.3,2,data_row
13,7,Wine Grapes (White),7006,Chenin Blanc,346.56,,15517.3,3,summary_row
13,7,Wine Grapes (White),7066,Fiano,642.45,100,4.1,2,data_row
13,7,Wine Grapes (White),7066,Fiano,642.45,,4.1,3,summary_row
13,7,Wine Grapes (White),7010,French Colombard,150,100,13902.4,2,data_row
13,7,Wine Grapes (White),7010,French Colombard,150,13100,490.9,2,data_row
13,7,Wine Grapes (White),7010,French Colombard,174.1,100,3384.4,2,data_row
13,7,Wine Grapes (White),7010,French Colombard,200,100,901.8,2,data_row
13,7,Wine Grapes (White),7010,French Colombard,225,10600,712.4,2,data_row
13,7,Wine Grapes (White),7010,French Colombard,242,800,17061.7,2,data_row
13,7,Wine Grapes (White),7010,French Colombard,250,1000,889,2,data_row
13,7,Wine Grapes (White),7010,French Colombard,250,40340,266.4,2,data_row
13,7,Wine Grapes (White),7010,French Colombard,265,800,5197.2,2,data_row
13,7,Wine Grapes (White),7010,French Colombard,265,1000,3333,2,data_row
13,7,Wine Grapes (White),7010,French Colombard,267,6500,458.1,2,data_row
13,7,Wine Grapes (White),7010,French Colombard,290,600,7046.7,2,data_row
13,7,Wine Grapes (White),7010,French Colombard,300,100,3282.2,2,data_row
13,7,Wine Grapes (White),7010,French Colombard,300,800,9228.5,2,data_row
13,7,Wine Grapes (White),7010,French Colombard,300,6500,71,2,data_row
13,7,Wine Grapes (White),7010,French Colombard,300,9700,243.9,2,data_row
13,7,Wine Grapes (White),7010,French Colombard,300,11300,9988.6,2,data_row
13,7,Wine Grapes (White),7010,French Colombard,300,37680,15972.8,2,data_row
13,7,Wine Grapes (White),7010,French Colombard,304.54,100,1362.5,2,data_row
13,7,Wine Grapes (White),7010,French Colombard,307.7,100,3277.8,2,data_row
13,7,Wine Grapes (White),7010,French Colombard,308.43,100,3131,2,data_row
13,7,Wine Grapes (White),7010,French Colombard,310,600,4602.6,2,data_row
13,7,Wine Grapes (White),7010,French Colombard,310,6500,169.7,2,data_row
13,7,Wine Grapes (White),7010,French Colombard,310,7800,235.3,2,data_row
13,7,Wine Grapes (White),7010,French Colombard,315,100,1320,2,data_row
13,7,Wine Grapes (White),7010,French Colombard,315,600,631,2,data_row
13,7,Wine Grapes (White),7010,French Colombard,320,100,9824.9,2,data_row
13,7,Wine Grapes (White),7010,French Colombard,325,100,5423.8,2,data_row
13,7,Wine Grapes (White),7010,French Colombard,325,1400,1095.3,2,data_row
13,7,Wine Grapes (White),7010,French Colombard,325,37680,2979.8,2,data_row
13,7,Wine Grapes (White),7010,French Colombard,329.12,100,988.2,2,data_row
13,7,Wine Grapes (White),7010,French Colombard,329.2,100,960.7,2,data_row
13,7,Wine Grapes (White),7010,French Colombard,330.42,100,692.6,2,data_row
13,7,Wine Grapes (White),7010,French Colombard,340,100,3087.8,2,data_row
13,7,Wine Grapes (White),7010,French Colombard,342,600,2292.4,2,data_row
13,7,Wine Grapes (White),7010,French Colombard,342,6500,2794.4,2,data_row
13,7,Wine Grapes (White),7010,French Colombard,342,7800,879.4,2,data_row
13,7,Wine Grapes (White),7010,French Colombard,347.51,100,442.5,2,data_row
13,7,Wine Grapes (White),7010,French Colombard,350,100,2128,2,data_row
13,7,Wine Grapes (White),7010,French Colombard,350,37680,19585.6,2,data_row
13,7,Wine Grapes (White),7010,French Colombard,365,100,1004.9,2,data_row
13,7,Wine Grapes (White),7010,French Colombard,400,100,754.1,2,data_row
13,7,Wine Grapes (White),7010,French Colombard,400.07,100,246.4,2,data_row
13,7,Wine Grapes (White),7010,French Colombard,450,100,118.9,2,data_row
13,7,Wine Grapes (White),7010,French Colombard,505,9700,181.7,2,data_row
13,7,Wine Grapes (White),7010,French Colombard,288.87,,162642.3,3,summary_row
13,7,Wine Grapes (White),7019,Malvasia Bianca,200,100,2.8,2,data_row
13,7,Wine Grapes (White),7019,Malvasia Bianca,650,100,13.1,2,data_row
13,7,Wine Grapes (White),7019,Malvasia Bianca,570.75,,15.9,3,summary_row
13,7,Wine Grapes (White),7022,Muscat Blanc *,112.5,100,47.5,2,data_row
13,7,Wine Grapes (White),7022,Muscat Blanc *,150,100,3.8,2,data_row
13,7,Wine Grapes (White),7022,Muscat Blanc *,200,100,19.1,2,data_row
13,7,Wine Grapes (White),7022,Muscat Blanc *,275,100,255.6,2,data_row
13,7,Wine Grapes (White),7022,Muscat Blanc *,345,100,185.9,2,data_row
13,7,Wine Grapes (White),7022,Muscat Blanc *,375,100,140,2,data_row
13,7,Wine Grapes (White),7022,Muscat Blanc *,390,1000,493.5,2,data_row
13,7,Wine Grapes (White),7022,Muscat Blanc *,400,100,146.5,2,data_row
13,7,Wine Grapes (White),7022,Muscat Blanc *,406.35,100,76.6,2,data_row
13,7,Wine Grapes (White),7022,Muscat Blanc *,410,1000,1325.6,2,data_row
13,7,Wine Grapes (White),7022,Muscat Blanc *,415,1000,3284.7,2,data_row
13,7,Wine Grapes (White),7022,Muscat Blanc *,450,100,420.7,2,data_row
13,7,Wine Grapes (White),7022,Muscat Blanc *,475,100,199.7,2,data_row
13,7,Wine Grapes (White),7022,Muscat Blanc *,650,100,7.3,2,data_row
13,7,Wine Grapes (White),7022,Muscat Blanc *,404.82,,6606.5,3,summary_row
13,7,Wine Grapes (White),7049,Muscat Of Alexandria,100,100,183.7,2,data_row
13,7,Wine Grapes (White),7049,Muscat Of Alexandria,150,100,225.4,2,data_row
13,7,Wine Grapes (White),7049,Muscat Of Alexandria,200,800,6385.4,2,data_row
13,7,Wine Grapes (White),7049,Muscat Of Alexandria,217,800,7144.5,2,data_row
13,7,Wine Grapes (White),7049,Muscat Of Alexandria,250,100,308.4,2,data_row
13,7,Wine Grapes (White),7049,Muscat Of Alexandria,260,600,1230.1,2,data_row
13,7,Wine Grapes (White),7049,Muscat Of Alexandria,265,800,10638.7,2,data_row
13,7,Wine Grapes (White),7049,Muscat Of Alexandria,267,600,2386.7,2,data_row
13,7,Wine Grapes (White),7049,Muscat Of Alexandria,267,800,537.6,2,data_row
13,7,Wine Grapes (White),7049,Muscat Of Alexandria,275,100,300.8,2,data_row
13,7,Wine Grapes (White),7049,Muscat Of Alexandria,285,800,1254.2,2,data_row
13,7,Wine Grapes (White),7049,Muscat Of Alexandria,290,800,8828.4,2,data_row
13,7,Wine Grapes (White),7049,Muscat Of Alexandria,292,600,1860,2,data_row
13,7,Wine Grapes (White),7049,Muscat Of Alexandria,293.12,100,109.1,2,data_row
13,7,Wine Grapes (White),7049,Muscat Of Alexandria,300,100,924.1,2,data_row
13,7,Wine Grapes (White),7049,Muscat Of Alexandria,300,55910,2385.1,2,data_row
13,7,Wine Grapes (White),7049,Muscat Of Alexandria,302.31,100,134,2,data_row
13,7,Wine Grapes (White),7049,Muscat Of Alexandria,310.67,100,1742.1,2,data_row
13,7,Wine Grapes (White),7049,Muscat Of Alexandria,350,100,1322.8,2,data_row
13,7,Wine Grapes (White),7049,Muscat Of Alexandria,350,11200,19350.5,2,data_row
13,7,Wine Grapes (White),7049,Muscat Of Alexandria,350,17000,585,2,data_row
13,7,Wine Grapes (White),7049,Muscat Of Alexandria,350,55910,320.2,2,data_row
13,7,Wine Grapes (White),7049,Muscat Of Alexandria,365,100,3238.2,2,data_row
13,7,Wine Grapes (White),7049,Muscat Of Alexandria,372.16,100,1025.8,2,data_row
13,7,Wine Grapes (White),7049,Muscat Of Alexandria,372.26,100,660.3,2,data_row
13,7,Wine Grapes (White),7049,Muscat Of Alexandria,375,100,807.4,2,data_row
13,7,Wine Grapes (White),7049,Muscat Of Alexandria,375,55910,4158.8,2,data_row
13,7,Wine Grapes (White),7049,Muscat Of Alexandria,400,100,205.2,2,data_row
13,7,Wine Grapes (White),7049,Muscat Of Alexandria,500,100,162.7,2,data_row
13,7,Wine Grapes (White),7049,Muscat Of Alexandria,298.59,,78415.2,3,summary_row
13,7,Wine Grapes (White),7023,Muscat Orange,150,100,24.5,2,data_row
13,7,Wine Grapes (White),7023,Muscat Orange,400,100,84.9,2,data_row
13,7,Wine Grapes (White),7023,Muscat Orange,467.83,100,267.2,2,data_row
13,7,Wine Grapes (White),7023,Muscat Orange,475,100,343.3,2,data_row
13,7,Wine Grapes (White),7023,Muscat Orange,550,100,184.3,2,data_row
13,7,Wine Grapes (White),7023,Muscat Orange,472.32,,904.2,3,summary_row
13,7,Wine Grapes (White),7044,Pinot Gris *,250,100,415.4,2,data_row
13,7,Wine Grapes (White),7044,Pinot Gris *,325,100,1.1,2,data_row
13,7,Wine Grapes (White),7044,Pinot Gris *,400,700,19527.2,2,data_row
13,7,Wine Grapes (White),7044,Pinot Gris *,415,1000,1060,2,data_row
13,7,Wine Grapes (White),7044,Pinot Gris *,415,9000,1436.9,2,data_row
13,7,Wine Grapes (White),7044,Pinot Gris *,440,1000,464.3,2,data_row
13,7,Wine Grapes (White),7044,Pinot Gris *,440,1300,1122.6,2,data_row
13,7,Wine Grapes (White),7044,Pinot Gris *,441.53,100,6.8,2,data_row
13,7,Wine Grapes (White),7044,Pinot Gris *,442,1000,687.7,2,data_row
13,7,Wine Grapes (White),7044,Pinot Gris *,450,100,494.5,2,data_row
13,7,Wine Grapes (White),7044,Pinot Gris *,450,40240,126.9,2,data_row
13,7,Wine Grapes (White),7044,Pinot Gris *,465,1000,9641.6,2,data_row
13,7,Wine Grapes (White),7044,Pinot Gris *,467,1000,1935.2,2,data_row
13,7,Wine Grapes (White),7044,Pinot Gris *,478.42,100,134.9,2,data_row
13,7,Wine Grapes (White),7044,Pinot Gris *,485.21,100,1895.6,2,data_row
13,7,Wine Grapes (White),7044,Pinot Gris *,492,1000,1045.2,2,data_row
13,7,Wine Grapes (White),7044,Pinot Gris *,500,100,2721.6,2,data_row
13,7,Wine Grapes (White),7044,Pinot Gris *,501.61,100,371.8,2,data_row
13,7,Wine Grapes (White),7044,Pinot Gris *,530.83,100,1495.2,2,data_row
13,7,Wine Grapes (White),7044,Pinot Gris *,550,40240,2100.3,2,data_row
13,7,Wine Grapes (White),7044,Pinot Gris *,732.25,12300,40.5,2,data_row
13,7,Wine Grapes (White),7044,Pinot Gris *,1300,12300,248.8,2,data_row
13,7,Wine Grapes (White),7044,Pinot Gris *,446.44,,46974.1,3,summary_row
13,7,Wine Grapes (White),7033,Sauvignon Blanc *,200,100,2.2,2,data_row
13,7,Wine Grapes (White),7033,Sauvignon Blanc *,400,10650,235.5,2,data_row
13,7,Wine Grapes (White),7033,Sauvignon Blanc *,500,100,179.1,2,data_row
13,7,Wine Grapes (White),7033,Sauvignon Blanc *,728.21,12300,66.5,2,data_row
13,7,Wine Grapes (White),7033,Sauvignon Blanc *,757.5,15500,385.4,2,data_row
13,7,Wine Grapes (White),7033,Sauvignon Blanc *,800,100,286.6,2,data_row
13,7,Wine Grapes (White),7033,Sauvignon Blanc *,800.15,15200,76.8,2,data_row
13,7,Wine Grapes (White),7033,Sauvignon Blanc *,808,100,185.4,2,data_row
13,7,Wine Grapes (White),7033,Sauvignon Blanc *,680.84,,1417.5,3,summary_row
13,7,Wine Grapes (White),7041,Symphony,375,52005,3606.4,2,data_row
13,7,Wine Grapes (White),7041,Symphony,375,,3606.4,3,summary_row
13,7,Wine Grapes (White),7058,Triplett Blanc,150,1400,2042,2,data_row
13,7,Wine Grapes (White),7058,Triplett Blanc,150,,2042,3,summary_row
13,7,Wine Grapes (White),7064,Vermentino *,569.02,100,5,2,data_row
13,7,Wine Grapes (White),7064,Vermentino *,750,100,6.3,2,data_row
13,7,Wine Grapes (White),7064,Vermentino *,669.92,,11.3,3,summary_row
13,7,Wine Grapes (White),7043,Viognier,200,100,2.2,2,data_row
13,7,Wine Grapes (White),7043,Viognier,2100,100,4,2,data_row
13,7,Wine Grapes (White),7043,Viognier,2100,19000,2,2,data_row
13,7,Wine Grapes (White),7043,Viognier,1590.24,,8.2,3,summary_row
13,7,Wine Grapes (White),7038,White Riesling *,500,9500,0.8,2,data_row
13,7,Wine Grapes (White),7038,White Riesling *,500,,0.8,3,summary_row
13,7,Wine Grapes (White),7001,Other White Wine 2/,100,1400,93.7,2,data_row
13,7,Wine Grapes (White),7001,Other White Wine 2/,100,,93.7,3,summary_row
13,6,Wine Grapes (Red),6006,Alicante Bouschet *,50,100,429.6,2,data_row
13,6,Wine Grapes (Red),6006,Alicante Bouschet *,450,100,211.9,2,data_row
13,6,Wine Grapes (Red),6006,Alicante Bouschet *,500,9500,5.9,2,data_row
13,6,Wine Grapes (Red),6006,Alicante Bouschet *,185.02,,647.4,3,summary_row
13,6,Wine Grapes (Red),6013,Barbera,50,100,8.6,2,data_row
13,6,Wine Grapes (Red),6013,Barbera,173.28,100,281.3,2,data_row
13,6,Wine Grapes (Red),6013,Barbera,178.68,100,178.9,2,data_row
13,6,Wine Grapes (Red),6013,Barbera,276.67,100,406.1,2,data_row
13,6,Wine Grapes (Red),6013,Barbera,290,2000,1326.7,2,data_row
13,6,Wine Grapes (Red),6013,Barbera,300,100,123.2,2,data_row
13,6,Wine Grapes (Red),6013,Barbera,300,2000,856.2,2,data_row
13,6,Wine Grapes (Red),6013,Barbera,300,12900,349.5,2,data_row
13,6,Wine Grapes (Red),6013,Barbera,310,2000,4237.4,2,data_row
13,6,Wine Grapes (Red),6013,Barbera,365,1900,10896.5,2,data_row
13,6,Wine Grapes (Red),6013,Barbera,365,2000,2111.9,2,data_row
13,6,Wine Grapes (Red),6013,Barbera,375,100,907.6,2,data_row
13,6,Wine Grapes (Red),6013,Barbera,397.83,100,802.6,2,data_row
13,6,Wine Grapes (Red),6013,Barbera,342.35,,22486.5,3,summary_row
13,6,Wine Grapes (Red),6024,Cabernet Sauvignon,250,100,200.6,2,data_row
13,6,Wine Grapes (Red),6024,Cabernet Sauvignon,325,67607,128.5,2,data_row
13,6,Wine Grapes (Red),6024,Cabernet Sauvignon,360,2200,115.3,2,data_row
13,6,Wine Grapes (Red),6024,Cabernet Sauvignon,365,59537,1136.9,2,data_row
13,6,Wine Grapes (Red),6024,Cabernet Sauvignon,365,67408,1596,2,data_row
13,6,Wine Grapes (Red),6024,Cabernet Sauvignon,400,2200,1042.4,2,data_row
13,6,Wine Grapes (Red),6024,Cabernet Sauvignon,431.87,100,1402.2,2,data_row
13,6,Wine Grapes (Red),6024,Cabernet Sauvignon,442,67920,1839.1,2,data_row
13,6,Wine Grapes (Red),6024,Cabernet Sauvignon,450,100,597.5,2,data_row
13,6,Wine Grapes (Red),6024,Cabernet Sauvignon,450,64535,4420.6,2,data_row
13,6,Wine Grapes (Red),6024,Cabernet Sauvignon,550,100,205.4,2,data_row
13,6,Wine Grapes (Red),6024,Cabernet Sauvignon,600,100,130.2,2,data_row
13,6,Wine Grapes (Red),6024,Cabernet Sauvignon,700,100,343.8,2,data_row
13,6,Wine Grapes (Red),6024,Cabernet Sauvignon,732.25,24500,347.6,2,data_row
13,6,Wine Grapes (Red),6024,Cabernet Sauvignon,846,100,89.7,2,data_row
13,6,Wine Grapes (Red),6024,Cabernet Sauvignon,850,100,76,2,data_row
13,6,Wine Grapes (Red),6024,Cabernet Sauvignon,442.61,,13671.8,3,summary_row
13,6,Wine Grapes (Red),6026,Carignane,300,100,217.2,2,data_row
13,6,Wine Grapes (Red),6026,Carignane,606,100,83.2,2,data_row
13,6,Wine Grapes (Red),6026,Carignane,384.75,,300.4,3,summary_row
13,6,Wine Grapes (Red),6058,Grenache *,50,100,1.8,2,data_row
13,6,Wine Grapes (Red),6058,Grenache *,220,100,8.1,2,data_row
13,6,Wine Grapes (Red),6058,Grenache *,242,1000,418.6,2,data_row
13,6,Wine Grapes (Red),6058,Grenache *,310,6500,4222.8,2,data_row
13,6,Wine Grapes (Red),6058,Grenache *,317.13,100,1,2,data_row
13,6,Wine Grapes (Red),6058,Grenache *,335.26,100,161.3,2,data_row
13,6,Wine Grapes (Red),6058,Grenache *,365,1000,11752.5,2,data_row
13,6,Wine Grapes (Red),6058,Grenache *,375,43720,891,2,data_row
13,6,Wine Grapes (Red),6058,Grenache *,377.13,100,241.6,2,data_row
13,6,Wine Grapes (Red),6058,Grenache *,606,12300,88.4,2,data_row
13,6,Wine Grapes (Red),6058,Grenache *,700,100,6.7,2,data_row
13,6,Wine Grapes (Red),6058,Grenache *,773.52,100,0.9,2,data_row
13,6,Wine Grapes (Red),6058,Grenache *,800.62,100,92.8,2,data_row
13,6,Wine Grapes (Red),6058,Grenache *,353.03,,17887.5,3,summary_row
13,6,Wine Grapes (Red),6076,Malbec,500,9500,3.9,2,data_row
13,6,Wine Grapes (Red),6076,Malbec,773.52,100,4.1,2,data_row
13,6,Wine Grapes (Red),6076,Malbec,640.18,,8,3,summary_row
13,6,Wine Grapes (Red),6084,Merlot,377.41,100,385.6,2,data_row
13,6,Wine Grapes (Red),6084,Merlot,415,67190,4569.2,2,data_row
13,6,Wine Grapes (Red),6084,Merlot,461.17,100,212,2,data_row
13,6,Wine Grapes (Red),6084,Merlot,465,67395,2331.5,2,data_row
13,6,Wine Grapes (Red),6084,Merlot,475,100,961.6,2,data_row
13,6,Wine Grapes (Red),6084,Merlot,475,55910,158.6,2,data_row
13,6,Wine Grapes (Red),6084,Merlot,475,64535,1299.8,2,data_row
13,6,Wine Grapes (Red),6084,Merlot,500,100,80.5,2,data_row
13,6,Wine Grapes (Red),6084,Merlot,441.39,,9998.8,3,summary_row
13,6,Wine Grapes (Red),6086,Mission *,250,100,628.7,2,data_row
13,6,Wine Grapes (Red),6086,Mission *,400,11300,3,2,data_row
13,6,Wine Grapes (Red),6086,Mission *,250.71,,631.7,3,summary_row
13,6,Wine Grapes (Red),6189,Montepulciano,450,100,4.7,2,data_row
13,6,Wine Grapes (Red),6189,Montepulciano,450,,4.7,3,summary_row
13,6,Wine Grapes (Red),6081,Mourvedre *,1100,100,1,2,data_row
13,6,Wine Grapes (Red),6081,Mourvedre *,1100,,1,3,summary_row
13,6,Wine Grapes (Red),6094,Muscat Hamburg *,475,100,510.6,2,data_row
13,6,Wine Grapes (Red),6094,Muscat Hamburg *,600,100,161.9,2,data_row
13,6,Wine Grapes (Red),6094,Muscat Hamburg *,505.09,,672.5,3,summary_row
13,6,Wine Grapes (Red),6199,Nero D'avola *,450,100,9.1,2,data_row
13,6,Wine Grapes (Red),6199,Nero D'avola *,450,,9.1,3,summary_row
13,6,Wine Grapes (Red),6107,Petit Verdot,200,100,61.2,2,data_row
13,6,Wine Grapes (Red),6107,Petit Verdot,200,,61.2,3,summary_row
13,6,Wine Grapes (Red),6106,Petite Sirah,100,100,4.5,2,data_row
13,6,Wine Grapes (Red),6106,Petite Sirah,396.98,100,46.1,2,data_row
13,6,Wine Grapes (Red),6106,Petite Sirah,401.57,100,184.9,2,data_row
13,6,Wine Grapes (Red),6106,Petite Sirah,500,9500,4.9,2,data_row
13,6,Wine Grapes (Red),6106,Petite Sirah,550,100,0.9,2,data_row
13,6,Wine Grapes (Red),6106,Petite Sirah,397.62,,241.3,3,summary_row
13,6,Wine Grapes (Red),6112,Pinot Noir *,267,2200,3800.8,2,data_row
13,6,Wine Grapes (Red),6112,Pinot Noir *,275,100,34.9,2,data_row
13,6,Wine Grapes (Red),6112,Pinot Noir *,550,100,372.3,2,data_row
13,6,Wine Grapes (Red),6112,Pinot Noir *,292.1,,4208,3,summary_row
13,6,Wine Grapes (Red),6021,Primitivo,201.21,100,73.2,2,data_row
13,6,Wine Grapes (Red),6021,Primitivo,500,100,113.7,2,data_row
13,6,Wine Grapes (Red),6021,Primitivo,382.98,,186.9,3,summary_row
13,6,Wine Grapes (Red),6121,Royalty,500,100,25.7,2,data_row
13,6,Wine Grapes (Red),6121,Royalty,500,,25.7,3,summary_row
13,6,Wine Grapes (Red),6122,Rubired *,70,100,81.3,2,data_row
13,6,Wine Grapes (Red),6122,Rubired *,75,100,135.5,2,data_row
13,6,Wine Grapes (Red),6122,Rubired *,150,32550,2587.5,2,data_row
13,6,Wine Grapes (Red),6122,Rubired *,151.5,17400,51.6,2,data_row
13,6,Wine Grapes (Red),6122,Rubired *,217,2200,710.8,2,data_row
13,6,Wine Grapes (Red),6122,Rubired *,227.5,100,110.9,2,data_row
13,6,Wine Grapes (Red),6122,Rubired *,227.5,17400,136.1,2,data_row
13,6,Wine Grapes (Red),6122,Rubired *,243.56,1900,175.7,2,data_row
13,6,Wine Grapes (Red),6122,Rubired *,243.56,17400,818.6,2,data_row
13,6,Wine Grapes (Red),6122,Rubired *,246.24,17400,167.6,2,data_row
13,6,Wine Grapes (Red),6122,Rubired *,250,60406,509.9,2,data_row
13,6,Wine Grapes (Red),6122,Rubired *,250,60409,3835.6,2,data_row
13,6,Wine Grapes (Red),6122,Rubired *,250,60410,473.3,2,data_row
13,6,Wine Grapes (Red),6122,Rubired *,250,60733,1648.3,2,data_row
13,6,Wine Grapes (Red),6122,Rubired *,250,64351,1366.7,2,data_row
13,6,Wine Grapes (Red),6122,Rubired *,253,17400,1596.7,2,data_row
13,6,Wine Grapes (Red),6122,Rubired *,260,60409,1871.2,2,data_row
13,6,Wine Grapes (Red),6122,Rubired *,260,60452,1334.4,2,data_row
13,6,Wine Grapes (Red),6122,Rubired *,260,60453,3351.1,2,data_row
13,6,Wine Grapes (Red),6122,Rubired *,265,2200,2735.6,2,data_row
13,6,Wine Grapes (Red),6122,Rubired *,265,48505,378,2,data_row
13,6,Wine Grapes (Red),6122,Rubired *,265,60409,2482.5,2,data_row
13,6,Wine Grapes (Red),6122,Rubired *,265,60410,20842.3,2,data_row
13,6,Wine Grapes (Red),6122,Rubired *,265,60452,7457.2,2,data_row
13,6,Wine Grapes (Red),6122,Rubired *,265,60453,9820.7,2,data_row
13,6,Wine Grapes (Red),6122,Rubired *,265,60736,316.4,2,data_row
13,6,Wine Grapes (Red),6122,Rubired *,265,64348,744.6,2,data_row
13,6,Wine Grapes (Red),6122,Rubired *,265,65413,468.2,2,data_row
13,6,Wine Grapes (Red),6122,Rubired *,265,67171,1950.6,2,data_row
13,6,Wine Grapes (Red),6122,Rubired *,275,21000,904.4,2,data_row
13,6,Wine Grapes (Red),6122,Rubired *,275,60410,1204.3,2,data_row
13,6,Wine Grapes (Red),6122,Rubired *,275,60734,3568.5,2,data_row
13,6,Wine Grapes (Red),6122,Rubired *,275,64408,530.9,2,data_row
13,6,Wine Grapes (Red),6122,Rubired *,280,60410,602.7,2,data_row
13,6,Wine Grapes (Red),6122,Rubired *,290,17400,4113.5,2,data_row
13,6,Wine Grapes (Red),6122,Rubired *,290,60409,1781.9,2,data_row
13,6,Wine Grapes (Red),6122,Rubired *,290,60410,816.3,2,data_row
13,6,Wine Grapes (Red),6122,Rubired *,290,60452,238.2,2,data_row
13,6,Wine Grapes (Red),6122,Rubired *,290,64348,2839.1,2,data_row
13,6,Wine Grapes (Red),6122,Rubired *,292,60409,2826.6,2,data_row
13,6,Wine Grapes (Red),6122,Rubired *,292,60410,247,2,data_row
13,6,Wine Grapes (Red),6122,Rubired *,292.86,17400,1004,2,data_row
13,6,Wine Grapes (Red),6122,Rubired *,292.9,17400,6450.6,2,data_row
13,6,Wine Grapes (Red),6122,Rubired *,299.46,100,505,2,data_row
13,6,Wine Grapes (Red),6122,Rubired *,300,17400,1298.2,2,data_row
13,6,Wine Grapes (Red),6122,Rubired *,300,64348,978.6,2,data_row
13,6,Wine Grapes (Red),6122,Rubired *,305.76,100,660.6,2,data_row
13,6,Wine Grapes (Red),6122,Rubired *,310,52012,1557.9,2,data_row
13,6,Wine Grapes (Red),6122,Rubired *,310,64348,3776.7,2,data_row
13,6,Wine Grapes (Red),6122,Rubired *,315,60409,1937.6,2,data_row
13,6,Wine Grapes (Red),6122,Rubired *,315,60452,6763.4,2,data_row
13,6,Wine Grapes (Red),6122,Rubired *,315,60453,375.2,2,data_row
13,6,Wine Grapes (Red),6122,Rubired *,315,64348,686.7,2,data_row
13,6,Wine Grapes (Red),6122,Rubired *,317,60409,584.3,2,data_row
13,6,Wine Grapes (Red),6122,Rubired *,317,63451,428.9,2,data_row
13,6,Wine Grapes (Red),6122,Rubired *,335,100,1340.7,2,data_row
13,6,Wine Grapes (Red),6122,Rubired *,335,52005,831.8,2,data_row
13,6,Wine Grapes (Red),6122,Rubired *,335,52012,9624.3,2,data_row
13,6,Wine Grapes (Red),6122,Rubired *,340,17400,339.5,2,data_row
13,6,Wine Grapes (Red),6122,Rubired *,343.4,17400,866.8,2,data_row
13,6,Wine Grapes (Red),6122,Rubired *,350,100,1388.9,2,data_row
13,6,Wine Grapes (Red),6122,Rubired *,350,52001,1148.4,2,data_row
13,6,Wine Grapes (Red),6122,Rubired *,350,60732,1268.7,2,data_row
13,6,Wine Grapes (Red),6122,Rubired *,350,60733,550.6,2,data_row
13,6,Wine Grapes (Red),6122,Rubired *,350,64406,658.5,2,data_row
13,6,Wine Grapes (Red),6122,Rubired *,350,64407,979.5,2,data_row
13,6,Wine Grapes (Red),6122,Rubired *,350,64408,783.2,2,data_row
13,6,Wine Grapes (Red),6122,Rubired *,353.5,17400,1999.2,2,data_row
13,6,Wine Grapes (Red),6122,Rubired *,365,60409,2061.5,2,data_row
13,6,Wine Grapes (Red),6122,Rubired *,365,64348,3444.3,2,data_row
13,6,Wine Grapes (Red),6122,Rubired *,367,60409,519.8,2,data_row
13,6,Wine Grapes (Red),6122,Rubired *,367,64348,904.7,2,data_row
13,6,Wine Grapes (Red),6122,Rubired *,374.09,100,981.1,2,data_row
13,6,Wine Grapes (Red),6122,Rubired *,400,100,2752,2,data_row
13,6,Wine Grapes (Red),6122,Rubired *,400,17400,40.1,2,data_row
13,6,Wine Grapes (Red),6122,Rubired *,404,17400,2553.7,2,data_row
13,6,Wine Grapes (Red),6122,Rubired *,425,100,753.9,2,data_row
13,6,Wine Grapes (Red),6122,Rubired *,500,100,12.6,2,data_row
13,6,Wine Grapes (Red),6122,Rubired *,293.28,,150643.8,3,summary_row
13,6,Wine Grapes (Red),6123,Ruby Cabernet,325,55910,456.8,2,data_row
13,6,Wine Grapes (Red),6123,Ruby Cabernet,335,55910,1002.6,2,data_row
13,6,Wine Grapes (Red),6123,Ruby Cabernet,350,55910,402.1,2,data_row
13,6,Wine Grapes (Red),6123,Ruby Cabernet,375,55910,199.4,2,data_row
13,6,Wine Grapes (Red),6123,Ruby Cabernet,375.81,100,306.9,2,data_row
13,6,Wine Grapes (Red),6123,Ruby Cabernet,550.07,100,332.1,2,data_row
13,6,Wine Grapes (Red),6123,Ruby Cabernet,595,100,187.8,2,data_row
13,6,Wine Grapes (Red),6123,Ruby Cabernet,384.25,,2887.7,3,summary_row
13,6,Wine Grapes (Red),6127,Sangiovese *,300,100,5.4,2,data_row
13,6,Wine Grapes (Red),6127,Sangiovese *,340,2200,568.5,2,data_row
13,6,Wine Grapes (Red),6127,Sangiovese *,339.62,,573.9,3,summary_row
13,6,Wine Grapes (Red),6133,Souzao,500,100,66.7,2,data_row
13,6,Wine Grapes (Red),6133,Souzao,500,,66.7,3,summary_row
13,6,Wine Grapes (Red),6163,Syrah *,292,2200,1249.7,2,data_row
13,6,Wine Grapes (Red),6163,Syrah *,315,2600,665.6,2,data_row
13,6,Wine Grapes (Red),6163,Syrah *,367,2200,2388.9,2,data_row
13,6,Wine Grapes (Red),6163,Syrah *,400,62417,909.8,2,data_row
13,6,Wine Grapes (Red),6163,Syrah *,419.46,100,2.1,2,data_row
13,6,Wine Grapes (Red),6163,Syrah *,425,100,1452.5,2,data_row
13,6,Wine Grapes (Red),6163,Syrah *,450,100,736.8,2,data_row
13,6,Wine Grapes (Red),6163,Syrah *,450,60905,4140.3,2,data_row
13,6,Wine Grapes (Red),6163,Syrah *,500,100,4.5,2,data_row
13,6,Wine Grapes (Red),6163,Syrah *,650,100,230,2,data_row
13,6,Wine Grapes (Red),6163,Syrah *,690.44,100,78.5,2,data_row
13,6,Wine Grapes (Red),6163,Syrah *,690.9,100,77.6,2,data_row
13,6,Wine Grapes (Red),6163,Syrah *,692.88,100,74.1,2,data_row
13,6,Wine Grapes (Red),6163,Syrah *,708.37,100,54.4,2,data_row
13,6,Wine Grapes (Red),6163,Syrah *,782.71,100,23.9,2,data_row
13,6,Wine Grapes (Red),6163,Syrah *,850,100,40.6,2,data_row
13,6,Wine Grapes (Red),6163,Syrah *,414.76,,12129.3,3,summary_row
13,6,Wine Grapes (Red),6136,Tannat,400,100,144.7,2,data_row
13,6,Wine Grapes (Red),6136,Tannat,450,100,336,2,data_row
13,6,Wine Grapes (Red),6136,Tannat,434.95,,480.7,3,summary_row
13,6,Wine Grapes (Red),6176,Tempranillo *,673.38,100,39.1,2,data_row
13,6,Wine Grapes (Red),6176,Tempranillo *,1256,100,13.4,2,data_row
13,6,Wine Grapes (Red),6176,Tempranillo *,822.09,,52.5,3,summary_row
13,6,Wine Grapes (Red),6175,Teroldego,300,60905,419.6,2,data_row
13,6,Wine Grapes (Red),6175,Teroldego,334.34,100,62.6,2,data_row
13,6,Wine Grapes (Red),6175,Teroldego,304.46,,482.2,3,summary_row
13,6,Wine Grapes (Red),6140,Tinta Madeira,465.91,100,62.6,2,data_row
13,6,Wine Grapes (Red),6140,Tinta Madeira,465.91,,62.6,3,summary_row
13,6,Wine Grapes (Red),6154,Zinfandel,50,100,82.8,2,data_row
13,6,Wine Grapes (Red),6154,Zinfandel,150,2200,896.7,2,data_row
13,6,Wine Grapes (Red),6154,Zinfandel,175,100,441.6,2,data_row
13,6,Wine Grapes (Red),6154,Zinfandel,200,100,2.2,2,data_row
13,6,Wine Grapes (Red),6154,Zinfandel,242,400,3557.6,2,data_row
13,6,Wine Grapes (Red),6154,Zinfandel,285,400,3346.9,2,data_row
13,6,Wine Grapes (Red),6154,Zinfandel,315,400,9064.7,2,data_row
13,6,Wine Grapes (Red),6154,Zinfandel,315,500,2152.7,2,data_row
13,6,Wine Grapes (Red),6154,Zinfandel,317,500,4761.5,2,data_row
13,6,Wine Grapes (Red),6154,Zinfandel,321.49,100,284.5,2,data_row
13,6,Wine Grapes (Red),6154,Zinfandel,325,100,2502.4,2,data_row
13,6,Wine Grapes (Red),6154,Zinfandel,325,36480,2985.2,2,data_row
13,6,Wine Grapes (Red),6154,Zinfandel,325.42,100,1093.2,2,data_row
13,6,Wine Grapes (Red),6154,Zinfandel,337.82,100,1221.4,2,data_row
13,6,Wine Grapes (Red),6154,Zinfandel,350,100,2399,2,data_row
13,6,Wine Grapes (Red),6154,Zinfandel,350,36480,1976.9,2,data_row
13,6,Wine Grapes (Red),6154,Zinfandel,375,100,1951.2,2,data_row
13,6,Wine Grapes (Red),6154,Zinfandel,375,36480,14901.5,2,data_row
13,6,Wine Grapes (Red),6154,Zinfandel,450,100,22.2,2,data_row
13,6,Wine Grapes (Red),6154,Zinfandel,500,100,2.8,2,data_row
13,6,Wine Grapes (Red),6154,Zinfandel,575,64535,1785,2,data_row
13,6,Wine Grapes (Red),6154,Zinfandel,335.66,,55432,3,summary_row
14,5,Table Grapes,5041,Autumn King,150,100,42.1,2,data_row
14,5,Table Grapes,5041,Autumn King,150,,42.1,3,summary_row
14,5,Table Grapes,5136,Ivory *,150,100,100.2,2,data_row
14,5,Table Grapes,5136,Ivory *,220,100,813.3,2,data_row
14,5,Table Grapes,5136,Ivory *,212.32,,913.5,3,summary_row
14,5,Table Grapes,5085,Red Globe *,150,100,39.6,2,data_row
14,5,Table Grapes,5085,Red Globe *,150,,39.6,3,summary_row
14,5,Table Grapes,5067,Scarlet Royal,150,100,28.3,2,data_row
14,5,Table Grapes,5067,Scarlet Royal,150,,28.3,3,summary_row
14,5,Table Grapes,5001,Other Table 2/,150,100,2769.1,2,data_row
14,5,Table Grapes,5001,Other Table 2/,150,,2769.1,3,summary_row
14,7,Wine Grapes (White),7004,Chardonnay *,150,100,458.9,2,data_row
14,7,Wine Grapes (White),7004,Chardonnay *,600,100,1186.7,2,data_row
14,7,Wine Grapes (White),7004,Chardonnay *,474.51,,1645.6,3,summary_row
14,7,Wine Grapes (White),7010,French Colombard,150,12900,1008.3,2,data_row
14,7,Wine Grapes (White),7010,French Colombard,200,13100,594.3,2,data_row
14,7,Wine Grapes (White),7010,French Colombard,250,10600,1161.7,2,data_row
14,7,Wine Grapes (White),7010,French Colombard,253,600,798.3,2,data_row
14,7,Wine Grapes (White),7010,French Colombard,267,1000,5528.2,2,data_row
14,7,Wine Grapes (White),7010,French Colombard,268,600,831.9,2,data_row
14,7,Wine Grapes (White),7010,French Colombard,300,9300,726.7,2,data_row
14,7,Wine Grapes (White),7010,French Colombard,300,37680,1563.2,2,data_row
14,7,Wine Grapes (White),7010,French Colombard,311.08,13100,592.1,2,data_row
14,7,Wine Grapes (White),7010,French Colombard,342,600,1588.5,2,data_row
14,7,Wine Grapes (White),7010,French Colombard,269.29,,14393.2,3,summary_row
14,7,Wine Grapes (White),7049,Muscat Of Alexandria,50,32550,92,2,data_row
14,7,Wine Grapes (White),7049,Muscat Of Alexandria,150,100,69,2,data_row
14,7,Wine Grapes (White),7049,Muscat Of Alexandria,267,800,8441.5,2,data_row
14,7,Wine Grapes (White),7049,Muscat Of Alexandria,268,600,1309.1,2,data_row
14,7,Wine Grapes (White),7049,Muscat Of Alexandria,275,800,3814.1,2,data_row
14,7,Wine Grapes (White),7049,Muscat Of Alexandria,350,100,878.4,2,data_row
14,7,Wine Grapes (White),7049,Muscat Of Alexandria,272.25,,14604.1,3,summary_row
14,7,Wine Grapes (White),7044,Pinot Gris *,385,700,1750.1,2,data_row
14,7,Wine Grapes (White),7044,Pinot Gris *,385,,1750.1,3,summary_row
14,7,Wine Grapes (White),7033,Sauvignon Blanc *,400,100,283.4,2,data_row
14,7,Wine Grapes (White),7033,Sauvignon Blanc *,702.2,12300,137,2,data_row
14,7,Wine Grapes (White),7033,Sauvignon Blanc *,800,100,536.9,2,data_row
14,7,Wine Grapes (White),7033,Sauvignon Blanc *,667.59,,957.3,3,summary_row
14,7,Wine Grapes (White),7001,Other White Wine 2/,150,100,21.7,2,data_row
14,7,Wine Grapes (White),7001,Other White Wine 2/,150,,21.7,3,summary_row
14,6,Wine Grapes (Red),6024,Cabernet Sauvignon,375,100,108.4,2,data_row
14,6,Wine Grapes (Red),6024,Cabernet Sauvignon,375,64535,773.4,2,data_row
14,6,Wine Grapes (Red),6024,Cabernet Sauvignon,600,100,762.9,2,data_row
14,6,Wine Grapes (Red),6024,Cabernet Sauvignon,479.37,,1644.7,3,summary_row
14,6,Wine Grapes (Red),6058,Grenache *,201.31,100,269.7,2,data_row
14,6,Wine Grapes (Red),6058,Grenache *,292,1000,1249.2,2,data_row
14,6,Wine Grapes (Red),6058,Grenache *,275.9,,1518.9,3,summary_row
14,6,Wine Grapes (Red),6122,Rubired *,250,60733,883.9,2,data_row
14,6,Wine Grapes (Red),6122,Rubired *,260,64348,3460.2,2,data_row
14,6,Wine Grapes (Red),6122,Rubired *,265,64352,4140.5,2,data_row
14,6,Wine Grapes (Red),6122,Rubired *,275,60732,1171.6,2,data_row
14,6,Wine Grapes (Red),6122,Rubired *,280,17400,518,2,data_row
14,6,Wine Grapes (Red),6122,Rubired *,300,60732,437.7,2,data_row
14,6,Wine Grapes (Red),6122,Rubired *,350,100,920.1,2,data_row
14,6,Wine Grapes (Red),6122,Rubired *,350,60733,665.4,2,data_row
14,6,Wine Grapes (Red),6122,Rubired *,600,100,147.3,2,data_row
14,6,Wine Grapes (Red),6122,Rubired *,280.26,,12344.7,3,summary_row
14,6,Wine Grapes (Red),6123,Ruby Cabernet,150,100,253.9,2,data_row
14,6,Wine Grapes (Red),6123,Ruby Cabernet,222.74,100,92.6,2,data_row
14,6,Wine Grapes (Red),6123,Ruby Cabernet,300,100,1116.3,2,data_row
14,6,Wine Grapes (Red),6123,Ruby Cabernet,350,22600,877.4,2,data_row
14,6,Wine Grapes (Red),6123,Ruby Cabernet,299.41,,2340.2,3,summary_row
14,6,Wine Grapes (Red),6154,Zinfandel,150,100,989.4,2,data_row
14,6,Wine Grapes (Red),6154,Zinfandel,300,100,861,2,data_row
14,6,Wine Grapes (Red),6154,Zinfandel,318,400,3840.5,2,data_row
14,6,Wine Grapes (Red),6154,Zinfandel,325,36480,2358.1,2,data_row
14,6,Wine Grapes (Red),6154,Zinfandel,297.47,,8049,3,summary_row
14,6,Wine Grapes (Red),6001,Other Red Wine 2/,100,1700,26.4,2,data_row
14,6,Wine Grapes (Red),6001,Other Red Wine 2/,100,,26.4,3,summary_row
15,7,Wine Grapes (White),7062,Albarino *,1800,100,2.5,2,data_row
15,7,Wine Grapes (White),7062,Albarino *,1800,,2.5,3,summary_row
15,7,Wine Grapes (White),7004,Chardonnay *,1800,100,1,2,data_row
15,7,Wine Grapes (White),7004,Chardonnay *,1800,,1,3,summary_row
15,7,Wine Grapes (White),7049,Muscat Of Alexandria,1800,100,1,2,data_row
15,7,Wine Grapes (White),7049,Muscat Of Alexandria,1800,,1,3,summary_row
15,7,Wine Grapes (White),7026,Palomino *,1000,100,18,2,data_row
15,7,Wine Grapes (White),7026,Palomino *,1500,100,1.8,2,data_row
15,7,Wine Grapes (White),7026,Palomino *,1800,100,1.1,2,data_row
15,7,Wine Grapes (White),7026,Palomino *,1085.17,,20.9,3,summary_row
15,7,Wine Grapes (White),7043,Viognier,1714,100,2.5,2,data_row
15,7,Wine Grapes (White),7043,Viognier,1714,,2.5,3,summary_row
15,7,Wine Grapes (White),7001,Other White Wine 2/,1800,100,1.2,2,data_row
15,7,Wine Grapes (White),7001,Other White Wine 2/,1800,,1.2,3,summary_row
15,6,Wine Grapes (Red),6006,Alicante Bouschet *,1713,100,0.3,2,data_row
15,6,Wine Grapes (Red),6006,Alicante Bouschet *,1800,100,1,2,data_row
15,6,Wine Grapes (Red),6006,Alicante Bouschet *,1779.92,,1.3,3,summary_row
15,6,Wine Grapes (Red),6023,Cabernet Franc,1600,100,4,2,data_row
15,6,Wine Grapes (Red),6023,Cabernet Franc,1600,,4,3,summary_row
15,6,Wine Grapes (Red),6024,Cabernet Sauvignon,3500,13800,2,2,data_row
15,6,Wine Grapes (Red),6024,Cabernet Sauvignon,3500,,2,3,summary_row
15,6,Wine Grapes (Red),6171,Cinsaut *,500,21000,0.3,2,data_row
15,6,Wine Grapes (Red),6171,Cinsaut *,500,,0.3,3,summary_row
15,6,Wine Grapes (Red),6058,Grenache *,500,21000,0.4,2,data_row
15,6,Wine Grapes (Red),6058,Grenache *,584,100,4.5,2,data_row
15,6,Wine Grapes (Red),6058,Grenache *,1800,100,3.7,2,data_row
15,6,Wine Grapes (Red),6058,Grenache *,2000,100,2.3,2,data_row
15,6,Wine Grapes (Red),6058,Grenache *,1292.48,,10.9,3,summary_row
15,6,Wine Grapes (Red),6200,Mencia,1800,100,0.5,2,data_row
15,6,Wine Grapes (Red),6200,Mencia,1800,,0.5,3,summary_row
15,6,Wine Grapes (Red),6084,Merlot,1600,100,6,2,data_row
15,6,Wine Grapes (Red),6084,Merlot,1600,,6,3,summary_row
15,6,Wine Grapes (Red),6086,Mission *,750,100,4.5,2,data_row
15,6,Wine Grapes (Red),6086,Mission *,750,,4.5,3,summary_row
15,6,Wine Grapes (Red),6081,Mourvedre *,500,21000,0.8,2,data_row
15,6,Wine Grapes (Red),6081,Mourvedre *,2000,100,2,2,data_row
15,6,Wine Grapes (Red),6081,Mourvedre *,1571.43,,2.8,3,summary_row
15,6,Wine Grapes (Red),6106,Petite Sirah,1200,100,0.2,2,data_row
15,6,Wine Grapes (Red),6106,Petite Sirah,2100,100,4.5,2,data_row
15,6,Wine Grapes (Red),6106,Petite Sirah,2061.7,,4.7,3,summary_row
15,6,Wine Grapes (Red),6021,Primitivo,584,100,3,2,data_row
15,6,Wine Grapes (Red),6021,Primitivo,1500,100,0.6,2,data_row
15,6,Wine Grapes (Red),6021,Primitivo,736.67,,3.6,3,summary_row
15,6,Wine Grapes (Red),6127,Sangiovese *,2000,100,0.5,2,data_row
15,6,Wine Grapes (Red),6127,Sangiovese *,2000,,0.5,3,summary_row
15,6,Wine Grapes (Red),6163,Syrah *,1200,100,0.2,2,data_row
15,6,Wine Grapes (Red),6163,Syrah *,1800,100,1.5,2,data_row
15,6,Wine Grapes (Red),6163,Syrah *,2000,100,4,2,data_row
15,6,Wine Grapes (Red),6163,Syrah *,1919.3,,5.7,3,summary_row
15,6,Wine Grapes (Red),6136,Tannat,500,21000,0.5,2,data_row
15,6,Wine Grapes (Red),6136,Tannat,1800,100,1,2,data_row
15,6,Wine Grapes (Red),6136,Tannat,1366.67,,1.5,3,summary_row
15,6,Wine Grapes (Red),6176,Tempranillo *,450,100,0.4,2,data_row
15,6,Wine Grapes (Red),6176,Tempranillo *,1800,21200,1.5,2,data_row
15,6,Wine Grapes (Red),6176,Tempranillo *,2000,100,0.5,2,data_row
15,6,Wine Grapes (Red),6176,Tempranillo *,1616.67,,2.4,3,summary_row
15,6,Wine Grapes (Red),6154,Zinfandel,1850,100,2,2,data_row
15,6,Wine Grapes (Red),6154,Zinfandel,2000,100,1,2,data_row
15,6,Wine Grapes (Red),6154,Zinfandel,2400,17500,2,2,data_row
15,6,Wine Grapes (Red),6154,Zinfandel,2500,100,19.9,2,data_row
15,6,Wine Grapes (Red),6154,Zinfandel,2650,100,1.9,2,data_row
15,6,Wine Grapes (Red),6154,Zinfandel,3500,100,2,2,data_row
15,6,Wine Grapes (Red),6154,Zinfandel,2509.9,,28.8,3,summary_row
15,6,Wine Grapes (Red),6001,Other Red Wine 2/,1000,100,6,2,data_row
15,6,Wine Grapes (Red),6001,Other Red Wine 2/,1000,,6,3,summary_row
16,7,Wine Grapes (White),7062,Albarino *,1550,100,0.9,2,data_row
16,7,Wine Grapes (White),7062,Albarino *,1700,100,3.1,2,data_row
16,7,Wine Grapes (White),7062,Albarino *,1800,100,1,2,data_row
16,7,Wine Grapes (White),7062,Albarino *,2000,100,1.7,2,data_row
16,7,Wine Grapes (White),7062,Albarino *,2300,100,7.2,2,data_row
16,7,Wine Grapes (White),7062,Albarino *,2300,14000,2.9,2,data_row
16,7,Wine Grapes (White),7062,Albarino *,2400,100,5,2,data_row
16,7,Wine Grapes (White),7062,Albarino *,2500,100,3.8,2,data_row
16,7,Wine Grapes (White),7062,Albarino *,2210.74,,25.6,3,summary_row
16,7,Wine Grapes (White),7054,Arneis,2265.69,20800,4.4,2,data_row
16,7,Wine Grapes (White),7054,Arneis,2300,100,4,2,data_row
16,7,Wine Grapes (White),7054,Arneis,2400,100,10,2,data_row
16,7,Wine Grapes (White),7054,Arneis,2346.14,,18.4,3,summary_row
16,7,Wine Grapes (White),7085,Assyrtiko,1000,100,1.1,2,data_row
16,7,Wine Grapes (White),7085,Assyrtiko,1000,,1.1,3,summary_row
16,7,Wine Grapes (White),7004,Chardonnay *,1200,100,2,2,data_row
16,7,Wine Grapes (White),7004,Chardonnay *,1463,100,0.8,2,data_row
16,7,Wine Grapes (White),7004,Chardonnay *,1500,100,0.2,2,data_row
16,7,Wine Grapes (White),7004,Chardonnay *,1600,100,7.3,2,data_row
16,7,Wine Grapes (White),7004,Chardonnay *,1875,17400,6,2,data_row
16,7,Wine Grapes (White),7004,Chardonnay *,1900,100,10,2,data_row
16,7,Wine Grapes (White),7004,Chardonnay *,1900,14000,0.3,2,data_row
16,7,Wine Grapes (White),7004,Chardonnay *,2000,100,2.1,2,data_row
16,7,Wine Grapes (White),7004,Chardonnay *,2000,10700,0.9,2,data_row
16,7,Wine Grapes (White),7004,Chardonnay *,2100,100,1.3,2,data_row
16,7,Wine Grapes (White),7004,Chardonnay *,2200,100,5.2,2,data_row
16,7,Wine Grapes (White),7004,Chardonnay *,2200,14000,5,2,data_row
16,7,Wine Grapes (White),7004,Chardonnay *,2200,17000,8.3,2,data_row
16,7,Wine Grapes (White),7004,Chardonnay *,2300,100,15.8,2,data_row
16,7,Wine Grapes (White),7004,Chardonnay *,2500,100,2.2,2,data_row
16,7,Wine Grapes (White),7004,Chardonnay *,2042.14,,67.4,3,summary_row
16,7,Wine Grapes (White),7006,Chenin Blanc,2200,100,4,2,data_row
16,7,Wine Grapes (White),7006,Chenin Blanc,2300,100,9.4,2,data_row
16,7,Wine Grapes (White),7006,Chenin Blanc,2270.15,,13.4,3,summary_row
16,7,Wine Grapes (White),7069,Clairette Blanche,1900,100,0.5,2,data_row
16,7,Wine Grapes (White),7069,Clairette Blanche,1900,,0.5,3,summary_row
16,7,Wine Grapes (White),7068,Falaghina Greco,2000,100,2.1,2,data_row
16,7,Wine Grapes (White),7068,Falaghina Greco,2200,100,2,2,data_row
16,7,Wine Grapes (White),7068,Falaghina Greco,2097.56,,4.1,3,summary_row
16,7,Wine Grapes (White),7066,Fiano,1400,100,0.3,2,data_row
16,7,Wine Grapes (White),7066,Fiano,2000,13600,1.6,2,data_row
16,7,Wine Grapes (White),7066,Fiano,2400,100,9.2,2,data_row
16,7,Wine Grapes (White),7066,Fiano,2315.32,,11.1,3,summary_row
16,7,Wine Grapes (White),7055,Grenache Blanc *,1500,13600,3.6,2,data_row
16,7,Wine Grapes (White),7055,Grenache Blanc *,2000,100,3.8,2,data_row
16,7,Wine Grapes (White),7055,Grenache Blanc *,2200,100,5.9,2,data_row
16,7,Wine Grapes (White),7055,Grenache Blanc *,2300,100,2.5,2,data_row
16,7,Wine Grapes (White),7055,Grenache Blanc *,2700,100,2.2,2,data_row
16,7,Wine Grapes (White),7055,Grenache Blanc *,2092.78,,18,3,summary_row
16,7,Wine Grapes (White),7082,Grenache Gris *,2000,100,1.6,2,data_row
16,7,Wine Grapes (White),7082,Grenache Gris *,2000,,1.6,3,summary_row
16,7,Wine Grapes (White),7019,Malvasia Bianca,1600,100,0.2,2,data_row
16,7,Wine Grapes (White),7019,Malvasia Bianca,2042.37,20800,4.5,2,data_row
16,7,Wine Grapes (White),7019,Malvasia Bianca,2310,100,1.4,2,data_row
16,7,Wine Grapes (White),7019,Malvasia Bianca,2089.29,,6.1,3,summary_row
16,7,Wine Grapes (White),7045,Marsanne,2250,100,3.3,2,data_row
16,7,Wine Grapes (White),7045,Marsanne,2250,,3.3,3,summary_row
16,7,Wine Grapes (White),7022,Muscat Blanc *,1550,100,0.1,2,data_row
16,7,Wine Grapes (White),7022,Muscat Blanc *,1798.31,100,1.5,2,data_row
16,7,Wine Grapes (White),7022,Muscat Blanc *,1800,100,7,2,data_row
16,7,Wine Grapes (White),7022,Muscat Blanc *,1900,100,5.6,2,data_row
16,7,Wine Grapes (White),7022,Muscat Blanc *,1950,100,1.8,2,data_row
16,7,Wine Grapes (White),7022,Muscat Blanc *,2000,100,4.8,2,data_row
16,7,Wine Grapes (White),7022,Muscat Blanc *,2000,13100,4.6,2,data_row
16,7,Wine Grapes (White),7022,Muscat Blanc *,2200,100,17,2,data_row
16,7,Wine Grapes (White),7022,Muscat Blanc *,2300,100,21.7,2,data_row
16,7,Wine Grapes (White),7022,Muscat Blanc *,2400,100,28.7,2,data_row
16,7,Wine Grapes (White),7022,Muscat Blanc *,2204.66,,92.8,3,summary_row
16,7,Wine Grapes (White),7073,Pecorino,2300,100,2.5,2,data_row
16,7,Wine Grapes (White),7073,Pecorino,2400,100,8.1,2,data_row
16,7,Wine Grapes (White),7073,Pecorino,2376.42,,10.6,3,summary_row
16,7,Wine Grapes (White),7065,Picpoul Blanc,1700,100,0.5,2,data_row
16,7,Wine Grapes (White),7065,Picpoul Blanc,1700,,0.5,3,summary_row
16,7,Wine Grapes (White),7044,Pinot Gris *,1500,13600,2.2,2,data_row
16,7,Wine Grapes (White),7044,Pinot Gris *,1600,100,0.7,2,data_row
16,7,Wine Grapes (White),7044,Pinot Gris *,1650,100,3.2,2,data_row
16,7,Wine Grapes (White),7044,Pinot Gris *,1900,100,5,2,data_row
16,7,Wine Grapes (White),7044,Pinot Gris *,1978.01,20800,1.9,2,data_row
16,7,Wine Grapes (White),7044,Pinot Gris *,2000,13100,9.4,2,data_row
16,7,Wine Grapes (White),7044,Pinot Gris *,2100,100,2.1,2,data_row
16,7,Wine Grapes (White),7044,Pinot Gris *,2200,13400,8.6,2,data_row
16,7,Wine Grapes (White),7044,Pinot Gris *,2300,100,7.6,2,data_row
16,7,Wine Grapes (White),7044,Pinot Gris *,2400,100,4.7,2,data_row
16,7,Wine Grapes (White),7044,Pinot Gris *,2475,13100,8.4,2,data_row
16,7,Wine Grapes (White),7044,Pinot Gris *,2130.82,,53.8,3,summary_row
16,7,Wine Grapes (White),7042,Roussanne,2000,100,4.4,2,data_row
16,7,Wine Grapes (White),7042,Roussanne,2250,100,1.7,2,data_row
16,7,Wine Grapes (White),7042,Roussanne,2069.67,,6.1,3,summary_row
16,7,Wine Grapes (White),7033,Sauvignon Blanc *,1300,13600,3,2,data_row
16,7,Wine Grapes (White),7033,Sauvignon Blanc *,1500,100,2.6,2,data_row
16,7,Wine Grapes (White),7033,Sauvignon Blanc *,1500,13600,3,2,data_row
16,7,Wine Grapes (White),7033,Sauvignon Blanc *,1600,100,1,2,data_row
16,7,Wine Grapes (White),7033,Sauvignon Blanc *,1800,100,2.4,2,data_row
16,7,Wine Grapes (White),7033,Sauvignon Blanc *,2000,100,5.1,2,data_row
16,7,Wine Grapes (White),7033,Sauvignon Blanc *,2100,100,6.4,2,data_row
16,7,Wine Grapes (White),7033,Sauvignon Blanc *,2200,100,9.9,2,data_row
16,7,Wine Grapes (White),7033,Sauvignon Blanc *,2200,20800,2.2,2,data_row
16,7,Wine Grapes (White),7033,Sauvignon Blanc *,2210.1,100,4.8,2,data_row
16,7,Wine Grapes (White),7033,Sauvignon Blanc *,2300,100,7.9,2,data_row
16,7,Wine Grapes (White),7033,Sauvignon Blanc *,2400,100,9.6,2,data_row
16,7,Wine Grapes (White),7033,Sauvignon Blanc *,2077.69,,57.9,3,summary_row
16,7,Wine Grapes (White),7036,Semillon,1200,100,1.4,2,data_row
16,7,Wine Grapes (White),7036,Semillon,2200,100,1.9,2,data_row
16,7,Wine Grapes (White),7036,Semillon,1775.76,,3.3,3,summary_row
16,7,Wine Grapes (White),7147,Verdelho,2400,100,2.3,2,data_row
16,7,Wine Grapes (White),7147,Verdelho,2700,100,3.1,2,data_row
16,7,Wine Grapes (White),7147,Verdelho,2572.22,,5.4,3,summary_row
16,7,Wine Grapes (White),7064,Vermentino *,1800,100,0.3,2,data_row
16,7,Wine Grapes (White),7064,Vermentino *,1850,100,5.8,2,data_row
16,7,Wine Grapes (White),7064,Vermentino *,2000,100,5.7,2,data_row
16,7,Wine Grapes (White),7064,Vermentino *,2000,13100,0.4,2,data_row
16,7,Wine Grapes (White),7064,Vermentino *,2200,100,15.7,2,data_row
16,7,Wine Grapes (White),7064,Vermentino *,2250,13400,10,2,data_row
16,7,Wine Grapes (White),7064,Vermentino *,2300,100,6.5,2,data_row
16,7,Wine Grapes (White),7064,Vermentino *,2300,22800,4.9,2,data_row
16,7,Wine Grapes (White),7064,Vermentino *,2375.2,100,0.6,2,data_row
16,7,Wine Grapes (White),7064,Vermentino *,2400,100,34.8,2,data_row
16,7,Wine Grapes (White),7064,Vermentino *,2500,13100,8.1,2,data_row
16,7,Wine Grapes (White),7064,Vermentino *,2283.68,,92.8,3,summary_row
16,7,Wine Grapes (White),7043,Viognier,1500,100,1.1,2,data_row
16,7,Wine Grapes (White),7043,Viognier,1800,100,1.2,2,data_row
16,7,Wine Grapes (White),7043,Viognier,2000,100,2.6,2,data_row
16,7,Wine Grapes (White),7043,Viognier,2000,13100,1.6,2,data_row
16,7,Wine Grapes (White),7043,Viognier,2000,13400,0.3,2,data_row
16,7,Wine Grapes (White),7043,Viognier,2100,100,3.1,2,data_row
16,7,Wine Grapes (White),7043,Viognier,2200,100,8.5,2,data_row
16,7,Wine Grapes (White),7043,Viognier,2300,100,1.5,2,data_row
16,7,Wine Grapes (White),7043,Viognier,2350,13100,3.8,2,data_row
16,7,Wine Grapes (White),7043,Viognier,2366.01,100,1.5,2,data_row
16,7,Wine Grapes (White),7043,Viognier,2400,22800,3.7,2,data_row
16,7,Wine Grapes (White),7043,Viognier,2500,100,1.2,2,data_row
16,7,Wine Grapes (White),7043,Viognier,2500,24500,0.1,2,data_row
16,7,Wine Grapes (White),7043,Viognier,4920,100,4.1,2,data_row
16,7,Wine Grapes (White),7043,Viognier,2514.61,,34.3,3,summary_row
16,7,Wine Grapes (White),7038,White Riesling *,1600,13600,3.5,2,data_row
16,7,Wine Grapes (White),7038,White Riesling *,1800,100,4.5,2,data_row
16,7,Wine Grapes (White),7038,White Riesling *,2200,14000,1.6,2,data_row
16,7,Wine Grapes (White),7038,White Riesling *,1793.75,,9.6,3,summary_row
16,7,Wine Grapes (White),7001,Other White Wine 2/,2400,100,1,2,data_row
16,7,Wine Grapes (White),7001,Other White Wine 2/,2700,100,3.6,2,data_row
16,7,Wine Grapes (White),7001,Other White Wine 2/,2634.78,,4.6,3,summary_row
16,6,Wine Grapes (Red),6177,Aglianico,1500,100,1.4,2,data_row
16,6,Wine Grapes (Red),6177,Aglianico,1600,21200,1.1,2,data_row
16,6,Wine Grapes (Red),6177,Aglianico,1800,100,0.1,2,data_row
16,6,Wine Grapes (Red),6177,Aglianico,2000,100,2,2,data_row
16,6,Wine Grapes (Red),6177,Aglianico,2400,100,4.5,2,data_row
16,6,Wine Grapes (Red),6177,Aglianico,2070.33,,9.1,3,summary_row
16,6,Wine Grapes (Red),6005,Aleatico,2700,24800,0.8,2,data_row
16,6,Wine Grapes (Red),6005,Aleatico,2700,,0.8,3,summary_row
16,6,Wine Grapes (Red),6006,Alicante Bouschet *,2700,100,1.4,2,data_row
16,6,Wine Grapes (Red),6006,Alicante Bouschet *,2700,,1.4,3,summary_row
16,6,Wine Grapes (Red),6013,Barbera,1500,100,0.8,2,data_row
16,6,Wine Grapes (Red),6013,Barbera,1950,100,7.2,2,data_row
16,6,Wine Grapes (Red),6013,Barbera,2000,100,2.4,2,data_row
16,6,Wine Grapes (Red),6013,Barbera,2250,100,4.7,2,data_row
16,6,Wine Grapes (Red),6013,Barbera,2400,100,4.3,2,data_row
16,6,Wine Grapes (Red),6013,Barbera,2500,100,5,2,data_row
16,6,Wine Grapes (Red),6013,Barbera,2500,24500,1,2,data_row
16,6,Wine Grapes (Red),6013,Barbera,2532.6,100,0.7,2,data_row
16,6,Wine Grapes (Red),6013,Barbera,2600,100,5.9,2,data_row
16,6,Wine Grapes (Red),6013,Barbera,2700,100,6.1,2,data_row
16,6,Wine Grapes (Red),6013,Barbera,2349.55,,38.1,3,summary_row
16,6,Wine Grapes (Red),6023,Cabernet Franc,500,100,1.6,2,data_row
16,6,Wine Grapes (Red),6023,Cabernet Franc,1000,100,3.2,2,data_row
16,6,Wine Grapes (Red),6023,Cabernet Franc,1000,24300,0.5,2,data_row
16,6,Wine Grapes (Red),6023,Cabernet Franc,1600,100,2,2,data_row
16,6,Wine Grapes (Red),6023,Cabernet Franc,1650,100,2.2,2,data_row
16,6,Wine Grapes (Red),6023,Cabernet Franc,1775,100,2.3,2,data_row
16,6,Wine Grapes (Red),6023,Cabernet Franc,1900,100,9.5,2,data_row
16,6,Wine Grapes (Red),6023,Cabernet Franc,1900,14000,2.3,2,data_row
16,6,Wine Grapes (Red),6023,Cabernet Franc,2000,100,1,2,data_row
16,6,Wine Grapes (Red),6023,Cabernet Franc,2000,13600,1.1,2,data_row
16,6,Wine Grapes (Red),6023,Cabernet Franc,2000,24800,3.9,2,data_row
16,6,Wine Grapes (Red),6023,Cabernet Franc,2000,26700,1.5,2,data_row
16,6,Wine Grapes (Red),6023,Cabernet Franc,2100,100,5.9,2,data_row
16,6,Wine Grapes (Red),6023,Cabernet Franc,2100,20800,1,2,data_row
16,6,Wine Grapes (Red),6023,Cabernet Franc,2100,21000,1.8,2,data_row
16,6,Wine Grapes (Red),6023,Cabernet Franc,2176.53,100,6.9,2,data_row
16,6,Wine Grapes (Red),6023,Cabernet Franc,2200,100,3,2,data_row
16,6,Wine Grapes (Red),6023,Cabernet Franc,2400,100,4,2,data_row
16,6,Wine Grapes (Red),6023,Cabernet Franc,2450,100,2.6,2,data_row
16,6,Wine Grapes (Red),6023,Cabernet Franc,2500,100,2.7,2,data_row
16,6,Wine Grapes (Red),6023,Cabernet Franc,2600,100,5.5,2,data_row
16,6,Wine Grapes (Red),6023,Cabernet Franc,2600,20800,2,2,data_row
16,6,Wine Grapes (Red),6023,Cabernet Franc,2700,100,5.3,2,data_row
16,6,Wine Grapes (Red),6023,Cabernet Franc,2750,100,1.4,2,data_row
16,6,Wine Grapes (Red),6023,Cabernet Franc,2900,100,1,2,data_row
16,6,Wine Grapes (Red),6023,Cabernet Franc,2102.43,,74.2,3,summary_row
16,6,Wine Grapes (Red),6024,Cabernet Sauvignon,500,100,8.3,2,data_row
16,6,Wine Grapes (Red),6024,Cabernet Sauvignon,686,24300,0.5,2,data_row
16,6,Wine Grapes (Red),6024,Cabernet Sauvignon,900,100,0.7,2,data_row
16,6,Wine Grapes (Red),6024,Cabernet Sauvignon,1000,100,0.6,2,data_row
16,6,Wine Grapes (Red),6024,Cabernet Sauvignon,1000,21000,0.4,2,data_row
16,6,Wine Grapes (Red),6024,Cabernet Sauvignon,1400,100,9.9,2,data_row
16,6,Wine Grapes (Red),6024,Cabernet Sauvignon,1500,100,3.9,2,data_row
16,6,Wine Grapes (Red),6024,Cabernet Sauvignon,1550,100,5.6,2,data_row
16,6,Wine Grapes (Red),6024,Cabernet Sauvignon,1600,100,6.4,2,data_row
16,6,Wine Grapes (Red),6024,Cabernet Sauvignon,1650,100,6.3,2,data_row
16,6,Wine Grapes (Red),6024,Cabernet Sauvignon,1800,100,7.4,2,data_row
16,6,Wine Grapes (Red),6024,Cabernet Sauvignon,1800,27600,2.5,2,data_row
16,6,Wine Grapes (Red),6024,Cabernet Sauvignon,1900,100,7.7,2,data_row
16,6,Wine Grapes (Red),6024,Cabernet Sauvignon,1900,14000,0.8,2,data_row
16,6,Wine Grapes (Red),6024,Cabernet Sauvignon,2000,100,16.1,2,data_row
16,6,Wine Grapes (Red),6024,Cabernet Sauvignon,2000,11300,0.5,2,data_row
16,6,Wine Grapes (Red),6024,Cabernet Sauvignon,2000,17000,2,2,data_row
16,6,Wine Grapes (Red),6024,Cabernet Sauvignon,2000,17200,0.4,2,data_row
16,6,Wine Grapes (Red),6024,Cabernet Sauvignon,2000,24500,3.5,2,data_row
16,6,Wine Grapes (Red),6024,Cabernet Sauvignon,2100,100,19.4,2,data_row
16,6,Wine Grapes (Red),6024,Cabernet Sauvignon,2200,100,4.2,2,data_row
16,6,Wine Grapes (Red),6024,Cabernet Sauvignon,2200,26800,5,2,data_row
16,6,Wine Grapes (Red),6024,Cabernet Sauvignon,2300,100,3.9,2,data_row
16,6,Wine Grapes (Red),6024,Cabernet Sauvignon,2355.75,100,8.8,2,data_row
16,6,Wine Grapes (Red),6024,Cabernet Sauvignon,2370,100,6.4,2,data_row
16,6,Wine Grapes (Red),6024,Cabernet Sauvignon,2400,100,12.7,2,data_row
16,6,Wine Grapes (Red),6024,Cabernet Sauvignon,2500,100,1.6,2,data_row
16,6,Wine Grapes (Red),6024,Cabernet Sauvignon,2550,100,3.5,2,data_row
16,6,Wine Grapes (Red),6024,Cabernet Sauvignon,2600,100,25.4,2,data_row
16,6,Wine Grapes (Red),6024,Cabernet Sauvignon,2600,24500,2.5,2,data_row
16,6,Wine Grapes (Red),6024,Cabernet Sauvignon,2650,100,1.5,2,data_row
16,6,Wine Grapes (Red),6024,Cabernet Sauvignon,2700,100,31.3,2,data_row
16,6,Wine Grapes (Red),6024,Cabernet Sauvignon,2750,100,1.2,2,data_row
16,6,Wine Grapes (Red),6024,Cabernet Sauvignon,2800,100,10.7,2,data_row
16,6,Wine Grapes (Red),6024,Cabernet Sauvignon,2900,100,0.9,2,data_row
16,6,Wine Grapes (Red),6024,Cabernet Sauvignon,3300,100,1.3,2,data_row
16,6,Wine Grapes (Red),6024,Cabernet Sauvignon,3800,100,2.6,2,data_row
16,6,Wine Grapes (Red),6024,Cabernet Sauvignon,2183.91,,226.4,3,summary_row
16,6,Wine Grapes (Red),6026,Carignane,1200,100,18.2,2,data_row
16,6,Wine Grapes (Red),6026,Carignane,1200,13600,2.9,2,data_row
16,6,Wine Grapes (Red),6026,Carignane,1200,,21.1,3,summary_row
16,6,Wine Grapes (Red),6002,Carmenere,1400,100,0.4,2,data_row
16,6,Wine Grapes (Red),6002,Carmenere,1500,100,7.1,2,data_row
16,6,Wine Grapes (Red),6002,Carmenere,1494.67,,7.5,3,summary_row
16,6,Wine Grapes (Red),6171,Cinsaut *,1000,100,7.4,2,data_row
16,6,Wine Grapes (Red),6171,Cinsaut *,2000,100,2.9,2,data_row
16,6,Wine Grapes (Red),6171,Cinsaut *,2400,100,6.9,2,data_row
16,6,Wine Grapes (Red),6171,Cinsaut *,2600,100,5.9,2,data_row
16,6,Wine Grapes (Red),6171,Cinsaut *,1952.38,,23.1,3,summary_row
16,6,Wine Grapes (Red),6173,Dolcetto,1550,100,0.9,2,data_row
16,6,Wine Grapes (Red),6173,Dolcetto,1550,,0.9,3,summary_row
16,6,Wine Grapes (Red),6058,Grenache *,179.6,100,5.6,2,data_row
16,6,Wine Grapes (Red),6058,Grenache *,1000,100,9.2,2,data_row
16,6,Wine Grapes (Red),6058,Grenache *,1200,100,15.7,2,data_row
16,6,Wine Grapes (Red),6058,Grenache *,1200,13600,4.3,2,data_row
16,6,Wine Grapes (Red),6058,Grenache *,1800,100,15.9,2,data_row
16,6,Wine Grapes (Red),6058,Grenache *,1900,14000,0.7,2,data_row
16,6,Wine Grapes (Red),6058,Grenache *,2000,100,4.6,2,data_row
16,6,Wine Grapes (Red),6058,Grenache *,2000,17200,2.5,2,data_row
16,6,Wine Grapes (Red),6058,Grenache *,2000,21200,3.5,2,data_row
16,6,Wine Grapes (Red),6058,Grenache *,2100,100,5.2,2,data_row
16,6,Wine Grapes (Red),6058,Grenache *,2200,100,4.8,2,data_row
16,6,Wine Grapes (Red),6058,Grenache *,2200,22800,1,2,data_row
16,6,Wine Grapes (Red),6058,Grenache *,2250,100,0.8,2,data_row
16,6,Wine Grapes (Red),6058,Grenache *,2300,100,4.3,2,data_row
16,6,Wine Grapes (Red),6058,Grenache *,2350,100,2.2,2,data_row
16,6,Wine Grapes (Red),6058,Grenache *,2400,100,2,2,data_row
16,6,Wine Grapes (Red),6058,Grenache *,2600,100,9.2,2,data_row
16,6,Wine Grapes (Red),6058,Grenache *,1689.79,,91.5,3,summary_row
16,6,Wine Grapes (Red),6076,Malbec,1000,100,0.9,2,data_row
16,6,Wine Grapes (Red),6076,Malbec,1400,100,1.7,2,data_row
16,6,Wine Grapes (Red),6076,Malbec,1500,100,3.4,2,data_row
16,6,Wine Grapes (Red),6076,Malbec,1550,100,9.6,2,data_row
16,6,Wine Grapes (Red),6076,Malbec,1800,24800,0.1,2,data_row
16,6,Wine Grapes (Red),6076,Malbec,1900,100,4,2,data_row
16,6,Wine Grapes (Red),6076,Malbec,1933.16,100,4.4,2,data_row
16,6,Wine Grapes (Red),6076,Malbec,2000,100,5.8,2,data_row
16,6,Wine Grapes (Red),6076,Malbec,2100,100,1.1,2,data_row
16,6,Wine Grapes (Red),6076,Malbec,2100,21000,2.3,2,data_row
16,6,Wine Grapes (Red),6076,Malbec,2200,100,7.9,2,data_row
16,6,Wine Grapes (Red),6076,Malbec,2250,100,0.1,2,data_row
16,6,Wine Grapes (Red),6076,Malbec,2450,100,3.6,2,data_row
16,6,Wine Grapes (Red),6076,Malbec,2500,100,1,2,data_row
16,6,Wine Grapes (Red),6076,Malbec,2600,100,4.3,2,data_row
16,6,Wine Grapes (Red),6076,Malbec,2900,100,0.6,2,data_row
16,6,Wine Grapes (Red),6076,Malbec,1971.08,,50.8,3,summary_row
16,6,Wine Grapes (Red),6084,Merlot,300,100,1.8,2,data_row
16,6,Wine Grapes (Red),6084,Merlot,500,100,1.8,2,data_row
16,6,Wine Grapes (Red),6084,Merlot,750,100,7.4,2,data_row
16,6,Wine Grapes (Red),6084,Merlot,1000,100,1.6,2,data_row
16,6,Wine Grapes (Red),6084,Merlot,1000,24300,0.5,2,data_row
16,6,Wine Grapes (Red),6084,Merlot,1200,100,11,2,data_row
16,6,Wine Grapes (Red),6084,Merlot,1200,13600,4.4,2,data_row
16,6,Wine Grapes (Red),6084,Merlot,1500,100,0.3,2,data_row
16,6,Wine Grapes (Red),6084,Merlot,1550,100,0.5,2,data_row
16,6,Wine Grapes (Red),6084,Merlot,1585,100,5.3,2,data_row
16,6,Wine Grapes (Red),6084,Merlot,1800,100,1.2,2,data_row
16,6,Wine Grapes (Red),6084,Merlot,2000,100,5.7,2,data_row
16,6,Wine Grapes (Red),6084,Merlot,2000,21000,3.5,2,data_row
16,6,Wine Grapes (Red),6084,Merlot,2100,21000,1.8,2,data_row
16,6,Wine Grapes (Red),6084,Merlot,2134.45,100,13.6,2,data_row
16,6,Wine Grapes (Red),6084,Merlot,2150,100,3.1,2,data_row
16,6,Wine Grapes (Red),6084,Merlot,2200,100,2.5,2,data_row
16,6,Wine Grapes (Red),6084,Merlot,2200,19000,0.4,2,data_row
16,6,Wine Grapes (Red),6084,Merlot,2400,100,7.4,2,data_row
16,6,Wine Grapes (Red),6084,Merlot,2500,100,1.5,2,data_row
16,6,Wine Grapes (Red),6084,Merlot,2600,100,3.5,2,data_row
16,6,Wine Grapes (Red),6084,Merlot,2700,100,14.6,2,data_row
16,6,Wine Grapes (Red),6084,Merlot,3000,100,3.1,2,data_row
16,6,Wine Grapes (Red),6084,Merlot,1895.74,,96.5,3,summary_row
16,6,Wine Grapes (Red),6086,Mission *,500,11300,2,2,data_row
16,6,Wine Grapes (Red),6086,Mission *,1000,100,0.1,2,data_row
16,6,Wine Grapes (Red),6086,Mission *,2000,100,2,2,data_row
16,6,Wine Grapes (Red),6086,Mission *,1243.9,,4.1,3,summary_row
16,6,Wine Grapes (Red),6189,Montepulciano,1500,100,4.6,2,data_row
16,6,Wine Grapes (Red),6189,Montepulciano,1800,100,2.1,2,data_row
16,6,Wine Grapes (Red),6189,Montepulciano,2000,100,0.5,2,data_row
16,6,Wine Grapes (Red),6189,Montepulciano,2200,100,3.2,2,data_row
16,6,Wine Grapes (Red),6189,Montepulciano,2400,100,7.1,2,data_row
16,6,Wine Grapes (Red),6189,Montepulciano,2500,100,2.2,2,data_row
16,6,Wine Grapes (Red),6189,Montepulciano,2640,20800,0.5,2,data_row
16,6,Wine Grapes (Red),6189,Montepulciano,2700,100,12.4,2,data_row
16,6,Wine Grapes (Red),6189,Montepulciano,2333.13,,32.6,3,summary_row
16,6,Wine Grapes (Red),6081,Mourvedre *,1000,100,1.9,2,data_row
16,6,Wine Grapes (Red),6081,Mourvedre *,1400,100,2.8,2,data_row
16,6,Wine Grapes (Red),6081,Mourvedre *,1600,24800,1.2,2,data_row
16,6,Wine Grapes (Red),6081,Mourvedre *,1900,100,0.5,2,data_row
16,6,Wine Grapes (Red),6081,Mourvedre *,2000,100,1.4,2,data_row
16,6,Wine Grapes (Red),6081,Mourvedre *,2000,17200,0.3,2,data_row
16,6,Wine Grapes (Red),6081,Mourvedre *,2200,20800,0.6,2,data_row
16,6,Wine Grapes (Red),6081,Mourvedre *,2300,100,8.5,2,data_row
16,6,Wine Grapes (Red),6081,Mourvedre *,2350,100,3.9,2,data_row
16,6,Wine Grapes (Red),6081,Mourvedre *,2400,100,5.6,2,data_row
16,6,Wine Grapes (Red),6081,Mourvedre *,2750,100,1.5,2,data_row
16,6,Wine Grapes (Red),6081,Mourvedre *,2116.67,,28.2,3,summary_row
16,6,Wine Grapes (Red),6192,Negroamaro,1140,20800,3,2,data_row
16,6,Wine Grapes (Red),6192,Negroamaro,1140,,3,3,summary_row
16,6,Wine Grapes (Red),6199,Nero D'avola *,1000,100,6.2,2,data_row
16,6,Wine Grapes (Red),6199,Nero D'avola *,1600,100,0.4,2,data_row
16,6,Wine Grapes (Red),6199,Nero D'avola *,2000,100,1.2,2,data_row
16,6,Wine Grapes (Red),6199,Nero D'avola *,2100,100,5.5,2,data_row
16,6,Wine Grapes (Red),6199,Nero D'avola *,2300,100,3.6,2,data_row
16,6,Wine Grapes (Red),6199,Nero D'avola *,2360,20800,0.9,2,data_row
16,6,Wine Grapes (Red),6199,Nero D'avola *,2700,100,5.3,2,data_row
16,6,Wine Grapes (Red),6199,Nero D'avola *,1969.87,,23.1,3,summary_row
16,6,Wine Grapes (Red),6107,Petit Verdot,228.18,100,5.1,2,data_row
16,6,Wine Grapes (Red),6107,Petit Verdot,300,100,1.1,2,data_row
16,6,Wine Grapes (Red),6107,Petit Verdot,1250,100,8.4,2,data_row
16,6,Wine Grapes (Red),6107,Petit Verdot,1500,100,0.3,2,data_row
16,6,Wine Grapes (Red),6107,Petit Verdot,1550,100,0.4,2,data_row
16,6,Wine Grapes (Red),6107,Petit Verdot,1800,100,0.5,2,data_row
16,6,Wine Grapes (Red),6107,Petit Verdot,1900,14000,1.8,2,data_row
16,6,Wine Grapes (Red),6107,Petit Verdot,2000,100,2.6,2,data_row
16,6,Wine Grapes (Red),6107,Petit Verdot,2000,21000,2.3,2,data_row
16,6,Wine Grapes (Red),6107,Petit Verdot,2300,100,0.8,2,data_row
16,6,Wine Grapes (Red),6107,Petit Verdot,2450,100,1.2,2,data_row
16,6,Wine Grapes (Red),6107,Petit Verdot,2600,100,2,2,data_row
16,6,Wine Grapes (Red),6107,Petit Verdot,2700,100,3.1,2,data_row
16,6,Wine Grapes (Red),6107,Petit Verdot,2800,100,1.5,2,data_row
16,6,Wine Grapes (Red),6107,Petit Verdot,2900,100,1.7,2,data_row
16,6,Wine Grapes (Red),6107,Petit Verdot,1666.58,,32.8,3,summary_row
16,6,Wine Grapes (Red),6106,Petite Sirah,500,100,2.9,2,data_row
16,6,Wine Grapes (Red),6106,Petite Sirah,1500,100,0.6,2,data_row
16,6,Wine Grapes (Red),6106,Petite Sirah,1644,100,5.4,2,data_row
16,6,Wine Grapes (Red),6106,Petite Sirah,1775,100,2.2,2,data_row
16,6,Wine Grapes (Red),6106,Petite Sirah,1800,100,5.7,2,data_row
16,6,Wine Grapes (Red),6106,Petite Sirah,1800,21000,3.4,2,data_row
16,6,Wine Grapes (Red),6106,Petite Sirah,2000,100,1.6,2,data_row
16,6,Wine Grapes (Red),6106,Petite Sirah,2000,21000,1,2,data_row
16,6,Wine Grapes (Red),6106,Petite Sirah,2100,100,23.4,2,data_row
16,6,Wine Grapes (Red),6106,Petite Sirah,2200,100,3.7,2,data_row
16,6,Wine Grapes (Red),6106,Petite Sirah,2400,100,6.9,2,data_row
16,6,Wine Grapes (Red),6106,Petite Sirah,2500,100,9.2,2,data_row
16,6,Wine Grapes (Red),6106,Petite Sirah,2500,24500,6.4,2,data_row
16,6,Wine Grapes (Red),6106,Petite Sirah,2700,100,15.5,2,data_row
16,6,Wine Grapes (Red),6106,Petite Sirah,2800,100,3.9,2,data_row
16,6,Wine Grapes (Red),6106,Petite Sirah,2966.07,100,1.4,2,data_row
16,6,Wine Grapes (Red),6106,Petite Sirah,3000,100,0.2,2,data_row
16,6,Wine Grapes (Red),6106,Petite Sirah,2217.08,,93.4,3,summary_row
16,6,Wine Grapes (Red),6112,Pinot Noir *,1500,100,2.8,2,data_row
16,6,Wine Grapes (Red),6112,Pinot Noir *,1500,13600,3,2,data_row
16,6,Wine Grapes (Red),6112,Pinot Noir *,3100,100,1.5,2,data_row
16,6,Wine Grapes (Red),6112,Pinot Noir *,1828.77,,7.3,3,summary_row
16,6,Wine Grapes (Red),6021,Primitivo,1550,100,1.9,2,data_row
16,6,Wine Grapes (Red),6021,Primitivo,1783.95,21000,5.5,2,data_row
16,6,Wine Grapes (Red),6021,Primitivo,2000,100,1,2,data_row
16,6,Wine Grapes (Red),6021,Primitivo,2020,100,0.4,2,data_row
16,6,Wine Grapes (Red),6021,Primitivo,2600,100,1.3,2,data_row
16,6,Wine Grapes (Red),6021,Primitivo,2700,100,4.5,2,data_row
16,6,Wine Grapes (Red),6021,Primitivo,2129.78,,14.6,3,summary_row
16,6,Wine Grapes (Red),6018,Sagrantino,2018.75,20800,2.9,2,data_row
16,6,Wine Grapes (Red),6018,Sagrantino,2018.75,,2.9,3,summary_row
16,6,Wine Grapes (Red),6127,Sangiovese *,1000,100,3.2,2,data_row
16,6,Wine Grapes (Red),6127,Sangiovese *,1400,100,1.9,2,data_row
16,6,Wine Grapes (Red),6127,Sangiovese *,1500,100,3.6,2,data_row
16,6,Wine Grapes (Red),6127,Sangiovese *,1600,100,0.8,2,data_row
16,6,Wine Grapes (Red),6127,Sangiovese *,1644,100,1.5,2,data_row
16,6,Wine Grapes (Red),6127,Sangiovese *,2000,100,10,2,data_row
16,6,Wine Grapes (Red),6127,Sangiovese *,2000,13600,0.9,2,data_row
16,6,Wine Grapes (Red),6127,Sangiovese *,2100,24500,1.7,2,data_row
16,6,Wine Grapes (Red),6127,Sangiovese *,2150,100,1.3,2,data_row
16,6,Wine Grapes (Red),6127,Sangiovese *,2200,100,1.7,2,data_row
16,6,Wine Grapes (Red),6127,Sangiovese *,2300,100,1.5,2,data_row
16,6,Wine Grapes (Red),6127,Sangiovese *,2313.49,100,2.6,2,data_row
16,6,Wine Grapes (Red),6127,Sangiovese *,2400,100,3,2,data_row
16,6,Wine Grapes (Red),6127,Sangiovese *,2500,100,0.5,2,data_row
16,6,Wine Grapes (Red),6127,Sangiovese *,2500,24500,12.9,2,data_row
16,6,Wine Grapes (Red),6127,Sangiovese *,2600,100,11.8,2,data_row
16,6,Wine Grapes (Red),6127,Sangiovese *,2600,24500,4.7,2,data_row
16,6,Wine Grapes (Red),6127,Sangiovese *,2700,100,31.3,2,data_row
16,6,Wine Grapes (Red),6127,Sangiovese *,2365.5,,94.9,3,summary_row
16,6,Wine Grapes (Red),6163,Syrah *,500,100,9.3,2,data_row
16,6,Wine Grapes (Red),6163,Syrah *,1000,100,6.7,2,data_row
16,6,Wine Grapes (Red),6163,Syrah *,1200,100,15.3,2,data_row
16,6,Wine Grapes (Red),6163,Syrah *,1200,13600,3,2,data_row
16,6,Wine Grapes (Red),6163,Syrah *,1500,100,2.7,2,data_row
16,6,Wine Grapes (Red),6163,Syrah *,1600,100,5.2,2,data_row
16,6,Wine Grapes (Red),6163,Syrah *,1800,100,6.3,2,data_row
16,6,Wine Grapes (Red),6163,Syrah *,1900,100,4.5,2,data_row
16,6,Wine Grapes (Red),6163,Syrah *,2000,100,1.1,2,data_row
16,6,Wine Grapes (Red),6163,Syrah *,2000,21000,2,2,data_row
16,6,Wine Grapes (Red),6163,Syrah *,2000,24500,3.9,2,data_row
16,6,Wine Grapes (Red),6163,Syrah *,2000,26800,5.3,2,data_row
16,6,Wine Grapes (Red),6163,Syrah *,2100,100,3.9,2,data_row
16,6,Wine Grapes (Red),6163,Syrah *,2100,24500,9.3,2,data_row
16,6,Wine Grapes (Red),6163,Syrah *,2112,100,17.7,2,data_row
16,6,Wine Grapes (Red),6163,Syrah *,2200,100,4.1,2,data_row
16,6,Wine Grapes (Red),6163,Syrah *,2250,21000,5.2,2,data_row
16,6,Wine Grapes (Red),6163,Syrah *,2300,100,3.3,2,data_row
16,6,Wine Grapes (Red),6163,Syrah *,2300,24500,4.8,2,data_row
16,6,Wine Grapes (Red),6163,Syrah *,2350,100,6.4,2,data_row
16,6,Wine Grapes (Red),6163,Syrah *,2375,24500,1.3,2,data_row
16,6,Wine Grapes (Red),6163,Syrah *,2400,100,1,2,data_row
16,6,Wine Grapes (Red),6163,Syrah *,2450,100,6.6,2,data_row
16,6,Wine Grapes (Red),6163,Syrah *,2500,100,6.9,2,data_row
16,6,Wine Grapes (Red),6163,Syrah *,2500,17000,1,2,data_row
16,6,Wine Grapes (Red),6163,Syrah *,2500,24500,7.7,2,data_row
16,6,Wine Grapes (Red),6163,Syrah *,2585,13100,10.5,2,data_row
16,6,Wine Grapes (Red),6163,Syrah *,2600,100,14.7,2,data_row
16,6,Wine Grapes (Red),6163,Syrah *,2700,100,14.5,2,data_row
16,6,Wine Grapes (Red),6163,Syrah *,2800,100,6.6,2,data_row
16,6,Wine Grapes (Red),6163,Syrah *,2900,100,3.7,2,data_row
16,6,Wine Grapes (Red),6163,Syrah *,3800,100,0.7,2,data_row
16,6,Wine Grapes (Red),6163,Syrah *,2083.52,,195.2,3,summary_row
16,6,Wine Grapes (Red),6136,Tannat,500,100,0.3,2,data_row
16,6,Wine Grapes (Red),6136,Tannat,1300,100,3,2,data_row
16,6,Wine Grapes (Red),6136,Tannat,2000,100,2.5,2,data_row
16,6,Wine Grapes (Red),6136,Tannat,2600,100,6.3,2,data_row
16,6,Wine Grapes (Red),6136,Tannat,2700,100,0.5,2,data_row
16,6,Wine Grapes (Red),6136,Tannat,2125.4,,12.6,3,summary_row
16,6,Wine Grapes (Red),6176,Tempranillo *,500,100,5.7,2,data_row
16,6,Wine Grapes (Red),6176,Tempranillo *,800,100,5.4,2,data_row
16,6,Wine Grapes (Red),6176,Tempranillo *,1250,100,0.2,2,data_row
16,6,Wine Grapes (Red),6176,Tempranillo *,1500,100,0.3,2,data_row
16,6,Wine Grapes (Red),6176,Tempranillo *,1900,14000,0.6,2,data_row
16,6,Wine Grapes (Red),6176,Tempranillo *,2000,100,2.5,2,data_row
16,6,Wine Grapes (Red),6176,Tempranillo *,2000,14000,1,2,data_row
16,6,Wine Grapes (Red),6176,Tempranillo *,2000,24800,4.9,2,data_row
16,6,Wine Grapes (Red),6176,Tempranillo *,2100,21000,2,2,data_row
16,6,Wine Grapes (Red),6176,Tempranillo *,2250,100,1.8,2,data_row
16,6,Wine Grapes (Red),6176,Tempranillo *,2300,100,1.8,2,data_row
16,6,Wine Grapes (Red),6176,Tempranillo *,2400,100,2.8,2,data_row
16,6,Wine Grapes (Red),6176,Tempranillo *,2500,24500,0.4,2,data_row
16,6,Wine Grapes (Red),6176,Tempranillo *,2600,100,10.5,2,data_row
16,6,Wine Grapes (Red),6176,Tempranillo *,2600,24500,5.1,2,data_row
16,6,Wine Grapes (Red),6176,Tempranillo *,2608.25,100,4,2,data_row
16,6,Wine Grapes (Red),6176,Tempranillo *,2700,100,10.2,2,data_row
16,6,Wine Grapes (Red),6176,Tempranillo *,2800,100,6.8,2,data_row
16,6,Wine Grapes (Red),6176,Tempranillo *,2900,100,1,2,data_row
16,6,Wine Grapes (Red),6176,Tempranillo *,2184.97,,67,3,summary_row
16,6,Wine Grapes (Red),6165,Tinta Cao,2400,100,1.3,2,data_row
16,6,Wine Grapes (Red),6165,Tinta Cao,2400,,1.3,3,summary_row
16,6,Wine Grapes (Red),6008,Touriga Nacional *,2300,100,0.5,2,data_row
16,6,Wine Grapes (Red),6008,Touriga Nacional *,2400,100,0.8,2,data_row
16,6,Wine Grapes (Red),6008,Touriga Nacional *,2361.54,,1.3,3,summary_row
16,6,Wine Grapes (Red),6154,Zinfandel,1600,13600,5.4,2,data_row
16,6,Wine Grapes (Red),6154,Zinfandel,1800,100,1.1,2,data_row
16,6,Wine Grapes (Red),6154,Zinfandel,1800,24800,2.6,2,data_row
16,6,Wine Grapes (Red),6154,Zinfandel,1850,100,5.8,2,data_row
16,6,Wine Grapes (Red),6154,Zinfandel,1900,100,1.9,2,data_row
16,6,Wine Grapes (Red),6154,Zinfandel,2000,100,1.4,2,data_row
16,6,Wine Grapes (Red),6154,Zinfandel,2000,21000,2.5,2,data_row
16,6,Wine Grapes (Red),6154,Zinfandel,2100,100,11,2,data_row
16,6,Wine Grapes (Red),6154,Zinfandel,2200,30090,2,2,data_row
16,6,Wine Grapes (Red),6154,Zinfandel,2400,100,8.9,2,data_row
16,6,Wine Grapes (Red),6154,Zinfandel,2400,24500,4.6,2,data_row
16,6,Wine Grapes (Red),6154,Zinfandel,2600,100,3.4,2,data_row
16,6,Wine Grapes (Red),6154,Zinfandel,2700,100,3.4,2,data_row
16,6,Wine Grapes (Red),6154,Zinfandel,2136.3,,54,3,summary_row
17,7,Wine Grapes (White),7062,Albarino *,450,1000,105.3,2,data_row
17,7,Wine Grapes (White),7062,Albarino *,475,100,439,2,data_row
17,7,Wine Grapes (White),7062,Albarino *,500,100,9.2,2,data_row
17,7,Wine Grapes (White),7062,Albarino *,642,39790,448.7,2,data_row
17,7,Wine Grapes (White),7062,Albarino *,645,39790,127.8,2,data_row
17,7,Wine Grapes (White),7062,Albarino *,647,42475,591.4,2,data_row
17,7,Wine Grapes (White),7062,Albarino *,650,100,24.4,2,data_row
17,7,Wine Grapes (White),7062,Albarino *,650,39790,300.6,2,data_row
17,7,Wine Grapes (White),7062,Albarino *,650,39820,333,2,data_row
17,7,Wine Grapes (White),7062,Albarino *,665,39820,945.3,2,data_row
17,7,Wine Grapes (White),7062,Albarino *,667,39790,483.2,2,data_row
17,7,Wine Grapes (White),7062,Albarino *,670,39820,101.5,2,data_row
17,7,Wine Grapes (White),7062,Albarino *,670,40790,311.3,2,data_row
17,7,Wine Grapes (White),7062,Albarino *,675,39790,993.6,2,data_row
17,7,Wine Grapes (White),7062,Albarino *,675,40790,499.9,2,data_row
17,7,Wine Grapes (White),7062,Albarino *,725,100,25.6,2,data_row
17,7,Wine Grapes (White),7062,Albarino *,800,100,6.8,2,data_row
17,7,Wine Grapes (White),7062,Albarino *,1217.82,100,75.2,2,data_row
17,7,Wine Grapes (White),7062,Albarino *,1350,13100,3,2,data_row
17,7,Wine Grapes (White),7062,Albarino *,1400,100,8.3,2,data_row
17,7,Wine Grapes (White),7062,Albarino *,1550,100,2,2,data_row
17,7,Wine Grapes (White),7062,Albarino *,1600,100,2,2,data_row
17,7,Wine Grapes (White),7062,Albarino *,1850,100,4,2,data_row
17,7,Wine Grapes (White),7062,Albarino *,1900,100,1.8,2,data_row
17,7,Wine Grapes (White),7062,Albarino *,654.7,,5842.9,3,summary_row
17,7,Wine Grapes (White),7004,Chardonnay *,50,32550,26.5,2,data_row
17,7,Wine Grapes (White),7004,Chardonnay *,200,100,101.1,2,data_row
17,7,Wine Grapes (White),7004,Chardonnay *,250,100,482.8,2,data_row
17,7,Wine Grapes (White),7004,Chardonnay *,325,100,103.4,2,data_row
17,7,Wine Grapes (White),7004,Chardonnay *,350,100,50.8,2,data_row
17,7,Wine Grapes (White),7004,Chardonnay *,400,100,4.7,2,data_row
17,7,Wine Grapes (White),7004,Chardonnay *,425,2000,588.4,2,data_row
17,7,Wine Grapes (White),7004,Chardonnay *,442,58790,2246.6,2,data_row
17,7,Wine Grapes (White),7004,Chardonnay *,442,59595,1127.1,2,data_row
17,7,Wine Grapes (White),7004,Chardonnay *,450,100,369.9,2,data_row
17,7,Wine Grapes (White),7004,Chardonnay *,467,59593,665.6,2,data_row
17,7,Wine Grapes (White),7004,Chardonnay *,475,100,1520.6,2,data_row
17,7,Wine Grapes (White),7004,Chardonnay *,500,100,2090.6,2,data_row
17,7,Wine Grapes (White),7004,Chardonnay *,525,100,1222.6,2,data_row
17,7,Wine Grapes (White),7004,Chardonnay *,530,59595,295.5,2,data_row
17,7,Wine Grapes (White),7004,Chardonnay *,550,100,49.3,2,data_row
17,7,Wine Grapes (White),7004,Chardonnay *,550,59825,1194.3,2,data_row
17,7,Wine Grapes (White),7004,Chardonnay *,565,59825,573.2,2,data_row
17,7,Wine Grapes (White),7004,Chardonnay *,570,59597,285.1,2,data_row
17,7,Wine Grapes (White),7004,Chardonnay *,585,15500,437.7,2,data_row
17,7,Wine Grapes (White),7004,Chardonnay *,600,100,1087.1,2,data_row
17,7,Wine Grapes (White),7004,Chardonnay *,600,13800,50,2,data_row
17,7,Wine Grapes (White),7004,Chardonnay *,600,45460,251.6,2,data_row
17,7,Wine Grapes (White),7004,Chardonnay *,600,59597,565.7,2,data_row
17,7,Wine Grapes (White),7004,Chardonnay *,601.17,7600,926.8,2,data_row
17,7,Wine Grapes (White),7004,Chardonnay *,615,59597,1729.9,2,data_row
17,7,Wine Grapes (White),7004,Chardonnay *,617,59597,539.1,2,data_row
17,7,Wine Grapes (White),7004,Chardonnay *,620,59597,1239.9,2,data_row
17,7,Wine Grapes (White),7004,Chardonnay *,625,59825,291.2,2,data_row
17,7,Wine Grapes (White),7004,Chardonnay *,642,59595,206.2,2,data_row
17,7,Wine Grapes (White),7004,Chardonnay *,650,100,2868,2,data_row
17,7,Wine Grapes (White),7004,Chardonnay *,650,59597,1020,2,data_row
17,7,Wine Grapes (White),7004,Chardonnay *,650,59825,695,2,data_row
17,7,Wine Grapes (White),7004,Chardonnay *,667,59825,301.5,2,data_row
17,7,Wine Grapes (White),7004,Chardonnay *,675,100,472,2,data_row
17,7,Wine Grapes (White),7004,Chardonnay *,697,59597,246.8,2,data_row
17,7,Wine Grapes (White),7004,Chardonnay *,750,100,2814.4,2,data_row
17,7,Wine Grapes (White),7004,Chardonnay *,786.82,100,369.9,2,data_row
17,7,Wine Grapes (White),7004,Chardonnay *,800,100,6983,2,data_row
17,7,Wine Grapes (White),7004,Chardonnay *,850,100,760.7,2,data_row
17,7,Wine Grapes (White),7004,Chardonnay *,999.17,100,24.9,2,data_row
17,7,Wine Grapes (White),7004,Chardonnay *,1100,20800,118.9,2,data_row
17,7,Wine Grapes (White),7004,Chardonnay *,1100,21200,97.2,2,data_row
17,7,Wine Grapes (White),7004,Chardonnay *,1650,100,2,2,data_row
17,7,Wine Grapes (White),7004,Chardonnay *,1700,100,1.1,2,data_row
17,7,Wine Grapes (White),7004,Chardonnay *,625.07,,37098.7,3,summary_row
17,7,Wine Grapes (White),7006,Chenin Blanc,250,100,159.9,2,data_row
17,7,Wine Grapes (White),7006,Chenin Blanc,275,100,180.2,2,data_row
17,7,Wine Grapes (White),7006,Chenin Blanc,350,100,263.2,2,data_row
17,7,Wine Grapes (White),7006,Chenin Blanc,350,1300,2308.7,2,data_row
17,7,Wine Grapes (White),7006,Chenin Blanc,392,39708,283,2,data_row
17,7,Wine Grapes (White),7006,Chenin Blanc,400,100,2.7,2,data_row
17,7,Wine Grapes (White),7006,Chenin Blanc,425,100,240.1,2,data_row
17,7,Wine Grapes (White),7006,Chenin Blanc,450,100,268.8,2,data_row
17,7,Wine Grapes (White),7006,Chenin Blanc,467,38170,297.8,2,data_row
17,7,Wine Grapes (White),7006,Chenin Blanc,467,39708,937.8,2,data_row
17,7,Wine Grapes (White),7006,Chenin Blanc,500,100,573.1,2,data_row
17,7,Wine Grapes (White),7006,Chenin Blanc,500,10700,21.5,2,data_row
17,7,Wine Grapes (White),7006,Chenin Blanc,522.81,7600,303.4,2,data_row
17,7,Wine Grapes (White),7006,Chenin Blanc,525,100,597.9,2,data_row
17,7,Wine Grapes (White),7006,Chenin Blanc,600,100,95.9,2,data_row
17,7,Wine Grapes (White),7006,Chenin Blanc,625,100,167.1,2,data_row
17,7,Wine Grapes (White),7006,Chenin Blanc,625,9000,146.1,2,data_row
17,7,Wine Grapes (White),7006,Chenin Blanc,650,100,93.1,2,data_row
17,7,Wine Grapes (White),7006,Chenin Blanc,650,9000,476.9,2,data_row
17,7,Wine Grapes (White),7006,Chenin Blanc,693,9000,510.1,2,data_row
17,7,Wine Grapes (White),7006,Chenin Blanc,700,100,1,2,data_row
17,7,Wine Grapes (White),7006,Chenin Blanc,750,100,145,2,data_row
17,7,Wine Grapes (White),7006,Chenin Blanc,800,100,177.5,2,data_row
17,7,Wine Grapes (White),7006,Chenin Blanc,825,9000,301.4,2,data_row
17,7,Wine Grapes (White),7006,Chenin Blanc,850,100,132.2,2,data_row
17,7,Wine Grapes (White),7006,Chenin Blanc,999.17,20600,3.5,2,data_row
17,7,Wine Grapes (White),7006,Chenin Blanc,1100,100,22.3,2,data_row
17,7,Wine Grapes (White),7006,Chenin Blanc,1250,100,23.4,2,data_row
17,7,Wine Grapes (White),7006,Chenin Blanc,1300,100,24.4,2,data_row
17,7,Wine Grapes (White),7006,Chenin Blanc,1350,13100,15,2,data_row
17,7,Wine Grapes (White),7006,Chenin Blanc,1600,100,8.1,2,data_row
17,7,Wine Grapes (White),7006,Chenin Blanc,1600,13100,2.4,2,data_row
17,7,Wine Grapes (White),7006,Chenin Blanc,1800,100,1.1,2,data_row
17,7,Wine Grapes (White),7006,Chenin Blanc,2350,10700,3.2,2,data_row
17,7,Wine Grapes (White),7006,Chenin Blanc,500.34,,8787.8,3,summary_row
17,7,Wine Grapes (White),7047,Cortese,917,800,18,2,data_row
17,7,Wine Grapes (White),7047,Cortese,1400,100,4.2,2,data_row
17,7,Wine Grapes (White),7047,Cortese,1467,800,15.5,2,data_row
17,7,Wine Grapes (White),7047,Cortese,1600,100,0.9,2,data_row
17,7,Wine Grapes (White),7047,Cortese,1206.33,,38.6,3,summary_row
17,7,Wine Grapes (White),7068,Falaghina Greco,1100,100,6.7,2,data_row
17,7,Wine Grapes (White),7068,Falaghina Greco,1400,100,2,2,data_row
17,7,Wine Grapes (White),7068,Falaghina Greco,1467,800,9.7,2,data_row
17,7,Wine Grapes (White),7068,Falaghina Greco,1600,100,5.3,2,data_row
17,7,Wine Grapes (White),7068,Falaghina Greco,1387.34,,23.7,3,summary_row
17,7,Wine Grapes (White),7066,Fiano,1400,8100,0.8,2,data_row
17,7,Wine Grapes (White),7066,Fiano,1400,,0.8,3,summary_row
17,7,Wine Grapes (White),7011,Gewurztraminer,50,32550,8.6,2,data_row
17,7,Wine Grapes (White),7011,Gewurztraminer,300,100,75,2,data_row
17,7,Wine Grapes (White),7011,Gewurztraminer,325,1400,470.8,2,data_row
17,7,Wine Grapes (White),7011,Gewurztraminer,342,39792,450,2,data_row
17,7,Wine Grapes (White),7011,Gewurztraminer,342,39815,281,2,data_row
17,7,Wine Grapes (White),7011,Gewurztraminer,342,39820,280,2,data_row
17,7,Wine Grapes (White),7011,Gewurztraminer,367,38213,708.8,2,data_row
17,7,Wine Grapes (White),7011,Gewurztraminer,367,39792,68.2,2,data_row
17,7,Wine Grapes (White),7011,Gewurztraminer,400,100,90,2,data_row
17,7,Wine Grapes (White),7011,Gewurztraminer,500,100,3.1,2,data_row
17,7,Wine Grapes (White),7011,Gewurztraminer,525,100,209.7,2,data_row
17,7,Wine Grapes (White),7011,Gewurztraminer,650,100,24.1,2,data_row
17,7,Wine Grapes (White),7011,Gewurztraminer,650,39820,839,2,data_row
17,7,Wine Grapes (White),7011,Gewurztraminer,800,100,169.4,2,data_row
17,7,Wine Grapes (White),7011,Gewurztraminer,1100,100,4,2,data_row
17,7,Wine Grapes (White),7011,Gewurztraminer,1700,100,1.1,2,data_row
17,7,Wine Grapes (White),7011,Gewurztraminer,450.01,,3682.8,3,summary_row
17,7,Wine Grapes (White),7055,Grenache Blanc *,500,100,1,2,data_row
17,7,Wine Grapes (White),7055,Grenache Blanc *,500,,1,3,summary_row
17,7,Wine Grapes (White),7063,Gruner Veltliner,367,39790,74.1,2,data_row
17,7,Wine Grapes (White),7063,Gruner Veltliner,367,,74.1,3,summary_row
17,7,Wine Grapes (White),7022,Muscat Blanc *,625,100,19.9,2,data_row
17,7,Wine Grapes (White),7022,Muscat Blanc *,700,100,99.3,2,data_row
17,7,Wine Grapes (White),7022,Muscat Blanc *,800,100,10.7,2,data_row
17,7,Wine Grapes (White),7022,Muscat Blanc *,696.75,,129.9,3,summary_row
17,7,Wine Grapes (White),7026,Palomino *,1600,6650,0.5,2,data_row
17,7,Wine Grapes (White),7026,Palomino *,1800,6650,2,2,data_row
17,7,Wine Grapes (White),7026,Palomino *,1760,,2.5,3,summary_row
17,7,Wine Grapes (White),7065,Picpoul Blanc,500,7900,1,2,data_row
17,7,Wine Grapes (White),7065,Picpoul Blanc,1900,100,1.1,2,data_row
17,7,Wine Grapes (White),7065,Picpoul Blanc,1233.33,,2.1,3,summary_row
17,7,Wine Grapes (White),7044,Pinot Gris *,250,32550,4.4,2,data_row
17,7,Wine Grapes (White),7044,Pinot Gris *,325,100,27.4,2,data_row
17,7,Wine Grapes (White),7044,Pinot Gris *,350,100,349.8,2,data_row
17,7,Wine Grapes (White),7044,Pinot Gris *,400,100,2.4,2,data_row
17,7,Wine Grapes (White),7044,Pinot Gris *,500,100,381,2,data_row
17,7,Wine Grapes (White),7044,Pinot Gris *,525,100,390.8,2,data_row
17,7,Wine Grapes (White),7044,Pinot Gris *,525,9000,2776,2,data_row
17,7,Wine Grapes (White),7044,Pinot Gris *,530,1000,531.1,2,data_row
17,7,Wine Grapes (White),7044,Pinot Gris *,530,38213,1541.9,2,data_row
17,7,Wine Grapes (White),7044,Pinot Gris *,535,100,822.4,2,data_row
17,7,Wine Grapes (White),7044,Pinot Gris *,542,38213,318.4,2,data_row
17,7,Wine Grapes (White),7044,Pinot Gris *,550,100,383.2,2,data_row
17,7,Wine Grapes (White),7044,Pinot Gris *,592,38203,269,2,data_row
17,7,Wine Grapes (White),7044,Pinot Gris *,593.56,100,177,2,data_row
17,7,Wine Grapes (White),7044,Pinot Gris *,594.02,100,445.9,2,data_row
17,7,Wine Grapes (White),7044,Pinot Gris *,600,100,2349.3,2,data_row
17,7,Wine Grapes (White),7044,Pinot Gris *,615,39715,422.5,2,data_row
17,7,Wine Grapes (White),7044,Pinot Gris *,615,39725,180,2,data_row
17,7,Wine Grapes (White),7044,Pinot Gris *,617,38213,428.6,2,data_row
17,7,Wine Grapes (White),7044,Pinot Gris *,625,52025,52,2,data_row
17,7,Wine Grapes (White),7044,Pinot Gris *,640,100,452,2,data_row
17,7,Wine Grapes (White),7044,Pinot Gris *,647,38213,702,2,data_row
17,7,Wine Grapes (White),7044,Pinot Gris *,650,100,252.9,2,data_row
17,7,Wine Grapes (White),7044,Pinot Gris *,650,40240,2821.5,2,data_row
17,7,Wine Grapes (White),7044,Pinot Gris *,667,38213,532.6,2,data_row
17,7,Wine Grapes (White),7044,Pinot Gris *,675,100,586,2,data_row
17,7,Wine Grapes (White),7044,Pinot Gris *,675,39715,353.8,2,data_row
17,7,Wine Grapes (White),7044,Pinot Gris *,817,58793,96,2,data_row
17,7,Wine Grapes (White),7044,Pinot Gris *,850.53,100,193.5,2,data_row
17,7,Wine Grapes (White),7044,Pinot Gris *,1117,800,20.6,2,data_row
17,7,Wine Grapes (White),7044,Pinot Gris *,1300,100,31.4,2,data_row
17,7,Wine Grapes (White),7044,Pinot Gris *,1500,100,11.4,2,data_row
17,7,Wine Grapes (White),7044,Pinot Gris *,590.28,,17906.8,3,summary_row
17,7,Wine Grapes (White),7033,Sauvignon Blanc *,50,32550,4.4,2,data_row
17,7,Wine Grapes (White),7033,Sauvignon Blanc *,175,100,246.2,2,data_row
17,7,Wine Grapes (White),7033,Sauvignon Blanc *,250,100,963.2,2,data_row
17,7,Wine Grapes (White),7033,Sauvignon Blanc *,300,100,404,2,data_row
17,7,Wine Grapes (White),7033,Sauvignon Blanc *,450,100,133.9,2,data_row
17,7,Wine Grapes (White),7033,Sauvignon Blanc *,450,37437,95.4,2,data_row
17,7,Wine Grapes (White),7033,Sauvignon Blanc *,467,600,1262.9,2,data_row
17,7,Wine Grapes (White),7033,Sauvignon Blanc *,475,100,271.7,2,data_row
17,7,Wine Grapes (White),7033,Sauvignon Blanc *,500,100,289.8,2,data_row
17,7,Wine Grapes (White),7033,Sauvignon Blanc *,525,100,260.8,2,data_row
17,7,Wine Grapes (White),7033,Sauvignon Blanc *,540,38203,648.6,2,data_row
17,7,Wine Grapes (White),7033,Sauvignon Blanc *,540,39708,600,2,data_row
17,7,Wine Grapes (White),7033,Sauvignon Blanc *,545,37435,1360.8,2,data_row
17,7,Wine Grapes (White),7033,Sauvignon Blanc *,545,38219,316.6,2,data_row
17,7,Wine Grapes (White),7033,Sauvignon Blanc *,545,39708,1232.6,2,data_row
17,7,Wine Grapes (White),7033,Sauvignon Blanc *,550,38203,318.5,2,data_row
17,7,Wine Grapes (White),7033,Sauvignon Blanc *,550,39708,599.6,2,data_row
17,7,Wine Grapes (White),7033,Sauvignon Blanc *,567,600,373.6,2,data_row
17,7,Wine Grapes (White),7033,Sauvignon Blanc *,570.43,100,516.2,2,data_row
17,7,Wine Grapes (White),7033,Sauvignon Blanc *,575,100,328.1,2,data_row
17,7,Wine Grapes (White),7033,Sauvignon Blanc *,575,600,110.4,2,data_row
17,7,Wine Grapes (White),7033,Sauvignon Blanc *,600,100,1476.8,2,data_row
17,7,Wine Grapes (White),7033,Sauvignon Blanc *,600,13800,20,2,data_row
17,7,Wine Grapes (White),7033,Sauvignon Blanc *,617,37435,918.4,2,data_row
17,7,Wine Grapes (White),7033,Sauvignon Blanc *,625,100,231.6,2,data_row
17,7,Wine Grapes (White),7033,Sauvignon Blanc *,640,39792,879.4,2,data_row
17,7,Wine Grapes (White),7033,Sauvignon Blanc *,650,100,575.3,2,data_row
17,7,Wine Grapes (White),7033,Sauvignon Blanc *,675,100,437.6,2,data_row
17,7,Wine Grapes (White),7033,Sauvignon Blanc *,750,100,317.4,2,data_row
17,7,Wine Grapes (White),7033,Sauvignon Blanc *,800,100,913.7,2,data_row
17,7,Wine Grapes (White),7033,Sauvignon Blanc *,950,100,144,2,data_row
17,7,Wine Grapes (White),7033,Sauvignon Blanc *,1000,17000,70.6,2,data_row
17,7,Wine Grapes (White),7033,Sauvignon Blanc *,1050,17200,247.3,2,data_row
17,7,Wine Grapes (White),7033,Sauvignon Blanc *,1117,600,35.6,2,data_row
17,7,Wine Grapes (White),7033,Sauvignon Blanc *,1450,100,8.2,2,data_row
17,7,Wine Grapes (White),7033,Sauvignon Blanc *,1600,100,2,2,data_row
17,7,Wine Grapes (White),7033,Sauvignon Blanc *,563.66,,16615.2,3,summary_row
17,7,Wine Grapes (White),7036,Semillon,250,100,91.1,2,data_row
17,7,Wine Grapes (White),7036,Semillon,450,100,252.3,2,data_row
17,7,Wine Grapes (White),7036,Semillon,567,37450,152.5,2,data_row
17,7,Wine Grapes (White),7036,Semillon,1500,100,61,2,data_row
17,7,Wine Grapes (White),7036,Semillon,564.33,,556.9,3,summary_row
17,7,Wine Grapes (White),7041,Symphony,400,100,1.5,2,data_row
17,7,Wine Grapes (White),7041,Symphony,400,,1.5,3,summary_row
17,7,Wine Grapes (White),7075,Verdejo,1650,100,8,2,data_row
17,7,Wine Grapes (White),7075,Verdejo,1650,,8,3,summary_row
17,7,Wine Grapes (White),7147,Verdelho,367,42790,170.4,2,data_row
17,7,Wine Grapes (White),7147,Verdelho,1100,13600,5.9,2,data_row
17,7,Wine Grapes (White),7147,Verdelho,391.53,,176.3,3,summary_row
17,7,Wine Grapes (White),7043,Viognier,50,100,2.7,2,data_row
17,7,Wine Grapes (White),7043,Viognier,442,67607,571.1,2,data_row
17,7,Wine Grapes (White),7043,Viognier,492,67893,286.9,2,data_row
17,7,Wine Grapes (White),7043,Viognier,600,70454,797.4,2,data_row
17,7,Wine Grapes (White),7043,Viognier,650,100,24,2,data_row
17,7,Wine Grapes (White),7043,Viognier,667,70454,465.5,2,data_row
17,7,Wine Grapes (White),7043,Viognier,675,69478,1316.3,2,data_row
17,7,Wine Grapes (White),7043,Viognier,800,100,5.8,2,data_row
17,7,Wine Grapes (White),7043,Viognier,1550,100,1.1,2,data_row
17,7,Wine Grapes (White),7043,Viognier,1600,100,1,2,data_row
17,7,Wine Grapes (White),7043,Viognier,1600,13600,1,2,data_row
17,7,Wine Grapes (White),7043,Viognier,1650,100,1,2,data_row
17,7,Wine Grapes (White),7043,Viognier,603.93,,3473.8,3,summary_row
17,7,Wine Grapes (White),7038,White Riesling *,50,100,2.1,2,data_row
17,7,Wine Grapes (White),7038,White Riesling *,300,12300,292.9,2,data_row
17,7,Wine Grapes (White),7038,White Riesling *,342,38213,180.1,2,data_row
17,7,Wine Grapes (White),7038,White Riesling *,342,39792,539.8,2,data_row
17,7,Wine Grapes (White),7038,White Riesling *,367,38213,601.4,2,data_row
17,7,Wine Grapes (White),7038,White Riesling *,400,100,309.5,2,data_row
17,7,Wine Grapes (White),7038,White Riesling *,500,100,409.9,2,data_row
17,7,Wine Grapes (White),7038,White Riesling *,650,38213,720,2,data_row
17,7,Wine Grapes (White),7038,White Riesling *,667,38213,275.3,2,data_row
17,7,Wine Grapes (White),7038,White Riesling *,700,100,225.4,2,data_row
17,7,Wine Grapes (White),7038,White Riesling *,750,100,121.1,2,data_row
17,7,Wine Grapes (White),7038,White Riesling *,485.08,,3677.5,3,summary_row
17,7,Wine Grapes (White),7001,Other White Wine 2/,367,39790,15.7,2,data_row
17,7,Wine Grapes (White),7001,Other White Wine 2/,1100,100,5.8,2,data_row
17,7,Wine Grapes (White),7001,Other White Wine 2/,564.74,,21.5,3,summary_row
17,6,Wine Grapes (Red),6177,Aglianico,1753,100,6,2,data_row
17,6,Wine Grapes (Red),6177,Aglianico,1753,,6,3,summary_row
17,6,Wine Grapes (Red),6006,Alicante Bouschet *,1600,17200,1.5,2,data_row
17,6,Wine Grapes (Red),6006,Alicante Bouschet *,1600,,1.5,3,summary_row
17,6,Wine Grapes (Red),6013,Barbera,1600,13100,3,2,data_row
17,6,Wine Grapes (Red),6013,Barbera,1600,,3,3,summary_row
17,6,Wine Grapes (Red),6023,Cabernet Franc,500,100,16.4,2,data_row
17,6,Wine Grapes (Red),6023,Cabernet Franc,650,100,1.8,2,data_row
17,6,Wine Grapes (Red),6023,Cabernet Franc,700,100,4.3,2,data_row
17,6,Wine Grapes (Red),6023,Cabernet Franc,800,100,10,2,data_row
17,6,Wine Grapes (Red),6023,Cabernet Franc,1350,100,1.3,2,data_row
17,6,Wine Grapes (Red),6023,Cabernet Franc,1800,100,3.2,2,data_row
17,6,Wine Grapes (Red),6023,Cabernet Franc,2200,100,3,2,data_row
17,6,Wine Grapes (Red),6023,Cabernet Franc,862.38,,40,3,summary_row
17,6,Wine Grapes (Red),6024,Cabernet Sauvignon,500,100,12,2,data_row
17,6,Wine Grapes (Red),6024,Cabernet Sauvignon,600,21200,160,2,data_row
17,6,Wine Grapes (Red),6024,Cabernet Sauvignon,850,100,1.2,2,data_row
17,6,Wine Grapes (Red),6024,Cabernet Sauvignon,950,100,146,2,data_row
17,6,Wine Grapes (Red),6024,Cabernet Sauvignon,1400,6650,1.5,2,data_row
17,6,Wine Grapes (Red),6024,Cabernet Sauvignon,1400,11300,0.9,2,data_row
17,6,Wine Grapes (Red),6024,Cabernet Sauvignon,1450,100,30.4,2,data_row
17,6,Wine Grapes (Red),6024,Cabernet Sauvignon,821.48,,352,3,summary_row
17,6,Wine Grapes (Red),6171,Cinsaut *,1300,100,2.1,2,data_row
17,6,Wine Grapes (Red),6171,Cinsaut *,1450,100,5,2,data_row
17,6,Wine Grapes (Red),6171,Cinsaut *,1800,100,2.1,2,data_row
17,6,Wine Grapes (Red),6171,Cinsaut *,1900,100,1,2,data_row
17,6,Wine Grapes (Red),6171,Cinsaut *,1535.29,,10.2,3,summary_row
17,6,Wine Grapes (Red),6185,Counoise,1800,100,1,2,data_row
17,6,Wine Grapes (Red),6185,Counoise,1900,100,0.5,2,data_row
17,6,Wine Grapes (Red),6185,Counoise,1833.33,,1.5,3,summary_row
17,6,Wine Grapes (Red),6058,Grenache *,800,100,7.8,2,data_row
17,6,Wine Grapes (Red),6058,Grenache *,1400,6650,0.5,2,data_row
17,6,Wine Grapes (Red),6058,Grenache *,1400,9400,0.5,2,data_row
17,6,Wine Grapes (Red),6058,Grenache *,1450,100,45,2,data_row
17,6,Wine Grapes (Red),6058,Grenache *,1600,17400,3,2,data_row
17,6,Wine Grapes (Red),6058,Grenache *,1900,100,1,2,data_row
17,6,Wine Grapes (Red),6058,Grenache *,2500,17000,3.2,2,data_row
17,6,Wine Grapes (Red),6058,Grenache *,1435.9,,61,3,summary_row
17,6,Wine Grapes (Red),6076,Malbec,650,100,2.4,2,data_row
17,6,Wine Grapes (Red),6076,Malbec,800,100,1.1,2,data_row
17,6,Wine Grapes (Red),6076,Malbec,1850,100,1.4,2,data_row
17,6,Wine Grapes (Red),6076,Malbec,1950,100,1,2,data_row
17,6,Wine Grapes (Red),6076,Malbec,1183.05,,5.9,3,summary_row
17,6,Wine Grapes (Red),6084,Merlot,500,100,3.3,2,data_row
17,6,Wine Grapes (Red),6084,Merlot,550,100,371.6,2,data_row
17,6,Wine Grapes (Red),6084,Merlot,600,100,690.4,2,data_row
17,6,Wine Grapes (Red),6084,Merlot,800,100,508.1,2,data_row
17,6,Wine Grapes (Red),6084,Merlot,1400,11300,0.4,2,data_row
17,6,Wine Grapes (Red),6084,Merlot,652.76,,1573.8,3,summary_row
17,6,Wine Grapes (Red),6081,Mourvedre *,1450,100,1.8,2,data_row
17,6,Wine Grapes (Red),6081,Mourvedre *,1850,100,1.2,2,data_row
17,6,Wine Grapes (Red),6081,Mourvedre *,1900,100,0.5,2,data_row
17,6,Wine Grapes (Red),6081,Mourvedre *,1651.43,,3.5,3,summary_row
17,6,Wine Grapes (Red),6095,Nebbiolo,800,100,4.3,2,data_row
17,6,Wine Grapes (Red),6095,Nebbiolo,2300,100,4,2,data_row
17,6,Wine Grapes (Red),6095,Nebbiolo,1522.89,,8.3,3,summary_row
17,6,Wine Grapes (Red),6107,Petit Verdot,300,100,2.3,2,data_row
17,6,Wine Grapes (Red),6107,Petit Verdot,500,100,3.2,2,data_row
17,6,Wine Grapes (Red),6107,Petit Verdot,800,100,3.8,2,data_row
17,6,Wine Grapes (Red),6107,Petit Verdot,573.12,,9.3,3,summary_row
17,6,Wine Grapes (Red),6106,Petite Sirah,375,100,384.8,2,data_row
17,6,Wine Grapes (Red),6106,Petite Sirah,400,100,327.5,2,data_row
17,6,Wine Grapes (Red),6106,Petite Sirah,500,100,145.1,2,data_row
17,6,Wine Grapes (Red),6106,Petite Sirah,600,21200,20,2,data_row
17,6,Wine Grapes (Red),6106,Petite Sirah,650,67930,345.2,2,data_row
17,6,Wine Grapes (Red),6106,Petite Sirah,650,67947,147.3,2,data_row
17,6,Wine Grapes (Red),6106,Petite Sirah,750,100,127,2,data_row
17,6,Wine Grapes (Red),6106,Petite Sirah,800,100,33.5,2,data_row
17,6,Wine Grapes (Red),6106,Petite Sirah,850,100,1.2,2,data_row
17,6,Wine Grapes (Red),6106,Petite Sirah,875,100,408.8,2,data_row
17,6,Wine Grapes (Red),6106,Petite Sirah,900,100,399.9,2,data_row
17,6,Wine Grapes (Red),6106,Petite Sirah,1400,17200,0.5,2,data_row
17,6,Wine Grapes (Red),6106,Petite Sirah,649.93,,2340.8,3,summary_row
17,6,Wine Grapes (Red),6112,Pinot Noir *,50,32550,9.1,2,data_row
17,6,Wine Grapes (Red),6112,Pinot Noir *,200,100,201.4,2,data_row
17,6,Wine Grapes (Red),6112,Pinot Noir *,400,100,43.8,2,data_row
17,6,Wine Grapes (Red),6112,Pinot Noir *,425,67406,737.2,2,data_row
17,6,Wine Grapes (Red),6112,Pinot Noir *,425,67418,1030,2,data_row
17,6,Wine Grapes (Red),6112,Pinot Noir *,442,67606,3298.4,2,data_row
17,6,Wine Grapes (Red),6112,Pinot Noir *,475.07,100,522.2,2,data_row
17,6,Wine Grapes (Red),6112,Pinot Noir *,492,67607,854.3,2,data_row
17,6,Wine Grapes (Red),6112,Pinot Noir *,500,100,14.4,2,data_row
17,6,Wine Grapes (Red),6112,Pinot Noir *,525,100,869.7,2,data_row
17,6,Wine Grapes (Red),6112,Pinot Noir *,570,67605,503.7,2,data_row
17,6,Wine Grapes (Red),6112,Pinot Noir *,575,67605,1444.9,2,data_row
17,6,Wine Grapes (Red),6112,Pinot Noir *,592,67606,892.8,2,data_row
17,6,Wine Grapes (Red),6112,Pinot Noir *,600,64535,382,2,data_row
17,6,Wine Grapes (Red),6112,Pinot Noir *,600.07,100,1504.1,2,data_row
17,6,Wine Grapes (Red),6112,Pinot Noir *,617,67606,80,2,data_row
17,6,Wine Grapes (Red),6112,Pinot Noir *,625,67606,770.9,2,data_row
17,6,Wine Grapes (Red),6112,Pinot Noir *,650,100,1471.8,2,data_row
17,6,Wine Grapes (Red),6112,Pinot Noir *,650,64535,190,2,data_row
17,6,Wine Grapes (Red),6112,Pinot Noir *,675,100,48.4,2,data_row
17,6,Wine Grapes (Red),6112,Pinot Noir *,686,100,413,2,data_row
17,6,Wine Grapes (Red),6112,Pinot Noir *,700,100,2470.2,2,data_row
17,6,Wine Grapes (Red),6112,Pinot Noir *,700,20800,733.7,2,data_row
17,6,Wine Grapes (Red),6112,Pinot Noir *,850,100,218.3,2,data_row
17,6,Wine Grapes (Red),6112,Pinot Noir *,875,100,701.7,2,data_row
17,6,Wine Grapes (Red),6112,Pinot Noir *,900,100,495.4,2,data_row
17,6,Wine Grapes (Red),6112,Pinot Noir *,935,100,144,2,data_row
17,6,Wine Grapes (Red),6112,Pinot Noir *,1000,100,317.8,2,data_row
17,6,Wine Grapes (Red),6112,Pinot Noir *,1450,100,16,2,data_row
17,6,Wine Grapes (Red),6112,Pinot Noir *,2300,100,3.2,2,data_row
17,6,Wine Grapes (Red),6112,Pinot Noir *,592.48,,20382.4,3,summary_row
17,6,Wine Grapes (Red),6021,Primitivo,650,100,1.7,2,data_row
17,6,Wine Grapes (Red),6021,Primitivo,800,100,6,2,data_row
17,6,Wine Grapes (Red),6021,Primitivo,766.88,,7.7,3,summary_row
17,6,Wine Grapes (Red),6176,Tempranillo *,500,100,2.1,2,data_row
17,6,Wine Grapes (Red),6176,Tempranillo *,850,100,1.3,2,data_row
17,6,Wine Grapes (Red),6176,Tempranillo *,2325,100,4.2,2,data_row
17,6,Wine Grapes (Red),6176,Tempranillo *,1568.42,,7.6,3,summary_row
17,6,Wine Grapes (Red),6175,Teroldego,300,100,1.3,2,data_row
17,6,Wine Grapes (Red),6175,Teroldego,500,100,3.5,2,data_row
17,6,Wine Grapes (Red),6175,Teroldego,445.83,,4.8,3,summary_row
17,6,Wine Grapes (Red),6052,Valdiguie *,500,100,108.3,2,data_row
17,6,Wine Grapes (Red),6052,Valdiguie *,500,,108.3,3,summary_row
17,6,Wine Grapes (Red),6154,Zinfandel,1400,11300,2.8,2,data_row
17,6,Wine Grapes (Red),6154,Zinfandel,1400,17200,0.5,2,data_row
17,6,Wine Grapes (Red),6154,Zinfandel,1400,17400,1,2,data_row
17,6,Wine Grapes (Red),6154,Zinfandel,2500,17200,0.3,2,data_row
17,6,Wine Grapes (Red),6154,Zinfandel,1471.74,,4.6,3,summary_row
